# Blender 4.5.3 LTS
# www.blender.org
mtllib titleFont.mtl
o テキスト.001
v -4.046987 0.649540 -2.822581
v -4.078837 0.676503 -2.822690
v -4.112895 0.701453 -2.822807
v -4.148958 0.724327 -2.822931
v -4.186825 0.745060 -2.823061
v -4.226297 0.763592 -2.823196
v -4.267172 0.779857 -2.823336
v -4.309249 0.793794 -2.823480
v -4.352331 0.805337 -2.823628
v -4.396215 0.814426 -2.823778
v -4.440699 0.820996 -2.823931
v -4.485586 0.824984 -2.824085
v -4.530673 0.826329 -2.824239
v -4.608264 0.823074 -2.824505
v -4.681872 0.813293 -2.824757
v -4.750968 0.796958 -2.824994
v -4.815028 0.774043 -2.825214
v -4.873520 0.744520 -2.825414
v -4.925923 0.708361 -2.825594
v -4.971706 0.665542 -2.825751
v -5.010345 0.616031 -2.825883
v -5.041316 0.559804 -2.825989
v -5.064090 0.496836 -2.826067
v -5.078139 0.427096 -2.826116
v -5.082940 0.350560 -2.826132
v -5.082940 -0.364394 -2.826132
v -4.761686 -0.364394 -2.825031
v -4.761686 0.358359 -2.825031
v -4.759160 0.399980 -2.825022
v -4.751693 0.438930 -2.824997
v -4.739465 0.475026 -2.824955
v -4.722650 0.508091 -2.824897
v -4.701423 0.537940 -2.824825
v -4.675959 0.564396 -2.824737
v -4.646435 0.587277 -2.824636
v -4.613024 0.606401 -2.824522
v -4.575906 0.621592 -2.824394
v -4.535251 0.632665 -2.824255
v -4.491239 0.639442 -2.824104
v -4.444042 0.641741 -2.823942
v -4.409410 0.640750 -2.823823
v -4.375743 0.637708 -2.823708
v -4.342804 0.632519 -2.823595
v -4.310354 0.625083 -2.823484
v -4.278153 0.615298 -2.823374
v -4.245964 0.603068 -2.823263
v -4.213553 0.588293 -2.823152
v -4.180675 0.570872 -2.823040
v -4.147098 0.550705 -2.822924
v -4.112578 0.527696 -2.822806
v -4.076880 0.501745 -2.822684
v -4.039768 0.472752 -2.822556
v -4.039768 -0.364394 -2.822556
v -3.718514 -0.364394 -2.821455
v -3.718514 1.408690 -2.821455
v -4.039768 1.408690 -2.822556
v -4.039768 0.649540 -2.822556
v -3.411698 0.802930 -2.820404
v -3.411698 0.594944 -2.820404
v -2.899136 0.594944 -2.818647
v -2.899136 -0.003017 -2.818647
v -2.901888 -0.035443 -2.818656
v -2.909732 -0.063957 -2.818683
v -2.922035 -0.088770 -2.818725
v -2.938172 -0.110091 -2.818781
v -2.957520 -0.128126 -2.818847
v -2.979449 -0.143083 -2.818922
v -3.003334 -0.155170 -2.819004
v -3.028546 -0.164592 -2.819090
v -3.054462 -0.171559 -2.819179
v -3.080451 -0.176281 -2.819268
v -3.105891 -0.178958 -2.819355
v -3.130150 -0.179806 -2.819439
v -3.159107 -0.179211 -2.819538
v -3.188237 -0.177422 -2.819638
v -3.217569 -0.174442 -2.819738
v -3.247128 -0.170272 -2.819840
v -3.276936 -0.164911 -2.819942
v -3.307020 -0.158357 -2.820045
v -3.337404 -0.150612 -2.820149
v -3.368117 -0.141674 -2.820254
v -3.399179 -0.131548 -2.820361
v -3.430615 -0.120226 -2.820469
v -3.462455 -0.107715 -2.820578
v -3.494719 -0.094011 -2.820688
v -3.494719 -0.309797 -2.820688
v -3.465542 -0.320615 -2.820588
v -3.434258 -0.330921 -2.820481
v -3.401322 -0.340629 -2.820368
v -3.367181 -0.349661 -2.820251
v -3.332287 -0.357936 -2.820132
v -3.297094 -0.365369 -2.820011
v -3.262050 -0.371881 -2.819891
v -3.227609 -0.377393 -2.819773
v -3.194220 -0.381821 -2.819658
v -3.162337 -0.385083 -2.819549
v -3.132405 -0.387101 -2.819447
v -3.104883 -0.387792 -2.819352
v -3.020962 -0.384602 -2.819064
v -2.944273 -0.375264 -2.818802
v -2.874827 -0.360128 -2.818563
v -2.812639 -0.339550 -2.818350
v -2.757720 -0.313882 -2.818162
v -2.710082 -0.283474 -2.817999
v -2.669741 -0.248678 -2.817861
v -2.636705 -0.209850 -2.817747
v -2.610988 -0.167335 -2.817659
v -2.592604 -0.121489 -2.817596
v -2.581564 -0.072667 -2.817558
v -2.577882 -0.021216 -2.817546
v -2.577882 0.594944 -2.817546
v -2.296334 0.594944 -2.816581
v -2.296334 0.620942 -2.816581
v -2.899136 1.044714 -2.818647
v -2.899136 0.802930 -2.818647
v -1.437251 0.535147 -2.813636
v -1.444470 0.535147 -2.813661
v -1.484931 0.584022 -2.813799
v -1.525100 0.628032 -2.813937
v -1.564997 0.667292 -2.814074
v -1.604630 0.701921 -2.814210
v -1.644011 0.732038 -2.814345
v -1.683156 0.757758 -2.814479
v -1.722072 0.779199 -2.814612
v -1.760779 0.796480 -2.814745
v -1.799282 0.809713 -2.814877
v -1.837599 0.819023 -2.815008
v -1.875739 0.824522 -2.815139
v -1.913717 0.826329 -2.815269
v -1.946064 0.825406 -2.815380
v -1.978173 0.822634 -2.815490
v -2.010104 0.818001 -2.815599
v -2.041924 0.811499 -2.815709
v -2.073694 0.803122 -2.815817
v -2.105478 0.792856 -2.815926
v -2.137334 0.780694 -2.816036
v -2.169329 0.766629 -2.816145
v -2.201527 0.750650 -2.816256
v -2.233985 0.732748 -2.816367
v -2.266771 0.712913 -2.816479
v -2.299943 0.691137 -2.816593
v -2.130293 0.490950 -2.816011
v -2.105372 0.507402 -2.815926
v -2.079525 0.522894 -2.815837
v -2.053025 0.537342 -2.815747
v -2.026150 0.550650 -2.815655
v -1.999173 0.562732 -2.815562
v -1.972373 0.573495 -2.815470
v -1.946023 0.582849 -2.815380
v -1.920403 0.590706 -2.815292
v -1.895783 0.596974 -2.815208
v -1.872440 0.601563 -2.815128
v -1.850655 0.604384 -2.815053
v -1.830696 0.605343 -2.814985
v -1.776702 0.602106 -2.814800
v -1.725099 0.592669 -2.814623
v -1.676331 0.577436 -2.814456
v -1.630833 0.556812 -2.814300
v -1.589045 0.531206 -2.814156
v -1.551405 0.501025 -2.814027
v -1.518353 0.466671 -2.813914
v -1.490326 0.428554 -2.813818
v -1.467763 0.387079 -2.813740
v -1.451103 0.342651 -2.813684
v -1.440788 0.295680 -2.813648
v -1.437251 0.246566 -2.813636
v -1.437251 -0.364394 -2.813636
v -1.115997 -0.364394 -2.812535
v -1.115997 0.802930 -2.812535
v -1.437251 0.802930 -2.813636
v -0.447736 1.019987 -2.810244
v -0.422972 1.023687 -2.810159
v -0.399437 1.029643 -2.810079
v -0.377369 1.037684 -2.810003
v -0.357002 1.047642 -2.809933
v -0.338582 1.059338 -2.809870
v -0.322339 1.072608 -2.809814
v -0.308517 1.087274 -2.809767
v -0.297352 1.103169 -2.809729
v -0.289083 1.120122 -2.809700
v -0.283947 1.137957 -2.809683
v -0.282181 1.156507 -2.809677
v -0.283947 1.175057 -2.809683
v -0.289083 1.192892 -2.809700
v -0.297352 1.209845 -2.809729
v -0.308517 1.225741 -2.809767
v -0.322339 1.240406 -2.809814
v -0.338582 1.253676 -2.809870
v -0.357002 1.265373 -2.809933
v -0.377369 1.275330 -2.810003
v -0.399437 1.283371 -2.810079
v -0.422972 1.289327 -2.810159
v -0.447736 1.293027 -2.810244
v -0.473489 1.294298 -2.810333
v -0.499242 1.293027 -2.810421
v -0.524007 1.289327 -2.810506
v -0.547541 1.283371 -2.810586
v -0.569613 1.275330 -2.810662
v -0.589976 1.265375 -2.810732
v -0.608399 1.253676 -2.810795
v -0.624640 1.240406 -2.810851
v -0.638462 1.225741 -2.810898
v -0.649626 1.209845 -2.810936
v -0.657895 1.192892 -2.810965
v -0.663032 1.175057 -2.810982
v -0.664798 1.156507 -2.810988
v -0.663032 1.137957 -2.810982
v -0.657895 1.120122 -2.810965
v -0.649626 1.103169 -2.810936
v -0.638462 1.087274 -2.810898
v -0.624640 1.072608 -2.810851
v -0.608399 1.059338 -2.810795
v -0.589976 1.047642 -2.810732
v -0.569613 1.037684 -2.810662
v -0.547541 1.029643 -2.810586
v -0.524007 1.023687 -2.810506
v -0.499242 1.019987 -2.810421
v -0.473489 1.018716 -2.810333
v -0.311058 -0.364394 -2.809776
v -0.311058 0.802930 -2.809776
v -0.632311 0.802930 -2.810877
v -0.632311 -0.364394 -2.810877
v 1.158866 0.737126 -2.804737
v 1.123387 0.752907 -2.804859
v 1.087660 0.767102 -2.804981
v 1.051631 0.779724 -2.805105
v 1.015252 0.790794 -2.805230
v 0.978470 0.800330 -2.805356
v 0.941238 0.808348 -2.805483
v 0.903504 0.814871 -2.805613
v 0.865217 0.819910 -2.805744
v 0.826331 0.823487 -2.805877
v 0.786792 0.825621 -2.806013
v 0.746553 0.826329 -2.806151
v 0.647848 0.821274 -2.806489
v 0.554309 0.806481 -2.806809
v 0.466585 0.782498 -2.807110
v 0.385327 0.749875 -2.807389
v 0.311186 0.709162 -2.807643
v 0.244820 0.660914 -2.807870
v 0.186875 0.605678 -2.808069
v 0.138001 0.544005 -2.808237
v 0.098856 0.476449 -2.808371
v 0.070088 0.403554 -2.808469
v 0.052351 0.325877 -2.808530
v 0.046292 0.243966 -2.808551
v 0.052998 0.148521 -2.808528
v 0.072862 0.059956 -2.808460
v 0.105512 -0.021461 -2.808348
v 0.150568 -0.095457 -2.808193
v 0.207658 -0.161760 -2.807998
v 0.276404 -0.220103 -2.807762
v 0.356429 -0.270212 -2.807488
v 0.447357 -0.311820 -2.807176
v 0.548814 -0.344651 -2.806828
v 0.660423 -0.368439 -2.806446
v 0.781808 -0.382910 -2.806030
v 0.912595 -0.387792 -2.805582
v 0.966158 -0.387096 -2.805398
v 1.020163 -0.385037 -2.805213
v 1.074293 -0.381659 -2.805027
v 1.128235 -0.377008 -2.804842
v 1.181673 -0.371130 -2.804659
v 1.234298 -0.364069 -2.804479
v 1.285796 -0.355872 -2.804302
v 1.335853 -0.346580 -2.804131
v 1.384155 -0.336243 -2.803965
v 1.430388 -0.324902 -2.803807
v 1.474239 -0.312605 -2.803656
v 1.515397 -0.299398 -2.803515
v 1.515397 1.408690 -2.803515
v 1.194143 1.408690 -2.804616
v 1.194143 0.719735 -2.804616
v 1.169828 -0.138094 -2.804700
v 1.144009 -0.142927 -2.804788
v 1.116987 -0.147469 -2.804881
v 1.089062 -0.151689 -2.804977
v 1.060538 -0.155547 -2.805074
v 1.031711 -0.159007 -2.805173
v 1.002885 -0.162033 -2.805272
v 0.974358 -0.164592 -2.805370
v 0.946433 -0.166643 -2.805465
v 0.919411 -0.168156 -2.805558
v 0.893594 -0.169087 -2.805647
v 0.869280 -0.169407 -2.805730
v 0.798887 -0.166159 -2.805971
v 0.732382 -0.156636 -2.806199
v 0.670188 -0.141175 -2.806412
v 0.612732 -0.120106 -2.806609
v 0.560437 -0.093767 -2.806789
v 0.513735 -0.062489 -2.806949
v 0.473046 -0.026606 -2.807088
v 0.438802 0.013544 -2.807205
v 0.411425 0.057631 -2.807299
v 0.391342 0.105320 -2.807368
v 0.378980 0.156277 -2.807410
v 0.374765 0.210169 -2.807425
v 0.378472 0.270084 -2.807412
v 0.389387 0.326163 -2.807375
v 0.407193 0.378141 -2.807314
v 0.431583 0.425762 -2.807230
v 0.462237 0.468761 -2.807125
v 0.498844 0.506874 -2.807000
v 0.541093 0.539843 -2.806855
v 0.588667 0.567404 -2.806692
v 0.641253 0.589297 -2.806512
v 0.698543 0.605260 -2.806315
v 0.760217 0.615027 -2.806104
v 0.825964 0.618342 -2.805878
v 0.858645 0.617676 -2.805766
v 0.890085 0.615623 -2.805659
v 0.920547 0.612087 -2.805554
v 0.950296 0.606981 -2.805452
v 0.979592 0.600213 -2.805352
v 1.008699 0.591694 -2.805252
v 1.037884 0.581334 -2.805152
v 1.067405 0.569042 -2.805051
v 1.097531 0.554727 -2.804948
v 1.128518 0.538301 -2.804841
v 1.160635 0.519671 -2.804731
v 1.194143 0.498750 -2.804616
v 1.194143 -0.133009 -2.804616
v 1.924778 -0.272373 -2.802112
v 1.972846 -0.292706 -2.801947
v 2.020965 -0.311017 -2.801782
v 2.069536 -0.327323 -2.801616
v 2.118960 -0.341643 -2.801446
v 2.169636 -0.353995 -2.801273
v 2.221967 -0.364396 -2.801093
v 2.276352 -0.372867 -2.800907
v 2.333194 -0.379423 -2.800712
v 2.392895 -0.384085 -2.800508
v 2.455854 -0.386869 -2.800292
v 2.522473 -0.387792 -2.800063
v 2.644114 -0.381722 -2.799646
v 2.756228 -0.364152 -2.799262
v 2.858615 -0.336040 -2.798911
v 2.951079 -0.298340 -2.798594
v 3.033414 -0.252008 -2.798312
v 3.105422 -0.198005 -2.798065
v 3.166903 -0.137286 -2.797854
v 3.217653 -0.070805 -2.797681
v 3.257475 0.000477 -2.797544
v 3.286169 0.075604 -2.797446
v 3.303531 0.153620 -2.797386
v 3.309365 0.233567 -2.797366
v 3.302998 0.319507 -2.797388
v 3.284297 0.400245 -2.797452
v 3.253866 0.475351 -2.797556
v 3.212306 0.544393 -2.797699
v 3.160219 0.606931 -2.797877
v 3.098203 0.662539 -2.798090
v 3.026864 0.710782 -2.798334
v 2.946800 0.751222 -2.798609
v 2.858615 0.783431 -2.798911
v 2.762911 0.806975 -2.799239
v 2.660290 0.821418 -2.799591
v 2.551350 0.826329 -2.799964
v 2.447266 0.821935 -2.800321
v 2.350065 0.808733 -2.800654
v 2.260156 0.786681 -2.800962
v 2.177957 0.755748 -2.801244
v 2.103880 0.715895 -2.801498
v 2.038335 0.667089 -2.801723
v 1.981743 0.609292 -2.801917
v 1.934509 0.542466 -2.802079
v 1.897056 0.466577 -2.802207
v 1.869789 0.381589 -2.802300
v 1.853124 0.287464 -2.802358
v 1.847479 0.184170 -2.802377
v 2.988111 0.184170 -2.798467
v 2.972698 0.128659 -2.798520
v 2.951746 0.077829 -2.798592
v 2.925282 0.031714 -2.798683
v 2.893326 -0.009663 -2.798792
v 2.855906 -0.046271 -2.798920
v 2.813046 -0.078088 -2.799067
v 2.764771 -0.105084 -2.799233
v 2.711108 -0.127232 -2.799417
v 2.652080 -0.144505 -2.799619
v 2.587713 -0.156878 -2.799840
v 2.518031 -0.164319 -2.800079
v 2.443062 -0.166807 -2.800336
v 2.394549 -0.165733 -2.800502
v 2.346439 -0.162546 -2.800667
v 2.298679 -0.157302 -2.800830
v 2.251218 -0.150053 -2.800993
v 2.204010 -0.140853 -2.801155
v 2.157002 -0.129759 -2.801316
v 2.110144 -0.116822 -2.801477
v 2.063386 -0.102100 -2.801637
v 2.016678 -0.085643 -2.801797
v 1.969972 -0.067509 -2.801957
v 1.923214 -0.047748 -2.802117
v 1.876356 -0.026416 -2.802278
v 1.876356 -0.250001 -2.802278
v 2.170513 0.380377 -2.801270
v 2.181167 0.420321 -2.801233
v 2.196933 0.457233 -2.801179
v 2.217663 0.490950 -2.801108
v 2.243205 0.521309 -2.801021
v 2.273412 0.548147 -2.800917
v 2.308127 0.571301 -2.800798
v 2.347208 0.590610 -2.800664
v 2.390498 0.605912 -2.800516
v 2.437848 0.617042 -2.800353
v 2.489110 0.623841 -2.800178
v 2.544131 0.626142 -2.799989
v 2.603459 0.623989 -2.799786
v 2.658702 0.617583 -2.799596
v 2.709833 0.607009 -2.799421
v 2.756830 0.592344 -2.799260
v 2.799662 0.573672 -2.799113
v 2.838313 0.551071 -2.798981
v 2.872748 0.524626 -2.798863
v 2.902952 0.494416 -2.798759
v 2.928892 0.460525 -2.798670
v 2.950543 0.423030 -2.798596
v 2.967886 0.382015 -2.798537
v 2.980892 0.337560 -2.798492
v 2.165124 0.337560 -2.801288
v 4.618215 1.404778 -2.792880
v 4.505912 1.393211 -2.793265
v 4.402280 1.374243 -2.793620
v 4.307751 1.348125 -2.793944
v 4.222747 1.315110 -2.794235
v 4.147693 1.275449 -2.794492
v 4.083017 1.229398 -2.794714
v 4.029143 1.177209 -2.794899
v 3.986502 1.119134 -2.795045
v 3.955515 1.055426 -2.795151
v 3.936609 0.986338 -2.795216
v 3.930215 0.912123 -2.795238
v 3.933277 0.861876 -2.795228
v 3.942396 0.813883 -2.795196
v 3.957456 0.768238 -2.795145
v 3.978342 0.725031 -2.795073
v 4.004944 0.684352 -2.794982
v 4.037148 0.646290 -2.794872
v 4.074843 0.610938 -2.794742
v 4.117914 0.578383 -2.794595
v 4.166246 0.548716 -2.794429
v 4.219735 0.522029 -2.794246
v 4.278257 0.498409 -2.794045
v 4.341709 0.477951 -2.793828
v 4.287484 0.450112 -2.794014
v 4.236394 0.419889 -2.794188
v 4.187962 0.387282 -2.794355
v 4.141709 0.352294 -2.794513
v 4.097161 0.314921 -2.794666
v 4.053843 0.275164 -2.794814
v 4.011275 0.233026 -2.794960
v 3.968985 0.188504 -2.795105
v 3.926491 0.141598 -2.795251
v 3.883324 0.092311 -2.795399
v 3.839000 0.040639 -2.795551
v 3.793050 -0.013417 -2.795708
v 3.767694 -0.042764 -2.795795
v 3.743618 -0.070109 -2.795878
v 3.720295 -0.096042 -2.795958
v 3.697196 -0.121164 -2.796037
v 3.673795 -0.146070 -2.796117
v 3.649569 -0.171356 -2.796200
v 3.623988 -0.197617 -2.796288
v 3.596527 -0.225449 -2.796382
v 3.566659 -0.255445 -2.796484
v 3.533862 -0.288203 -2.796597
v 3.497602 -0.324323 -2.796721
v 3.457358 -0.364394 -2.796859
v 3.879681 -0.364394 -2.795411
v 4.204544 -0.000418 -2.794298
v 4.282197 0.084022 -2.794032
v 4.353206 0.156006 -2.793788
v 4.418299 0.216504 -2.793565
v 4.478204 0.266499 -2.793360
v 4.533647 0.306958 -2.793170
v 4.585356 0.338860 -2.792992
v 4.634055 0.363179 -2.792825
v 4.680474 0.380892 -2.792666
v 4.725342 0.392971 -2.792513
v 4.769379 0.400391 -2.792362
v 4.813316 0.404126 -2.792211
v 4.857880 0.405156 -2.792058
v 5.005874 0.405156 -2.791551
v 5.005874 -0.364394 -2.791551
v 5.359614 -0.364394 -2.790339
v 5.359614 1.408690 -2.790339
v 4.738764 1.408690 -2.792467
v 4.778469 0.633941 -2.792331
v 4.689265 0.636788 -2.792636
v 4.610790 0.645027 -2.792905
v 4.542490 0.658192 -2.793139
v 4.483819 0.675827 -2.793340
v 4.434220 0.697470 -2.793510
v 4.393145 0.722660 -2.793651
v 4.360040 0.750939 -2.793765
v 4.334356 0.781843 -2.793853
v 4.315539 0.814913 -2.793917
v 4.303039 0.849691 -2.793960
v 4.296306 0.885714 -2.793983
v 4.294784 0.922522 -2.793988
v 4.298510 0.962744 -2.793976
v 4.308050 1.000132 -2.793943
v 4.323660 1.034559 -2.793890
v 4.345585 1.065898 -2.793814
v 4.374078 1.094023 -2.793717
v 4.409388 1.118809 -2.793596
v 4.451768 1.140128 -2.793450
v 4.501466 1.157856 -2.793280
v 4.558734 1.171862 -2.793084
v 4.623823 1.182024 -2.792861
v 4.696987 1.188215 -2.792610
v 4.778469 1.190305 -2.792331
v 5.005874 1.190305 -2.791551
v 5.005874 0.633941 -2.791551
v -4.048221 0.649540 -2.462569
v -4.080071 0.676503 -2.462678
v -4.114129 0.701453 -2.462795
v -4.150192 0.724327 -2.462919
v -4.188059 0.745060 -2.463048
v -4.227531 0.763592 -2.463184
v -4.268406 0.779857 -2.463324
v -4.310483 0.793794 -2.463468
v -4.353565 0.805337 -2.463616
v -4.397449 0.814426 -2.463766
v -4.441933 0.820996 -2.463919
v -4.486820 0.824984 -2.464072
v -4.531907 0.826329 -2.464227
v -4.609499 0.823074 -2.464493
v -4.683106 0.813293 -2.464745
v -4.752203 0.796958 -2.464982
v -4.816262 0.774043 -2.465202
v -4.874754 0.744520 -2.465402
v -4.927157 0.708361 -2.465582
v -4.972940 0.665542 -2.465739
v -5.011580 0.616031 -2.465871
v -5.042550 0.559804 -2.465977
v -5.065324 0.496836 -2.466055
v -5.079373 0.427096 -2.466104
v -5.084174 0.350560 -2.466120
v -5.084174 -0.364394 -2.466120
v -4.762920 -0.364394 -2.465019
v -4.762920 0.358359 -2.465019
v -4.760394 0.399980 -2.465010
v -4.752927 0.438930 -2.464985
v -4.740699 0.475026 -2.464943
v -4.723884 0.508091 -2.464885
v -4.702657 0.537940 -2.464812
v -4.677193 0.564396 -2.464725
v -4.647669 0.587277 -2.464624
v -4.614258 0.606401 -2.464509
v -4.577140 0.621592 -2.464382
v -4.536485 0.632665 -2.464243
v -4.492473 0.639442 -2.464092
v -4.445276 0.641741 -2.463930
v -4.410644 0.640750 -2.463811
v -4.376977 0.637708 -2.463696
v -4.344038 0.632519 -2.463583
v -4.311588 0.625083 -2.463472
v -4.279387 0.615298 -2.463362
v -4.247198 0.603068 -2.463251
v -4.214787 0.588293 -2.463140
v -4.181909 0.570872 -2.463027
v -4.148332 0.550705 -2.462912
v -4.113812 0.527696 -2.462794
v -4.078114 0.501745 -2.462672
v -4.041002 0.472752 -2.462544
v -4.041002 -0.364394 -2.462544
v -3.719748 -0.364394 -2.461443
v -3.719748 1.408690 -2.461443
v -4.041002 1.408690 -2.462544
v -4.041002 0.649540 -2.462544
v -3.412932 0.802930 -2.460392
v -3.412932 0.594944 -2.460392
v -2.900370 0.594944 -2.458635
v -2.900370 -0.003017 -2.458635
v -2.903122 -0.035443 -2.458644
v -2.910966 -0.063957 -2.458671
v -2.923269 -0.088770 -2.458713
v -2.939406 -0.110091 -2.458769
v -2.958754 -0.128126 -2.458835
v -2.980683 -0.143083 -2.458910
v -3.004568 -0.155170 -2.458992
v -3.029780 -0.164592 -2.459078
v -3.055696 -0.171559 -2.459167
v -3.081685 -0.176281 -2.459256
v -3.107125 -0.178958 -2.459343
v -3.131384 -0.179806 -2.459427
v -3.160342 -0.179211 -2.459526
v -3.189471 -0.177422 -2.459626
v -3.218803 -0.174442 -2.459726
v -3.248363 -0.170272 -2.459828
v -3.278170 -0.164912 -2.459930
v -3.308254 -0.158357 -2.460033
v -3.338639 -0.150612 -2.460137
v -3.369351 -0.141674 -2.460242
v -3.400413 -0.131545 -2.460349
v -3.431849 -0.120226 -2.460457
v -3.463689 -0.107715 -2.460566
v -3.495953 -0.094011 -2.460676
v -3.495953 -0.309797 -2.460676
v -3.466776 -0.320615 -2.460576
v -3.435492 -0.330921 -2.460469
v -3.402556 -0.340629 -2.460356
v -3.368415 -0.349661 -2.460239
v -3.333521 -0.357936 -2.460119
v -3.298328 -0.365369 -2.459999
v -3.263284 -0.371881 -2.459879
v -3.228843 -0.377393 -2.459761
v -3.195454 -0.381821 -2.459646
v -3.163571 -0.385083 -2.459537
v -3.133639 -0.387101 -2.459434
v -3.106117 -0.387792 -2.459340
v -3.022197 -0.384602 -2.459052
v -2.945507 -0.375264 -2.458790
v -2.876061 -0.360128 -2.458551
v -2.813873 -0.339550 -2.458338
v -2.758955 -0.313882 -2.458150
v -2.711316 -0.283474 -2.457987
v -2.670975 -0.248678 -2.457849
v -2.637939 -0.209850 -2.457735
v -2.612222 -0.167335 -2.457647
v -2.593838 -0.121489 -2.457584
v -2.582798 -0.072667 -2.457546
v -2.579116 -0.021216 -2.457534
v -2.579116 0.594944 -2.457534
v -2.297568 0.594944 -2.456568
v -2.297568 0.620942 -2.456568
v -2.900370 1.044714 -2.458635
v -2.900370 0.802930 -2.458635
v -1.438485 0.535147 -2.453624
v -1.445704 0.535147 -2.453649
v -1.486165 0.584022 -2.453787
v -1.526334 0.628032 -2.453925
v -1.566231 0.667292 -2.454062
v -1.605864 0.701921 -2.454198
v -1.645245 0.732038 -2.454333
v -1.684390 0.757758 -2.454467
v -1.723307 0.779199 -2.454600
v -1.762013 0.796480 -2.454733
v -1.800516 0.809713 -2.454865
v -1.838833 0.819023 -2.454996
v -1.876973 0.824522 -2.455127
v -1.914951 0.826329 -2.455257
v -1.947299 0.825406 -2.455368
v -1.979407 0.822634 -2.455478
v -2.011338 0.818001 -2.455587
v -2.043158 0.811499 -2.455697
v -2.074928 0.803122 -2.455805
v -2.106712 0.792856 -2.455914
v -2.138568 0.780694 -2.456023
v -2.170563 0.766629 -2.456133
v -2.202761 0.750650 -2.456244
v -2.235219 0.732748 -2.456355
v -2.268005 0.712913 -2.456467
v -2.301178 0.691137 -2.456581
v -2.131527 0.490950 -2.455999
v -2.106606 0.507402 -2.455914
v -2.080759 0.522894 -2.455825
v -2.054259 0.537342 -2.455734
v -2.027384 0.550650 -2.455642
v -2.000407 0.562732 -2.455550
v -1.973607 0.573495 -2.455458
v -1.947257 0.582849 -2.455368
v -1.921637 0.590706 -2.455280
v -1.897017 0.596974 -2.455196
v -1.873674 0.601563 -2.455116
v -1.851889 0.604384 -2.455041
v -1.831930 0.605343 -2.454973
v -1.777936 0.602106 -2.454787
v -1.726333 0.592669 -2.454611
v -1.677565 0.577436 -2.454443
v -1.632067 0.556812 -2.454288
v -1.590279 0.531206 -2.454144
v -1.552639 0.501025 -2.454015
v -1.519587 0.466671 -2.453902
v -1.491560 0.428554 -2.453806
v -1.468997 0.387079 -2.453728
v -1.452337 0.342651 -2.453671
v -1.442022 0.295680 -2.453636
v -1.438485 0.246566 -2.453624
v -1.438485 -0.364394 -2.453624
v -1.117231 -0.364394 -2.452523
v -1.117231 0.802930 -2.452523
v -1.438485 0.802930 -2.453624
v -0.448970 1.019987 -2.450232
v -0.424206 1.023687 -2.450147
v -0.400671 1.029643 -2.450067
v -0.378603 1.037684 -2.449991
v -0.358236 1.047642 -2.449921
v -0.339816 1.059338 -2.449858
v -0.323573 1.072608 -2.449802
v -0.309751 1.087274 -2.449755
v -0.298586 1.103169 -2.449717
v -0.290317 1.120122 -2.449688
v -0.285181 1.137957 -2.449671
v -0.283415 1.156507 -2.449665
v -0.285181 1.175057 -2.449671
v -0.290317 1.192892 -2.449688
v -0.298586 1.209845 -2.449717
v -0.309751 1.225741 -2.449755
v -0.323573 1.240406 -2.449802
v -0.339816 1.253676 -2.449858
v -0.358236 1.265373 -2.449921
v -0.378603 1.275330 -2.449991
v -0.400671 1.283371 -2.450067
v -0.424206 1.289327 -2.450147
v -0.448970 1.293027 -2.450232
v -0.474723 1.294298 -2.450320
v -0.500476 1.293027 -2.450409
v -0.525241 1.289327 -2.450494
v -0.548775 1.283371 -2.450574
v -0.570847 1.275330 -2.450650
v -0.591210 1.265375 -2.450720
v -0.609633 1.253676 -2.450783
v -0.625874 1.240406 -2.450839
v -0.639696 1.225741 -2.450886
v -0.650860 1.209845 -2.450924
v -0.659129 1.192892 -2.450953
v -0.664266 1.175057 -2.450970
v -0.666032 1.156507 -2.450976
v -0.664266 1.137957 -2.450970
v -0.659129 1.120122 -2.450953
v -0.650860 1.103169 -2.450924
v -0.639696 1.087274 -2.450886
v -0.625874 1.072608 -2.450839
v -0.609633 1.059338 -2.450783
v -0.591210 1.047642 -2.450720
v -0.570847 1.037684 -2.450650
v -0.548775 1.029643 -2.450574
v -0.525241 1.023687 -2.450494
v -0.500476 1.019987 -2.450409
v -0.474723 1.018716 -2.450320
v -0.312292 -0.364394 -2.449764
v -0.312292 0.802930 -2.449764
v -0.633545 0.802930 -2.450865
v -0.633545 -0.364394 -2.450865
v 1.157632 0.737126 -2.444725
v 1.122153 0.752907 -2.444847
v 1.086426 0.767102 -2.444969
v 1.050397 0.779724 -2.445093
v 1.014017 0.790794 -2.445218
v 0.977236 0.800330 -2.445343
v 0.940004 0.808348 -2.445471
v 0.902270 0.814871 -2.445601
v 0.863983 0.819910 -2.445732
v 0.825097 0.823487 -2.445865
v 0.785558 0.825621 -2.446001
v 0.745319 0.826329 -2.446138
v 0.646614 0.821274 -2.446477
v 0.553075 0.806481 -2.446797
v 0.465351 0.782498 -2.447098
v 0.384093 0.749875 -2.447377
v 0.309952 0.709162 -2.447631
v 0.243586 0.660914 -2.447858
v 0.185641 0.605678 -2.448057
v 0.136767 0.544005 -2.448225
v 0.097622 0.476449 -2.448359
v 0.068854 0.403554 -2.448457
v 0.051117 0.325877 -2.448518
v 0.045058 0.243966 -2.448539
v 0.051764 0.148521 -2.448516
v 0.071628 0.059956 -2.448448
v 0.104278 -0.021461 -2.448336
v 0.149334 -0.095457 -2.448181
v 0.206424 -0.161761 -2.447986
v 0.275170 -0.220103 -2.447750
v 0.355195 -0.270212 -2.447476
v 0.446123 -0.311820 -2.447164
v 0.547580 -0.344651 -2.446816
v 0.659189 -0.368439 -2.446434
v 0.780574 -0.382910 -2.446018
v 0.911361 -0.387792 -2.445570
v 0.964924 -0.387096 -2.445386
v 1.018929 -0.385037 -2.445201
v 1.073059 -0.381659 -2.445015
v 1.127001 -0.377008 -2.444830
v 1.180439 -0.371130 -2.444647
v 1.233064 -0.364069 -2.444467
v 1.284562 -0.355872 -2.444290
v 1.334619 -0.346580 -2.444119
v 1.382921 -0.336243 -2.443953
v 1.429154 -0.324902 -2.443795
v 1.473005 -0.312605 -2.443644
v 1.514163 -0.299398 -2.443503
v 1.514163 1.408690 -2.443503
v 1.192909 1.408690 -2.444604
v 1.192909 0.719735 -2.444604
v 1.168594 -0.138094 -2.444688
v 1.142774 -0.142927 -2.444776
v 1.115752 -0.147469 -2.444869
v 1.087828 -0.151689 -2.444965
v 1.059304 -0.155547 -2.445062
v 1.030477 -0.159007 -2.445161
v 1.001650 -0.162033 -2.445260
v 0.973124 -0.164592 -2.445358
v 0.945199 -0.166643 -2.445453
v 0.918177 -0.168156 -2.445546
v 0.892360 -0.169087 -2.445635
v 0.868046 -0.169407 -2.445718
v 0.797653 -0.166159 -2.445959
v 0.731148 -0.156636 -2.446187
v 0.668954 -0.141175 -2.446400
v 0.611498 -0.120106 -2.446597
v 0.559203 -0.093767 -2.446776
v 0.512501 -0.062489 -2.446937
v 0.471812 -0.026606 -2.447076
v 0.437568 0.013544 -2.447193
v 0.410191 0.057631 -2.447287
v 0.390108 0.105320 -2.447356
v 0.377746 0.156277 -2.447398
v 0.373531 0.210169 -2.447413
v 0.377238 0.270084 -2.447400
v 0.388153 0.326163 -2.447363
v 0.405959 0.378141 -2.447302
v 0.430349 0.425762 -2.447218
v 0.461003 0.468761 -2.447113
v 0.497610 0.506874 -2.446988
v 0.539859 0.539843 -2.446843
v 0.587433 0.567404 -2.446680
v 0.640019 0.589297 -2.446499
v 0.697309 0.605260 -2.446303
v 0.758983 0.615027 -2.446092
v 0.824730 0.618342 -2.445866
v 0.857411 0.617676 -2.445754
v 0.888851 0.615623 -2.445647
v 0.919313 0.612087 -2.445542
v 0.949061 0.606981 -2.445440
v 0.978357 0.600213 -2.445340
v 1.007465 0.591694 -2.445240
v 1.036650 0.581334 -2.445140
v 1.066171 0.569042 -2.445039
v 1.096297 0.554727 -2.444936
v 1.127284 0.538301 -2.444829
v 1.159401 0.519671 -2.444719
v 1.192909 0.498750 -2.444604
v 1.192909 -0.133009 -2.444604
v 1.923543 -0.272373 -2.442100
v 1.971612 -0.292706 -2.441935
v 2.019731 -0.311017 -2.441770
v 2.068302 -0.327323 -2.441604
v 2.117726 -0.341643 -2.441434
v 2.168402 -0.353995 -2.441261
v 2.220732 -0.364397 -2.441081
v 2.275118 -0.372867 -2.440895
v 2.331960 -0.379424 -2.440700
v 2.391660 -0.384085 -2.440495
v 2.454620 -0.386869 -2.440280
v 2.521239 -0.387792 -2.440051
v 2.642880 -0.381722 -2.439634
v 2.754994 -0.364152 -2.439250
v 2.857381 -0.336040 -2.438899
v 2.949845 -0.298340 -2.438582
v 3.032180 -0.252008 -2.438300
v 3.104188 -0.198005 -2.438053
v 3.165668 -0.137286 -2.437842
v 3.216419 -0.070805 -2.437668
v 3.256241 0.000477 -2.437532
v 3.284935 0.075604 -2.437433
v 3.302297 0.153620 -2.437374
v 3.308131 0.233567 -2.437354
v 3.301764 0.319507 -2.437376
v 3.283063 0.400245 -2.437440
v 3.252632 0.475351 -2.437544
v 3.211072 0.544393 -2.437687
v 3.158985 0.606931 -2.437865
v 3.096969 0.662539 -2.438078
v 3.025630 0.710782 -2.438322
v 2.945566 0.751222 -2.438597
v 2.857381 0.783431 -2.438899
v 2.761677 0.806975 -2.439227
v 2.659056 0.821418 -2.439579
v 2.550116 0.826329 -2.439952
v 2.446032 0.821935 -2.440309
v 2.348831 0.808733 -2.440642
v 2.258922 0.786681 -2.440950
v 2.176723 0.755748 -2.441232
v 2.102646 0.715895 -2.441486
v 2.037101 0.667089 -2.441711
v 1.980508 0.609292 -2.441905
v 1.933275 0.542466 -2.442067
v 1.895822 0.466577 -2.442195
v 1.868555 0.381589 -2.442288
v 1.851890 0.287464 -2.442346
v 1.846245 0.184170 -2.442365
v 2.986877 0.184170 -2.438455
v 2.971464 0.128659 -2.438508
v 2.950512 0.077829 -2.438580
v 2.924048 0.031714 -2.438671
v 2.892092 -0.009663 -2.438780
v 2.854671 -0.046271 -2.438908
v 2.811812 -0.078088 -2.439055
v 2.763537 -0.105084 -2.439221
v 2.709874 -0.127232 -2.439405
v 2.650846 -0.144505 -2.439607
v 2.586479 -0.156878 -2.439828
v 2.516797 -0.164319 -2.440067
v 2.441828 -0.166807 -2.440324
v 2.393315 -0.165733 -2.440490
v 2.345205 -0.162546 -2.440655
v 2.297445 -0.157302 -2.440818
v 2.249984 -0.150053 -2.440981
v 2.202776 -0.140853 -2.441143
v 2.155768 -0.129759 -2.441304
v 2.108910 -0.116822 -2.441465
v 2.062152 -0.102100 -2.441625
v 2.015444 -0.085643 -2.441785
v 1.968738 -0.067509 -2.441945
v 1.921980 -0.047748 -2.442105
v 1.875122 -0.026416 -2.442266
v 1.875122 -0.250001 -2.442266
v 2.169279 0.380377 -2.441258
v 2.179933 0.420321 -2.441221
v 2.195698 0.457233 -2.441167
v 2.216429 0.490950 -2.441096
v 2.241971 0.521309 -2.441009
v 2.272177 0.548147 -2.440905
v 2.306893 0.571301 -2.440786
v 2.345974 0.590610 -2.440652
v 2.389264 0.605912 -2.440504
v 2.436614 0.617042 -2.440341
v 2.487875 0.623841 -2.440166
v 2.542897 0.626142 -2.439977
v 2.602225 0.623989 -2.439774
v 2.657468 0.617583 -2.439584
v 2.708599 0.607009 -2.439409
v 2.755596 0.592344 -2.439248
v 2.798428 0.573672 -2.439101
v 2.837079 0.551071 -2.438969
v 2.871514 0.524626 -2.438851
v 2.901718 0.494416 -2.438747
v 2.927658 0.460525 -2.438658
v 2.949309 0.423030 -2.438584
v 2.966652 0.382015 -2.438524
v 2.979658 0.337560 -2.438480
v 2.163890 0.337560 -2.441276
v 4.616981 1.404778 -2.432868
v 4.504678 1.393211 -2.433253
v 4.401046 1.374243 -2.433608
v 4.306517 1.348125 -2.433932
v 4.221513 1.315110 -2.434223
v 4.146459 1.275449 -2.434480
v 4.081783 1.229398 -2.434702
v 4.027909 1.177209 -2.434887
v 3.985268 1.119134 -2.435033
v 3.954281 1.055426 -2.435139
v 3.935375 0.986338 -2.435204
v 3.928981 0.912123 -2.435226
v 3.932043 0.861876 -2.435215
v 3.941162 0.813883 -2.435184
v 3.956222 0.768238 -2.435133
v 3.977108 0.725031 -2.435061
v 4.003710 0.684352 -2.434970
v 4.035914 0.646290 -2.434860
v 4.073609 0.610938 -2.434730
v 4.116680 0.578383 -2.434583
v 4.165012 0.548716 -2.434417
v 4.218501 0.522029 -2.434234
v 4.277023 0.498409 -2.434033
v 4.340475 0.477951 -2.433815
v 4.286250 0.450112 -2.434001
v 4.235160 0.419889 -2.434176
v 4.186728 0.387282 -2.434343
v 4.140475 0.352294 -2.434501
v 4.095927 0.314921 -2.434654
v 4.052609 0.275164 -2.434802
v 4.010041 0.233026 -2.434948
v 3.967751 0.188504 -2.435093
v 3.925257 0.141598 -2.435239
v 3.882090 0.092311 -2.435387
v 3.837766 0.040639 -2.435539
v 3.791816 -0.013417 -2.435696
v 3.766460 -0.042764 -2.435783
v 3.742384 -0.070109 -2.435866
v 3.719061 -0.096042 -2.435946
v 3.695962 -0.121164 -2.436025
v 3.672561 -0.146071 -2.436105
v 3.648335 -0.171356 -2.436188
v 3.622754 -0.197617 -2.436276
v 3.595293 -0.225449 -2.436370
v 3.565425 -0.255445 -2.436472
v 3.532628 -0.288203 -2.436585
v 3.496368 -0.324323 -2.436709
v 3.456124 -0.364394 -2.436847
v 3.878447 -0.364394 -2.435399
v 4.203310 -0.000418 -2.434286
v 4.280963 0.084022 -2.434020
v 4.351972 0.156006 -2.433776
v 4.417065 0.216507 -2.433553
v 4.476970 0.266499 -2.433348
v 4.532413 0.306958 -2.433158
v 4.584122 0.338860 -2.432980
v 4.632821 0.363179 -2.432813
v 4.679240 0.380892 -2.432654
v 4.724108 0.392971 -2.432501
v 4.768145 0.400391 -2.432350
v 4.812082 0.404126 -2.432199
v 4.856646 0.405156 -2.432046
v 5.004640 0.405156 -2.431539
v 5.004640 -0.364394 -2.431539
v 5.358380 -0.364394 -2.430326
v 5.358380 1.408690 -2.430326
v 4.737530 1.408690 -2.432455
v 4.777235 0.633941 -2.432318
v 4.688031 0.636788 -2.432624
v 4.609556 0.645027 -2.432893
v 4.541256 0.658192 -2.433127
v 4.482584 0.675827 -2.433328
v 4.432986 0.697470 -2.433498
v 4.391911 0.722660 -2.433639
v 4.358806 0.750939 -2.433753
v 4.333122 0.781843 -2.433841
v 4.314305 0.814913 -2.433905
v 4.301805 0.849691 -2.433948
v 4.295072 0.885714 -2.433971
v 4.293550 0.922522 -2.433976
v 4.297276 0.962744 -2.433964
v 4.306816 1.000132 -2.433931
v 4.322426 1.034559 -2.433877
v 4.344351 1.065898 -2.433802
v 4.372844 1.094023 -2.433705
v 4.408154 1.118809 -2.433583
v 4.450534 1.140128 -2.433438
v 4.500232 1.157856 -2.433268
v 4.557500 1.171862 -2.433072
v 4.622589 1.182024 -2.432848
v 4.695753 1.188215 -2.432598
v 4.777235 1.190305 -2.432318
v 5.004640 1.190305 -2.431539
v 5.004640 0.633941 -2.431539
v 4.616981 1.404778 -2.432868
v 4.614815 1.421479 -2.436166
v 4.612863 1.436582 -2.440257
v 4.611814 1.444761 -2.444248
v 4.611103 1.450303 -2.448329
v 4.610299 1.456608 -2.452892
v 4.611396 1.456608 -2.772902
v 4.612231 1.450303 -2.777459
v 4.612969 1.444761 -2.781535
v 4.614047 1.436582 -2.785519
v 4.616026 1.421479 -2.789596
v 4.618215 1.404778 -2.792880
v 4.504678 1.393211 -2.433253
v 4.500163 1.409671 -2.436559
v 4.496087 1.424552 -2.440657
v 4.493886 1.432617 -2.444652
v 4.492397 1.438079 -2.448736
v 4.490705 1.444293 -2.453301
v 4.491802 1.444293 -2.773312
v 4.493525 1.438079 -2.777865
v 4.495041 1.432617 -2.781940
v 4.497271 1.424552 -2.785919
v 4.501374 1.409671 -2.789989
v 4.505912 1.393211 -2.793265
v 4.401046 1.374243 -2.433608
v 4.394005 1.390237 -2.436923
v 4.387639 1.404702 -2.441029
v 4.384198 1.412539 -2.445028
v 4.381868 1.417847 -2.449115
v 4.379221 1.423884 -2.453684
v 4.380318 1.423884 -2.773694
v 4.382997 1.417847 -2.778244
v 4.385354 1.412539 -2.782315
v 4.388822 1.404702 -2.786291
v 4.395216 1.390237 -2.790353
v 4.402280 1.374243 -2.793620
v 4.306517 1.348125 -2.433932
v 4.296804 1.363381 -2.437256
v 4.288022 1.377178 -2.441370
v 4.283271 1.384653 -2.445374
v 4.280058 1.389714 -2.449464
v 4.276401 1.395476 -2.454036
v 4.277497 1.395476 -2.774047
v 4.281187 1.389714 -2.778593
v 4.284427 1.384653 -2.782661
v 4.289205 1.377178 -2.786632
v 4.298016 1.363381 -2.790686
v 4.307751 1.348125 -2.793944
v 4.221513 1.315110 -2.434223
v 4.209064 1.329305 -2.437557
v 4.197810 1.342140 -2.441680
v 4.191720 1.349095 -2.445688
v 4.187600 1.353806 -2.449781
v 4.182912 1.359164 -2.454356
v 4.184009 1.359164 -2.774367
v 4.188728 1.353806 -2.778910
v 4.192876 1.349095 -2.782975
v 4.198993 1.342140 -2.786941
v 4.210275 1.329305 -2.790987
v 4.222747 1.315110 -2.794235
v 4.146459 1.275449 -2.434480
v 4.131332 1.288230 -2.437824
v 4.117658 1.299786 -2.441955
v 4.110255 1.306047 -2.445967
v 4.105246 1.310290 -2.450063
v 4.099547 1.315112 -2.454642
v 4.100644 1.315112 -2.774653
v 4.106374 1.310290 -2.779192
v 4.111411 1.306047 -2.783254
v 4.118841 1.299786 -2.787216
v 4.132544 1.288230 -2.791253
v 4.147693 1.275449 -2.794492
v 4.081783 1.229398 -2.434702
v 4.064182 1.240417 -2.438054
v 4.048270 1.250382 -2.442192
v 4.039657 1.255779 -2.446209
v 4.033826 1.259437 -2.450308
v 4.027192 1.263597 -2.454890
v 4.028288 1.263597 -2.774901
v 4.034954 1.259437 -2.779437
v 4.040812 1.255779 -2.783496
v 4.049453 1.250382 -2.787454
v 4.065393 1.240417 -2.791483
v 4.083017 1.229398 -2.794714
v 4.027909 1.177209 -2.434887
v 4.008192 1.186176 -2.438246
v 3.990364 1.194285 -2.442391
v 3.980712 1.198676 -2.446411
v 3.974179 1.201653 -2.450513
v 3.966745 1.205038 -2.455097
v 3.967841 1.205038 -2.775108
v 3.975307 1.201653 -2.779642
v 3.981868 1.198676 -2.783699
v 3.991547 1.194285 -2.787652
v 4.009403 1.186176 -2.791675
v 4.029143 1.177209 -2.794899
v 3.985268 1.119134 -2.435033
v 3.963902 1.125858 -2.438397
v 3.944586 1.131939 -2.442548
v 3.934126 1.135230 -2.446571
v 3.927046 1.137463 -2.450674
v 3.918993 1.140001 -2.455261
v 3.920089 1.140001 -2.775272
v 3.928174 1.137463 -2.779803
v 3.935282 1.135230 -2.783858
v 3.945769 1.131939 -2.787809
v 3.965114 1.125858 -2.791827
v 3.986502 1.119134 -2.795045
v 3.954281 1.055426 -2.435139
v 3.931791 1.059838 -2.438508
v 3.911458 1.063828 -2.442661
v 3.900449 1.065989 -2.446686
v 3.892993 1.067452 -2.450791
v 3.884516 1.069119 -2.455379
v 3.885612 1.069119 -2.775390
v 3.894121 1.067452 -2.779920
v 3.901605 1.065989 -2.783973
v 3.912641 1.063828 -2.787923
v 3.933002 1.059838 -2.791937
v 3.955515 1.055426 -2.795151
v 3.935375 0.986338 -2.435204
v 3.912269 0.988488 -2.438574
v 3.891375 0.990430 -2.442730
v 3.880063 0.991483 -2.446756
v 3.872402 0.992195 -2.450861
v 3.863688 0.993006 -2.455451
v 3.864785 0.993006 -2.775461
v 3.873530 0.992195 -2.779991
v 3.881219 0.991483 -2.784044
v 3.892558 0.990430 -2.787992
v 3.913480 0.988488 -2.792004
v 3.936609 0.986338 -2.795216
v 3.928981 0.912123 -2.435226
v 3.905699 0.912274 -2.438597
v 3.884650 0.912412 -2.442753
v 3.873254 0.912487 -2.446779
v 3.865535 0.912536 -2.450885
v 3.856758 0.912593 -2.455474
v 3.857854 0.912593 -2.775485
v 3.866663 0.912536 -2.780014
v 3.874411 0.912487 -2.784067
v 3.885833 0.912412 -2.788015
v 3.906910 0.912274 -2.792027
v 3.930215 0.912123 -2.795238
v 3.932043 0.861876 -2.435215
v 3.908864 0.860368 -2.438586
v 3.887907 0.859006 -2.442742
v 3.876558 0.858267 -2.446768
v 3.868876 0.857768 -2.450874
v 3.860137 0.857199 -2.455463
v 3.861234 0.857199 -2.775474
v 3.870004 0.857768 -2.780003
v 3.877715 0.858267 -2.784055
v 3.889090 0.859006 -2.788004
v 3.910076 0.860368 -2.792016
v 3.933277 0.861876 -2.795228
v 3.941162 0.813883 -2.435184
v 3.918280 0.810802 -2.438554
v 3.897594 0.808018 -2.442709
v 3.886393 0.806510 -2.446734
v 3.878810 0.805488 -2.450840
v 3.870183 0.804326 -2.455428
v 3.871279 0.804326 -2.775439
v 3.879939 0.805488 -2.779969
v 3.887550 0.806510 -2.784022
v 3.898778 0.808018 -2.787971
v 3.919492 0.810802 -2.791984
v 3.942396 0.813883 -2.795196
v 3.956222 0.768238 -2.435133
v 3.933876 0.763535 -2.438500
v 3.913674 0.759282 -2.442654
v 3.902734 0.756978 -2.446678
v 3.895329 0.755418 -2.450783
v 3.886903 0.753642 -2.455371
v 3.888000 0.753642 -2.775382
v 3.896457 0.755418 -2.779912
v 3.903890 0.756978 -2.783966
v 3.914857 0.759282 -2.787915
v 3.935088 0.763535 -2.791930
v 3.957456 0.768238 -2.795145
v 3.977108 0.725031 -2.435061
v 3.955553 0.718690 -2.438426
v 3.936067 0.712955 -2.442577
v 3.925518 0.709848 -2.446600
v 3.918375 0.707745 -2.450704
v 3.910249 0.705351 -2.455291
v 3.911346 0.705351 -2.775302
v 3.919503 0.707745 -2.779833
v 3.926675 0.709848 -2.783888
v 3.937251 0.712955 -2.787838
v 3.956765 0.718690 -2.791856
v 3.978342 0.725031 -2.795073
v 4.003710 0.684352 -2.434970
v 3.983208 0.676402 -2.438331
v 3.964674 0.669210 -2.442479
v 3.954639 0.665316 -2.446501
v 3.947845 0.662677 -2.450603
v 3.940117 0.659674 -2.455189
v 3.941214 0.659674 -2.775199
v 3.948973 0.662677 -2.779732
v 3.955796 0.665316 -2.783788
v 3.965858 0.669210 -2.787740
v 3.984420 0.676402 -2.791761
v 4.004944 0.684352 -2.794982
v 4.035914 0.646290 -2.434860
v 4.016714 0.636801 -2.438216
v 3.999354 0.628221 -2.442360
v 3.989958 0.623573 -2.446379
v 3.983597 0.620425 -2.450480
v 3.976360 0.616842 -2.455065
v 3.977457 0.616842 -2.775075
v 3.984725 0.620425 -2.779609
v 3.991114 0.623573 -2.783667
v 4.000537 0.628221 -2.787622
v 4.017925 0.636801 -2.791646
v 4.037148 0.646290 -2.794872
v 4.073609 0.610938 -2.434730
v 4.055925 0.600026 -2.438082
v 4.039937 0.590157 -2.442221
v 4.031285 0.584812 -2.446238
v 4.025426 0.581190 -2.450337
v 4.018762 0.577072 -2.454919
v 4.019858 0.577072 -2.774930
v 4.026555 0.581190 -2.779466
v 4.032441 0.584812 -2.783525
v 4.041121 0.590157 -2.787483
v 4.057136 0.600026 -2.791512
v 4.074843 0.610938 -2.794742
v 4.116680 0.578383 -2.434583
v 4.100684 0.566195 -2.437929
v 4.086223 0.555174 -2.442062
v 4.078396 0.549202 -2.446076
v 4.073098 0.545157 -2.450174
v 4.067069 0.540558 -2.454754
v 4.068166 0.540558 -2.774764
v 4.074226 0.545157 -2.779303
v 4.079552 0.549202 -2.783364
v 4.087407 0.555174 -2.787324
v 4.101895 0.566195 -2.791358
v 4.117914 0.578383 -2.794595
v 4.165012 0.548716 -2.434417
v 4.150824 0.535421 -2.437757
v 4.137993 0.523399 -2.441885
v 4.131052 0.516886 -2.445896
v 4.126351 0.512472 -2.449991
v 4.121005 0.507454 -2.454569
v 4.122102 0.507454 -2.774580
v 4.127479 0.512472 -2.779120
v 4.132207 0.516886 -2.783183
v 4.139177 0.523399 -2.787147
v 4.152035 0.535421 -2.791187
v 4.166246 0.548716 -2.794429
v 4.218501 0.522029 -2.434234
v 4.206176 0.507802 -2.437567
v 4.195033 0.494939 -2.441689
v 4.189005 0.487968 -2.445697
v 4.184923 0.483247 -2.449790
v 4.180283 0.477876 -2.454365
v 4.181380 0.477876 -2.774376
v 4.186051 0.483247 -2.778919
v 4.190161 0.487968 -2.782984
v 4.196217 0.494939 -2.786951
v 4.207387 0.507802 -2.790997
v 4.219735 0.522029 -2.794246
v 4.277023 0.498409 -2.434033
v 4.266575 0.483427 -2.437360
v 4.257135 0.469876 -2.441477
v 4.252023 0.462537 -2.445481
v 4.248566 0.457563 -2.449572
v 4.244634 0.451906 -2.454145
v 4.245730 0.451906 -2.774156
v 4.249694 0.457563 -2.778701
v 4.253179 0.462537 -2.782768
v 4.258318 0.469876 -2.786738
v 4.267787 0.483427 -2.790790
v 4.278257 0.498409 -2.794045
v 4.340475 0.477951 -2.433815
v 4.293911 0.474613 -2.437266
v 4.251807 0.471595 -2.441495
v 4.229005 0.469959 -2.445560
v 4.213561 0.468852 -2.449692
v 4.195993 0.467591 -2.454312
v 4.197090 0.467591 -2.774323
v 4.214689 0.468852 -2.778821
v 4.230161 0.469959 -2.782847
v 4.252990 0.471595 -2.786756
v 4.295122 0.474613 -2.790696
v 4.341709 0.477951 -2.793828
v 4.286250 0.450112 -2.434001
v 4.272112 0.463421 -2.437341
v 4.259331 0.475458 -2.441469
v 4.252415 0.481978 -2.445480
v 4.247733 0.486395 -2.449575
v 4.242406 0.491421 -2.454153
v 4.243503 0.491421 -2.774163
v 4.248861 0.486395 -2.778704
v 4.253571 0.481978 -2.782767
v 4.260515 0.475458 -2.786731
v 4.273323 0.463421 -2.790771
v 4.287484 0.450112 -2.794014
v 4.235160 0.419889 -2.434176
v 4.219834 0.432496 -2.437520
v 4.205976 0.443893 -2.441652
v 4.198476 0.450071 -2.445665
v 4.193398 0.454254 -2.449761
v 4.187624 0.459011 -2.454340
v 4.188721 0.459011 -2.774351
v 4.194526 0.454254 -2.778890
v 4.199632 0.450071 -2.782952
v 4.207160 0.443893 -2.786913
v 4.221045 0.432496 -2.790950
v 4.236394 0.419889 -2.794188
v 4.186728 0.387282 -2.434343
v 4.170360 0.399189 -2.437690
v 4.155564 0.409955 -2.441825
v 4.147553 0.415787 -2.445839
v 4.142130 0.419738 -2.449937
v 4.135962 0.424233 -2.454517
v 4.137059 0.424233 -2.774528
v 4.143259 0.419738 -2.779066
v 4.148709 0.415787 -2.783127
v 4.156747 0.409955 -2.787086
v 4.171571 0.399189 -2.791120
v 4.187962 0.387282 -2.794355
v 4.140475 0.352294 -2.434501
v 4.123227 0.363533 -2.437851
v 4.107636 0.373698 -2.441989
v 4.099195 0.379205 -2.446005
v 4.093479 0.382935 -2.450104
v 4.086980 0.387178 -2.454685
v 4.088077 0.387178 -2.774696
v 4.094607 0.382935 -2.779233
v 4.100351 0.379205 -2.783292
v 4.108820 0.373698 -2.787251
v 4.124438 0.363533 -2.791281
v 4.141709 0.352294 -2.794513
v 4.095927 0.314921 -2.434654
v 4.077957 0.325554 -2.438006
v 4.061711 0.335169 -2.442146
v 4.052915 0.340379 -2.446164
v 4.046962 0.343909 -2.450263
v 4.040189 0.347923 -2.454846
v 4.041286 0.347923 -2.774857
v 4.048090 0.343909 -2.779392
v 4.054071 0.340379 -2.783451
v 4.062895 0.335169 -2.787408
v 4.079168 0.325554 -2.791436
v 4.097161 0.314921 -2.794666
v 4.052609 0.275164 -2.434802
v 4.034062 0.285267 -2.438157
v 4.017291 0.294406 -2.442299
v 4.008212 0.299353 -2.446317
v 4.002067 0.302707 -2.450417
v 3.995075 0.306521 -2.455000
v 3.996171 0.306521 -2.775011
v 4.003195 0.302707 -2.779546
v 4.009367 0.299353 -2.783604
v 4.018475 0.294406 -2.787560
v 4.035273 0.285267 -2.791587
v 4.053843 0.275164 -2.794814
v 4.010041 0.233026 -2.434948
v 3.991046 0.242687 -2.438304
v 3.973871 0.251423 -2.442447
v 3.964574 0.256154 -2.446466
v 3.958280 0.259360 -2.450567
v 3.951121 0.263008 -2.455151
v 3.952218 0.263008 -2.775162
v 3.959408 0.259360 -2.779696
v 3.965731 0.256154 -2.783754
v 3.975054 0.251423 -2.787709
v 3.992258 0.242687 -2.791734
v 4.011275 0.233026 -2.794960
v 3.967751 0.188504 -2.435093
v 3.948420 0.197812 -2.438451
v 3.930944 0.206230 -2.442595
v 3.921484 0.210790 -2.446614
v 3.915078 0.213879 -2.450715
v 3.907792 0.217394 -2.455300
v 3.908888 0.217394 -2.775310
v 3.916207 0.213879 -2.779844
v 3.922640 0.210790 -2.783901
v 3.932128 0.206230 -2.787856
v 3.949632 0.197812 -2.791880
v 3.968985 0.188504 -2.795105
v 3.925257 0.141598 -2.435239
v 3.905691 0.150646 -2.438597
v 3.888001 0.158827 -2.442742
v 3.878424 0.163260 -2.446762
v 3.871941 0.166263 -2.450863
v 3.864563 0.169679 -2.455448
v 3.865659 0.169679 -2.775458
v 3.873069 0.166263 -2.779992
v 3.879580 0.163260 -2.784049
v 3.889185 0.158827 -2.788003
v 3.906902 0.150646 -2.792027
v 3.926491 0.141598 -2.795251
v 3.882090 0.092311 -2.435387
v 3.862367 0.101181 -2.438745
v 3.844539 0.109204 -2.442891
v 3.834887 0.113551 -2.446911
v 3.828354 0.116497 -2.451013
v 3.820920 0.119845 -2.455597
v 3.822017 0.119845 -2.775608
v 3.829482 0.116497 -2.780142
v 3.836043 0.113551 -2.784198
v 3.845722 0.109204 -2.788152
v 3.863579 0.101181 -2.792175
v 3.883324 0.092311 -2.795399
v 3.837766 0.040639 -2.435539
v 3.817964 0.049416 -2.438898
v 3.800063 0.057353 -2.443043
v 3.790370 0.061651 -2.447064
v 3.783809 0.064565 -2.451165
v 3.776344 0.067877 -2.455750
v 3.777441 0.067877 -2.775761
v 3.784937 0.064565 -2.780294
v 3.791526 0.061651 -2.784351
v 3.801247 0.057353 -2.788305
v 3.819175 0.049416 -2.792328
v 3.839000 0.040639 -2.795551
v 3.791816 -0.013417 -2.435696
v 3.772033 -0.004616 -2.439055
v 3.754149 0.003342 -2.443201
v 3.744464 0.007652 -2.447221
v 3.737909 0.010572 -2.451323
v 3.730452 0.013894 -2.455907
v 3.731549 0.013894 -2.775918
v 3.739037 0.010572 -2.780452
v 3.745620 0.007652 -2.784508
v 3.755332 0.003342 -2.788462
v 3.773245 -0.004616 -2.792485
v 3.793050 -0.013417 -2.795708
v 3.766460 -0.042764 -2.435783
v 3.746777 -0.033851 -2.439142
v 3.728979 -0.025792 -2.443287
v 3.719344 -0.021427 -2.447307
v 3.712819 -0.018468 -2.451409
v 3.705399 -0.015104 -2.455993
v 3.706496 -0.015104 -2.776004
v 3.713948 -0.018468 -2.780538
v 3.720500 -0.021427 -2.784595
v 3.730163 -0.025792 -2.788548
v 3.747988 -0.033851 -2.792572
v 3.767694 -0.042764 -2.795795
v 3.742384 -0.070109 -2.435866
v 3.722812 -0.061066 -2.439224
v 3.705117 -0.052890 -2.443369
v 3.695537 -0.048462 -2.447389
v 3.689051 -0.045462 -2.451490
v 3.681673 -0.042049 -2.456075
v 3.682770 -0.042049 -2.776085
v 3.690180 -0.045462 -2.780619
v 3.696694 -0.048462 -2.784676
v 3.706300 -0.052890 -2.788630
v 3.724024 -0.061066 -2.792654
v 3.743618 -0.070109 -2.795878
v 3.719061 -0.096042 -2.435946
v 3.699613 -0.086862 -2.439303
v 3.682029 -0.078561 -2.443448
v 3.672511 -0.074066 -2.447468
v 3.666066 -0.071019 -2.451569
v 3.658735 -0.067553 -2.456153
v 3.659832 -0.067553 -2.776164
v 3.667195 -0.071019 -2.780698
v 3.673667 -0.074066 -2.784755
v 3.683213 -0.078561 -2.788709
v 3.700825 -0.086862 -2.792733
v 3.720295 -0.096042 -2.795958
v 3.695962 -0.121164 -2.436025
v 3.676642 -0.111846 -2.439382
v 3.659178 -0.103418 -2.443526
v 3.649723 -0.098852 -2.447546
v 3.643321 -0.095759 -2.451647
v 3.636039 -0.092238 -2.456231
v 3.637136 -0.092238 -2.776242
v 3.644449 -0.095759 -2.780776
v 3.650880 -0.098852 -2.784833
v 3.660361 -0.103418 -2.788788
v 3.677854 -0.111846 -2.792812
v 3.697196 -0.121164 -2.796037
v 3.672561 -0.146071 -2.436105
v 3.653369 -0.136618 -2.439462
v 3.636015 -0.128069 -2.443606
v 3.626622 -0.123439 -2.447625
v 3.620261 -0.120301 -2.451726
v 3.613027 -0.116734 -2.456310
v 3.614124 -0.116734 -2.776321
v 3.621389 -0.120301 -2.780855
v 3.627778 -0.123439 -2.784912
v 3.637199 -0.128069 -2.788867
v 3.654581 -0.136618 -2.792892
v 3.673795 -0.146070 -2.796117
v 3.648335 -0.171356 -2.436188
v 3.629251 -0.161786 -2.439545
v 3.612000 -0.153134 -2.443688
v 3.602660 -0.148447 -2.447707
v 3.596338 -0.145270 -2.451808
v 3.589145 -0.141656 -2.456392
v 3.590242 -0.141656 -2.776402
v 3.597466 -0.145270 -2.780937
v 3.603816 -0.148447 -2.784994
v 3.613184 -0.153134 -2.788949
v 3.630463 -0.161786 -2.792974
v 3.649569 -0.171356 -2.796200
v 3.622754 -0.197617 -2.436276
v 3.603765 -0.187954 -2.439632
v 3.586594 -0.179213 -2.443775
v 3.577301 -0.174479 -2.447794
v 3.571009 -0.171273 -2.451895
v 3.563850 -0.167623 -2.456479
v 3.564947 -0.167623 -2.776489
v 3.572137 -0.171273 -2.781024
v 3.578457 -0.174479 -2.785081
v 3.587778 -0.179213 -2.789037
v 3.604976 -0.187954 -2.793062
v 3.623988 -0.197617 -2.796288
v 3.595293 -0.225449 -2.436370
v 3.576374 -0.215712 -2.439726
v 3.559267 -0.206909 -2.443869
v 3.550007 -0.202141 -2.447888
v 3.543737 -0.198912 -2.451988
v 3.536606 -0.195236 -2.456572
v 3.537703 -0.195236 -2.776583
v 3.544866 -0.198912 -2.781117
v 3.551163 -0.202141 -2.785175
v 3.560451 -0.206909 -2.789130
v 3.577585 -0.215712 -2.793156
v 3.596527 -0.225449 -2.796382
v 3.565425 -0.255445 -2.436472
v 3.546553 -0.245662 -2.439828
v 3.529491 -0.236818 -2.443971
v 3.520252 -0.232026 -2.447989
v 3.513997 -0.228779 -2.452090
v 3.506885 -0.225087 -2.456674
v 3.507982 -0.225087 -2.776685
v 3.515125 -0.228779 -2.781219
v 3.521409 -0.232026 -2.785277
v 3.530674 -0.236818 -2.789232
v 3.547764 -0.245662 -2.793258
v 3.566659 -0.255445 -2.796484
v 3.532628 -0.288203 -2.436585
v 3.513780 -0.278397 -2.439940
v 3.496741 -0.269526 -2.444083
v 3.487516 -0.264722 -2.448102
v 3.481272 -0.261467 -2.452202
v 3.474168 -0.257764 -2.456786
v 3.475265 -0.257764 -2.776797
v 3.482400 -0.261467 -2.781331
v 3.488673 -0.264722 -2.785389
v 3.497924 -0.269526 -2.789345
v 3.514992 -0.278397 -2.793370
v 3.533862 -0.288203 -2.796597
v 3.496368 -0.324323 -2.436709
v 3.477532 -0.314503 -2.440065
v 3.460500 -0.305625 -2.444207
v 3.451282 -0.300815 -2.448226
v 3.445040 -0.297557 -2.452327
v 3.437939 -0.293850 -2.456910
v 3.439036 -0.293850 -2.776921
v 3.446168 -0.297557 -2.781456
v 3.452438 -0.300818 -2.785513
v 3.461684 -0.305625 -2.789469
v 3.478743 -0.314503 -2.793494
v 3.497602 -0.324323 -2.796721
v 3.456124 -0.364394 -2.436847
v 3.410599 -0.381147 -2.440294
v 3.369439 -0.396299 -2.444519
v 3.347145 -0.404504 -2.448583
v 3.332049 -0.410065 -2.452714
v 3.314872 -0.416391 -2.457332
v 3.315969 -0.416390 -2.777343
v 3.333177 -0.410065 -2.781843
v 3.348301 -0.404504 -2.785870
v 3.370622 -0.396299 -2.789781
v 3.411810 -0.381147 -2.793724
v 3.457358 -0.364394 -2.796859
v 3.878447 -0.364394 -2.435399
v 3.891155 -0.381147 -2.438647
v 3.902653 -0.396299 -2.442692
v 3.908889 -0.404504 -2.446657
v 3.913118 -0.410065 -2.450722
v 3.917929 -0.416391 -2.455265
v 3.919026 -0.416390 -2.775275
v 3.914246 -0.410065 -2.779851
v 3.910046 -0.404504 -2.783945
v 3.903837 -0.396299 -2.787953
v 3.892367 -0.381147 -2.792077
v 3.879681 -0.364394 -2.795411
v 4.203310 -0.000418 -2.434286
v 4.222802 -0.009574 -2.437510
v 4.240431 -0.017855 -2.441534
v 4.249988 -0.022339 -2.445488
v 4.256468 -0.025379 -2.449545
v 4.263836 -0.028834 -2.454079
v 4.264933 -0.028834 -2.774090
v 4.257596 -0.025379 -2.778674
v 4.251143 -0.022339 -2.782776
v 4.241614 -0.017855 -2.786795
v 4.224013 -0.009574 -2.790940
v 4.204544 -0.000418 -2.794298
v 4.280963 0.084022 -2.434020
v 4.300156 0.074543 -2.437245
v 4.317515 0.065969 -2.441270
v 4.326928 0.061326 -2.445225
v 4.333308 0.058180 -2.449282
v 4.340565 0.054600 -2.453816
v 4.341662 0.054600 -2.773827
v 4.334436 0.058180 -2.778411
v 4.328084 0.061326 -2.782512
v 4.318698 0.065969 -2.786531
v 4.301367 0.074543 -2.790675
v 4.282197 0.084022 -2.794032
v 4.351972 0.156006 -2.433776
v 4.370665 0.146018 -2.437003
v 4.387571 0.136986 -2.441030
v 4.396737 0.132093 -2.444985
v 4.402954 0.128778 -2.449043
v 4.410022 0.125009 -2.453578
v 4.411119 0.125009 -2.773589
v 4.404082 0.128778 -2.778172
v 4.397893 0.132093 -2.782273
v 4.388755 0.136986 -2.786291
v 4.371876 0.146018 -2.790433
v 4.353206 0.156006 -2.793788
v 4.417065 0.216507 -2.433553
v 4.435088 0.205895 -2.436782
v 4.451386 0.196299 -2.440811
v 4.460225 0.191099 -2.444767
v 4.466216 0.187579 -2.448826
v 4.473029 0.183572 -2.453362
v 4.474126 0.183572 -2.773373
v 4.467344 0.187579 -2.777955
v 4.461380 0.191099 -2.782055
v 4.452570 0.196299 -2.786072
v 4.436299 0.205895 -2.790212
v 4.418299 0.216504 -2.793565
v 4.476970 0.266499 -2.433348
v 4.494082 0.255128 -2.436580
v 4.509562 0.244845 -2.440611
v 4.517953 0.239276 -2.444570
v 4.523642 0.235501 -2.448629
v 4.530113 0.231209 -2.453166
v 4.531210 0.231209 -2.773177
v 4.524770 0.235501 -2.777758
v 4.519109 0.239276 -2.781857
v 4.510746 0.244845 -2.785873
v 4.495294 0.255128 -2.790010
v 4.478204 0.266499 -2.793360
v 4.532413 0.306958 -2.433158
v 4.548296 0.294689 -2.436394
v 4.562662 0.283596 -2.440429
v 4.570450 0.277587 -2.444390
v 4.575734 0.273516 -2.448451
v 4.581742 0.268883 -2.452990
v 4.582839 0.268883 -2.773000
v 4.576862 0.273516 -2.777580
v 4.571606 0.277587 -2.781677
v 4.563845 0.283596 -2.785691
v 4.549507 0.294689 -2.789824
v 4.533647 0.306958 -2.793170
v 4.584122 0.338860 -2.432980
v 4.598363 0.325580 -2.436223
v 4.611244 0.313569 -2.440263
v 4.618230 0.307064 -2.444226
v 4.622967 0.302658 -2.448289
v 4.628356 0.297643 -2.452830
v 4.629452 0.297643 -2.772840
v 4.624095 0.302658 -2.777418
v 4.619386 0.307064 -2.781513
v 4.612428 0.313569 -2.785524
v 4.599575 0.325580 -2.789653
v 4.585356 0.338860 -2.792992
v 4.632821 0.363179 -2.432813
v 4.644947 0.348841 -2.436063
v 4.655917 0.335878 -2.440110
v 4.661865 0.328854 -2.444077
v 4.665899 0.324096 -2.448142
v 4.670487 0.318683 -2.452685
v 4.671584 0.318683 -2.772696
v 4.667027 0.324096 -2.777271
v 4.663021 0.328854 -2.781364
v 4.657101 0.335878 -2.785371
v 4.646158 0.348841 -2.789493
v 4.634055 0.363179 -2.792825
v 4.679240 0.380892 -2.432654
v 4.688809 0.365579 -2.435913
v 4.697464 0.351729 -2.439967
v 4.702162 0.344229 -2.443938
v 4.705346 0.339146 -2.448007
v 4.708969 0.333367 -2.452553
v 4.710065 0.333367 -2.772564
v 4.706474 0.339146 -2.777136
v 4.703318 0.344229 -2.781226
v 4.698647 0.351729 -2.785229
v 4.690020 0.365579 -2.789343
v 4.680474 0.380892 -2.792666
v 4.724108 0.392971 -2.432501
v 4.730866 0.376901 -2.435769
v 4.736983 0.362371 -2.439832
v 4.740304 0.354498 -2.443808
v 4.742556 0.349163 -2.447879
v 4.745121 0.343098 -2.452430
v 4.746217 0.343098 -2.772440
v 4.743684 0.349163 -2.777008
v 4.741460 0.354498 -2.781095
v 4.738166 0.362371 -2.785093
v 4.732078 0.376901 -2.789198
v 4.725342 0.392971 -2.792513
v 4.768145 0.400391 -2.432350
v 4.772182 0.383861 -2.435627
v 4.775836 0.368917 -2.439699
v 4.777822 0.360819 -2.443679
v 4.779173 0.355335 -2.447753
v 4.780708 0.349096 -2.452307
v 4.781805 0.349096 -2.772318
v 4.780302 0.355335 -2.776883
v 4.778977 0.360819 -2.780966
v 4.777020 0.368917 -2.784960
v 4.773393 0.383861 -2.789057
v 4.769379 0.400391 -2.792362
v 4.812082 0.404126 -2.432199
v 4.813834 0.387404 -2.435484
v 4.815420 0.372284 -2.439563
v 4.816286 0.364092 -2.443547
v 4.816877 0.358541 -2.447624
v 4.817551 0.352229 -2.452181
v 4.818647 0.352229 -2.772192
v 4.818005 0.358541 -2.776753
v 4.817441 0.364092 -2.780834
v 4.816603 0.372284 -2.784824
v 4.815045 0.387404 -2.788914
v 4.813316 0.404126 -2.792211
v 4.856646 0.405156 -2.432046
v 4.857030 0.388403 -2.435336
v 4.857382 0.373251 -2.439419
v 4.857577 0.365046 -2.443406
v 4.857716 0.359485 -2.447484
v 4.857872 0.353159 -2.452043
v 4.858969 0.353159 -2.772054
v 4.858844 0.359485 -2.776613
v 4.858733 0.365046 -2.780693
v 4.858566 0.373251 -2.784681
v 4.858241 0.388403 -2.788766
v 4.857880 0.405156 -2.792058
v 5.004640 0.405156 -2.431539
v 4.981389 0.388403 -2.434910
v 4.960370 0.373251 -2.439066
v 4.948988 0.365046 -2.443092
v 4.941280 0.359485 -2.447198
v 4.932516 0.353159 -2.451787
v 4.933613 0.353159 -2.771798
v 4.942409 0.359485 -2.776327
v 4.950144 0.365046 -2.780380
v 4.961553 0.373251 -2.784328
v 4.982600 0.388403 -2.788340
v 5.005874 0.405156 -2.791551
v 5.004640 -0.364394 -2.431539
v 4.981389 -0.381147 -2.434910
v 4.960370 -0.396299 -2.439066
v 4.948988 -0.404504 -2.443092
v 4.941280 -0.410065 -2.447198
v 4.932516 -0.416391 -2.451787
v 4.933613 -0.416390 -2.771798
v 4.942409 -0.410065 -2.776327
v 4.950144 -0.404504 -2.780380
v 4.961553 -0.396299 -2.784328
v 4.982600 -0.381147 -2.788340
v 5.005874 -0.364394 -2.791551
v 5.358380 -0.364394 -2.430326
v 5.381651 -0.381147 -2.433538
v 5.402700 -0.396299 -2.437550
v 5.414109 -0.404504 -2.441498
v 5.421843 -0.410065 -2.445551
v 5.430641 -0.416391 -2.450080
v 5.431737 -0.416390 -2.770091
v 5.422971 -0.410065 -2.774680
v 5.415265 -0.404504 -2.778785
v 5.403884 -0.396299 -2.782812
v 5.382862 -0.381147 -2.786968
v 5.359614 -0.364394 -2.790339
v 5.358380 1.408690 -2.430326
v 5.381651 1.425444 -2.433538
v 5.402700 1.440596 -2.437550
v 5.414109 1.448801 -2.441498
v 5.421843 1.454362 -2.445551
v 5.430641 1.460687 -2.450080
v 5.431737 1.460687 -2.770090
v 5.422971 1.454362 -2.774680
v 5.415265 1.448801 -2.778785
v 5.403884 1.440596 -2.782811
v 5.382862 1.425444 -2.786968
v 5.359614 1.408690 -2.790339
v 4.737530 1.408690 -2.432455
v 4.737017 1.425444 -2.435747
v 4.736558 1.440596 -2.439833
v 4.736314 1.448801 -2.443821
v 4.736156 1.454362 -2.447901
v 4.735974 1.460687 -2.452461
v 4.737071 1.460687 -2.772471
v 4.737284 1.454362 -2.777030
v 4.737470 1.448801 -2.781108
v 4.737742 1.440596 -2.785095
v 4.738228 1.425444 -2.789177
v 4.738764 1.408690 -2.792467
v 4.777235 0.633941 -2.432318
v 4.777761 0.650694 -2.435608
v 4.778241 0.665846 -2.439690
v 4.778507 0.674051 -2.443676
v 4.778693 0.679612 -2.447755
v 4.778903 0.685938 -2.452314
v 4.780000 0.685938 -2.772324
v 4.779821 0.679612 -2.776884
v 4.779663 0.674051 -2.780964
v 4.779424 0.665846 -2.784952
v 4.778972 0.650694 -2.789038
v 4.778469 0.633941 -2.792331
v 4.688031 0.636788 -2.432624
v 4.690239 0.653489 -2.435908
v 4.692241 0.668592 -2.439985
v 4.693332 0.676771 -2.443969
v 4.694076 0.682314 -2.448045
v 4.694919 0.688618 -2.452601
v 4.696016 0.688618 -2.772612
v 4.695204 0.682314 -2.777174
v 4.694488 0.676771 -2.781256
v 4.693424 0.668592 -2.785247
v 4.691450 0.653489 -2.789338
v 4.689265 0.636788 -2.792636
v 4.609556 0.645027 -2.432893
v 4.614268 0.661463 -2.436168
v 4.618530 0.676329 -2.440238
v 4.620848 0.684380 -2.444217
v 4.622423 0.689835 -2.448291
v 4.624213 0.696041 -2.452844
v 4.625309 0.696041 -2.772855
v 4.623551 0.689835 -2.777420
v 4.622004 0.684380 -2.781504
v 4.619714 0.676329 -2.785499
v 4.615479 0.661463 -2.789598
v 4.610790 0.645027 -2.792905
v 4.541256 0.658192 -2.433127
v 4.548788 0.674088 -2.436393
v 4.555601 0.688459 -2.440454
v 4.559299 0.696246 -2.444428
v 4.561809 0.701521 -2.448498
v 4.564662 0.707521 -2.453048
v 4.565759 0.707521 -2.773059
v 4.562937 0.701521 -2.777627
v 4.560455 0.696246 -2.781715
v 4.556784 0.688459 -2.785715
v 4.549999 0.674088 -2.789823
v 4.542490 0.658192 -2.793139
v 4.482584 0.675827 -2.433328
v 4.493161 0.690807 -2.436583
v 4.502726 0.704352 -2.440635
v 4.507915 0.711689 -2.444604
v 4.511436 0.716660 -2.448671
v 4.515439 0.722315 -2.453217
v 4.516536 0.722315 -2.773227
v 4.512564 0.716660 -2.777800
v 4.509071 0.711689 -2.781891
v 4.503910 0.704352 -2.785896
v 4.494372 0.690807 -2.790013
v 4.483819 0.675827 -2.793340
v 4.432986 0.697470 -2.433498
v 4.446652 0.711101 -2.436743
v 4.459014 0.723427 -2.440784
v 4.465716 0.730104 -2.444749
v 4.470262 0.734627 -2.448812
v 4.475431 0.739772 -2.453354
v 4.476528 0.739772 -2.773365
v 4.471390 0.734627 -2.777941
v 4.466872 0.730104 -2.782036
v 4.460197 0.723427 -2.786046
v 4.447864 0.711101 -2.790173
v 4.434220 0.697470 -2.793510
v 4.391911 0.722660 -2.433639
v 4.408465 0.734518 -2.436874
v 4.423440 0.745242 -2.440907
v 4.431556 0.751050 -2.444866
v 4.437062 0.754987 -2.448926
v 4.443322 0.759463 -2.453464
v 4.444419 0.759463 -2.773475
v 4.438190 0.754987 -2.778055
v 4.432712 0.751050 -2.782153
v 4.424623 0.745242 -2.786168
v 4.409677 0.734518 -2.790303
v 4.393145 0.722660 -2.793651
v 4.358806 0.750939 -2.433753
v 4.377812 0.760704 -2.436979
v 4.395002 0.769535 -2.441004
v 4.404317 0.774319 -2.444959
v 4.410637 0.777561 -2.449017
v 4.417822 0.781247 -2.453551
v 4.418919 0.781247 -2.773562
v 4.411765 0.777561 -2.778146
v 4.405473 0.774319 -2.782247
v 4.396185 0.769535 -2.786266
v 4.379023 0.760704 -2.790409
v 4.360040 0.750939 -2.793765
v 4.333122 0.781843 -2.433841
v 4.353991 0.789364 -2.437060
v 4.372867 0.796165 -2.441080
v 4.383098 0.799849 -2.445032
v 4.390034 0.802348 -2.449087
v 4.397927 0.805187 -2.453619
v 4.399024 0.805187 -2.773630
v 4.391162 0.802348 -2.778216
v 4.384254 0.799849 -2.782319
v 4.374050 0.796165 -2.786341
v 4.355202 0.789364 -2.790490
v 4.334356 0.781843 -2.793853
v 4.314305 0.814913 -2.433905
v 4.336438 0.820214 -2.437120
v 4.356457 0.825008 -2.441136
v 4.367308 0.827602 -2.445086
v 4.374666 0.829363 -2.449140
v 4.383034 0.831364 -2.453671
v 4.384130 0.831364 -2.773681
v 4.375794 0.829363 -2.778269
v 4.368464 0.827602 -2.782373
v 4.357641 0.825008 -2.786398
v 4.337649 0.820214 -2.790550
v 4.315539 0.814913 -2.793917
v 4.301805 0.849691 -2.433948
v 4.324684 0.852920 -2.437161
v 4.345376 0.855839 -2.441174
v 4.356590 0.857420 -2.445123
v 4.364195 0.858494 -2.449176
v 4.372843 0.859713 -2.453706
v 4.373940 0.859713 -2.773716
v 4.365324 0.858494 -2.778305
v 4.357746 0.857420 -2.782410
v 4.346559 0.855839 -2.786436
v 4.325895 0.852920 -2.790591
v 4.303039 0.849691 -2.793960
v 4.295072 0.885714 -2.433971
v 4.318295 0.887084 -2.437183
v 4.339303 0.888324 -2.441195
v 4.350687 0.888995 -2.445143
v 4.358406 0.889450 -2.449196
v 4.367188 0.889967 -2.453725
v 4.368284 0.889967 -2.773736
v 4.359534 0.889450 -2.778325
v 4.351843 0.888995 -2.782430
v 4.340487 0.888324 -2.786456
v 4.319506 0.887084 -2.790612
v 4.296306 0.885714 -2.793983
v 4.293550 0.922522 -2.433976
v 4.316846 0.922213 -2.437188
v 4.337914 0.921932 -2.441200
v 4.349335 0.921781 -2.445148
v 4.357076 0.921680 -2.449200
v 4.365882 0.921563 -2.453729
v 4.366979 0.921563 -2.773740
v 4.358204 0.921680 -2.778329
v 4.350491 0.921781 -2.782435
v 4.339098 0.921932 -2.786461
v 4.318057 0.922213 -2.790617
v 4.294784 0.922522 -2.793988
v 4.297276 0.962744 -2.433964
v 4.320408 0.960664 -2.437176
v 4.341327 0.958785 -2.441188
v 4.352667 0.957766 -2.445136
v 4.360355 0.957077 -2.449189
v 4.369098 0.956291 -2.453718
v 4.370194 0.956291 -2.773729
v 4.361483 0.957077 -2.778318
v 4.353823 0.957766 -2.782423
v 4.342511 0.958785 -2.786449
v 4.321620 0.960664 -2.790605
v 4.298510 0.962744 -2.793976
v 4.306816 1.000132 -2.433931
v 4.329424 0.995999 -2.437145
v 4.349871 0.992260 -2.441159
v 4.360955 0.990237 -2.445108
v 4.368468 0.988865 -2.449161
v 4.377014 0.987305 -2.453691
v 4.378111 0.987305 -2.773702
v 4.369596 0.988865 -2.778290
v 4.362111 0.990237 -2.782395
v 4.351054 0.992260 -2.786420
v 4.330635 0.995999 -2.790574
v 4.308050 1.000132 -2.793943
v 4.322426 1.034559 -2.433877
v 4.344001 1.028153 -2.437094
v 4.363518 1.022358 -2.441112
v 4.374094 1.019220 -2.445063
v 4.381266 1.017094 -2.449117
v 4.389422 1.014676 -2.453649
v 4.390519 1.014676 -2.773659
v 4.382394 1.017094 -2.778246
v 4.375250 1.019220 -2.782350
v 4.364701 1.022358 -2.786373
v 4.345212 1.028153 -2.790524
v 4.323660 1.034559 -2.793890
v 4.344351 1.065898 -2.433802
v 4.364276 1.057134 -2.437025
v 4.382299 1.049207 -2.441047
v 4.392070 1.044912 -2.445001
v 4.398692 1.042003 -2.449058
v 4.406227 1.038693 -2.453591
v 4.407323 1.038693 -2.773602
v 4.399820 1.042003 -2.778187
v 4.393226 1.044912 -2.782289
v 4.383482 1.049207 -2.786309
v 4.365487 1.057134 -2.790455
v 4.345585 1.065898 -2.793814
v 4.372844 1.094023 -2.433705
v 4.390492 1.083010 -2.436935
v 4.406453 1.073050 -2.440965
v 4.415107 1.067655 -2.444922
v 4.420974 1.064000 -2.448981
v 4.427648 1.059840 -2.453518
v 4.428745 1.059840 -2.773528
v 4.422102 1.064000 -2.778110
v 4.416263 1.067655 -2.782209
v 4.407636 1.073050 -2.786226
v 4.391704 1.083010 -2.790365
v 4.374078 1.094023 -2.793717
v 4.408154 1.118809 -2.433583
v 4.423040 1.105857 -2.436824
v 4.436507 1.094145 -2.440862
v 4.443806 1.087799 -2.444824
v 4.448757 1.083501 -2.448886
v 4.454390 1.078611 -2.453426
v 4.455486 1.078611 -2.773437
v 4.449885 1.083501 -2.778015
v 4.444962 1.087799 -2.782111
v 4.437690 1.094145 -2.786123
v 4.424251 1.105857 -2.790253
v 4.409388 1.118809 -2.793596
v 4.450534 1.140128 -2.433438
v 4.462432 1.125673 -2.436689
v 4.473197 1.112601 -2.440736
v 4.479033 1.105519 -2.444703
v 4.482992 1.100723 -2.448769
v 4.487495 1.095265 -2.453312
v 4.488592 1.095265 -2.773323
v 4.484120 1.100723 -2.777898
v 4.480189 1.105519 -2.781990
v 4.474380 1.112601 -2.785997
v 4.463643 1.125673 -2.790118
v 4.451768 1.140128 -2.793450
v 4.500232 1.157856 -2.433268
v 4.509184 1.142348 -2.436528
v 4.517281 1.128325 -2.440585
v 4.521676 1.120731 -2.444557
v 4.524655 1.115583 -2.448626
v 4.528048 1.109728 -2.453173
v 4.529144 1.109728 -2.773184
v 4.525784 1.115583 -2.777755
v 4.522832 1.120731 -2.781844
v 4.518465 1.128325 -2.785846
v 4.510396 1.142348 -2.789958
v 4.501466 1.157856 -2.793280
v 4.557500 1.171862 -2.433072
v 4.563736 1.155691 -2.436341
v 4.569379 1.141067 -2.440406
v 4.572441 1.133145 -2.444383
v 4.574518 1.127779 -2.448455
v 4.576885 1.121675 -2.453006
v 4.577982 1.121675 -2.773017
v 4.575646 1.127779 -2.777584
v 4.573597 1.133145 -2.781670
v 4.570562 1.141067 -2.785668
v 4.564948 1.155691 -2.789771
v 4.558734 1.171862 -2.793084
v 4.622589 1.182024 -2.432848
v 4.626432 1.165479 -2.436126
v 4.629909 1.150517 -2.440199
v 4.631796 1.142413 -2.444180
v 4.633082 1.136923 -2.448254
v 4.634544 1.130675 -2.452808
v 4.635641 1.130675 -2.772819
v 4.634210 1.136923 -2.777383
v 4.632952 1.142413 -2.781467
v 4.631092 1.150517 -2.785460
v 4.627644 1.165479 -2.789556
v 4.623823 1.182024 -2.792861
v 4.695753 1.188215 -2.432598
v 4.697536 1.171495 -2.435883
v 4.699154 1.156377 -2.439961
v 4.700037 1.148185 -2.443945
v 4.700640 1.142637 -2.448023
v 4.701324 1.136325 -2.452579
v 4.702421 1.136325 -2.772590
v 4.701768 1.142637 -2.777152
v 4.701193 1.148185 -2.781233
v 4.700338 1.156377 -2.785223
v 4.698747 1.171495 -2.789313
v 4.696987 1.188215 -2.792610
v 4.777235 1.190305 -2.432318
v 4.777660 1.173552 -2.435608
v 4.778049 1.158402 -2.439691
v 4.778265 1.150195 -2.443677
v 4.778418 1.144634 -2.447756
v 4.778589 1.138308 -2.452315
v 4.779686 1.138308 -2.772325
v 4.779546 1.144634 -2.776885
v 4.779421 1.150195 -2.780965
v 4.779233 1.158402 -2.784953
v 4.778872 1.173552 -2.789038
v 4.778469 1.190305 -2.792331
v 5.004640 1.190305 -2.431539
v 4.981389 1.173552 -2.434910
v 4.960370 1.158402 -2.439066
v 4.948988 1.150195 -2.443092
v 4.941280 1.144634 -2.447198
v 4.932516 1.138308 -2.451787
v 4.933613 1.138308 -2.771798
v 4.942409 1.144634 -2.776327
v 4.950144 1.150195 -2.780380
v 4.961553 1.158402 -2.784328
v 4.982600 1.173552 -2.788340
v 5.005874 1.190305 -2.791551
v 5.004640 0.633941 -2.431539
v 4.981389 0.650694 -2.434910
v 4.960370 0.665846 -2.439066
v 4.948988 0.674051 -2.443092
v 4.941280 0.679612 -2.447198
v 4.932516 0.685938 -2.451787
v 4.933613 0.685938 -2.771798
v 4.942409 0.679612 -2.776327
v 4.950144 0.674051 -2.780380
v 4.961553 0.665846 -2.784328
v 4.982600 0.650694 -2.788340
v 5.005874 0.633941 -2.791551
v 1.923543 -0.272373 -2.442100
v 1.911379 -0.286654 -2.445433
v 1.900384 -0.299567 -2.449555
v 1.894433 -0.306561 -2.453562
v 1.890408 -0.311300 -2.457655
v 1.885828 -0.316692 -2.462230
v 1.886925 -0.316692 -2.782241
v 1.891536 -0.311300 -2.786784
v 1.895590 -0.306561 -2.790850
v 1.901567 -0.299567 -2.794816
v 1.912591 -0.286654 -2.798863
v 1.924778 -0.272373 -2.802112
v 1.971612 -0.292706 -2.441935
v 1.960295 -0.307343 -2.445265
v 1.950066 -0.320579 -2.449384
v 1.944529 -0.327749 -2.453391
v 1.940784 -0.332608 -2.457483
v 1.936523 -0.338136 -2.462056
v 1.937620 -0.338136 -2.782067
v 1.941912 -0.332608 -2.786612
v 1.945685 -0.327749 -2.790678
v 1.951249 -0.320579 -2.794646
v 1.961506 -0.307343 -2.798695
v 1.972846 -0.292706 -2.801947
v 2.019731 -0.311017 -2.441770
v 2.009391 -0.326026 -2.445097
v 2.000042 -0.339597 -2.449213
v 1.994983 -0.346949 -2.453218
v 1.991562 -0.351930 -2.457309
v 1.987668 -0.357598 -2.461881
v 1.988765 -0.357598 -2.781892
v 1.992690 -0.351930 -2.786438
v 1.996139 -0.346949 -2.790505
v 2.001225 -0.339597 -2.794475
v 2.010602 -0.326026 -2.798527
v 2.020965 -0.311017 -2.801782
v 2.068302 -0.327323 -2.441604
v 2.059053 -0.342698 -2.444927
v 2.050693 -0.356602 -2.449039
v 2.046170 -0.364134 -2.453042
v 2.043110 -0.369235 -2.457132
v 2.039630 -0.375040 -2.461703
v 2.040727 -0.375040 -2.781714
v 2.044238 -0.369235 -2.786261
v 2.047326 -0.364134 -2.790329
v 2.051877 -0.356602 -2.794301
v 2.060265 -0.342698 -2.798357
v 2.069536 -0.327323 -2.801616
v 2.117726 -0.341643 -2.441434
v 2.109660 -0.357361 -2.444753
v 2.102371 -0.371575 -2.448862
v 2.098431 -0.379275 -2.452863
v 2.095766 -0.384493 -2.456951
v 2.092733 -0.390426 -2.461521
v 2.093829 -0.390426 -2.781532
v 2.096894 -0.384493 -2.786080
v 2.099587 -0.379275 -2.790150
v 2.103555 -0.371575 -2.794124
v 2.110871 -0.357361 -2.798183
v 2.118960 -0.341643 -2.801446
v 2.168402 -0.353995 -2.441261
v 2.161585 -0.370017 -2.444575
v 2.155424 -0.384506 -2.448681
v 2.152092 -0.392355 -2.452679
v 2.149840 -0.397674 -2.456766
v 2.147279 -0.403722 -2.461334
v 2.148376 -0.403722 -2.781345
v 2.150968 -0.397674 -2.785895
v 2.153248 -0.392355 -2.789967
v 2.156607 -0.384506 -2.793942
v 2.162797 -0.370017 -2.798005
v 2.169636 -0.353995 -2.801273
v 2.220732 -0.364397 -2.441081
v 2.215188 -0.380671 -2.444391
v 2.210176 -0.395389 -2.448493
v 2.207469 -0.403363 -2.452489
v 2.205636 -0.408765 -2.456575
v 2.203556 -0.414909 -2.461141
v 2.204652 -0.414909 -2.781152
v 2.206764 -0.408765 -2.785704
v 2.208625 -0.403363 -2.789777
v 2.211360 -0.395389 -2.793755
v 2.216399 -0.380671 -2.797821
v 2.221967 -0.364396 -2.801093
v 2.275118 -0.372867 -2.440895
v 2.270828 -0.389339 -2.444201
v 2.266955 -0.404234 -2.448298
v 2.264861 -0.412301 -2.452293
v 2.263448 -0.417768 -2.456377
v 2.261839 -0.423987 -2.460941
v 2.262936 -0.423987 -2.780952
v 2.264576 -0.417768 -2.785506
v 2.266017 -0.412301 -2.789580
v 2.268138 -0.404234 -2.793560
v 2.272040 -0.389339 -2.797631
v 2.276352 -0.372867 -2.800907
v 2.331960 -0.379424 -2.440700
v 2.328879 -0.396034 -2.444002
v 2.326094 -0.411056 -2.448096
v 2.324591 -0.419191 -2.452088
v 2.323578 -0.424705 -2.456171
v 2.322425 -0.430976 -2.460734
v 2.323522 -0.430976 -2.780745
v 2.324706 -0.424705 -2.785300
v 2.325748 -0.419190 -2.789375
v 2.327277 -0.411056 -2.793357
v 2.330090 -0.396034 -2.797432
v 2.333194 -0.379423 -2.800712
v 2.391660 -0.384085 -2.440495
v 2.389706 -0.400784 -2.443793
v 2.387940 -0.415884 -2.447884
v 2.386990 -0.424063 -2.451874
v 2.386352 -0.429605 -2.455955
v 2.385626 -0.435910 -2.460517
v 2.386723 -0.435910 -2.780528
v 2.387480 -0.429605 -2.785084
v 2.388147 -0.424063 -2.789161
v 2.389124 -0.415884 -2.793145
v 2.390918 -0.400784 -2.797223
v 2.392895 -0.384085 -2.800508
v 2.454620 -0.386869 -2.440280
v 2.453696 -0.403612 -2.443574
v 2.452860 -0.418754 -2.447661
v 2.452415 -0.426956 -2.451650
v 2.452119 -0.432512 -2.455730
v 2.451782 -0.438835 -2.460290
v 2.452878 -0.438835 -2.780301
v 2.453247 -0.432512 -2.784859
v 2.453572 -0.426956 -2.788937
v 2.454044 -0.418754 -2.792922
v 2.454907 -0.403612 -2.797004
v 2.455854 -0.386869 -2.800292
v 2.521239 -0.387792 -2.440051
v 2.521831 -0.404556 -2.443341
v 2.522370 -0.419718 -2.447423
v 2.522669 -0.427931 -2.451409
v 2.522875 -0.433495 -2.455487
v 2.523110 -0.439823 -2.460046
v 2.524207 -0.439823 -2.780056
v 2.524003 -0.433495 -2.784616
v 2.523826 -0.427931 -2.788696
v 2.523553 -0.419718 -2.792684
v 2.523042 -0.404556 -2.796770
v 2.522473 -0.387792 -2.800063
v 2.642880 -0.381722 -2.439634
v 2.646184 -0.398353 -2.442914
v 2.649178 -0.413390 -2.446988
v 2.650804 -0.421536 -2.450970
v 2.651910 -0.427055 -2.455045
v 2.653169 -0.433334 -2.459600
v 2.654266 -0.433334 -2.779611
v 2.653038 -0.427055 -2.784174
v 2.651961 -0.421536 -2.788257
v 2.650361 -0.413390 -2.792250
v 2.647396 -0.398353 -2.796344
v 2.644114 -0.381722 -2.799646
v 2.754994 -0.364152 -2.439250
v 2.761658 -0.380255 -2.442518
v 2.767689 -0.394817 -2.446582
v 2.770959 -0.402708 -2.450558
v 2.773184 -0.408050 -2.454629
v 2.775709 -0.414131 -2.459180
v 2.776806 -0.414131 -2.779191
v 2.774312 -0.408050 -2.783758
v 2.772116 -0.402708 -2.787845
v 2.768872 -0.394817 -2.791843
v 2.762869 -0.380255 -2.795948
v 2.756228 -0.364152 -2.799262
v 2.857381 -0.336040 -2.438899
v 2.867322 -0.351244 -2.442156
v 2.876315 -0.364992 -2.446210
v 2.881193 -0.372440 -2.450180
v 2.884501 -0.377484 -2.454248
v 2.888268 -0.383224 -2.458794
v 2.889364 -0.383224 -2.778805
v 2.885629 -0.377484 -2.783377
v 2.882350 -0.372440 -2.787467
v 2.877499 -0.364992 -2.791471
v 2.868534 -0.351244 -2.795586
v 2.858615 -0.336040 -2.798911
v 2.949845 -0.298340 -2.438582
v 2.962818 -0.312306 -2.441829
v 2.974552 -0.324936 -2.445873
v 2.980913 -0.331779 -2.449838
v 2.985231 -0.336415 -2.453903
v 2.990139 -0.341687 -2.458445
v 2.991235 -0.341687 -2.778456
v 2.986359 -0.336414 -2.783032
v 2.982069 -0.331779 -2.787126
v 2.975735 -0.324936 -2.791134
v 2.964029 -0.312306 -2.795259
v 2.951079 -0.298340 -2.798594
v 3.032180 -0.252008 -2.438300
v 3.047818 -0.264475 -2.441538
v 3.061965 -0.275747 -2.445573
v 3.069634 -0.281854 -2.449534
v 3.074835 -0.285993 -2.453595
v 3.080751 -0.290699 -2.458134
v 3.081847 -0.290699 -2.778145
v 3.075963 -0.285993 -2.782725
v 3.070790 -0.281854 -2.786821
v 3.063148 -0.275747 -2.790835
v 3.049030 -0.264475 -2.794967
v 3.033414 -0.252008 -2.798312
v 3.104188 -0.198005 -2.438053
v 3.122067 -0.208791 -2.441283
v 3.138236 -0.218546 -2.445312
v 3.147001 -0.223831 -2.449269
v 3.152946 -0.227411 -2.453328
v 3.159709 -0.231485 -2.457864
v 3.160806 -0.231485 -2.777874
v 3.154074 -0.227411 -2.782457
v 3.148158 -0.223831 -2.786556
v 3.139419 -0.218546 -2.790573
v 3.123279 -0.208791 -2.794713
v 3.105422 -0.198005 -2.798065
v 3.165668 -0.137286 -2.437842
v 3.185347 -0.146294 -2.441066
v 3.203147 -0.154439 -2.445089
v 3.212796 -0.158854 -2.449043
v 3.219338 -0.161844 -2.453100
v 3.226778 -0.165244 -2.457634
v 3.227875 -0.165244 -2.777645
v 3.220466 -0.161844 -2.782229
v 3.213952 -0.158854 -2.786331
v 3.204331 -0.154439 -2.790351
v 3.186558 -0.146294 -2.794496
v 3.166903 -0.137286 -2.797854
v 3.216419 -0.070805 -2.437668
v 3.237488 -0.077994 -2.440887
v 3.256544 -0.084496 -2.444906
v 3.266873 -0.088016 -2.448858
v 3.273876 -0.090403 -2.452913
v 3.281841 -0.093117 -2.457445
v 3.282938 -0.093117 -2.777456
v 3.275004 -0.090403 -2.782042
v 3.268029 -0.088016 -2.786145
v 3.257728 -0.084496 -2.790168
v 3.238700 -0.077994 -2.794317
v 3.217653 -0.070805 -2.797681
v 3.256241 0.000477 -2.437532
v 3.278329 -0.004889 -2.440747
v 3.298305 -0.009743 -2.444763
v 3.309133 -0.012372 -2.448713
v 3.316475 -0.014152 -2.452767
v 3.324823 -0.016178 -2.457298
v 3.325920 -0.016178 -2.777308
v 3.317603 -0.014152 -2.781896
v 3.310290 -0.012372 -2.786000
v 3.299488 -0.009743 -2.790025
v 3.279541 -0.004889 -2.794177
v 3.257475 0.000477 -2.797544
v 3.284935 0.075604 -2.437433
v 3.307711 0.072045 -2.440647
v 3.328314 0.068826 -2.444660
v 3.339479 0.067084 -2.448609
v 3.347048 0.065904 -2.452662
v 3.355660 0.064560 -2.457192
v 3.356757 0.064560 -2.777203
v 3.348176 0.065904 -2.781791
v 3.340635 0.067084 -2.785897
v 3.329498 0.068826 -2.789922
v 3.308923 0.072045 -2.794076
v 3.286169 0.075604 -2.797446
v 3.302297 0.153620 -2.437374
v 3.325473 0.151849 -2.440586
v 3.346434 0.150248 -2.444598
v 3.357793 0.149379 -2.448546
v 3.365496 0.148792 -2.452599
v 3.374258 0.148124 -2.457128
v 3.375355 0.148124 -2.777139
v 3.366624 0.148792 -2.781728
v 3.358949 0.149379 -2.785834
v 3.347618 0.150248 -2.789860
v 3.326685 0.151849 -2.794016
v 3.303531 0.153620 -2.797386
v 3.308131 0.233567 -2.437354
v 3.331435 0.233575 -2.440565
v 3.352512 0.233580 -2.444577
v 3.363938 0.233583 -2.448525
v 3.371682 0.233585 -2.452578
v 3.380491 0.233588 -2.457107
v 3.381588 0.233588 -2.777118
v 3.372810 0.233585 -2.781707
v 3.365094 0.233583 -2.785813
v 3.353696 0.233580 -2.789839
v 3.332647 0.233575 -2.793995
v 3.309365 0.233567 -2.797366
v 3.301764 0.319507 -2.437376
v 3.324932 0.321337 -2.440588
v 3.345887 0.322991 -2.444600
v 3.357246 0.323888 -2.448548
v 3.364946 0.324496 -2.452601
v 3.373705 0.325188 -2.457130
v 3.374802 0.325188 -2.777141
v 3.366074 0.324496 -2.781730
v 3.358402 0.323888 -2.785836
v 3.347071 0.322991 -2.789862
v 3.326144 0.321337 -2.794018
v 3.302998 0.319507 -2.797388
v 3.283063 0.400245 -2.437440
v 3.305790 0.403983 -2.440653
v 3.326348 0.407363 -2.444667
v 3.337488 0.409196 -2.448616
v 3.345043 0.410436 -2.452669
v 3.353636 0.411848 -2.457199
v 3.354733 0.411848 -2.777210
v 3.346171 0.410436 -2.781798
v 3.338644 0.409196 -2.785903
v 3.327532 0.407363 -2.789928
v 3.307002 0.403983 -2.794083
v 3.284297 0.400245 -2.797452
v 3.252632 0.475351 -2.437544
v 3.274564 0.481053 -2.440760
v 3.294404 0.486208 -2.444777
v 3.305154 0.489000 -2.448727
v 3.312443 0.490893 -2.452781
v 3.320736 0.493046 -2.457312
v 3.321832 0.493046 -2.777323
v 3.313571 0.490893 -2.781910
v 3.306311 0.489000 -2.786014
v 3.295587 0.486208 -2.790038
v 3.275776 0.481053 -2.794190
v 3.253866 0.475351 -2.797556
v 3.211072 0.544393 -2.437687
v 3.231816 0.552067 -2.440907
v 3.250580 0.559006 -2.444927
v 3.260751 0.562765 -2.448879
v 3.267645 0.565313 -2.452935
v 3.275488 0.568210 -2.457467
v 3.276585 0.568210 -2.777478
v 3.268773 0.565313 -2.782063
v 3.261907 0.562765 -2.786166
v 3.251764 0.559006 -2.790188
v 3.233027 0.552067 -2.794337
v 3.212306 0.544393 -2.797699
v 3.158985 0.606931 -2.437865
v 3.178124 0.616533 -2.441091
v 3.195437 0.625213 -2.445116
v 3.204821 0.629914 -2.449071
v 3.211185 0.633101 -2.453128
v 3.218423 0.636725 -2.457662
v 3.219520 0.636725 -2.777673
v 3.212314 0.633101 -2.782257
v 3.205978 0.629914 -2.786358
v 3.196620 0.625213 -2.790377
v 3.179336 0.616533 -2.794521
v 3.160219 0.606931 -2.797877
v 3.096969 0.662539 -2.438078
v 3.114093 0.673947 -2.441310
v 3.129581 0.684266 -2.445341
v 3.137977 0.689853 -2.449300
v 3.143670 0.693641 -2.453359
v 3.150146 0.697949 -2.457896
v 3.151243 0.697949 -2.777907
v 3.144798 0.693641 -2.782489
v 3.139134 0.689853 -2.786587
v 3.130765 0.684266 -2.790603
v 3.115304 0.673947 -2.794740
v 3.098203 0.662539 -2.798090
v 3.025630 0.710782 -2.438322
v 3.040354 0.723812 -2.441563
v 3.053671 0.735597 -2.445601
v 3.060893 0.741980 -2.449564
v 3.065791 0.746303 -2.453626
v 3.071360 0.751225 -2.458167
v 3.072457 0.751225 -2.778177
v 3.066919 0.746303 -2.782755
v 3.062049 0.741980 -2.786851
v 3.054855 0.735597 -2.790863
v 3.041566 0.723812 -2.794993
v 3.026864 0.710782 -2.798334
v 2.945566 0.751222 -2.438597
v 2.957575 0.765625 -2.441847
v 2.968441 0.778648 -2.445894
v 2.974332 0.785704 -2.449861
v 2.978328 0.790485 -2.453926
v 2.982875 0.795921 -2.458470
v 2.983972 0.795921 -2.778481
v 2.979456 0.790485 -2.783055
v 2.975489 0.785704 -2.787148
v 2.969624 0.778648 -2.791155
v 2.958787 0.765625 -2.795277
v 2.946800 0.751222 -2.798609
v 2.857381 0.783431 -2.438899
v 2.866458 0.798906 -2.442159
v 2.874666 0.812898 -2.446215
v 2.879119 0.820479 -2.450187
v 2.882143 0.825616 -2.454256
v 2.885580 0.831458 -2.458803
v 2.886677 0.831458 -2.778814
v 2.883271 0.825616 -2.783385
v 2.880276 0.820479 -2.787474
v 2.875849 0.812898 -2.791477
v 2.867670 0.798906 -2.795589
v 2.858615 0.783431 -2.798911
v 2.761677 0.806975 -2.439227
v 2.767705 0.823198 -2.442497
v 2.773161 0.837869 -2.446563
v 2.776124 0.845817 -2.450540
v 2.778134 0.851201 -2.454612
v 2.780421 0.857326 -2.459164
v 2.781518 0.857326 -2.779175
v 2.779262 0.851201 -2.783741
v 2.777280 0.845817 -2.787827
v 2.774345 0.837869 -2.791825
v 2.768917 0.823198 -2.795928
v 2.762911 0.806975 -2.799239
v 2.659056 0.821418 -2.439579
v 2.662036 0.838069 -2.442860
v 2.664735 0.853130 -2.446935
v 2.666203 0.861286 -2.450917
v 2.667203 0.866813 -2.454993
v 2.668341 0.873100 -2.459548
v 2.669437 0.873100 -2.779559
v 2.668331 0.866813 -2.784122
v 2.667360 0.861286 -2.788204
v 2.665918 0.853130 -2.792196
v 2.663247 0.838069 -2.796290
v 2.660290 0.821418 -2.799591
v 2.550116 0.826329 -2.439952
v 2.550174 0.843113 -2.443243
v 2.550230 0.858291 -2.447327
v 2.550266 0.866514 -2.451314
v 2.550294 0.872083 -2.455393
v 2.550329 0.878421 -2.459952
v 2.551426 0.878421 -2.779963
v 2.551422 0.872083 -2.784522
v 2.551422 0.866514 -2.788602
v 2.551414 0.858291 -2.792589
v 2.551386 0.843113 -2.796673
v 2.551350 0.826329 -2.799964
v 2.446032 0.821935 -2.440309
v 2.443197 0.838597 -2.443610
v 2.440635 0.853666 -2.447703
v 2.439255 0.861827 -2.451695
v 2.438324 0.867356 -2.455777
v 2.437263 0.873648 -2.460340
v 2.438359 0.873648 -2.780351
v 2.439452 0.867356 -2.784906
v 2.440411 0.861827 -2.788982
v 2.441818 0.853666 -2.792964
v 2.444409 0.838597 -2.797040
v 2.447266 0.821935 -2.800321
v 2.348831 0.808733 -2.440642
v 2.342909 0.824974 -2.443954
v 2.337556 0.839663 -2.448056
v 2.334662 0.847621 -2.452053
v 2.332708 0.853011 -2.456139
v 2.330483 0.859144 -2.460706
v 2.331579 0.859144 -2.780717
v 2.333836 0.853011 -2.785268
v 2.335819 0.847621 -2.789340
v 2.338739 0.839663 -2.793318
v 2.344121 0.824974 -2.797384
v 2.350065 0.808733 -2.800654
v 2.258922 0.786681 -2.440950
v 2.249745 0.802127 -2.444273
v 2.241452 0.816093 -2.448385
v 2.236962 0.823659 -2.452388
v 2.233927 0.828785 -2.456478
v 2.230475 0.834617 -2.461049
v 2.231571 0.834617 -2.781060
v 2.235055 0.828785 -2.785607
v 2.238118 0.823659 -2.789675
v 2.242635 0.816093 -2.793647
v 2.250957 0.802127 -2.797703
v 2.260156 0.786681 -2.800962
v 2.176723 0.755748 -2.441232
v 2.164309 0.769975 -2.444566
v 2.153089 0.782841 -2.448689
v 2.147013 0.789809 -2.452697
v 2.142904 0.794530 -2.456790
v 2.138230 0.799901 -2.461365
v 2.139327 0.799901 -2.781376
v 2.144032 0.794530 -2.785919
v 2.148170 0.789809 -2.789984
v 2.154272 0.782841 -2.793950
v 2.165521 0.769975 -2.797996
v 2.177957 0.755748 -2.801244
v 2.102646 0.715895 -2.441486
v 2.087239 0.728512 -2.444830
v 2.073308 0.739921 -2.448962
v 2.065770 0.746100 -2.452975
v 2.060667 0.750289 -2.457072
v 2.054860 0.755052 -2.461651
v 2.055956 0.755052 -2.781662
v 2.061795 0.750289 -2.786201
v 2.066926 0.746100 -2.790262
v 2.074492 0.739921 -2.794224
v 2.088450 0.728512 -2.798260
v 2.103880 0.715895 -2.801498
v 2.037101 0.667089 -2.441711
v 2.019142 0.677805 -2.445063
v 2.002905 0.687495 -2.449203
v 1.994114 0.692744 -2.453221
v 1.988164 0.696301 -2.457320
v 1.981396 0.700346 -2.461903
v 1.982493 0.700346 -2.781913
v 1.989292 0.696301 -2.786449
v 1.995270 0.692744 -2.790508
v 2.004088 0.687495 -2.794465
v 2.020354 0.677805 -2.798493
v 2.038335 0.667089 -2.801723
v 1.980508 0.609292 -2.441905
v 1.960548 0.617962 -2.445264
v 1.942502 0.625806 -2.449410
v 1.932731 0.630054 -2.453431
v 1.926118 0.632932 -2.457533
v 1.918592 0.636208 -2.462118
v 1.919689 0.636208 -2.782129
v 1.927246 0.632932 -2.786662
v 1.933887 0.630054 -2.790718
v 1.943686 0.625806 -2.794672
v 1.961759 0.617962 -2.798694
v 1.981743 0.609292 -2.801917
v 1.933275 0.542466 -2.442067
v 1.911876 0.549101 -2.445431
v 1.892526 0.555099 -2.449582
v 1.882050 0.558348 -2.453605
v 1.874959 0.560550 -2.457708
v 1.866889 0.563054 -2.462295
v 1.867985 0.563054 -2.782306
v 1.876087 0.560550 -2.786837
v 1.883206 0.558348 -2.790892
v 1.893710 0.555099 -2.794843
v 1.913088 0.549101 -2.798861
v 1.934509 0.542466 -2.802079
v 1.895822 0.466577 -2.442195
v 1.873467 0.471285 -2.445563
v 1.853259 0.475541 -2.449716
v 1.842317 0.477847 -2.453741
v 1.834909 0.479410 -2.457845
v 1.826481 0.481185 -2.462434
v 1.827578 0.481185 -2.782444
v 1.836037 0.479410 -2.786974
v 1.843473 0.477847 -2.791028
v 1.854443 0.475541 -2.794978
v 1.874679 0.471285 -2.798993
v 1.897056 0.466577 -2.802207
v 1.868555 0.381589 -2.442288
v 1.845640 0.384542 -2.445658
v 1.824921 0.387212 -2.449813
v 1.813704 0.388660 -2.453839
v 1.806110 0.389640 -2.457944
v 1.797468 0.390753 -2.462533
v 1.798565 0.390753 -2.782544
v 1.807238 0.389640 -2.787073
v 1.814860 0.388660 -2.791126
v 1.826105 0.387212 -2.795075
v 1.846852 0.384542 -2.799088
v 1.869789 0.381589 -2.802300
v 1.851890 0.287464 -2.442346
v 1.828700 0.288858 -2.445716
v 1.807731 0.290116 -2.449872
v 1.796380 0.290797 -2.453898
v 1.788692 0.291260 -2.458004
v 1.779947 0.291785 -2.462593
v 1.781044 0.291785 -2.782604
v 1.789820 0.291260 -2.787133
v 1.797536 0.290797 -2.791186
v 1.808915 0.290116 -2.795134
v 1.829912 0.288858 -2.799146
v 1.853124 0.287464 -2.802358
v 1.846245 0.184170 -2.442365
v 1.822061 0.167417 -2.445739
v 1.800196 0.152265 -2.449898
v 1.788359 0.144060 -2.453926
v 1.780343 0.138499 -2.458033
v 1.771223 0.132174 -2.462623
v 1.772320 0.132174 -2.782634
v 1.781471 0.138499 -2.787162
v 1.789515 0.144060 -2.791213
v 1.801379 0.152265 -2.795160
v 1.823273 0.167417 -2.799169
v 1.847479 0.184170 -2.802377
v 2.986877 0.184170 -2.438455
v 2.958514 0.167417 -2.441844
v 2.932872 0.152265 -2.446016
v 2.918986 0.144060 -2.450050
v 2.909585 0.138499 -2.454162
v 2.898888 0.132174 -2.458758
v 2.899985 0.132174 -2.778769
v 2.910713 0.138499 -2.783291
v 2.920142 0.144060 -2.787338
v 2.934056 0.152265 -2.791277
v 2.959726 0.167417 -2.795274
v 2.988111 0.184170 -2.798467
v 2.971464 0.128659 -2.438508
v 2.948874 0.132694 -2.441877
v 2.928452 0.136341 -2.446031
v 2.917392 0.138320 -2.450056
v 2.909907 0.139659 -2.454161
v 2.901390 0.141182 -2.458749
v 2.902487 0.141182 -2.778760
v 2.911035 0.139659 -2.783290
v 2.918548 0.138320 -2.787343
v 2.929635 0.136341 -2.791292
v 2.950085 0.132694 -2.795306
v 2.972698 0.128659 -2.798520
v 2.950512 0.077829 -2.438580
v 2.928568 0.083430 -2.441946
v 2.908727 0.088491 -2.446098
v 2.897984 0.091234 -2.450122
v 2.890712 0.093093 -2.454226
v 2.882437 0.095207 -2.458814
v 2.883533 0.095207 -2.778825
v 2.891840 0.093093 -2.783356
v 2.899140 0.091234 -2.787410
v 2.909910 0.088491 -2.791360
v 2.929780 0.083430 -2.795376
v 2.951746 0.077829 -2.798592
v 2.924048 0.031714 -2.438671
v 2.903076 0.039011 -2.442034
v 2.884115 0.045610 -2.446183
v 2.873852 0.049185 -2.450205
v 2.866903 0.051605 -2.454308
v 2.858996 0.054361 -2.458894
v 2.860093 0.054361 -2.778905
v 2.868031 0.051605 -2.783437
v 2.875009 0.049185 -2.787493
v 2.885298 0.045610 -2.791444
v 2.904288 0.039011 -2.795464
v 2.925282 0.031714 -2.798683
v 2.892092 -0.009663 -2.438780
v 2.872495 -0.000587 -2.442138
v 2.854777 0.007621 -2.446283
v 2.845184 0.012067 -2.450304
v 2.838689 0.015077 -2.454405
v 2.831303 0.018504 -2.458989
v 2.832399 0.018504 -2.779000
v 2.839818 0.015077 -2.783534
v 2.846340 0.012067 -2.787591
v 2.855961 0.007621 -2.791545
v 2.873706 -0.000587 -2.795568
v 2.893326 -0.009663 -2.798792
v 2.854671 -0.046271 -2.438908
v 2.836887 -0.035422 -2.442261
v 2.820811 -0.025610 -2.446400
v 2.812106 -0.020296 -2.450417
v 2.806214 -0.016695 -2.454516
v 2.799510 -0.012598 -2.459098
v 2.800607 -0.012598 -2.779109
v 2.807342 -0.016695 -2.783645
v 2.813262 -0.020296 -2.787704
v 2.821994 -0.025610 -2.791661
v 2.838099 -0.035422 -2.795690
v 2.855906 -0.046271 -2.798920
v 2.811812 -0.078088 -2.439055
v 2.796266 -0.065577 -2.442400
v 2.782213 -0.054263 -2.446532
v 2.774605 -0.048132 -2.450545
v 2.769457 -0.043980 -2.454642
v 2.763601 -0.039256 -2.459221
v 2.764697 -0.039256 -2.779232
v 2.770586 -0.043980 -2.783771
v 2.775761 -0.048132 -2.787833
v 2.783397 -0.054263 -2.791794
v 2.797477 -0.065577 -2.795830
v 2.813046 -0.078088 -2.799067
v 2.763537 -0.105084 -2.439221
v 2.750571 -0.091131 -2.442556
v 2.738848 -0.078514 -2.446681
v 2.732503 -0.071679 -2.450690
v 2.728211 -0.067046 -2.454783
v 2.723326 -0.061779 -2.459360
v 2.724422 -0.061779 -2.779370
v 2.729339 -0.067046 -2.783913
v 2.733660 -0.071679 -2.787977
v 2.740031 -0.078514 -2.791942
v 2.751782 -0.091131 -2.795986
v 2.764771 -0.105084 -2.799233
v 2.709874 -0.127232 -2.439405
v 2.699678 -0.112135 -2.442731
v 2.690463 -0.098483 -2.446846
v 2.685476 -0.091087 -2.450851
v 2.682102 -0.086077 -2.454942
v 2.678267 -0.080375 -2.459514
v 2.679364 -0.080375 -2.779525
v 2.683231 -0.086077 -2.784071
v 2.686632 -0.091087 -2.788138
v 2.691647 -0.098483 -2.792108
v 2.700890 -0.112135 -2.796161
v 2.711108 -0.127232 -2.799417
v 2.650846 -0.144505 -2.439607
v 2.643452 -0.128589 -2.442924
v 2.636769 -0.114194 -2.447031
v 2.633153 -0.106397 -2.451030
v 2.630710 -0.101114 -2.455118
v 2.627930 -0.095106 -2.459687
v 2.629027 -0.095106 -2.779697
v 2.631838 -0.101114 -2.784247
v 2.634310 -0.106397 -2.788317
v 2.637952 -0.114194 -2.792292
v 2.644664 -0.128589 -2.796353
v 2.652080 -0.144505 -2.799619
v 2.586479 -0.156878 -2.439828
v 2.581770 -0.140445 -2.443135
v 2.577516 -0.125584 -2.447234
v 2.575217 -0.117535 -2.451229
v 2.573665 -0.112080 -2.455313
v 2.571898 -0.105877 -2.459878
v 2.572994 -0.105877 -2.779889
v 2.574793 -0.112080 -2.784442
v 2.576373 -0.117535 -2.788516
v 2.578699 -0.125584 -2.792495
v 2.582981 -0.140444 -2.796565
v 2.587713 -0.156878 -2.799840
v 2.516797 -0.164319 -2.440067
v 2.514562 -0.147623 -2.443365
v 2.512543 -0.132523 -2.447456
v 2.511457 -0.124344 -2.451447
v 2.510725 -0.118804 -2.455529
v 2.509893 -0.112499 -2.460091
v 2.510990 -0.112499 -2.780102
v 2.511853 -0.118803 -2.784658
v 2.512614 -0.124344 -2.788735
v 2.513727 -0.132523 -2.792718
v 2.515773 -0.147623 -2.796795
v 2.518031 -0.164319 -2.800079
v 2.441828 -0.166807 -2.440324
v 2.441662 -0.150040 -2.443615
v 2.441515 -0.134881 -2.447700
v 2.441439 -0.126668 -2.451687
v 2.441395 -0.121102 -2.455767
v 2.441344 -0.114774 -2.460326
v 2.442441 -0.114774 -2.780337
v 2.442523 -0.121102 -2.784896
v 2.442596 -0.126668 -2.788975
v 2.442698 -0.134881 -2.792962
v 2.442873 -0.150040 -2.797045
v 2.443062 -0.166807 -2.800336
v 2.393315 -0.165733 -2.440490
v 2.394751 -0.149003 -2.443776
v 2.396051 -0.133875 -2.447856
v 2.396764 -0.125677 -2.451840
v 2.397250 -0.120124 -2.455918
v 2.397802 -0.113809 -2.460475
v 2.398898 -0.113809 -2.780486
v 2.398378 -0.120124 -2.785047
v 2.397920 -0.125677 -2.789128
v 2.397234 -0.133875 -2.793117
v 2.395962 -0.149003 -2.797206
v 2.394549 -0.165733 -2.800502
v 2.345205 -0.162546 -2.440655
v 2.348037 -0.145909 -2.443936
v 2.350600 -0.130864 -2.448012
v 2.351997 -0.122714 -2.451994
v 2.352947 -0.117192 -2.456070
v 2.354025 -0.110910 -2.460625
v 2.355122 -0.110910 -2.780636
v 2.354075 -0.117192 -2.785199
v 2.353153 -0.122714 -2.789281
v 2.351784 -0.130864 -2.793273
v 2.349249 -0.145909 -2.797366
v 2.346439 -0.162546 -2.800667
v 2.297445 -0.157302 -2.440818
v 2.301623 -0.140811 -2.444095
v 2.305408 -0.125901 -2.448166
v 2.307465 -0.117823 -2.452147
v 2.308862 -0.112351 -2.456221
v 2.310452 -0.106124 -2.460775
v 2.311549 -0.106124 -2.780786
v 2.309990 -0.112351 -2.785350
v 2.308622 -0.117823 -2.789434
v 2.306592 -0.125901 -2.793428
v 2.302835 -0.140811 -2.797525
v 2.298679 -0.157302 -2.800830
v 2.249984 -0.150053 -2.440981
v 2.255451 -0.133758 -2.444253
v 2.260396 -0.119024 -2.448321
v 2.263081 -0.111043 -2.452299
v 2.264906 -0.105635 -2.456372
v 2.266982 -0.099484 -2.460924
v 2.268078 -0.099484 -2.780934
v 2.266034 -0.105635 -2.785501
v 2.264237 -0.111043 -2.789586
v 2.261580 -0.119024 -2.793582
v 2.256663 -0.133760 -2.797683
v 2.251218 -0.150053 -2.800993
v 2.202776 -0.140853 -2.441143
v 2.209451 -0.124796 -2.444411
v 2.215491 -0.110276 -2.448475
v 2.218766 -0.102409 -2.452451
v 2.220994 -0.097079 -2.456522
v 2.223525 -0.091017 -2.461073
v 2.224622 -0.091017 -2.781083
v 2.222122 -0.097079 -2.785651
v 2.219923 -0.102409 -2.789738
v 2.216674 -0.110276 -2.793736
v 2.210663 -0.124796 -2.797841
v 2.204010 -0.140853 -2.801155
v 2.155768 -0.129759 -2.441304
v 2.163568 -0.113968 -2.444568
v 2.170626 -0.099687 -2.448628
v 2.174454 -0.091950 -2.452602
v 2.177054 -0.086709 -2.456673
v 2.180010 -0.080747 -2.461222
v 2.181107 -0.080747 -2.781233
v 2.178182 -0.086709 -2.785802
v 2.175611 -0.091950 -2.789890
v 2.171809 -0.099687 -2.793890
v 2.164779 -0.113968 -2.797998
v 2.157002 -0.129759 -2.801316
v 2.108910 -0.116822 -2.441465
v 2.117748 -0.101317 -2.444726
v 2.125742 -0.087296 -2.448782
v 2.130079 -0.079699 -2.452754
v 2.133022 -0.074554 -2.456824
v 2.136370 -0.068700 -2.461371
v 2.137466 -0.068700 -2.781382
v 2.134151 -0.074554 -2.785953
v 2.131235 -0.079699 -2.790042
v 2.126926 -0.087296 -2.794044
v 2.118960 -0.101317 -2.798155
v 2.110144 -0.116822 -2.801477
v 2.062152 -0.102100 -2.441625
v 2.071937 -0.086893 -2.444883
v 2.080789 -0.073140 -2.448936
v 2.085592 -0.065692 -2.452907
v 2.088849 -0.060645 -2.456975
v 2.092555 -0.054902 -2.461522
v 2.093652 -0.054902 -2.781532
v 2.089977 -0.060645 -2.786104
v 2.086748 -0.065692 -2.790194
v 2.081972 -0.073140 -2.794198
v 2.073148 -0.086893 -2.798312
v 2.063386 -0.102100 -2.801637
v 2.015444 -0.085643 -2.441785
v 2.026089 -0.070738 -2.445040
v 2.035719 -0.057260 -2.449091
v 2.040941 -0.049960 -2.453060
v 2.044487 -0.045013 -2.457127
v 2.048515 -0.039386 -2.461673
v 2.049612 -0.039386 -2.781683
v 2.045615 -0.045013 -2.786256
v 2.042098 -0.049960 -2.790347
v 2.036902 -0.057260 -2.794353
v 2.027301 -0.070738 -2.798470
v 2.016678 -0.085643 -2.801797
v 1.968738 -0.067509 -2.441945
v 1.980156 -0.052903 -2.445197
v 1.990488 -0.039698 -2.449246
v 1.996091 -0.032544 -2.453214
v 1.999889 -0.027698 -2.457280
v 2.004214 -0.022186 -2.461824
v 2.005311 -0.022186 -2.781835
v 2.001018 -0.027698 -2.786409
v 1.997247 -0.032544 -2.790501
v 1.991671 -0.039698 -2.794508
v 1.981367 -0.052903 -2.798627
v 1.969972 -0.067509 -2.801957
v 1.921980 -0.047748 -2.442105
v 1.934095 -0.033438 -2.445355
v 1.945051 -0.020496 -2.449402
v 1.950996 -0.013487 -2.453368
v 1.955025 -0.008737 -2.457434
v 1.959611 -0.003335 -2.461977
v 1.960708 -0.003335 -2.781988
v 1.956153 -0.008737 -2.786563
v 1.952152 -0.013487 -2.790656
v 1.946235 -0.020496 -2.794663
v 1.935306 -0.033438 -2.798785
v 1.923214 -0.047748 -2.802117
v 1.875122 -0.026416 -2.442266
v 1.851871 0.003992 -2.445637
v 1.830852 0.031490 -2.449793
v 1.819471 0.046387 -2.453819
v 1.811766 0.056480 -2.457925
v 1.802999 0.067961 -2.462514
v 1.804096 0.067961 -2.782525
v 1.812894 0.056480 -2.787054
v 1.820627 0.046387 -2.791106
v 1.832036 0.031490 -2.795055
v 1.853082 0.003992 -2.799067
v 1.876356 -0.026416 -2.802278
v 1.875122 -0.250001 -2.442266
v 1.851871 -0.259158 -2.445637
v 1.830852 -0.267438 -2.449793
v 1.819471 -0.271926 -2.453819
v 1.811766 -0.274965 -2.457925
v 1.802999 -0.278420 -2.462514
v 1.804096 -0.278420 -2.782525
v 1.812894 -0.274965 -2.787054
v 1.820627 -0.271926 -2.791106
v 1.832036 -0.267438 -2.795055
v 1.853082 -0.259158 -2.799067
v 1.876356 -0.250001 -2.802278
v 2.169279 0.380377 -2.441258
v 2.192350 0.378035 -2.444470
v 2.213219 0.375916 -2.448483
v 2.224531 0.374769 -2.452431
v 2.232197 0.373992 -2.456484
v 2.240920 0.373108 -2.461013
v 2.242017 0.373108 -2.781024
v 2.233325 0.373992 -2.785613
v 2.225687 0.374769 -2.789718
v 2.214403 0.375916 -2.793744
v 2.193562 0.378035 -2.797899
v 2.170513 0.380377 -2.801270
v 2.179933 0.420321 -2.441221
v 2.202549 0.416265 -2.444435
v 2.223001 0.412599 -2.448449
v 2.234091 0.410613 -2.452398
v 2.241607 0.409266 -2.456451
v 2.250155 0.407735 -2.460981
v 2.251252 0.407735 -2.780992
v 2.242735 0.409266 -2.785580
v 2.235247 0.410613 -2.789685
v 2.224185 0.412599 -2.793710
v 2.203760 0.416265 -2.797865
v 2.181167 0.420321 -2.801233
v 2.195698 0.457233 -2.441167
v 2.217536 0.451358 -2.444383
v 2.237289 0.446043 -2.448400
v 2.247996 0.443166 -2.452350
v 2.255254 0.441216 -2.456405
v 2.263508 0.438998 -2.460936
v 2.264605 0.438998 -2.780946
v 2.256382 0.441216 -2.785534
v 2.249152 0.443166 -2.789638
v 2.238473 0.446043 -2.793661
v 2.218748 0.451358 -2.797813
v 2.196933 0.457233 -2.801179
v 2.216429 0.490950 -2.441096
v 2.237106 0.483185 -2.444316
v 2.255807 0.476163 -2.448336
v 2.265944 0.472359 -2.452289
v 2.272816 0.469783 -2.456344
v 2.280634 0.466850 -2.460877
v 2.281731 0.466850 -2.780888
v 2.273944 0.469783 -2.785474
v 2.267100 0.472359 -2.789576
v 2.256990 0.476163 -2.793598
v 2.238318 0.483185 -2.797746
v 2.217663 0.490950 -2.801108
v 2.241971 0.521309 -2.441009
v 2.261052 0.511648 -2.444234
v 2.278311 0.502910 -2.448259
v 2.287668 0.498178 -2.452214
v 2.294010 0.494972 -2.456272
v 2.301226 0.491325 -2.460806
v 2.302322 0.491325 -2.780817
v 2.295138 0.494972 -2.785401
v 2.288824 0.498178 -2.789502
v 2.279495 0.502910 -2.793521
v 2.262263 0.511648 -2.797664
v 2.243205 0.521309 -2.801021
v 2.272177 0.548147 -2.440905
v 2.289212 0.536666 -2.444138
v 2.304620 0.526285 -2.448169
v 2.312971 0.520661 -2.452128
v 2.318636 0.516852 -2.456187
v 2.325079 0.512519 -2.460725
v 2.326176 0.512519 -2.780735
v 2.319764 0.516852 -2.785316
v 2.314128 0.520661 -2.789415
v 2.305803 0.526285 -2.793431
v 2.290424 0.536666 -2.797568
v 2.273412 0.548147 -2.800917
v 2.306893 0.571301 -2.440786
v 2.321465 0.558177 -2.444027
v 2.334643 0.546311 -2.448066
v 2.341790 0.539882 -2.452029
v 2.346635 0.535524 -2.456091
v 2.352146 0.530572 -2.460632
v 2.353242 0.530572 -2.780643
v 2.347763 0.535524 -2.785220
v 2.342946 0.539882 -2.789316
v 2.335827 0.546311 -2.793328
v 2.322677 0.558177 -2.797457
v 2.308127 0.571301 -2.800798
v 2.345974 0.590610 -2.440652
v 2.357750 0.576105 -2.443903
v 2.368401 0.562992 -2.447950
v 2.374179 0.555886 -2.451918
v 2.378097 0.551071 -2.455984
v 2.382555 0.545596 -2.460527
v 2.383652 0.545596 -2.780538
v 2.379225 0.551071 -2.785113
v 2.375335 0.555886 -2.789205
v 2.369585 0.562992 -2.793212
v 2.358962 0.576105 -2.797333
v 2.347208 0.590610 -2.800664
v 2.389264 0.605912 -2.440504
v 2.398050 0.590352 -2.443765
v 2.405999 0.576279 -2.447822
v 2.410311 0.568657 -2.451794
v 2.413238 0.563493 -2.455863
v 2.416569 0.557618 -2.460411
v 2.417665 0.557618 -2.780422
v 2.414366 0.563493 -2.784992
v 2.411467 0.568657 -2.789081
v 2.407183 0.576279 -2.793083
v 2.399261 0.590352 -2.797194
v 2.390498 0.605912 -2.800516
v 2.436614 0.617042 -2.440341
v 2.442364 0.600767 -2.443613
v 2.447571 0.586052 -2.447679
v 2.450394 0.578079 -2.451657
v 2.452313 0.572679 -2.455729
v 2.454497 0.566533 -2.460281
v 2.455594 0.566533 -2.780292
v 2.453441 0.572679 -2.784858
v 2.451550 0.578079 -2.788944
v 2.448754 0.586052 -2.792941
v 2.443576 0.600767 -2.797043
v 2.437848 0.617042 -2.800353
v 2.487875 0.623841 -2.440166
v 2.490677 0.607173 -2.443447
v 2.493215 0.592105 -2.447523
v 2.494595 0.583941 -2.451505
v 2.495536 0.578409 -2.455581
v 2.496607 0.572117 -2.460137
v 2.497704 0.572117 -2.780147
v 2.496665 0.578409 -2.784710
v 2.495751 0.583941 -2.788792
v 2.494399 0.592105 -2.792784
v 2.491889 0.607173 -2.796877
v 2.489110 0.623841 -2.800178
v 2.542897 0.626142 -2.439977
v 2.542997 0.609362 -2.443268
v 2.543092 0.594192 -2.447352
v 2.543150 0.585972 -2.451339
v 2.543194 0.580403 -2.455418
v 2.543243 0.574070 -2.459977
v 2.544340 0.574070 -2.779987
v 2.544322 0.580403 -2.784547
v 2.544306 0.585972 -2.788626
v 2.544275 0.594192 -2.792613
v 2.544209 0.609362 -2.796698
v 2.544131 0.626142 -2.799989
v 2.602225 0.623989 -2.439774
v 2.599795 0.607303 -2.443073
v 2.597602 0.592214 -2.447165
v 2.596419 0.584040 -2.451156
v 2.595625 0.578500 -2.455238
v 2.594719 0.572200 -2.459800
v 2.595815 0.572200 -2.779811
v 2.596753 0.578500 -2.784367
v 2.597575 0.584040 -2.788443
v 2.598785 0.592214 -2.792426
v 2.601007 0.607303 -2.796503
v 2.603459 0.623989 -2.799786
v 2.657468 0.617583 -2.439584
v 2.652401 0.601204 -2.442893
v 2.647825 0.586390 -2.446993
v 2.645351 0.578364 -2.450988
v 2.643682 0.572928 -2.455073
v 2.641779 0.566746 -2.459639
v 2.642876 0.566746 -2.779650
v 2.644811 0.572928 -2.784202
v 2.646507 0.578364 -2.788276
v 2.649009 0.586390 -2.792254
v 2.653613 0.601204 -2.796323
v 2.658702 0.617583 -2.799596
v 2.708599 0.607009 -2.439409
v 2.700745 0.591205 -2.442727
v 2.693645 0.576914 -2.446836
v 2.689805 0.569171 -2.450836
v 2.687209 0.563928 -2.454924
v 2.684253 0.557961 -2.459493
v 2.685350 0.557961 -2.779504
v 2.688337 0.563928 -2.784053
v 2.690961 0.569171 -2.788123
v 2.694828 0.576914 -2.792097
v 2.701956 0.591205 -2.796157
v 2.709833 0.607009 -2.799421
v 2.755596 0.592344 -2.439248
v 2.744912 0.577423 -2.442576
v 2.735255 0.563930 -2.446693
v 2.730029 0.556620 -2.450698
v 2.726495 0.551667 -2.454789
v 2.722473 0.546036 -2.459363
v 2.723570 0.546036 -2.779373
v 2.727623 0.551667 -2.783918
v 2.731186 0.556620 -2.787985
v 2.736439 0.563930 -2.791955
v 2.746124 0.577423 -2.796005
v 2.756830 0.592344 -2.799260
v 2.798428 0.573672 -2.439101
v 2.785026 0.559937 -2.442438
v 2.772906 0.547515 -2.446564
v 2.766347 0.540787 -2.450574
v 2.761910 0.536229 -2.454668
v 2.756862 0.531045 -2.459244
v 2.757959 0.531045 -2.779255
v 2.763039 0.536229 -2.783797
v 2.767504 0.540787 -2.787861
v 2.774090 0.547515 -2.791826
v 2.786237 0.559937 -2.795868
v 2.799662 0.573672 -2.799113
v 2.837079 0.551071 -2.438969
v 2.821202 0.538782 -2.442314
v 2.806850 0.527668 -2.446448
v 2.799083 0.521647 -2.450461
v 2.793825 0.517567 -2.454559
v 2.787843 0.512927 -2.459138
v 2.788940 0.512927 -2.779149
v 2.794953 0.517567 -2.783688
v 2.800240 0.521647 -2.787749
v 2.808033 0.527668 -2.791709
v 2.822414 0.538782 -2.795744
v 2.838313 0.551071 -2.798981
v 2.871514 0.524626 -2.438851
v 2.853530 0.513956 -2.442204
v 2.837271 0.504308 -2.446343
v 2.828469 0.499080 -2.450361
v 2.822510 0.495539 -2.454460
v 2.815732 0.491512 -2.459043
v 2.816828 0.491512 -2.779053
v 2.823638 0.495539 -2.783589
v 2.829625 0.499080 -2.787648
v 2.838454 0.504308 -2.791605
v 2.854742 0.513956 -2.795633
v 2.872748 0.524626 -2.798863
v 2.901718 0.494416 -2.438747
v 2.882032 0.485447 -2.442106
v 2.864237 0.477332 -2.446251
v 2.854605 0.472939 -2.450271
v 2.848080 0.469962 -2.454373
v 2.840660 0.466574 -2.458957
v 2.841757 0.466574 -2.778968
v 2.849208 0.469962 -2.783502
v 2.855761 0.472939 -2.787558
v 2.865421 0.477332 -2.791512
v 2.883244 0.485447 -2.795536
v 2.902952 0.494416 -2.798759
v 2.927658 0.460525 -2.438658
v 2.906680 0.453242 -2.442021
v 2.887716 0.446654 -2.446170
v 2.877450 0.443088 -2.450193
v 2.870498 0.440670 -2.454296
v 2.862592 0.437922 -2.458882
v 2.863689 0.437922 -2.778893
v 2.871626 0.440670 -2.783425
v 2.878607 0.443088 -2.787480
v 2.888900 0.446654 -2.791432
v 2.907892 0.453242 -2.795451
v 2.928892 0.460525 -2.798670
v 2.949309 0.423030 -2.438584
v 2.927405 0.417360 -2.441950
v 2.907597 0.412230 -2.446102
v 2.896876 0.409451 -2.450126
v 2.889615 0.407569 -2.454230
v 2.881357 0.405429 -2.458818
v 2.882453 0.405429 -2.778829
v 2.890743 0.407569 -2.783359
v 2.898032 0.409451 -2.787414
v 2.908780 0.412230 -2.791364
v 2.928617 0.417360 -2.795380
v 2.950543 0.423030 -2.798596
v 2.966652 0.382015 -2.438524
v 2.944112 0.377840 -2.441893
v 2.923734 0.374062 -2.446047
v 2.912703 0.372019 -2.450072
v 2.905234 0.370633 -2.454177
v 2.896734 0.369055 -2.458765
v 2.897830 0.369055 -2.778776
v 2.906362 0.370633 -2.783306
v 2.913859 0.372019 -2.787359
v 2.924918 0.374062 -2.791309
v 2.945323 0.377840 -2.795323
v 2.967886 0.382015 -2.798537
v 2.979658 0.337560 -2.438480
v 2.950995 0.354314 -2.441869
v 2.925081 0.369466 -2.446042
v 2.911047 0.377671 -2.450078
v 2.901546 0.383232 -2.454189
v 2.890736 0.389557 -2.458786
v 2.891833 0.389557 -2.778796
v 2.902675 0.383232 -2.783319
v 2.912204 0.377671 -2.787365
v 2.926264 0.369466 -2.791304
v 2.952206 0.354314 -2.795299
v 2.980892 0.337560 -2.798492
v 2.163890 0.337560 -2.441276
v 2.189365 0.354314 -2.444480
v 2.212408 0.369466 -2.448485
v 2.224895 0.377671 -2.452430
v 2.233361 0.383232 -2.456480
v 2.242992 0.389557 -2.461006
v 2.244088 0.389557 -2.781017
v 2.234489 0.383232 -2.785609
v 2.226051 0.377671 -2.789717
v 2.213592 0.369466 -2.793747
v 2.190577 0.354314 -2.797910
v 2.165124 0.337560 -2.801288
v 1.157632 0.737126 -2.444725
v 1.170330 0.751173 -2.447973
v 1.181817 0.763875 -2.452018
v 1.188044 0.770757 -2.455983
v 1.192271 0.775419 -2.460048
v 1.197076 0.780722 -2.464591
v 1.198173 0.780722 -2.784602
v 1.193399 0.775419 -2.789177
v 1.189201 0.770757 -2.793271
v 1.183000 0.763875 -2.797279
v 1.171541 0.751173 -2.801403
v 1.158866 0.737126 -2.804737
v 1.122153 0.752907 -2.444847
v 1.133901 0.767377 -2.448098
v 1.144527 0.780465 -2.452146
v 1.150291 0.787552 -2.456113
v 1.154200 0.792357 -2.460179
v 1.158645 0.797819 -2.464723
v 1.159742 0.797819 -2.784733
v 1.155329 0.792357 -2.789308
v 1.151447 0.787552 -2.793400
v 1.145710 0.780465 -2.797407
v 1.135112 0.767377 -2.801528
v 1.123387 0.752907 -2.804859
v 1.086426 0.767102 -2.444969
v 1.097149 0.781978 -2.448224
v 1.106848 0.795432 -2.452275
v 1.112110 0.802722 -2.456244
v 1.115678 0.807659 -2.460311
v 1.119739 0.813275 -2.464856
v 1.120836 0.813275 -2.784867
v 1.116806 0.807659 -2.789440
v 1.113266 0.802722 -2.793531
v 1.108032 0.795432 -2.797536
v 1.098361 0.781978 -2.801654
v 1.087660 0.767102 -2.804981
v 1.050397 0.779724 -2.445093
v 1.060029 0.794985 -2.448351
v 1.068742 0.808785 -2.452405
v 1.073468 0.816259 -2.456376
v 1.076675 0.821324 -2.460444
v 1.080322 0.827085 -2.464991
v 1.081419 0.827085 -2.785002
v 1.077803 0.821324 -2.789573
v 1.074624 0.816259 -2.793664
v 1.069926 0.808785 -2.797667
v 1.061240 0.794985 -2.801781
v 1.051631 0.779724 -2.805105
v 1.014017 0.790794 -2.445218
v 1.022500 0.806403 -2.448480
v 1.030175 0.820520 -2.452538
v 1.034337 0.828167 -2.456510
v 1.037163 0.833348 -2.460580
v 1.040378 0.839242 -2.465128
v 1.041475 0.839242 -2.785139
v 1.038292 0.833348 -2.789709
v 1.035493 0.828167 -2.793798
v 1.031358 0.820520 -2.797799
v 1.023712 0.806403 -2.801909
v 1.015252 0.790794 -2.805230
v 0.977236 0.800330 -2.445343
v 0.984525 0.816249 -2.448610
v 0.991116 0.830647 -2.452671
v 0.994695 0.838444 -2.456646
v 0.997125 0.843727 -2.460717
v 0.999886 0.849737 -2.465267
v 1.000983 0.849737 -2.785278
v 0.998253 0.843727 -2.789846
v 0.995851 0.838444 -2.793934
v 0.992300 0.830647 -2.797933
v 0.985736 0.816249 -2.802040
v 0.978470 0.800330 -2.805356
v 0.940004 0.808348 -2.445471
v 0.946066 0.824532 -2.448742
v 0.951550 0.839167 -2.452807
v 0.954526 0.847096 -2.456784
v 0.956550 0.852467 -2.460856
v 0.958848 0.858577 -2.465408
v 0.959945 0.858577 -2.785418
v 0.957678 0.852467 -2.789985
v 0.955682 0.847096 -2.794071
v 0.952733 0.839167 -2.798069
v 0.947277 0.824532 -2.802171
v 0.941238 0.808348 -2.805483
v 0.902270 0.814871 -2.445601
v 0.907088 0.831268 -2.448875
v 0.911450 0.846098 -2.452944
v 0.913821 0.854131 -2.456923
v 0.915429 0.859573 -2.460997
v 0.917260 0.865763 -2.465550
v 0.918357 0.865763 -2.785561
v 0.916557 0.859573 -2.790126
v 0.914977 0.854131 -2.794211
v 0.912633 0.846098 -2.798206
v 0.908299 0.831268 -2.802305
v 0.903504 0.814871 -2.805613
v 0.863983 0.819910 -2.445732
v 0.867563 0.836473 -2.449011
v 0.870803 0.851448 -2.453084
v 0.872563 0.859562 -2.457065
v 0.873763 0.865058 -2.461140
v 0.875125 0.871311 -2.465694
v 0.876222 0.871311 -2.785705
v 0.874891 0.865058 -2.790269
v 0.873719 0.859562 -2.794352
v 0.871986 0.851448 -2.798345
v 0.868774 0.836473 -2.802440
v 0.865217 0.819910 -2.805744
v 0.825097 0.823487 -2.445865
v 0.827455 0.840162 -2.449148
v 0.829587 0.855241 -2.453225
v 0.830750 0.863410 -2.457208
v 0.831542 0.868942 -2.461285
v 0.832440 0.875237 -2.465841
v 0.833537 0.875237 -2.785851
v 0.832670 0.868942 -2.790414
v 0.831906 0.863410 -2.794496
v 0.830770 0.855241 -2.798486
v 0.828666 0.840162 -2.802578
v 0.826331 0.823487 -2.805877
v 0.785558 0.825621 -2.446001
v 0.786724 0.842359 -2.449288
v 0.787780 0.857495 -2.453368
v 0.788360 0.865695 -2.457354
v 0.788757 0.871251 -2.461431
v 0.789208 0.877571 -2.465989
v 0.790305 0.877571 -2.786000
v 0.789885 0.871251 -2.790560
v 0.789516 0.865695 -2.794641
v 0.788963 0.857495 -2.798630
v 0.787936 0.842359 -2.802718
v 0.786792 0.825621 -2.806013
v 0.745319 0.826329 -2.446138
v 0.744789 0.843098 -2.449431
v 0.744312 0.858260 -2.453517
v 0.744059 0.866475 -2.457505
v 0.743892 0.872039 -2.461585
v 0.743705 0.878369 -2.466145
v 0.744802 0.878369 -2.786156
v 0.745021 0.872039 -2.790714
v 0.745215 0.866475 -2.794793
v 0.745495 0.858260 -2.798779
v 0.746001 0.843098 -2.802861
v 0.746553 0.826329 -2.806151
v 0.646614 0.821274 -2.446477
v 0.643290 0.837900 -2.449779
v 0.640286 0.852935 -2.453874
v 0.638664 0.861078 -2.457867
v 0.637573 0.866595 -2.461950
v 0.636328 0.872873 -2.466513
v 0.637425 0.872873 -2.786524
v 0.638701 0.866595 -2.791079
v 0.639820 0.861078 -2.795154
v 0.641469 0.852935 -2.799135
v 0.644502 0.837900 -2.803209
v 0.647848 0.821274 -2.806489
v 0.553075 0.806481 -2.446797
v 0.546428 0.822580 -2.450111
v 0.540422 0.837139 -2.454216
v 0.537174 0.845027 -2.458215
v 0.534980 0.850369 -2.462301
v 0.532480 0.856448 -2.466869
v 0.533577 0.856448 -2.786880
v 0.536108 0.850369 -2.791430
v 0.538330 0.845027 -2.795502
v 0.541606 0.837139 -2.799478
v 0.547640 0.822580 -2.803541
v 0.554309 0.806481 -2.806809
v 0.465351 0.782498 -2.447098
v 0.455519 0.797725 -2.450423
v 0.446634 0.811499 -2.454538
v 0.441825 0.818958 -2.458541
v 0.438574 0.824012 -2.462632
v 0.434871 0.829763 -2.467204
v 0.435968 0.829763 -2.787214
v 0.439702 0.824012 -2.791761
v 0.442981 0.818958 -2.795829
v 0.447818 0.811499 -2.799799
v 0.456731 0.797725 -2.803853
v 0.466585 0.782498 -2.807110
v 0.384093 0.749875 -2.447377
v 0.371324 0.763925 -2.450711
v 0.359782 0.776630 -2.454835
v 0.353537 0.783512 -2.458844
v 0.349308 0.788176 -2.462938
v 0.344501 0.793480 -2.467513
v 0.345598 0.793480 -2.787524
v 0.350436 0.788176 -2.792067
v 0.354693 0.783512 -2.796131
v 0.360965 0.776630 -2.800097
v 0.372535 0.763925 -2.804142
v 0.385327 0.749875 -2.807389
v 0.309952 0.709162 -2.447631
v 0.294578 0.721782 -2.450975
v 0.280676 0.733192 -2.455106
v 0.273154 0.739372 -2.459120
v 0.268059 0.743560 -2.463216
v 0.262266 0.748323 -2.467795
v 0.263363 0.748323 -2.787806
v 0.269187 0.743560 -2.792345
v 0.274310 0.739372 -2.796407
v 0.281860 0.733192 -2.800368
v 0.295790 0.721782 -2.804404
v 0.311186 0.709162 -2.807643
v 0.243586 0.660914 -2.447858
v 0.225977 0.671909 -2.451210
v 0.210056 0.681851 -2.455348
v 0.201440 0.687238 -2.459365
v 0.195606 0.690888 -2.463464
v 0.188969 0.695037 -2.468046
v 0.190066 0.695037 -2.788057
v 0.196734 0.690888 -2.792593
v 0.202596 0.687238 -2.796653
v 0.211239 0.681851 -2.800610
v 0.227188 0.671909 -2.804640
v 0.244820 0.660914 -2.807870
v 0.185641 0.605678 -2.448057
v 0.166191 0.614918 -2.451415
v 0.148607 0.623274 -2.455559
v 0.139088 0.627803 -2.459579
v 0.132644 0.630868 -2.463680
v 0.125313 0.634357 -2.468265
v 0.126409 0.634357 -2.788275
v 0.133772 0.630868 -2.792809
v 0.140244 0.627803 -2.796866
v 0.149790 0.623274 -2.800821
v 0.167402 0.614918 -2.804845
v 0.186875 0.605678 -2.808069
v 0.136767 0.544005 -2.448225
v 0.115865 0.551412 -2.451587
v 0.096967 0.558112 -2.455736
v 0.086738 0.561739 -2.459759
v 0.079810 0.564198 -2.463861
v 0.071929 0.566993 -2.468448
v 0.073026 0.566993 -2.788458
v 0.080939 0.564198 -2.792990
v 0.087894 0.561739 -2.797046
v 0.098151 0.558112 -2.800998
v 0.117076 0.551412 -2.805017
v 0.138001 0.544005 -2.808237
v 0.097622 0.476449 -2.448359
v 0.075637 0.481984 -2.451725
v 0.055760 0.486991 -2.455878
v 0.044997 0.489702 -2.459902
v 0.037709 0.491541 -2.464006
v 0.029420 0.493631 -2.468593
v 0.030516 0.493631 -2.788604
v 0.038837 0.491541 -2.793135
v 0.046153 0.489702 -2.797189
v 0.056943 0.486991 -2.801139
v 0.076849 0.481984 -2.805155
v 0.098856 0.476449 -2.808371
v 0.068854 0.403554 -2.448457
v 0.046127 0.407218 -2.451826
v 0.025581 0.410527 -2.455981
v 0.014457 0.412321 -2.460006
v 0.006924 0.413538 -2.464111
v -0.001642 0.414921 -2.468700
v -0.000546 0.414921 -2.788711
v 0.008053 0.413538 -2.793240
v 0.015613 0.412321 -2.797293
v 0.026764 0.410527 -2.801242
v 0.047339 0.407218 -2.805256
v 0.070088 0.403554 -2.808469
v 0.051117 0.325877 -2.448518
v 0.027966 0.327689 -2.451889
v 0.007038 0.329327 -2.456044
v -0.004293 0.330213 -2.460070
v -0.011968 0.330814 -2.464176
v -0.020696 0.331498 -2.468765
v -0.019599 0.331498 -2.788776
v -0.010839 0.330814 -2.793305
v -0.003137 0.330213 -2.797358
v 0.008222 0.329327 -2.801306
v 0.029177 0.327689 -2.805318
v 0.052351 0.325877 -2.808530
v 0.045058 0.243966 -2.448539
v 0.021777 0.243990 -2.451910
v 0.000727 0.244008 -2.456066
v -0.010668 0.244021 -2.460092
v -0.018384 0.244026 -2.464198
v -0.027162 0.244037 -2.468787
v -0.026065 0.244037 -2.788798
v -0.017256 0.244026 -2.793327
v -0.009512 0.244021 -2.797380
v 0.001911 0.244008 -2.801328
v 0.022988 0.243990 -2.805340
v 0.046292 0.243966 -2.808551
v 0.051764 0.148521 -2.448516
v 0.028607 0.146756 -2.451886
v 0.007671 0.145163 -2.456042
v -0.003663 0.144297 -2.460068
v -0.011337 0.143712 -2.464174
v -0.020068 0.143046 -2.468763
v -0.018971 0.143046 -2.788774
v -0.010209 0.143712 -2.793303
v -0.002507 0.144297 -2.797356
v 0.008855 0.145163 -2.801304
v 0.029818 0.146756 -2.805316
v 0.052998 0.148521 -2.808528
v 0.071628 0.059956 -2.448448
v 0.048901 0.056282 -2.451817
v 0.028354 0.052960 -2.455971
v 0.017228 0.051160 -2.459997
v 0.009696 0.049941 -2.464102
v 0.001126 0.048553 -2.468690
v 0.002223 0.048553 -2.788701
v 0.010824 0.049941 -2.793231
v 0.018384 0.051160 -2.797284
v 0.029538 0.052960 -2.801233
v 0.050113 0.056282 -2.805247
v 0.072862 0.059956 -2.808460
v 0.104278 -0.021461 -2.448336
v 0.082368 -0.027175 -2.451702
v 0.062560 -0.032341 -2.455854
v 0.051836 -0.035141 -2.459878
v 0.044575 -0.037036 -2.463982
v 0.036314 -0.039194 -2.468570
v 0.037411 -0.039194 -2.788580
v 0.045703 -0.037036 -2.793111
v 0.052992 -0.035141 -2.797165
v 0.063743 -0.032341 -2.801116
v 0.083579 -0.027175 -2.805132
v 0.105512 -0.021461 -2.808348
v 0.149334 -0.095457 -2.448181
v 0.128707 -0.103275 -2.451543
v 0.110059 -0.110344 -2.455691
v 0.099960 -0.114176 -2.459713
v 0.093124 -0.116770 -2.463816
v 0.085349 -0.119721 -2.468402
v 0.086446 -0.119721 -2.788412
v 0.094252 -0.116770 -2.792945
v 0.101116 -0.114176 -2.797000
v 0.111242 -0.110344 -2.800953
v 0.129918 -0.103275 -2.804973
v 0.150568 -0.095457 -2.808193
v 0.206424 -0.161761 -2.447986
v 0.187579 -0.171650 -2.451341
v 0.170542 -0.180594 -2.455484
v 0.161321 -0.185437 -2.459503
v 0.155076 -0.188721 -2.463603
v 0.147972 -0.192454 -2.468187
v 0.149069 -0.192454 -2.788198
v 0.156204 -0.188721 -2.792732
v 0.162477 -0.185437 -2.796790
v 0.171725 -0.180594 -2.800746
v 0.188791 -0.171650 -2.804771
v 0.207658 -0.161760 -2.807998
v 0.275170 -0.220103 -2.447750
v 0.258588 -0.231914 -2.451098
v 0.243597 -0.242592 -2.455234
v 0.235481 -0.248376 -2.459249
v 0.229989 -0.252297 -2.463347
v 0.223741 -0.256756 -2.467927
v 0.224837 -0.256756 -2.787938
v 0.231117 -0.252297 -2.792476
v 0.236637 -0.248376 -2.796536
v 0.244781 -0.242592 -2.800495
v 0.259800 -0.231914 -2.804528
v 0.276404 -0.220103 -2.807762
v 0.355195 -0.270212 -2.447476
v 0.341262 -0.283682 -2.450815
v 0.328664 -0.295860 -2.454942
v 0.321847 -0.302458 -2.458953
v 0.317233 -0.306927 -2.463048
v 0.311984 -0.312013 -2.467625
v 0.313081 -0.312012 -2.787636
v 0.318361 -0.306927 -2.792177
v 0.323004 -0.302458 -2.796240
v 0.329848 -0.295860 -2.800204
v 0.342473 -0.283682 -2.804245
v 0.356429 -0.270212 -2.807488
v 0.446123 -0.311820 -2.447164
v 0.435075 -0.326608 -2.450493
v 0.425088 -0.339979 -2.454612
v 0.419684 -0.347225 -2.458617
v 0.416027 -0.352133 -2.462709
v 0.411867 -0.357715 -2.467283
v 0.412964 -0.357715 -2.787293
v 0.417156 -0.352133 -2.791838
v 0.420840 -0.347225 -2.795905
v 0.426271 -0.339979 -2.799873
v 0.436286 -0.326608 -2.803923
v 0.447357 -0.311820 -2.807176
v 0.547580 -0.344651 -2.446816
v 0.539489 -0.360395 -2.450135
v 0.532176 -0.374635 -2.454245
v 0.528219 -0.382346 -2.458245
v 0.525545 -0.387571 -2.462334
v 0.522501 -0.393517 -2.466903
v 0.523598 -0.393517 -2.786914
v 0.526673 -0.387571 -2.791463
v 0.529375 -0.382348 -2.795532
v 0.533359 -0.374635 -2.799506
v 0.540701 -0.360395 -2.803565
v 0.548814 -0.344651 -2.806828
v 0.659189 -0.368439 -2.446434
v 0.653983 -0.384797 -2.449743
v 0.649277 -0.399590 -2.453843
v 0.646733 -0.407606 -2.457839
v 0.645014 -0.413034 -2.461924
v 0.643062 -0.419211 -2.466490
v 0.644158 -0.419211 -2.786501
v 0.646143 -0.413034 -2.791053
v 0.647889 -0.407606 -2.795126
v 0.650460 -0.399590 -2.799105
v 0.655194 -0.384797 -2.803173
v 0.660423 -0.368439 -2.806446
v 0.780574 -0.382910 -2.446018
v 0.778078 -0.399590 -2.449317
v 0.775821 -0.414677 -2.453409
v 0.774607 -0.422848 -2.457401
v 0.773788 -0.428386 -2.461483
v 0.772857 -0.434686 -2.466045
v 0.773954 -0.434685 -2.786056
v 0.774916 -0.428386 -2.790612
v 0.775763 -0.422848 -2.794688
v 0.777004 -0.414677 -2.798671
v 0.779289 -0.399590 -2.802747
v 0.781808 -0.382910 -2.806030
v 0.911361 -0.387792 -2.445570
v 0.910978 -0.404553 -2.448862
v 0.910639 -0.419710 -2.452947
v 0.910458 -0.427923 -2.456935
v 0.910342 -0.433484 -2.461015
v 0.910210 -0.439812 -2.465574
v 0.911307 -0.439812 -2.785585
v 0.911470 -0.433484 -2.790144
v 0.911614 -0.427923 -2.794222
v 0.911822 -0.419710 -2.798209
v 0.912189 -0.404553 -2.802292
v 0.912595 -0.387792 -2.805582
v 0.964924 -0.387096 -2.445386
v 0.965763 -0.403841 -2.448674
v 0.966521 -0.418985 -2.452756
v 0.966940 -0.427188 -2.456742
v 0.967229 -0.432746 -2.460820
v 0.967556 -0.439066 -2.465378
v 0.968652 -0.439069 -2.785388
v 0.968357 -0.432746 -2.789949
v 0.968096 -0.427188 -2.794029
v 0.967705 -0.418985 -2.798017
v 0.966974 -0.403841 -2.802104
v 0.966158 -0.387096 -2.805398
v 1.018929 -0.385037 -2.445201
v 1.020559 -0.401751 -2.448486
v 1.022039 -0.416866 -2.452565
v 1.022844 -0.425056 -2.456550
v 1.023397 -0.430604 -2.460627
v 1.024024 -0.436914 -2.465184
v 1.025120 -0.436914 -2.785195
v 1.024525 -0.430604 -2.789756
v 1.024001 -0.425056 -2.793837
v 1.023223 -0.416866 -2.797827
v 1.021771 -0.401751 -2.801916
v 1.020163 -0.385037 -2.805213
v 1.073059 -0.381659 -2.445015
v 1.075456 -0.398327 -2.448298
v 1.077630 -0.413398 -2.452375
v 1.078813 -0.421564 -2.456358
v 1.079618 -0.427094 -2.460434
v 1.080536 -0.433388 -2.464991
v 1.081633 -0.433388 -2.785001
v 1.080746 -0.427094 -2.789563
v 1.079969 -0.421564 -2.793645
v 1.078813 -0.413398 -2.797637
v 1.076667 -0.398327 -2.801728
v 1.074293 -0.381659 -2.805027
v 1.127001 -0.377008 -2.444830
v 1.130149 -0.393611 -2.448111
v 1.133004 -0.408625 -2.452185
v 1.134553 -0.416757 -2.456167
v 1.135611 -0.422269 -2.460243
v 1.136809 -0.428537 -2.464797
v 1.137906 -0.428537 -2.784808
v 1.136739 -0.422269 -2.789371
v 1.135709 -0.416757 -2.793454
v 1.134187 -0.408625 -2.797447
v 1.131361 -0.393611 -2.801541
v 1.128235 -0.377008 -2.804842
v 1.180439 -0.371130 -2.444647
v 1.184338 -0.387649 -2.447925
v 1.187867 -0.402591 -2.451997
v 1.189785 -0.410681 -2.455978
v 1.191088 -0.416164 -2.460052
v 1.192572 -0.422401 -2.464607
v 1.193669 -0.422401 -2.784617
v 1.192216 -0.416164 -2.789181
v 1.190941 -0.410681 -2.793265
v 1.189050 -0.402591 -2.797259
v 1.185549 -0.387649 -2.801355
v 1.181673 -0.371130 -2.804659
v 1.233064 -0.364069 -2.444467
v 1.237718 -0.380489 -2.447742
v 1.241928 -0.395337 -2.451812
v 1.244215 -0.403378 -2.455791
v 1.245770 -0.408828 -2.459865
v 1.247538 -0.415028 -2.464418
v 1.248635 -0.415028 -2.784429
v 1.246898 -0.408828 -2.788994
v 1.245371 -0.403378 -2.793078
v 1.243111 -0.395337 -2.797073
v 1.238930 -0.380489 -2.801172
v 1.234298 -0.364069 -2.804479
v 1.284562 -0.355872 -2.444290
v 1.289988 -0.372167 -2.447563
v 1.294897 -0.386903 -2.451630
v 1.297562 -0.394887 -2.455608
v 1.299373 -0.400295 -2.459681
v 1.301435 -0.406446 -2.464233
v 1.302532 -0.406446 -2.784244
v 1.300501 -0.400295 -2.788810
v 1.298718 -0.394887 -2.792896
v 1.296080 -0.386903 -2.796892
v 1.291199 -0.372167 -2.800993
v 1.285796 -0.355872 -2.804302
v 1.334619 -0.346580 -2.444119
v 1.340847 -0.362727 -2.447388
v 1.346483 -0.377328 -2.451453
v 1.349543 -0.385239 -2.455430
v 1.351620 -0.390598 -2.459502
v 1.353982 -0.396694 -2.464053
v 1.355079 -0.396694 -2.784064
v 1.352748 -0.390598 -2.788631
v 1.350699 -0.385239 -2.792717
v 1.347667 -0.377328 -2.796715
v 1.342058 -0.362727 -2.800818
v 1.335853 -0.346580 -2.804131
v 1.382921 -0.336243 -2.443953
v 1.389996 -0.352208 -2.447220
v 1.396399 -0.366645 -2.451282
v 1.399872 -0.374468 -2.455257
v 1.402232 -0.379767 -2.459329
v 1.404913 -0.385793 -2.463879
v 1.406010 -0.385793 -2.783889
v 1.403360 -0.379767 -2.788458
v 1.401028 -0.374468 -2.792545
v 1.397582 -0.366645 -2.796544
v 1.391207 -0.352208 -2.800650
v 1.384155 -0.336243 -2.803965
v 1.429154 -0.324902 -2.443795
v 1.437137 -0.340647 -2.447058
v 1.444359 -0.354881 -2.451118
v 1.448280 -0.362595 -2.455091
v 1.450940 -0.367820 -2.459162
v 1.453965 -0.373764 -2.463711
v 1.455062 -0.373764 -2.783721
v 1.452068 -0.367820 -2.788291
v 1.449436 -0.362595 -2.792379
v 1.445543 -0.354884 -2.796379
v 1.438348 -0.340647 -2.800488
v 1.430388 -0.324902 -2.803807
v 1.473005 -0.312605 -2.443644
v 1.481974 -0.328074 -2.446905
v 1.490090 -0.342059 -2.450961
v 1.494491 -0.349637 -2.454933
v 1.497478 -0.354769 -2.459002
v 1.500876 -0.360609 -2.463550
v 1.501973 -0.360609 -2.783561
v 1.498606 -0.354769 -2.788131
v 1.495647 -0.349637 -2.792221
v 1.491273 -0.342059 -2.796223
v 1.483185 -0.328074 -2.800334
v 1.474239 -0.312605 -2.803656
v 1.514163 -0.299398 -2.443503
v 1.537434 -0.310276 -2.446715
v 1.558483 -0.320111 -2.450727
v 1.569892 -0.325438 -2.454675
v 1.577625 -0.329049 -2.458727
v 1.586423 -0.333154 -2.463256
v 1.587520 -0.333154 -2.783267
v 1.578753 -0.329049 -2.787857
v 1.571048 -0.325438 -2.791962
v 1.559667 -0.320111 -2.795988
v 1.538645 -0.310276 -2.800144
v 1.515397 -0.299398 -2.803515
v 1.514163 1.408690 -2.443503
v 1.537434 1.425444 -2.446714
v 1.558483 1.440596 -2.450727
v 1.569892 1.448801 -2.454675
v 1.577625 1.454362 -2.458727
v 1.586423 1.460687 -2.463256
v 1.587520 1.460687 -2.783267
v 1.578753 1.454362 -2.787856
v 1.571048 1.448801 -2.791962
v 1.559667 1.440596 -2.795988
v 1.538645 1.425444 -2.800144
v 1.515397 1.408690 -2.803515
v 1.192909 1.408690 -2.444604
v 1.169658 1.425444 -2.447975
v 1.148639 1.440596 -2.452131
v 1.137257 1.448801 -2.456157
v 1.129552 1.454362 -2.460263
v 1.120786 1.460687 -2.464852
v 1.121883 1.460687 -2.784863
v 1.130681 1.454362 -2.789392
v 1.138414 1.448801 -2.793445
v 1.149822 1.440596 -2.797393
v 1.170869 1.425444 -2.801405
v 1.194143 1.408690 -2.804616
v 1.192909 0.719735 -2.444604
v 1.169658 0.751503 -2.447975
v 1.148639 0.780231 -2.452131
v 1.137257 0.795793 -2.456158
v 1.129552 0.806336 -2.460263
v 1.120786 0.818329 -2.464852
v 1.121883 0.818329 -2.784863
v 1.130681 0.806336 -2.789392
v 1.138414 0.795793 -2.793445
v 1.149822 0.780231 -2.797393
v 1.170869 0.751503 -2.801405
v 1.194143 0.719735 -2.804616
v 1.168594 -0.138094 -2.444688
v 1.162436 -0.121939 -2.448000
v 1.156872 -0.107330 -2.452103
v 1.153862 -0.099417 -2.456101
v 1.151829 -0.094053 -2.460187
v 1.149515 -0.087954 -2.464754
v 1.150612 -0.087954 -2.784765
v 1.152957 -0.094053 -2.789316
v 1.155018 -0.099417 -2.793388
v 1.158055 -0.107330 -2.797365
v 1.163647 -0.121939 -2.801430
v 1.169828 -0.138094 -2.804700
v 1.142774 -0.142927 -2.444776
v 1.137216 -0.126660 -2.448087
v 1.132193 -0.111948 -2.452188
v 1.129477 -0.103979 -2.456184
v 1.127642 -0.098579 -2.460270
v 1.125556 -0.092439 -2.464836
v 1.126653 -0.092439 -2.784847
v 1.128770 -0.098579 -2.789399
v 1.130633 -0.103979 -2.793472
v 1.133377 -0.111948 -2.797449
v 1.138427 -0.126660 -2.801516
v 1.144009 -0.142927 -2.804788
v 1.115752 -0.147469 -2.444869
v 1.110733 -0.131111 -2.448177
v 1.106196 -0.116321 -2.452277
v 1.103744 -0.108308 -2.456273
v 1.102089 -0.102877 -2.460357
v 1.100203 -0.096702 -2.464923
v 1.101300 -0.096702 -2.784934
v 1.103217 -0.102877 -2.789486
v 1.104900 -0.108308 -2.793560
v 1.107379 -0.116321 -2.797539
v 1.111944 -0.131114 -2.801607
v 1.116987 -0.147469 -2.804881
v 1.087828 -0.151689 -2.444965
v 1.083305 -0.135255 -2.448271
v 1.079221 -0.120395 -2.452369
v 1.077013 -0.112346 -2.456364
v 1.075522 -0.106891 -2.460449
v 1.073825 -0.100688 -2.465014
v 1.074922 -0.100688 -2.785024
v 1.076651 -0.106891 -2.789577
v 1.078169 -0.112346 -2.793652
v 1.080404 -0.120395 -2.797631
v 1.084517 -0.135255 -2.801701
v 1.089062 -0.151689 -2.804977
v 1.059304 -0.155547 -2.445062
v 1.055256 -0.139048 -2.448367
v 1.051599 -0.124131 -2.452464
v 1.049625 -0.116048 -2.456458
v 1.048292 -0.110572 -2.460542
v 1.046775 -0.104346 -2.465106
v 1.047872 -0.104346 -2.785117
v 1.049420 -0.110572 -2.789671
v 1.050781 -0.116050 -2.793745
v 1.052783 -0.124131 -2.797726
v 1.056467 -0.139048 -2.801797
v 1.060538 -0.155547 -2.805074
v 1.030477 -0.159007 -2.445161
v 1.026898 -0.142454 -2.448465
v 1.023664 -0.127484 -2.452560
v 1.021920 -0.119375 -2.456553
v 1.020743 -0.113879 -2.460636
v 1.019403 -0.107632 -2.465200
v 1.020500 -0.107632 -2.785211
v 1.021871 -0.113879 -2.789765
v 1.023076 -0.119375 -2.793840
v 1.024847 -0.127484 -2.797822
v 1.028110 -0.142454 -2.801894
v 1.031711 -0.159007 -2.805173
v 1.001650 -0.162033 -2.445260
v 0.998546 -0.145431 -2.448562
v 0.995742 -0.130417 -2.452656
v 0.994231 -0.122282 -2.456648
v 0.993213 -0.116770 -2.460731
v 0.992051 -0.110502 -2.465294
v 0.993148 -0.110502 -2.785305
v 0.994341 -0.116770 -2.789860
v 0.995388 -0.122282 -2.793935
v 0.996926 -0.130417 -2.797917
v 0.999758 -0.145431 -2.801991
v 1.002885 -0.162033 -2.805272
v 0.973124 -0.164592 -2.445358
v 0.970519 -0.147942 -2.448658
v 0.968165 -0.132889 -2.452750
v 0.966896 -0.124734 -2.456742
v 0.966041 -0.119209 -2.460824
v 0.965068 -0.112923 -2.465386
v 0.966165 -0.112923 -2.785397
v 0.967169 -0.119209 -2.789953
v 0.968052 -0.124734 -2.794029
v 0.969348 -0.132889 -2.798012
v 0.971731 -0.147945 -2.802088
v 0.974358 -0.164592 -2.805370
v 0.945199 -0.166643 -2.445453
v 0.943131 -0.149957 -2.448752
v 0.941262 -0.134865 -2.452842
v 0.940257 -0.126691 -2.456833
v 0.939579 -0.121154 -2.460914
v 0.938809 -0.114852 -2.465476
v 0.939906 -0.114852 -2.785487
v 0.940708 -0.121154 -2.790043
v 0.941413 -0.126691 -2.794120
v 0.942446 -0.134865 -2.798104
v 0.944342 -0.149957 -2.802181
v 0.946433 -0.166643 -2.805465
v 0.918177 -0.168156 -2.445546
v 0.916706 -0.151434 -2.448842
v 0.915379 -0.136313 -2.452931
v 0.914668 -0.128121 -2.456921
v 0.914190 -0.122571 -2.461001
v 0.913645 -0.116258 -2.465563
v 0.914742 -0.116258 -2.785573
v 0.915318 -0.122571 -2.790130
v 0.915824 -0.128121 -2.794208
v 0.916562 -0.136313 -2.798193
v 0.917917 -0.151434 -2.802272
v 0.919411 -0.168156 -2.805558
v 0.892360 -0.169087 -2.445635
v 0.891578 -0.152341 -2.448928
v 0.890872 -0.137197 -2.453015
v 0.890497 -0.128995 -2.457003
v 0.890248 -0.123436 -2.461083
v 0.889963 -0.117114 -2.465644
v 0.891060 -0.117114 -2.785654
v 0.891376 -0.123436 -2.790213
v 0.891653 -0.128995 -2.794291
v 0.892056 -0.137197 -2.798277
v 0.892789 -0.152341 -2.802358
v 0.893594 -0.169087 -2.805647
v 0.868046 -0.169407 -2.445718
v 0.868590 -0.152643 -2.449007
v 0.869084 -0.137483 -2.453090
v 0.869359 -0.129273 -2.457076
v 0.869551 -0.123709 -2.461154
v 0.869766 -0.117379 -2.465713
v 0.870863 -0.117379 -2.785724
v 0.870679 -0.123709 -2.790283
v 0.870515 -0.129273 -2.794363
v 0.870268 -0.137483 -2.798351
v 0.869801 -0.152643 -2.802437
v 0.869280 -0.169407 -2.805730
v 0.797653 -0.166159 -2.445959
v 0.800691 -0.149510 -2.449240
v 0.803440 -0.134454 -2.453315
v 0.804933 -0.126299 -2.457297
v 0.805952 -0.120774 -2.461372
v 0.807109 -0.114488 -2.465928
v 0.808206 -0.114488 -2.785939
v 0.807081 -0.120774 -2.790502
v 0.806089 -0.126299 -2.794584
v 0.804623 -0.134454 -2.798576
v 0.801902 -0.149510 -2.802670
v 0.798887 -0.166159 -2.805971
v 0.731148 -0.156636 -2.446187
v 0.737251 -0.140426 -2.449457
v 0.742771 -0.125768 -2.453523
v 0.745769 -0.117829 -2.457500
v 0.747805 -0.112447 -2.461572
v 0.750119 -0.106330 -2.466123
v 0.751216 -0.106330 -2.786134
v 0.748933 -0.112447 -2.790701
v 0.746925 -0.117829 -2.794787
v 0.743954 -0.125768 -2.798784
v 0.738462 -0.140426 -2.802887
v 0.732382 -0.156636 -2.806199
v 0.668954 -0.141175 -2.446400
v 0.678078 -0.125716 -2.449660
v 0.686336 -0.111737 -2.453716
v 0.690815 -0.104166 -2.457688
v 0.693855 -0.099034 -2.461757
v 0.697311 -0.093200 -2.466304
v 0.698408 -0.093200 -2.786315
v 0.694983 -0.099037 -2.790886
v 0.691971 -0.104166 -2.794975
v 0.687520 -0.111737 -2.798978
v 0.679290 -0.125716 -2.803090
v 0.670188 -0.141175 -2.806412
v 0.611498 -0.120106 -2.446597
v 0.623507 -0.105706 -2.449847
v 0.634375 -0.092686 -2.453894
v 0.640266 -0.085630 -2.457861
v 0.644262 -0.080851 -2.461927
v 0.648809 -0.075415 -2.466470
v 0.649906 -0.075415 -2.786481
v 0.645390 -0.080851 -2.791056
v 0.641423 -0.085630 -2.795148
v 0.635558 -0.092686 -2.799156
v 0.624718 -0.105706 -2.803277
v 0.612732 -0.120106 -2.806609
v 0.559203 -0.093767 -2.446776
v 0.573869 -0.080703 -2.450017
v 0.587136 -0.068892 -2.454056
v 0.594330 -0.062494 -2.458019
v 0.599209 -0.058157 -2.462081
v 0.604755 -0.053225 -2.466621
v 0.605852 -0.053225 -2.786632
v 0.600337 -0.058157 -2.791210
v 0.595486 -0.062494 -2.795306
v 0.588320 -0.068892 -2.799318
v 0.575081 -0.080703 -2.803447
v 0.560437 -0.093767 -2.806789
v 0.512501 -0.062489 -2.446937
v 0.529519 -0.051000 -2.450169
v 0.544912 -0.040614 -2.454201
v 0.553256 -0.034985 -2.458159
v 0.558915 -0.031174 -2.462219
v 0.565353 -0.026837 -2.466756
v 0.566449 -0.026837 -2.786767
v 0.560043 -0.031174 -2.791348
v 0.554412 -0.034985 -2.795447
v 0.546096 -0.040614 -2.799462
v 0.530730 -0.051003 -2.803599
v 0.513735 -0.062489 -2.806949
v 0.471812 -0.026606 -2.447076
v 0.490827 -0.016880 -2.450302
v 0.508025 -0.008085 -2.454327
v 0.517349 -0.003319 -2.458282
v 0.523668 -0.000090 -2.462340
v 0.530859 0.003581 -2.466875
v 0.531956 0.003581 -2.786885
v 0.524796 -0.000090 -2.791469
v 0.518505 -0.003319 -2.795570
v 0.509208 -0.008085 -2.799589
v 0.492038 -0.016880 -2.803732
v 0.473046 -0.026606 -2.807088
v 0.437568 0.013544 -2.447193
v 0.458193 0.021382 -2.450414
v 0.476849 0.028472 -2.454434
v 0.486959 0.032309 -2.458387
v 0.493817 0.034911 -2.462442
v 0.501613 0.037870 -2.466975
v 0.502710 0.037870 -2.786986
v 0.494945 0.034911 -2.791571
v 0.488115 0.032309 -2.795674
v 0.478033 0.028469 -2.799696
v 0.459404 0.021382 -2.803844
v 0.438802 0.013544 -2.807205
v 0.410191 0.057631 -2.447287
v 0.432035 0.063507 -2.450504
v 0.451793 0.068818 -2.454520
v 0.462502 0.071697 -2.458471
v 0.469763 0.073646 -2.462525
v 0.478020 0.075864 -2.467056
v 0.479117 0.075864 -2.787066
v 0.470891 0.073646 -2.791654
v 0.463658 0.071697 -2.795758
v 0.452977 0.068818 -2.799782
v 0.433246 0.063507 -2.803933
v 0.411425 0.057631 -2.807299
v 0.390108 0.105320 -2.447356
v 0.412790 0.109209 -2.450570
v 0.433304 0.112724 -2.454583
v 0.444424 0.114627 -2.458532
v 0.451960 0.115920 -2.462586
v 0.460535 0.117386 -2.467116
v 0.461632 0.117386 -2.787126
v 0.453088 0.115920 -2.791715
v 0.445580 0.114627 -2.795820
v 0.434487 0.112724 -2.799845
v 0.414001 0.109209 -2.803999
v 0.391342 0.105320 -2.807368
v 0.377746 0.156277 -2.447398
v 0.400906 0.158198 -2.450610
v 0.421850 0.159932 -2.454623
v 0.433203 0.160873 -2.458571
v 0.440900 0.161510 -2.462624
v 0.449654 0.162236 -2.467153
v 0.450751 0.162236 -2.787164
v 0.442028 0.161510 -2.791753
v 0.434360 0.160873 -2.795858
v 0.423034 0.159932 -2.799884
v 0.402117 0.158198 -2.804040
v 0.378980 0.156277 -2.807410
v 0.373531 0.210169 -2.447413
v 0.396833 0.210267 -2.450624
v 0.417907 0.210356 -2.454636
v 0.429330 0.210405 -2.458584
v 0.437074 0.210436 -2.462637
v 0.445881 0.210475 -2.467166
v 0.446977 0.210475 -2.787177
v 0.438202 0.210436 -2.791766
v 0.430486 0.210405 -2.795871
v 0.419091 0.210356 -2.799898
v 0.398044 0.210267 -2.804054
v 0.374765 0.210169 -2.807425
v 0.377238 0.270084 -2.447400
v 0.400440 0.268545 -2.450612
v 0.421423 0.267152 -2.454624
v 0.432795 0.266398 -2.458572
v 0.440506 0.265888 -2.462625
v 0.449274 0.265306 -2.467154
v 0.450370 0.265306 -2.787165
v 0.441634 0.265888 -2.791754
v 0.433951 0.266398 -2.795860
v 0.422606 0.267152 -2.799886
v 0.401651 0.268545 -2.804042
v 0.378472 0.270084 -2.807412
v 0.388153 0.326163 -2.447363
v 0.411035 0.322983 -2.450576
v 0.431729 0.320110 -2.454589
v 0.442947 0.318553 -2.458538
v 0.450549 0.317497 -2.462591
v 0.459200 0.316299 -2.467120
v 0.460297 0.316299 -2.787131
v 0.451677 0.317497 -2.791720
v 0.444103 0.318553 -2.795825
v 0.432913 0.320110 -2.799850
v 0.412247 0.322983 -2.804005
v 0.389387 0.326163 -2.807375
v 0.405959 0.378141 -2.447302
v 0.428245 0.373222 -2.450516
v 0.448400 0.368771 -2.454532
v 0.459323 0.366361 -2.458481
v 0.466728 0.364726 -2.462535
v 0.475154 0.362870 -2.467066
v 0.476251 0.362870 -2.787076
v 0.467856 0.364726 -2.791664
v 0.460479 0.366361 -2.795769
v 0.449584 0.368771 -2.799793
v 0.429456 0.373222 -2.803946
v 0.407193 0.378141 -2.807314
v 0.430349 0.425762 -2.447218
v 0.451696 0.419013 -2.450436
v 0.471004 0.412909 -2.454454
v 0.481469 0.409602 -2.458405
v 0.488564 0.407361 -2.462460
v 0.496634 0.404813 -2.466992
v 0.497731 0.404813 -2.787003
v 0.489692 0.407361 -2.791589
v 0.482625 0.409602 -2.795693
v 0.472188 0.412909 -2.799716
v 0.452907 0.419013 -2.803866
v 0.431583 0.425762 -2.807230
v 0.461003 0.468761 -2.447113
v 0.481011 0.460132 -2.450336
v 0.499107 0.452327 -2.454358
v 0.508916 0.448100 -2.458311
v 0.515566 0.445238 -2.462368
v 0.523131 0.441980 -2.466901
v 0.524228 0.441980 -2.786912
v 0.516694 0.445238 -2.791497
v 0.510072 0.448100 -2.795599
v 0.500290 0.452327 -2.799619
v 0.482223 0.460132 -2.803766
v 0.462237 0.468761 -2.807125
v 0.497610 0.506874 -2.446988
v 0.515822 0.496376 -2.450216
v 0.532295 0.486882 -2.454244
v 0.541225 0.481739 -2.458201
v 0.547278 0.478255 -2.462259
v 0.554166 0.474291 -2.466795
v 0.555262 0.474291 -2.786805
v 0.548406 0.478255 -2.791388
v 0.542381 0.481739 -2.795488
v 0.533479 0.486882 -2.799506
v 0.517033 0.496376 -2.803646
v 0.498844 0.506874 -2.807000
v 0.539859 0.539843 -2.446843
v 0.555794 0.527566 -2.450079
v 0.570204 0.516465 -2.454114
v 0.578020 0.510452 -2.458075
v 0.583318 0.506378 -2.462136
v 0.589345 0.501742 -2.466674
v 0.590442 0.501742 -2.786685
v 0.584446 0.506378 -2.791265
v 0.579176 0.510452 -2.795362
v 0.571388 0.516465 -2.799376
v 0.557005 0.527566 -2.803509
v 0.541093 0.539843 -2.806855
v 0.587433 0.567404 -2.446680
v 0.600630 0.553544 -2.449926
v 0.612570 0.541010 -2.453969
v 0.619042 0.534219 -2.457934
v 0.623435 0.529618 -2.461998
v 0.628429 0.524384 -2.466540
v 0.629526 0.524384 -2.786551
v 0.624563 0.529618 -2.791127
v 0.620198 0.534219 -2.795221
v 0.613753 0.541010 -2.799231
v 0.601842 0.553544 -2.803355
v 0.588667 0.567404 -2.806692
v 0.640019 0.589297 -2.446499
v 0.650107 0.574140 -2.449756
v 0.659234 0.560436 -2.453809
v 0.664184 0.553011 -2.457779
v 0.667541 0.547980 -2.461847
v 0.671361 0.542258 -2.466393
v 0.672458 0.542258 -2.786404
v 0.668669 0.547980 -2.790976
v 0.665340 0.553011 -2.795066
v 0.660417 0.560436 -2.799071
v 0.651318 0.574140 -2.803186
v 0.641253 0.589297 -2.806512
v 0.697309 0.605260 -2.446303
v 0.704054 0.589172 -2.449571
v 0.710154 0.574623 -2.453635
v 0.713466 0.566743 -2.457610
v 0.715715 0.561403 -2.461682
v 0.718274 0.555330 -2.466232
v 0.719371 0.555330 -2.786243
v 0.716843 0.561403 -2.790811
v 0.714622 0.566743 -2.794898
v 0.711337 0.574623 -2.798896
v 0.705265 0.589172 -2.803001
v 0.698543 0.605260 -2.806315
v 0.758983 0.615027 -2.446092
v 0.762321 0.598401 -2.449371
v 0.765345 0.583364 -2.453445
v 0.766988 0.575221 -2.457427
v 0.768107 0.569702 -2.461502
v 0.769381 0.563423 -2.466057
v 0.770477 0.563423 -2.786068
v 0.769235 0.569702 -2.790631
v 0.768144 0.575221 -2.794714
v 0.766528 0.583364 -2.798707
v 0.763532 0.598401 -2.802801
v 0.760217 0.615027 -2.806104
v 0.824730 0.618342 -2.445866
v 0.825225 0.601571 -2.449156
v 0.825678 0.586406 -2.453238
v 0.825930 0.578190 -2.457225
v 0.826105 0.572627 -2.461303
v 0.826304 0.566294 -2.465862
v 0.827401 0.566294 -2.785872
v 0.827233 0.572627 -2.790432
v 0.827086 0.578190 -2.794512
v 0.826861 0.586406 -2.798500
v 0.826436 0.601571 -2.802586
v 0.825964 0.618342 -2.805878
v 0.857411 0.617676 -2.445754
v 0.856040 0.600944 -2.449050
v 0.854807 0.585813 -2.453139
v 0.854143 0.577618 -2.457128
v 0.853699 0.572065 -2.461209
v 0.853193 0.565747 -2.465770
v 0.854290 0.565747 -2.785780
v 0.854827 0.572065 -2.790338
v 0.855299 0.577618 -2.794415
v 0.855990 0.585813 -2.798400
v 0.857251 0.600944 -2.802480
v 0.858645 0.617676 -2.805766
v 0.888851 0.615623 -2.445647
v 0.885958 0.598989 -2.448948
v 0.883345 0.583949 -2.453041
v 0.881934 0.575801 -2.457033
v 0.880985 0.570282 -2.461115
v 0.879904 0.564000 -2.465678
v 0.881000 0.564000 -2.785689
v 0.882113 0.570282 -2.790244
v 0.883090 0.575801 -2.794320
v 0.884528 0.583949 -2.798302
v 0.887169 0.598989 -2.802377
v 0.890085 0.615623 -2.805659
v 0.919313 0.612087 -2.445542
v 0.914771 0.595646 -2.448849
v 0.910667 0.580777 -2.452947
v 0.908451 0.572723 -2.456942
v 0.906954 0.567266 -2.461026
v 0.905251 0.561060 -2.465591
v 0.906348 0.561060 -2.785602
v 0.908083 0.567266 -2.790155
v 0.909607 0.572723 -2.794229
v 0.911850 0.580777 -2.798209
v 0.915982 0.595646 -2.802279
v 0.920547 0.612087 -2.805554
v 0.949061 0.606981 -2.445440
v 0.942814 0.590831 -2.448753
v 0.937170 0.576227 -2.452856
v 0.934118 0.568316 -2.456854
v 0.932055 0.562958 -2.460940
v 0.929711 0.556861 -2.465508
v 0.930807 0.556861 -2.785518
v 0.933183 0.562958 -2.790069
v 0.935274 0.568316 -2.794141
v 0.938353 0.576227 -2.798118
v 0.944026 0.590831 -2.802183
v 0.950296 0.606981 -2.805452
v 0.978357 0.600213 -2.445340
v 0.970428 0.584453 -2.448658
v 0.963261 0.570201 -2.452767
v 0.959385 0.562482 -2.456767
v 0.956761 0.557251 -2.460855
v 0.953781 0.551300 -2.465425
v 0.954878 0.551300 -2.785436
v 0.957889 0.557251 -2.789984
v 0.960541 0.562482 -2.794055
v 0.964445 0.570201 -2.798028
v 0.971639 0.584453 -2.802088
v 0.979592 0.600213 -2.805352
v 1.007465 0.591694 -2.445240
v 0.997944 0.576399 -2.448564
v 0.989339 0.562571 -2.452677
v 0.984683 0.555078 -2.456681
v 0.981534 0.550000 -2.460771
v 0.977951 0.544226 -2.465342
v 0.979048 0.544226 -2.785353
v 0.982662 0.550000 -2.789900
v 0.985839 0.555078 -2.793968
v 0.990523 0.562571 -2.797939
v 0.999155 0.576399 -2.801994
v 1.008699 0.591694 -2.805252
v 1.036650 0.581334 -2.445140
v 1.025685 0.566551 -2.448469
v 1.015775 0.553185 -2.452587
v 1.010414 0.545942 -2.456592
v 1.006785 0.541036 -2.460684
v 1.002658 0.535457 -2.465257
v 1.003754 0.535457 -2.785268
v 1.007913 0.541036 -2.789813
v 1.011570 0.545942 -2.793880
v 1.016959 0.553185 -2.797848
v 1.026896 0.566551 -2.801898
v 1.037884 0.581334 -2.805152
v 1.066171 0.569042 -2.445039
v 1.053948 0.554784 -2.448372
v 1.042894 0.541892 -2.452494
v 1.036916 0.534908 -2.456501
v 1.032868 0.530177 -2.460595
v 1.028263 0.524795 -2.465170
v 1.029360 0.524795 -2.785180
v 1.033996 0.530177 -2.789724
v 1.038072 0.534908 -2.793789
v 1.044078 0.541892 -2.797755
v 1.055160 0.554784 -2.801802
v 1.067405 0.569042 -2.805051
v 1.096297 0.554727 -2.444936
v 1.083000 0.540979 -2.448272
v 1.070980 0.528547 -2.452398
v 1.064474 0.521813 -2.456407
v 1.060073 0.517250 -2.460501
v 1.055063 0.512058 -2.465078
v 1.056160 0.512058 -2.785089
v 1.061201 0.517250 -2.789630
v 1.065630 0.521813 -2.793694
v 1.072163 0.528547 -2.797659
v 1.084211 0.540979 -2.801702
v 1.097531 0.554727 -2.804948
v 1.127284 0.538301 -2.444829
v 1.113101 0.525024 -2.448169
v 1.100276 0.513018 -2.452297
v 1.093337 0.506513 -2.456308
v 1.088639 0.502106 -2.460403
v 1.083296 0.497094 -2.464981
v 1.084393 0.497094 -2.784992
v 1.089767 0.502106 -2.789532
v 1.094493 0.506513 -2.793596
v 1.101460 0.513018 -2.797559
v 1.114312 0.525024 -2.801599
v 1.128518 0.538301 -2.804841
v 1.159401 0.519671 -2.444719
v 1.144493 0.506815 -2.448061
v 1.131019 0.495185 -2.452192
v 1.123724 0.488889 -2.456204
v 1.118787 0.484620 -2.460300
v 1.113169 0.479766 -2.464879
v 1.114266 0.479766 -2.784889
v 1.119916 0.484620 -2.789429
v 1.124880 0.488889 -2.793491
v 1.132202 0.495185 -2.797453
v 1.145705 0.506815 -2.801491
v 1.160635 0.519671 -2.804731
v 1.192909 0.498750 -2.444604
v 1.169658 0.491101 -2.447975
v 1.148639 0.484183 -2.452132
v 1.137257 0.480437 -2.456158
v 1.129552 0.477899 -2.460263
v 1.120786 0.475011 -2.464853
v 1.121883 0.475011 -2.784863
v 1.130681 0.477899 -2.789392
v 1.138414 0.480437 -2.793445
v 1.149822 0.484183 -2.797393
v 1.170869 0.491101 -2.801405
v 1.194143 0.498750 -2.804616
v 1.192909 -0.133009 -2.444604
v 1.169658 -0.120428 -2.447975
v 1.148639 -0.109052 -2.452132
v 1.137257 -0.102887 -2.456158
v 1.129552 -0.098712 -2.460263
v 1.120786 -0.093962 -2.464853
v 1.121883 -0.093962 -2.784863
v 1.130681 -0.098712 -2.789392
v 1.138414 -0.102887 -2.793445
v 1.149822 -0.109052 -2.797393
v 1.170869 -0.120428 -2.801405
v 1.194143 -0.133009 -2.804616
v -0.312292 -0.364394 -2.449764
v -0.289021 -0.381147 -2.452975
v -0.267971 -0.396299 -2.456987
v -0.256562 -0.404504 -2.460935
v -0.248829 -0.410065 -2.464988
v -0.240031 -0.416391 -2.469517
v -0.238934 -0.416390 -2.789528
v -0.247701 -0.410065 -2.794117
v -0.255406 -0.404504 -2.798223
v -0.266788 -0.396299 -2.802249
v -0.287809 -0.381147 -2.806405
v -0.311058 -0.364394 -2.809776
v -0.312292 0.802930 -2.449764
v -0.289021 0.819683 -2.452975
v -0.267971 0.834835 -2.456987
v -0.256562 0.843040 -2.460935
v -0.248829 0.848601 -2.464988
v -0.240031 0.854927 -2.469517
v -0.238934 0.854927 -2.789528
v -0.247701 0.848601 -2.794117
v -0.255406 0.843040 -2.798223
v -0.266788 0.834835 -2.802249
v -0.287809 0.819683 -2.806405
v -0.311058 0.802930 -2.809776
v -0.633545 0.802930 -2.450865
v -0.656797 0.819683 -2.454236
v -0.677815 0.834835 -2.458392
v -0.689197 0.843040 -2.462418
v -0.696902 0.848601 -2.466524
v -0.705669 0.854927 -2.471113
v -0.704572 0.854927 -2.791124
v -0.695774 0.848601 -2.795653
v -0.688041 0.843040 -2.799705
v -0.676632 0.834835 -2.803653
v -0.655585 0.819683 -2.807666
v -0.632311 0.802930 -2.810877
v -0.633545 -0.364394 -2.450865
v -0.656797 -0.381147 -2.454236
v -0.677815 -0.396299 -2.458392
v -0.689197 -0.404504 -2.462418
v -0.696902 -0.410065 -2.466524
v -0.705669 -0.416391 -2.471113
v -0.704572 -0.416390 -2.791124
v -0.695774 -0.410065 -2.795653
v -0.688041 -0.404504 -2.799706
v -0.676632 -0.396299 -2.803653
v -0.655585 -0.381147 -2.807666
v -0.632311 -0.364394 -2.810877
v -0.448970 1.019987 -2.450232
v -0.445785 1.003351 -2.453512
v -0.442903 0.988306 -2.457587
v -0.441337 0.980158 -2.461568
v -0.440271 0.974636 -2.465644
v -0.439056 0.968355 -2.470199
v -0.437959 0.968355 -2.790210
v -0.439143 0.974636 -2.794773
v -0.440181 0.980158 -2.798856
v -0.441720 0.988306 -2.802848
v -0.444574 1.003351 -2.806942
v -0.447736 1.019987 -2.810244
v -0.424206 1.023687 -2.450147
v -0.417950 1.007511 -2.453417
v -0.412288 0.992881 -2.457482
v -0.409215 0.984957 -2.461458
v -0.407126 0.979586 -2.465530
v -0.404754 0.973479 -2.470082
v -0.403657 0.973479 -2.790092
v -0.405998 0.979586 -2.794659
v -0.408058 0.984957 -2.798746
v -0.411105 0.992881 -2.802743
v -0.416738 1.007511 -2.806847
v -0.422972 1.023687 -2.810159
v -0.400671 1.029643 -2.450067
v -0.391514 1.014200 -2.453326
v -0.383231 1.000234 -2.457382
v -0.378738 0.992668 -2.461354
v -0.375690 0.987544 -2.465423
v -0.372220 0.981713 -2.469970
v -0.371123 0.981713 -2.789981
v -0.374562 0.987544 -2.794552
v -0.377582 0.992668 -2.798641
v -0.382047 1.000234 -2.802644
v -0.390302 1.014200 -2.806756
v -0.399437 1.029643 -2.810079
v -0.378603 1.037684 -2.449991
v -0.366760 1.023219 -2.453242
v -0.356048 1.010139 -2.457289
v -0.350239 1.003055 -2.461256
v -0.346299 0.998253 -2.465322
v -0.341816 0.992793 -2.469866
v -0.340719 0.992793 -2.789876
v -0.345171 0.998253 -2.794451
v -0.349083 1.003055 -2.798543
v -0.354864 1.010139 -2.802551
v -0.365549 1.023219 -2.806671
v -0.377369 1.037684 -2.810003
v -0.358236 1.047642 -2.449921
v -0.343945 1.034372 -2.453163
v -0.331019 1.022377 -2.457203
v -0.324009 1.015877 -2.461166
v -0.319258 1.011473 -2.465229
v -0.313850 1.006463 -2.469770
v -0.312753 1.006463 -2.789781
v -0.318130 1.011473 -2.794358
v -0.322853 1.015877 -2.798454
v -0.329836 1.022377 -2.802465
v -0.342733 1.034372 -2.806593
v -0.357002 1.047642 -2.809933
v -0.339816 1.059338 -2.449858
v -0.323323 1.047467 -2.453093
v -0.308407 1.036736 -2.457126
v -0.300319 1.030920 -2.461085
v -0.294835 1.026981 -2.465146
v -0.288597 1.022499 -2.469683
v -0.287500 1.022499 -2.789694
v -0.293707 1.026981 -2.794275
v -0.299163 1.030920 -2.798373
v -0.307223 1.036736 -2.802387
v -0.322111 1.047467 -2.806522
v -0.338582 1.059338 -2.809870
v -0.323573 1.072608 -2.449802
v -0.305142 1.062323 -2.453030
v -0.288471 1.053021 -2.457057
v -0.279433 1.047982 -2.461014
v -0.273305 1.044569 -2.465072
v -0.266337 1.040687 -2.469607
v -0.265240 1.040687 -2.789618
v -0.272177 1.044569 -2.794201
v -0.278277 1.047982 -2.798301
v -0.287287 1.053021 -2.802319
v -0.303930 1.062323 -2.806460
v -0.322339 1.072608 -2.809814
v -0.309751 1.087274 -2.449755
v -0.289656 1.078754 -2.452977
v -0.271483 1.071048 -2.456999
v -0.261632 1.066875 -2.460953
v -0.254952 1.064047 -2.465009
v -0.247353 1.060831 -2.469542
v -0.246256 1.060831 -2.789553
v -0.253823 1.064047 -2.794138
v -0.260476 1.066875 -2.798240
v -0.270300 1.071048 -2.802261
v -0.288445 1.078754 -2.806407
v -0.308517 1.087274 -2.809767
v -0.298586 1.103169 -2.449717
v -0.277134 1.096583 -2.452934
v -0.257731 1.090627 -2.456952
v -0.247213 1.087401 -2.460903
v -0.240083 1.085215 -2.464958
v -0.231971 1.082729 -2.469489
v -0.230874 1.082729 -2.789500
v -0.238955 1.085215 -2.794087
v -0.246057 1.087401 -2.798190
v -0.256547 1.090627 -2.802213
v -0.275922 1.096583 -2.806364
v -0.297352 1.103169 -2.809729
v -0.290317 1.120122 -2.449688
v -0.267846 1.115622 -2.452902
v -0.247521 1.111556 -2.456917
v -0.236504 1.109351 -2.460866
v -0.229035 1.107859 -2.464920
v -0.220539 1.106161 -2.469450
v -0.219442 1.106161 -2.789461
v -0.227907 1.107859 -2.794049
v -0.235348 1.109351 -2.798154
v -0.246338 1.111556 -2.802179
v -0.266635 1.115622 -2.806332
v -0.289083 1.120122 -2.809700
v -0.285181 1.137957 -2.449671
v -0.262071 1.135672 -2.452883
v -0.241171 1.133608 -2.456895
v -0.229840 1.132487 -2.460844
v -0.222160 1.131731 -2.464896
v -0.213426 1.130867 -2.469426
v -0.212329 1.130867 -2.789436
v -0.221032 1.131731 -2.794025
v -0.228684 1.132487 -2.798131
v -0.239988 1.133608 -2.802157
v -0.260859 1.135672 -2.806313
v -0.283947 1.137957 -2.809683
v -0.283415 1.156507 -2.449665
v -0.260088 1.156507 -2.452876
v -0.238991 1.156507 -2.456888
v -0.227555 1.156507 -2.460836
v -0.219802 1.156507 -2.464888
v -0.210985 1.156507 -2.469417
v -0.209888 1.156507 -2.789428
v -0.218674 1.156507 -2.794017
v -0.226399 1.156507 -2.798123
v -0.237808 1.156507 -2.802149
v -0.258877 1.156507 -2.806306
v -0.282181 1.156507 -2.809677
v -0.285181 1.175057 -2.449671
v -0.262071 1.177342 -2.452883
v -0.241171 1.179406 -2.456895
v -0.229840 1.180527 -2.460844
v -0.222160 1.181283 -2.464896
v -0.213426 1.182147 -2.469426
v -0.212329 1.182147 -2.789436
v -0.221032 1.181283 -2.794025
v -0.228684 1.180527 -2.798131
v -0.239988 1.179406 -2.802157
v -0.260859 1.177342 -2.806313
v -0.283947 1.175057 -2.809683
v -0.290317 1.192892 -2.449688
v -0.267846 1.197392 -2.452902
v -0.247521 1.201458 -2.456917
v -0.236504 1.203663 -2.460866
v -0.229035 1.205155 -2.464920
v -0.220539 1.206853 -2.469450
v -0.219442 1.206853 -2.789461
v -0.227907 1.205155 -2.794049
v -0.235348 1.203663 -2.798154
v -0.246338 1.201458 -2.802179
v -0.266635 1.197392 -2.806332
v -0.289083 1.192892 -2.809700
v -0.298586 1.209845 -2.449717
v -0.277134 1.216430 -2.452934
v -0.257731 1.222387 -2.456952
v -0.247213 1.225613 -2.460903
v -0.240083 1.227800 -2.464958
v -0.231971 1.230285 -2.469489
v -0.230874 1.230285 -2.789500
v -0.238955 1.227800 -2.794087
v -0.246057 1.225613 -2.798190
v -0.256547 1.222387 -2.802213
v -0.275922 1.216430 -2.806364
v -0.297352 1.209845 -2.809729
v -0.309751 1.225741 -2.449755
v -0.289656 1.234260 -2.452977
v -0.271483 1.241966 -2.456999
v -0.261632 1.246139 -2.460953
v -0.254952 1.248967 -2.465009
v -0.247353 1.252183 -2.469542
v -0.246256 1.252183 -2.789553
v -0.253823 1.248967 -2.794138
v -0.260476 1.246139 -2.798240
v -0.270300 1.241966 -2.802261
v -0.288445 1.234260 -2.806407
v -0.308517 1.225741 -2.809767
v -0.323573 1.240406 -2.449802
v -0.305142 1.250691 -2.453030
v -0.288471 1.259993 -2.457057
v -0.279433 1.265032 -2.461014
v -0.273305 1.268445 -2.465072
v -0.266337 1.272327 -2.469607
v -0.265240 1.272327 -2.789618
v -0.272177 1.268445 -2.794201
v -0.278277 1.265032 -2.798301
v -0.287287 1.259993 -2.802319
v -0.303930 1.250691 -2.806460
v -0.322339 1.240406 -2.809814
v -0.339816 1.253676 -2.449858
v -0.323323 1.265547 -2.453093
v -0.308407 1.276279 -2.457126
v -0.300319 1.282094 -2.461085
v -0.294835 1.286033 -2.465146
v -0.288597 1.290515 -2.469683
v -0.287500 1.290515 -2.789694
v -0.293707 1.286033 -2.794275
v -0.299163 1.282094 -2.798372
v -0.307223 1.276279 -2.802387
v -0.322111 1.265547 -2.806522
v -0.338582 1.253676 -2.809870
v -0.358236 1.265373 -2.449921
v -0.343945 1.278642 -2.453163
v -0.331019 1.290637 -2.457203
v -0.324009 1.297137 -2.461166
v -0.319258 1.301541 -2.465229
v -0.313850 1.306551 -2.469770
v -0.312753 1.306551 -2.789781
v -0.318130 1.301541 -2.794358
v -0.322853 1.297137 -2.798454
v -0.329836 1.290637 -2.802465
v -0.342733 1.278642 -2.806593
v -0.357002 1.265373 -2.809933
v -0.378603 1.275330 -2.449991
v -0.366760 1.289793 -2.453241
v -0.356048 1.302875 -2.457289
v -0.350239 1.309959 -2.461256
v -0.346299 1.314761 -2.465322
v -0.341816 1.320221 -2.469866
v -0.340719 1.320221 -2.789876
v -0.345171 1.314761 -2.794451
v -0.349083 1.309959 -2.798543
v -0.354864 1.302875 -2.802551
v -0.365549 1.289793 -2.806671
v -0.377369 1.275330 -2.810003
v -0.400671 1.283371 -2.450067
v -0.391514 1.298814 -2.453326
v -0.383231 1.312780 -2.457382
v -0.378738 1.320346 -2.461354
v -0.375690 1.325470 -2.465423
v -0.372220 1.331301 -2.469970
v -0.371123 1.331301 -2.789981
v -0.374562 1.325470 -2.794552
v -0.377582 1.320346 -2.798641
v -0.382047 1.312780 -2.802644
v -0.390302 1.298814 -2.806756
v -0.399437 1.283371 -2.810079
v -0.424206 1.289327 -2.450147
v -0.417950 1.305503 -2.453417
v -0.412288 1.320132 -2.457482
v -0.409215 1.328057 -2.461458
v -0.407126 1.333428 -2.465530
v -0.404754 1.339535 -2.470081
v -0.403657 1.339535 -2.790092
v -0.405998 1.333428 -2.794659
v -0.408058 1.328057 -2.798746
v -0.411105 1.320132 -2.802743
v -0.416738 1.305503 -2.806847
v -0.422972 1.289327 -2.810159
v -0.448970 1.293027 -2.450232
v -0.445785 1.309663 -2.453512
v -0.442903 1.324708 -2.457587
v -0.441337 1.332856 -2.461568
v -0.440271 1.338378 -2.465644
v -0.439056 1.344659 -2.470199
v -0.437959 1.344659 -2.790210
v -0.439143 1.338378 -2.794773
v -0.440181 1.332856 -2.798856
v -0.441720 1.324708 -2.802848
v -0.444574 1.309663 -2.806942
v -0.447736 1.293027 -2.810244
v -0.474723 1.294298 -2.450320
v -0.474712 1.311090 -2.453611
v -0.474698 1.326276 -2.457696
v -0.474684 1.334502 -2.461683
v -0.474670 1.340076 -2.465762
v -0.474655 1.346417 -2.470321
v -0.473558 1.346417 -2.790332
v -0.473542 1.340076 -2.794891
v -0.473528 1.334502 -2.798970
v -0.473515 1.326276 -2.802957
v -0.473501 1.311090 -2.807041
v -0.473489 1.294298 -2.810333
v -0.500476 1.293027 -2.450409
v -0.503639 1.309663 -2.453711
v -0.506493 1.324708 -2.457805
v -0.508031 1.332856 -2.461797
v -0.509072 1.338378 -2.465880
v -0.510254 1.344659 -2.470443
v -0.509157 1.344659 -2.790454
v -0.507944 1.338378 -2.795009
v -0.506875 1.332856 -2.799084
v -0.505309 1.324708 -2.803066
v -0.502427 1.309663 -2.807140
v -0.499242 1.293027 -2.810421
v -0.525241 1.289327 -2.450494
v -0.531474 1.305506 -2.453806
v -0.537108 1.320132 -2.457910
v -0.540154 1.328059 -2.461907
v -0.542214 1.333428 -2.465993
v -0.544556 1.339535 -2.470561
v -0.543459 1.339535 -2.790571
v -0.541086 1.333428 -2.795122
v -0.538998 1.328059 -2.799194
v -0.535924 1.320132 -2.803171
v -0.530263 1.305506 -2.807236
v -0.524007 1.289327 -2.810506
v -0.548775 1.283371 -2.450574
v -0.557910 1.298814 -2.453897
v -0.566165 1.312780 -2.458009
v -0.570633 1.320346 -2.462012
v -0.573654 1.325470 -2.466101
v -0.577089 1.331301 -2.470672
v -0.575993 1.331301 -2.790683
v -0.572526 1.325470 -2.795230
v -0.569477 1.320346 -2.799299
v -0.564982 1.312780 -2.803271
v -0.556699 1.298814 -2.807327
v -0.547541 1.283371 -2.810586
v -0.570847 1.275330 -2.450650
v -0.582664 1.289795 -2.453981
v -0.593348 1.302875 -2.458102
v -0.599129 1.309959 -2.462109
v -0.603044 1.314761 -2.466202
v -0.607493 1.320224 -2.470776
v -0.606396 1.320224 -2.790787
v -0.601916 1.314761 -2.795331
v -0.597973 1.309959 -2.799397
v -0.592165 1.302875 -2.803364
v -0.581452 1.289795 -2.807411
v -0.569613 1.275330 -2.810662
v -0.591210 1.265375 -2.450720
v -0.605479 1.278642 -2.454060
v -0.618376 1.290640 -2.458188
v -0.625360 1.297137 -2.462199
v -0.630086 1.301541 -2.466295
v -0.635459 1.306551 -2.470872
v -0.634362 1.306551 -2.790883
v -0.628957 1.301541 -2.795424
v -0.624204 1.297137 -2.799487
v -0.617193 1.290640 -2.803450
v -0.604268 1.278642 -2.807490
v -0.589976 1.265375 -2.810732
v -0.609633 1.253676 -2.450783
v -0.626101 1.265547 -2.454130
v -0.640989 1.276281 -2.458266
v -0.649050 1.282094 -2.462281
v -0.654506 1.286033 -2.466378
v -0.660713 1.290515 -2.470959
v -0.659616 1.290515 -2.790970
v -0.653378 1.286033 -2.795507
v -0.647894 1.282094 -2.799568
v -0.639806 1.276281 -2.803527
v -0.624890 1.265547 -2.807560
v -0.608399 1.253676 -2.810795
v -0.625874 1.240406 -2.450839
v -0.644282 1.250694 -2.454193
v -0.660925 1.259993 -2.458334
v -0.669936 1.265032 -2.462352
v -0.676036 1.268445 -2.466452
v -0.682975 1.272327 -2.471035
v -0.681879 1.272327 -2.791046
v -0.674908 1.268445 -2.795581
v -0.668779 1.265032 -2.799639
v -0.659742 1.259993 -2.803596
v -0.643071 1.250694 -2.807622
v -0.624640 1.240406 -2.810851
v -0.639696 1.225741 -2.450886
v -0.659767 1.234260 -2.454246
v -0.677915 1.241966 -2.458392
v -0.687739 1.246139 -2.462413
v -0.694389 1.248967 -2.466515
v -0.701956 1.252186 -2.471100
v -0.700859 1.252186 -2.791111
v -0.693261 1.248967 -2.795644
v -0.686583 1.246139 -2.799700
v -0.676732 1.241966 -2.803654
v -0.658556 1.234260 -2.807676
v -0.638462 1.225741 -2.810898
v -0.650860 1.209845 -2.450924
v -0.672290 1.216430 -2.454289
v -0.691668 1.222387 -2.458439
v -0.702155 1.225613 -2.462462
v -0.709258 1.227800 -2.466566
v -0.717339 1.230288 -2.471153
v -0.716242 1.230288 -2.791164
v -0.708130 1.227800 -2.795695
v -0.700999 1.225613 -2.799750
v -0.690484 1.222387 -2.803701
v -0.671079 1.216430 -2.807719
v -0.649626 1.209845 -2.810936
v -0.659129 1.192892 -2.450953
v -0.681580 1.197392 -2.454321
v -0.701877 1.201458 -2.458474
v -0.712865 1.203663 -2.462499
v -0.720306 1.205155 -2.466604
v -0.728770 1.206853 -2.471192
v -0.727673 1.206853 -2.791203
v -0.719178 1.205155 -2.795733
v -0.711709 1.203663 -2.799787
v -0.700694 1.201458 -2.803736
v -0.680369 1.197392 -2.807750
v -0.657895 1.192892 -2.810965
v -0.664266 1.175057 -2.450970
v -0.687353 1.177342 -2.454340
v -0.708227 1.179406 -2.458496
v -0.719529 1.180527 -2.462522
v -0.727181 1.181286 -2.466627
v -0.735884 1.182147 -2.471216
v -0.734787 1.182147 -2.791227
v -0.726053 1.181286 -2.795756
v -0.718372 1.180527 -2.799809
v -0.707044 1.179406 -2.803758
v -0.686142 1.177342 -2.807770
v -0.663032 1.175057 -2.810982
v -0.666032 1.156507 -2.450976
v -0.689336 1.156507 -2.454347
v -0.710407 1.156507 -2.458503
v -0.721814 1.156507 -2.462530
v -0.729538 1.156507 -2.466635
v -0.738324 1.156507 -2.471225
v -0.737227 1.156507 -2.791235
v -0.728410 1.156507 -2.795764
v -0.720658 1.156507 -2.799817
v -0.709224 1.156507 -2.803765
v -0.688124 1.156507 -2.807777
v -0.664798 1.156507 -2.810988
v -0.664266 1.137957 -2.450970
v -0.687353 1.135672 -2.454340
v -0.708227 1.133608 -2.458496
v -0.719529 1.132487 -2.462522
v -0.727181 1.131731 -2.466627
v -0.735884 1.130867 -2.471216
v -0.734787 1.130867 -2.791227
v -0.726053 1.131731 -2.795756
v -0.718372 1.132487 -2.799809
v -0.707044 1.133608 -2.803758
v -0.686142 1.135672 -2.807770
v -0.663032 1.137957 -2.810982
v -0.659129 1.120122 -2.450953
v -0.681580 1.115622 -2.454321
v -0.701877 1.111556 -2.458474
v -0.712865 1.109351 -2.462499
v -0.720306 1.107859 -2.466604
v -0.728770 1.106161 -2.471192
v -0.727673 1.106161 -2.791203
v -0.719178 1.107859 -2.795733
v -0.711709 1.109351 -2.799787
v -0.700694 1.111556 -2.803736
v -0.680369 1.115622 -2.807750
v -0.657895 1.120122 -2.810965
v -0.650860 1.103169 -2.450924
v -0.672290 1.096583 -2.454289
v -0.691668 1.090627 -2.458439
v -0.702155 1.087401 -2.462462
v -0.709258 1.085215 -2.466566
v -0.717339 1.082729 -2.471153
v -0.716242 1.082729 -2.791164
v -0.708130 1.085215 -2.795695
v -0.700999 1.087401 -2.799750
v -0.690484 1.090627 -2.803701
v -0.671079 1.096583 -2.807719
v -0.649626 1.103169 -2.810936
v -0.639696 1.087274 -2.450886
v -0.659767 1.078754 -2.454246
v -0.677915 1.071048 -2.458392
v -0.687739 1.066875 -2.462413
v -0.694389 1.064047 -2.466515
v -0.701956 1.060831 -2.471100
v -0.700859 1.060831 -2.791111
v -0.693261 1.064047 -2.795644
v -0.686583 1.066875 -2.799700
v -0.676732 1.071048 -2.803654
v -0.658556 1.078754 -2.807676
v -0.638462 1.087274 -2.810898
v -0.625874 1.072608 -2.450839
v -0.644282 1.062323 -2.454193
v -0.660925 1.053021 -2.458334
v -0.669936 1.047982 -2.462352
v -0.676036 1.044569 -2.466452
v -0.682975 1.040687 -2.471035
v -0.681879 1.040687 -2.791046
v -0.674908 1.044569 -2.795581
v -0.668779 1.047982 -2.799639
v -0.659742 1.053021 -2.803596
v -0.643071 1.062323 -2.807623
v -0.624640 1.072608 -2.810851
v -0.609633 1.059338 -2.450783
v -0.626101 1.047467 -2.454130
v -0.640989 1.036736 -2.458266
v -0.649050 1.030920 -2.462281
v -0.654506 1.026981 -2.466378
v -0.660713 1.022499 -2.470959
v -0.659616 1.022499 -2.790970
v -0.653378 1.026981 -2.795507
v -0.647894 1.030920 -2.799568
v -0.639806 1.036736 -2.803527
v -0.624890 1.047467 -2.807560
v -0.608399 1.059338 -2.810795
v -0.591210 1.047642 -2.450720
v -0.605479 1.034372 -2.454060
v -0.618379 1.022377 -2.458188
v -0.625360 1.015877 -2.462199
v -0.630086 1.011473 -2.466295
v -0.635459 1.006463 -2.470872
v -0.634362 1.006463 -2.790883
v -0.628957 1.011473 -2.795424
v -0.624204 1.015877 -2.799487
v -0.617196 1.022377 -2.803450
v -0.604268 1.034372 -2.807490
v -0.589976 1.047642 -2.810732
v -0.570847 1.037684 -2.450650
v -0.582664 1.023221 -2.453982
v -0.593348 1.010139 -2.458102
v -0.599129 1.003055 -2.462109
v -0.603044 0.998253 -2.466202
v -0.607493 0.992793 -2.470776
v -0.606396 0.992793 -2.790787
v -0.601916 0.998253 -2.795331
v -0.597973 1.003055 -2.799397
v -0.592165 1.010139 -2.803364
v -0.581452 1.023221 -2.807411
v -0.569613 1.037684 -2.810662
v -0.548775 1.029643 -2.450574
v -0.557910 1.014200 -2.453897
v -0.566165 1.000234 -2.458009
v -0.570633 0.992668 -2.462012
v -0.573654 0.987544 -2.466101
v -0.577089 0.981713 -2.470672
v -0.575993 0.981713 -2.790683
v -0.572526 0.987544 -2.795230
v -0.569477 0.992668 -2.799299
v -0.564982 1.000234 -2.803271
v -0.556699 1.014200 -2.807327
v -0.547541 1.029643 -2.810586
v -0.525241 1.023687 -2.450494
v -0.531474 1.007511 -2.453806
v -0.537111 0.992881 -2.457910
v -0.540154 0.984957 -2.461907
v -0.542214 0.979586 -2.465993
v -0.544556 0.973479 -2.470561
v -0.543459 0.973479 -2.790571
v -0.541086 0.979586 -2.795122
v -0.538998 0.984957 -2.799195
v -0.535927 0.992881 -2.803171
v -0.530263 1.007511 -2.807236
v -0.524007 1.023687 -2.810506
v -0.500476 1.019987 -2.450409
v -0.503639 1.003351 -2.453711
v -0.506493 0.988306 -2.457805
v -0.508034 0.980158 -2.461797
v -0.509072 0.974636 -2.465880
v -0.510254 0.968355 -2.470443
v -0.509157 0.968355 -2.790454
v -0.507944 0.974636 -2.795009
v -0.506878 0.980158 -2.799084
v -0.505309 0.988306 -2.803066
v -0.502427 1.003351 -2.807141
v -0.499242 1.019987 -2.810421
v -0.474723 1.018716 -2.450320
v -0.474712 1.001924 -2.453612
v -0.474698 0.986738 -2.457696
v -0.474684 0.978512 -2.461683
v -0.474670 0.972938 -2.465762
v -0.474655 0.966597 -2.470321
v -0.473558 0.966597 -2.790332
v -0.473542 0.972938 -2.794891
v -0.473528 0.978512 -2.798970
v -0.473515 0.986738 -2.802957
v -0.473501 1.001924 -2.807041
v -0.473489 1.018716 -2.810333
v -1.438485 0.535147 -2.453624
v -1.461736 0.551901 -2.456995
v -1.482755 0.567053 -2.461151
v -1.494136 0.575258 -2.465177
v -1.501841 0.580819 -2.469283
v -1.510608 0.587144 -2.473872
v -1.509511 0.587144 -2.793883
v -1.500713 0.580819 -2.798412
v -1.492980 0.575258 -2.802464
v -1.481571 0.567053 -2.806412
v -1.460524 0.551901 -2.810425
v -1.437251 0.535147 -2.813636
v -1.445704 0.535147 -2.453649
v -1.432481 0.551901 -2.456894
v -1.420520 0.567053 -2.460938
v -1.414031 0.575258 -2.464903
v -1.409633 0.580819 -2.468967
v -1.404630 0.587144 -2.473509
v -1.403533 0.587144 -2.793519
v -1.408505 0.580819 -2.798096
v -1.412875 0.575258 -2.802190
v -1.419336 0.567053 -2.806199
v -1.431270 0.551901 -2.810324
v -1.444470 0.535147 -2.813661
v -1.486165 0.584022 -2.453787
v -1.466434 0.592918 -2.457011
v -1.448591 0.600962 -2.461034
v -1.438918 0.605322 -2.464988
v -1.432359 0.608273 -2.469045
v -1.424900 0.611632 -2.473578
v -1.423803 0.611632 -2.793589
v -1.431231 0.608273 -2.798174
v -1.437762 0.605322 -2.802275
v -1.447408 0.600962 -2.806295
v -1.465222 0.592918 -2.810441
v -1.484931 0.584022 -2.813799
v -1.526334 0.628032 -2.453925
v -1.507208 0.637586 -2.457151
v -1.489907 0.646228 -2.461175
v -1.480531 0.650908 -2.465131
v -1.474172 0.654079 -2.469188
v -1.466940 0.657688 -2.473722
v -1.465843 0.657688 -2.793733
v -1.473044 0.654079 -2.798317
v -1.479375 0.650908 -2.802418
v -1.488724 0.646228 -2.806437
v -1.505997 0.637586 -2.810580
v -1.525100 0.628032 -2.813937
v -1.566231 0.667292 -2.454062
v -1.547844 0.677577 -2.457290
v -1.531215 0.686876 -2.461317
v -1.522199 0.691915 -2.465273
v -1.516088 0.695328 -2.469332
v -1.509134 0.699210 -2.473867
v -1.508037 0.699210 -2.793878
v -1.514960 0.695328 -2.798460
v -1.521043 0.691915 -2.802561
v -1.530031 0.686876 -2.806579
v -1.546633 0.677577 -2.810720
v -1.564997 0.667292 -2.814074
v -1.605864 0.701921 -2.454198
v -1.588391 0.713005 -2.457429
v -1.572589 0.723030 -2.461459
v -1.564023 0.728458 -2.465417
v -1.558215 0.732137 -2.469476
v -1.551607 0.736320 -2.474013
v -1.550510 0.736320 -2.794023
v -1.557086 0.732137 -2.798605
v -1.562867 0.728458 -2.802704
v -1.571406 0.723030 -2.806720
v -1.587180 0.713005 -2.810859
v -1.604630 0.701921 -2.814210
v -1.645245 0.732038 -2.454333
v -1.628904 0.743987 -2.457568
v -1.614125 0.754792 -2.461601
v -1.606114 0.760646 -2.465561
v -1.600680 0.764611 -2.469621
v -1.594501 0.769124 -2.474159
v -1.593404 0.769124 -2.794170
v -1.599552 0.764611 -2.798751
v -1.604958 0.760646 -2.802848
v -1.612941 0.754792 -2.806863
v -1.627693 0.743987 -2.810997
v -1.644011 0.732038 -2.814345
v -1.684390 0.757758 -2.454467
v -1.669446 0.770625 -2.457707
v -1.655926 0.782259 -2.461745
v -1.648599 0.788561 -2.465707
v -1.643629 0.792832 -2.469769
v -1.637977 0.797689 -2.474308
v -1.636880 0.797689 -2.794319
v -1.642501 0.792832 -2.798898
v -1.647443 0.788561 -2.802994
v -1.654743 0.782259 -2.807006
v -1.668234 0.770625 -2.811136
v -1.683156 0.757758 -2.814479
v -1.723307 0.779199 -2.454600
v -1.710070 0.793006 -2.457846
v -1.698097 0.805491 -2.461889
v -1.691603 0.812256 -2.465854
v -1.687202 0.816837 -2.469918
v -1.682191 0.822049 -2.474460
v -1.681095 0.822049 -2.794471
v -1.686074 0.816837 -2.799047
v -1.690447 0.812256 -2.803141
v -1.696914 0.805491 -2.807151
v -1.708859 0.793006 -2.811276
v -1.722072 0.779199 -2.814612
v -1.762013 0.796480 -2.454733
v -1.750831 0.811203 -2.457986
v -1.740716 0.824519 -2.462035
v -1.735229 0.831731 -2.466003
v -1.731509 0.836619 -2.470070
v -1.727275 0.842177 -2.474615
v -1.726178 0.842177 -2.794625
v -1.730380 0.836619 -2.799199
v -1.734073 0.831731 -2.803291
v -1.739532 0.824519 -2.807297
v -1.749619 0.811203 -2.811415
v -1.760779 0.796480 -2.814745
v -1.800516 0.809713 -2.454865
v -1.791747 0.825268 -2.458126
v -1.783814 0.839333 -2.462183
v -1.779511 0.846950 -2.466155
v -1.776590 0.852114 -2.470224
v -1.773267 0.857987 -2.474772
v -1.772170 0.857987 -2.794783
v -1.775461 0.852114 -2.799354
v -1.778355 0.846950 -2.803442
v -1.782631 0.839333 -2.807444
v -1.790536 0.825268 -2.811556
v -1.799282 0.809713 -2.814877
v -1.838833 0.819023 -2.454996
v -1.832796 0.835241 -2.458266
v -1.827335 0.849906 -2.462332
v -1.824370 0.857849 -2.466309
v -1.822356 0.863233 -2.470381
v -1.820067 0.869356 -2.474933
v -1.818970 0.869356 -2.794943
v -1.821228 0.863233 -2.799510
v -1.823213 0.857849 -2.803596
v -1.826151 0.849906 -2.807594
v -1.831585 0.835241 -2.811697
v -1.837599 0.819023 -2.815008
v -1.876973 0.824522 -2.455127
v -1.873899 0.841166 -2.458407
v -1.871117 0.856219 -2.462482
v -1.869601 0.864372 -2.466464
v -1.868570 0.869896 -2.470540
v -1.867400 0.876180 -2.475095
v -1.866303 0.876180 -2.795106
v -1.867442 0.869896 -2.799669
v -1.868444 0.864372 -2.803751
v -1.869933 0.856219 -2.807744
v -1.872687 0.841166 -2.811837
v -1.875739 0.824522 -2.815139
v -1.914951 0.826329 -2.455257
v -1.914631 0.843105 -2.458547
v -1.914340 0.858275 -2.462630
v -1.914176 0.866493 -2.466617
v -1.914060 0.872060 -2.470696
v -1.913927 0.878393 -2.475255
v -1.912830 0.878393 -2.795265
v -1.912931 0.872060 -2.799825
v -1.913020 0.866493 -2.803904
v -1.913157 0.858275 -2.807892
v -1.913420 0.843105 -2.811977
v -1.913717 0.826329 -2.815269
v -1.947299 0.825406 -2.455368
v -1.949134 0.842120 -2.458665
v -1.950791 0.857235 -2.462755
v -1.951683 0.865422 -2.466745
v -1.952282 0.870970 -2.470827
v -1.952964 0.877280 -2.475388
v -1.951867 0.877280 -2.795399
v -1.951154 0.870970 -2.799956
v -1.950527 0.865422 -2.804033
v -1.949608 0.857235 -2.808017
v -1.947922 0.842120 -2.812095
v -1.946064 0.825406 -2.815380
v -1.979407 0.822634 -2.455478
v -1.983081 0.839190 -2.458782
v -1.986401 0.854160 -2.462877
v -1.988192 0.862269 -2.466871
v -1.989403 0.867765 -2.470954
v -1.990778 0.874015 -2.475518
v -1.989681 0.874015 -2.795529
v -1.988275 0.867765 -2.800083
v -1.987036 0.862269 -2.804158
v -1.985218 0.854160 -2.808139
v -1.981869 0.839190 -2.812212
v -1.978173 0.822634 -2.815490
v -2.011338 0.818001 -2.455587
v -2.016805 0.834297 -2.458897
v -2.021748 0.849033 -2.462998
v -2.024416 0.857014 -2.466995
v -2.026221 0.862422 -2.471080
v -2.028274 0.868576 -2.475646
v -2.027177 0.868576 -2.795657
v -2.025093 0.862422 -2.800209
v -2.023260 0.857014 -2.804282
v -2.020564 0.849033 -2.808260
v -2.015594 0.834297 -2.812327
v -2.010104 0.818001 -2.815599
v -2.043158 0.811499 -2.455697
v -2.050330 0.827446 -2.459012
v -2.056811 0.841868 -2.463119
v -2.060318 0.849680 -2.467118
v -2.062686 0.854973 -2.471205
v -2.065383 0.860995 -2.475774
v -2.064286 0.860995 -2.795784
v -2.061558 0.854973 -2.800334
v -2.059161 0.849680 -2.804405
v -2.055627 0.841868 -2.808380
v -2.049119 0.827446 -2.812442
v -2.041924 0.811499 -2.815709
v -2.074928 0.803122 -2.455805
v -2.083686 0.818651 -2.459126
v -2.091602 0.832693 -2.463238
v -2.095883 0.840300 -2.467240
v -2.098779 0.845453 -2.471329
v -2.102076 0.851316 -2.475899
v -2.100979 0.851316 -2.795910
v -2.097651 0.845453 -2.800458
v -2.094727 0.840300 -2.804527
v -2.090418 0.832693 -2.808499
v -2.082474 0.818651 -2.812556
v -2.073694 0.803122 -2.815817
v -2.106712 0.792856 -2.455914
v -2.116916 0.807916 -2.459240
v -2.126140 0.821537 -2.463356
v -2.131132 0.828915 -2.467360
v -2.134509 0.833915 -2.471451
v -2.138350 0.839601 -2.476024
v -2.137253 0.839601 -2.796034
v -2.133380 0.833915 -2.800580
v -2.129976 0.828915 -2.804648
v -2.124956 0.821537 -2.808618
v -2.115705 0.807916 -2.812670
v -2.105478 0.792856 -2.815926
v -2.138568 0.780694 -2.456023
v -2.150074 0.795260 -2.459354
v -2.160473 0.808431 -2.463474
v -2.166101 0.815565 -2.467480
v -2.169910 0.820401 -2.471573
v -2.174243 0.825900 -2.476147
v -2.173146 0.825900 -2.796157
v -2.168782 0.820401 -2.800702
v -2.164945 0.815565 -2.804768
v -2.159289 0.808431 -2.808736
v -2.148863 0.795260 -2.812784
v -2.137334 0.780694 -2.816036
v -2.170563 0.766629 -2.456133
v -2.183222 0.780689 -2.459468
v -2.194664 0.793402 -2.463591
v -2.200856 0.800289 -2.467600
v -2.205045 0.804953 -2.471693
v -2.209814 0.810262 -2.476269
v -2.208717 0.810262 -2.796279
v -2.203917 0.804953 -2.800822
v -2.199700 0.800289 -2.804887
v -2.193480 0.793402 -2.808853
v -2.182010 0.780689 -2.812898
v -2.169329 0.766629 -2.816145
v -2.202761 0.750650 -2.456244
v -2.216427 0.764206 -2.459582
v -2.228783 0.776466 -2.463708
v -2.235472 0.783106 -2.467718
v -2.239998 0.787607 -2.471813
v -2.245144 0.792726 -2.476390
v -2.244047 0.792726 -2.796401
v -2.238869 0.787607 -2.800942
v -2.234315 0.783106 -2.805006
v -2.227599 0.776466 -2.808970
v -2.215215 0.764206 -2.813011
v -2.201527 0.750650 -2.816256
v -2.235219 0.732748 -2.456355
v -2.249766 0.745820 -2.459696
v -2.262918 0.757638 -2.463825
v -2.270035 0.764042 -2.467837
v -2.274855 0.768381 -2.471932
v -2.280334 0.773315 -2.476510
v -2.279238 0.773315 -2.796521
v -2.273727 0.768381 -2.801061
v -2.268879 0.764042 -2.805124
v -2.261735 0.757638 -2.809087
v -2.248554 0.745820 -2.813126
v -2.233985 0.732748 -2.816367
v -2.268005 0.712913 -2.456467
v -2.283313 0.725523 -2.459811
v -2.297154 0.736928 -2.463943
v -2.304646 0.743105 -2.467955
v -2.309716 0.747291 -2.472052
v -2.315483 0.752051 -2.476631
v -2.314387 0.752051 -2.796642
v -2.308587 0.747291 -2.801181
v -2.303489 0.743105 -2.805243
v -2.295970 0.736928 -2.809204
v -2.282101 0.725523 -2.813241
v -2.266771 0.712913 -2.816479
v -2.301178 0.691137 -2.456581
v -2.331020 0.694208 -2.459974
v -2.358003 0.696984 -2.464151
v -2.372614 0.698490 -2.468188
v -2.382510 0.699509 -2.472301
v -2.393764 0.700668 -2.476899
v -2.392668 0.700668 -2.796910
v -2.381382 0.699509 -2.801430
v -2.371458 0.698490 -2.805475
v -2.356820 0.696984 -2.809412
v -2.329809 0.694208 -2.813404
v -2.299943 0.691137 -2.816593
v -2.131527 0.490950 -2.455999
v -2.136641 0.464840 -2.459308
v -2.141261 0.441231 -2.463408
v -2.143758 0.428440 -2.467404
v -2.145446 0.419775 -2.471489
v -2.147365 0.409919 -2.476055
v -2.146268 0.409919 -2.796065
v -2.144317 0.419775 -2.800618
v -2.142601 0.428440 -2.804691
v -2.140078 0.441231 -2.808670
v -2.135429 0.464840 -2.812738
v -2.130293 0.490950 -2.816011
v -2.106606 0.507402 -2.455914
v -2.091288 0.494780 -2.459153
v -2.077432 0.483367 -2.463189
v -2.069922 0.477184 -2.467151
v -2.064827 0.472993 -2.471212
v -2.059033 0.468230 -2.475752
v -2.057936 0.468230 -2.795763
v -2.063699 0.472993 -2.800342
v -2.068766 0.477184 -2.804438
v -2.076249 0.483367 -2.808451
v -2.090076 0.494780 -2.812582
v -2.105372 0.507402 -2.815926
v -2.080759 0.522894 -2.455825
v -2.066282 0.509771 -2.459067
v -2.053184 0.497900 -2.463106
v -2.046085 0.491470 -2.467069
v -2.041270 0.487116 -2.471132
v -2.035793 0.482160 -2.475672
v -2.034696 0.482160 -2.795683
v -2.040142 0.487116 -2.800261
v -2.044929 0.491470 -2.804356
v -2.052001 0.497900 -2.808368
v -2.065070 0.509771 -2.812497
v -2.079525 0.522894 -2.815837
v -2.054259 0.537342 -2.455734
v -2.040634 0.523752 -2.458979
v -2.028306 0.511463 -2.463021
v -2.021623 0.504807 -2.466985
v -2.017091 0.500297 -2.471049
v -2.011933 0.495167 -2.475590
v -2.010837 0.495167 -2.795601
v -2.015963 0.500297 -2.800178
v -2.020467 0.504807 -2.804272
v -2.027122 0.511463 -2.808283
v -2.039423 0.523752 -2.812409
v -2.053025 0.537342 -2.815747
v -2.027384 0.550650 -2.455642
v -2.014634 0.536627 -2.458890
v -2.003103 0.523945 -2.462934
v -1.996850 0.517076 -2.466900
v -1.992607 0.512420 -2.470965
v -1.987785 0.507127 -2.475508
v -1.986688 0.507127 -2.795518
v -1.991479 0.512420 -2.800094
v -1.995694 0.517076 -2.804188
v -2.001919 0.523945 -2.808196
v -2.013422 0.536627 -2.812320
v -2.026150 0.550650 -2.815655
v -2.000407 0.562732 -2.455550
v -1.988584 0.548292 -2.458801
v -1.977888 0.535236 -2.462848
v -1.972088 0.528164 -2.466815
v -1.968154 0.523373 -2.470881
v -1.963679 0.517921 -2.475425
v -1.962582 0.517921 -2.795436
v -1.967025 0.523373 -2.800010
v -1.970932 0.528164 -2.804103
v -1.976705 0.535236 -2.808110
v -1.987372 0.548292 -2.812230
v -1.999173 0.562732 -2.815562
v -1.973607 0.573495 -2.455458
v -1.962784 0.558655 -2.458712
v -1.952990 0.545237 -2.462763
v -1.947679 0.537968 -2.466732
v -1.944077 0.533042 -2.470798
v -1.939978 0.527439 -2.475344
v -1.938881 0.527439 -2.795354
v -1.942949 0.533042 -2.799928
v -1.946523 0.537968 -2.804019
v -1.951807 0.545237 -2.808024
v -1.961572 0.558655 -2.812142
v -1.972373 0.573495 -2.815470
v -1.947257 0.582849 -2.455368
v -1.937541 0.567617 -2.458626
v -1.928751 0.553843 -2.462680
v -1.923983 0.546381 -2.466650
v -1.920748 0.541325 -2.470719
v -1.917068 0.535574 -2.475265
v -1.915971 0.535574 -2.795276
v -1.919620 0.541325 -2.799848
v -1.922827 0.546381 -2.803938
v -1.927567 0.553843 -2.807941
v -1.936330 0.567617 -2.812056
v -1.946023 0.582849 -2.815380
v -1.921637 0.590706 -2.455280
v -1.913185 0.575086 -2.458542
v -1.905538 0.560961 -2.462600
v -1.901390 0.553307 -2.466573
v -1.898574 0.548123 -2.470643
v -1.895374 0.542227 -2.475191
v -1.894277 0.542227 -2.795202
v -1.897446 0.548123 -2.799772
v -1.900234 0.553307 -2.803860
v -1.904355 0.560961 -2.807862
v -1.911973 0.575086 -2.811972
v -1.920403 0.590706 -2.815292
v -1.897017 0.596974 -2.455196
v -1.890056 0.580975 -2.458463
v -1.883761 0.566504 -2.462525
v -1.880343 0.558666 -2.466501
v -1.878022 0.553357 -2.470572
v -1.875385 0.547315 -2.475122
v -1.874288 0.547315 -2.795133
v -1.876894 0.553357 -2.799701
v -1.879187 0.558666 -2.803788
v -1.882578 0.566504 -2.807787
v -1.888844 0.580975 -2.811893
v -1.895783 0.596974 -2.815208
v -1.873674 0.601563 -2.455116
v -1.868534 0.585205 -2.458389
v -1.863881 0.570412 -2.462457
v -1.861357 0.562399 -2.466436
v -1.859638 0.556970 -2.470509
v -1.857687 0.550793 -2.475062
v -1.856590 0.550793 -2.795072
v -1.858510 0.556970 -2.799638
v -1.860201 0.562399 -2.803723
v -1.862697 0.570412 -2.807719
v -1.867323 0.585205 -2.811819
v -1.872440 0.601563 -2.815128
v -1.851889 0.604384 -2.455041
v -1.849037 0.587729 -2.458322
v -1.846455 0.572668 -2.462398
v -1.845050 0.564510 -2.466380
v -1.844092 0.558983 -2.470456
v -1.843004 0.552694 -2.475011
v -1.841908 0.552694 -2.795022
v -1.842964 0.558983 -2.799585
v -1.843894 0.564510 -2.803667
v -1.845271 0.572668 -2.807659
v -1.847825 0.587729 -2.811752
v -1.850655 0.604384 -2.815053
v -1.831930 0.605343 -2.454973
v -1.832111 0.588543 -2.458264
v -1.832269 0.573349 -2.462349
v -1.832347 0.565121 -2.466336
v -1.832397 0.559544 -2.470416
v -1.832453 0.553203 -2.474975
v -1.831356 0.553203 -2.794986
v -1.831268 0.559544 -2.799545
v -1.831191 0.565121 -2.803624
v -1.831085 0.573349 -2.807611
v -1.830899 0.588543 -2.811694
v -1.830696 0.605343 -2.814985
v -1.777936 0.602106 -2.454787
v -1.781776 0.585527 -2.458092
v -1.785247 0.570531 -2.462188
v -1.787121 0.562409 -2.466182
v -1.788387 0.556908 -2.470265
v -1.789827 0.550648 -2.474829
v -1.788730 0.550648 -2.794840
v -1.787259 0.556908 -2.799394
v -1.785965 0.562409 -2.803469
v -1.784063 0.570531 -2.807449
v -1.780565 0.585527 -2.811522
v -1.776702 0.602106 -2.814800
v -1.726333 0.592669 -2.454611
v -1.733860 0.576763 -2.457927
v -1.740663 0.562378 -2.462035
v -1.744342 0.554586 -2.466035
v -1.746830 0.549306 -2.470123
v -1.749660 0.543301 -2.474691
v -1.748563 0.543301 -2.794702
v -1.745702 0.549306 -2.799252
v -1.743186 0.554586 -2.803322
v -1.739479 0.562378 -2.807297
v -1.732649 0.576763 -2.811357
v -1.725099 0.592669 -2.814623
v -1.677565 0.577436 -2.454443
v -1.688438 0.562573 -2.457772
v -1.698267 0.549135 -2.461890
v -1.703587 0.541855 -2.465895
v -1.707186 0.536923 -2.469987
v -1.711279 0.531313 -2.474560
v -1.710182 0.531313 -2.794570
v -1.706057 0.536923 -2.799116
v -1.702431 0.541855 -2.803182
v -1.697083 0.549135 -2.807151
v -1.687226 0.562573 -2.811202
v -1.676331 0.577436 -2.814456
v -1.632067 0.556812 -2.454288
v -1.645856 0.543275 -2.457626
v -1.658322 0.531029 -2.461753
v -1.665070 0.524397 -2.465763
v -1.669637 0.519905 -2.469858
v -1.674831 0.514791 -2.474435
v -1.673734 0.514791 -2.794446
v -1.668509 0.519905 -2.798987
v -1.663914 0.524397 -2.803050
v -1.657139 0.531029 -2.807014
v -1.644644 0.543275 -2.811056
v -1.630833 0.556812 -2.814300
v -1.590279 0.531206 -2.454144
v -1.606528 0.519174 -2.457491
v -1.621219 0.508294 -2.461626
v -1.629171 0.502400 -2.465640
v -1.634555 0.498407 -2.469738
v -1.640678 0.493865 -2.474318
v -1.639581 0.493865 -2.794329
v -1.633427 0.498407 -2.798867
v -1.628015 0.502400 -2.802927
v -1.620035 0.508294 -2.806887
v -1.605316 0.519174 -2.810921
v -1.589045 0.531206 -2.814156
v -1.552639 0.501025 -2.454015
v -1.570912 0.490615 -2.457369
v -1.587430 0.481201 -2.461510
v -1.596374 0.476100 -2.465528
v -1.602430 0.472645 -2.469628
v -1.609317 0.468717 -2.474210
v -1.608220 0.468717 -2.794221
v -1.601301 0.472645 -2.798757
v -1.595218 0.476100 -2.802815
v -1.586246 0.481201 -2.806771
v -1.569701 0.490615 -2.810799
v -1.551405 0.501025 -2.814027
v -1.519587 0.466671 -2.453902
v -1.539484 0.457948 -2.457261
v -1.557470 0.450060 -2.461407
v -1.567208 0.445789 -2.465428
v -1.573803 0.442892 -2.469529
v -1.581303 0.439601 -2.474114
v -1.580206 0.439601 -2.794125
v -1.572675 0.442892 -2.798658
v -1.566052 0.445789 -2.802715
v -1.556287 0.450060 -2.806669
v -1.538272 0.457948 -2.810691
v -1.518353 0.466671 -2.813914
v -1.491560 0.428554 -2.453806
v -1.512723 0.421556 -2.457170
v -1.531859 0.415228 -2.461319
v -1.542216 0.411799 -2.465342
v -1.549232 0.409474 -2.469445
v -1.557211 0.406833 -2.474032
v -1.556114 0.406833 -2.794043
v -1.548104 0.409474 -2.798574
v -1.541060 0.411799 -2.802629
v -1.530676 0.415228 -2.806581
v -1.511511 0.421556 -2.810599
v -1.490326 0.428554 -2.813818
v -1.468997 0.387079 -2.453728
v -1.491110 0.381823 -2.457095
v -1.511101 0.377070 -2.461248
v -1.521924 0.374496 -2.465272
v -1.529255 0.372752 -2.469377
v -1.537591 0.370768 -2.473964
v -1.536494 0.370768 -2.793975
v -1.528126 0.372752 -2.798506
v -1.520768 0.374496 -2.802560
v -1.509918 0.377070 -2.806510
v -1.489898 0.381823 -2.810525
v -1.467763 0.387079 -2.813740
v -1.452337 0.342651 -2.453671
v -1.475108 0.339149 -2.457041
v -1.495694 0.335982 -2.461195
v -1.506839 0.334264 -2.465221
v -1.514386 0.333102 -2.469326
v -1.522972 0.331781 -2.473914
v -1.521875 0.331781 -2.793925
v -1.513258 0.333102 -2.798455
v -1.505683 0.334264 -2.802508
v -1.494510 0.335982 -2.806457
v -1.473897 0.339149 -2.810470
v -1.451103 0.342651 -2.813684
v -1.442022 0.295680 -2.453636
v -1.465176 0.293930 -2.457006
v -1.486112 0.292352 -2.461163
v -1.497446 0.291494 -2.465189
v -1.505120 0.290914 -2.469294
v -1.513851 0.290254 -2.473883
v -1.512754 0.290254 -2.793894
v -1.503992 0.290914 -2.798423
v -1.496290 0.291494 -2.802476
v -1.484928 0.292352 -2.806424
v -1.463965 0.293930 -2.810436
v -1.440788 0.295680 -2.813648
v -1.438485 0.246566 -2.453624
v -1.461736 0.246132 -2.456995
v -1.482755 0.245740 -2.461151
v -1.494136 0.245526 -2.465177
v -1.501841 0.245383 -2.469283
v -1.510608 0.245220 -2.473872
v -1.509511 0.245220 -2.793883
v -1.500713 0.245383 -2.798412
v -1.492980 0.245526 -2.802464
v -1.481571 0.245740 -2.806412
v -1.460524 0.246132 -2.810425
v -1.437251 0.246566 -2.813636
v -1.438485 -0.364394 -2.453624
v -1.461736 -0.381147 -2.456995
v -1.482755 -0.396299 -2.461151
v -1.494136 -0.404504 -2.465177
v -1.501841 -0.410065 -2.469283
v -1.510608 -0.416391 -2.473872
v -1.509511 -0.416390 -2.793883
v -1.500713 -0.410065 -2.798412
v -1.492980 -0.404504 -2.802464
v -1.481571 -0.396299 -2.806413
v -1.460524 -0.381147 -2.810425
v -1.437251 -0.364394 -2.813636
v -1.117231 -0.364394 -2.452523
v -1.093960 -0.381147 -2.455734
v -1.072910 -0.396299 -2.459746
v -1.061502 -0.404504 -2.463694
v -1.053769 -0.410065 -2.467747
v -1.044971 -0.416391 -2.472276
v -1.043874 -0.416390 -2.792287
v -1.052640 -0.410065 -2.796876
v -1.060345 -0.404504 -2.800982
v -1.071727 -0.396299 -2.805008
v -1.092749 -0.381147 -2.809164
v -1.115997 -0.364394 -2.812535
v -1.117231 0.802930 -2.452523
v -1.093960 0.819683 -2.455734
v -1.072910 0.834835 -2.459746
v -1.061502 0.843040 -2.463694
v -1.053769 0.848601 -2.467747
v -1.044971 0.854927 -2.472276
v -1.043874 0.854927 -2.792287
v -1.052640 0.848601 -2.796876
v -1.060345 0.843040 -2.800982
v -1.071727 0.834835 -2.805008
v -1.092749 0.819683 -2.809164
v -1.115997 0.802930 -2.812535
v -1.438485 0.802930 -2.453624
v -1.461736 0.819683 -2.456995
v -1.482755 0.834835 -2.461151
v -1.494136 0.843040 -2.465177
v -1.501841 0.848601 -2.469283
v -1.510608 0.854927 -2.473872
v -1.509511 0.854927 -2.793883
v -1.500713 0.848601 -2.798412
v -1.492980 0.843040 -2.802464
v -1.481571 0.834835 -2.806412
v -1.460524 0.819683 -2.810425
v -1.437251 0.802930 -2.813636
v -3.412932 0.802930 -2.460392
v -3.436181 0.819683 -2.463763
v -3.457202 0.834835 -2.467919
v -3.468584 0.843040 -2.471945
v -3.476289 0.848601 -2.476050
v -3.485056 0.854927 -2.480640
v -3.483959 0.854927 -2.800650
v -3.475161 0.848601 -2.805180
v -3.467427 0.843040 -2.809232
v -3.456019 0.834835 -2.813180
v -3.434969 0.819683 -2.817192
v -3.411698 0.802930 -2.820404
v -3.412932 0.594944 -2.460392
v -3.436181 0.578190 -2.463763
v -3.457202 0.563038 -2.467919
v -3.468584 0.554833 -2.471945
v -3.476289 0.549272 -2.476050
v -3.485056 0.542947 -2.480640
v -3.483959 0.542947 -2.800651
v -3.475161 0.549272 -2.805180
v -3.467427 0.554833 -2.809232
v -3.456019 0.563038 -2.813180
v -3.434969 0.578190 -2.817192
v -3.411698 0.594944 -2.820404
v -2.900370 0.594944 -2.458635
v -2.923619 0.578190 -2.462006
v -2.944640 0.563038 -2.466162
v -2.956022 0.554833 -2.470188
v -2.963727 0.549272 -2.474294
v -2.972493 0.542947 -2.478883
v -2.971397 0.542947 -2.798894
v -2.962598 0.549272 -2.803423
v -2.954865 0.554833 -2.807475
v -2.943456 0.563038 -2.811423
v -2.922407 0.578190 -2.815435
v -2.899136 0.594944 -2.818647
v -2.900370 -0.003017 -2.458635
v -2.923619 -0.002505 -2.462006
v -2.944640 -0.002043 -2.466162
v -2.956022 -0.001793 -2.470188
v -2.963727 -0.001621 -2.474294
v -2.972493 -0.001429 -2.478883
v -2.971397 -0.001429 -2.798894
v -2.962598 -0.001621 -2.803423
v -2.954865 -0.001793 -2.807475
v -2.943456 -0.002043 -2.811424
v -2.922407 -0.002505 -2.815435
v -2.899136 -0.003017 -2.818647
v -2.903122 -0.035443 -2.458644
v -2.926234 -0.033292 -2.462015
v -2.947128 -0.031350 -2.466170
v -2.958443 -0.030297 -2.470196
v -2.966101 -0.029585 -2.474302
v -2.974814 -0.028774 -2.478891
v -2.973718 -0.028774 -2.798902
v -2.964972 -0.029585 -2.803431
v -2.957287 -0.030297 -2.807484
v -2.945944 -0.031350 -2.811432
v -2.925022 -0.033292 -2.815444
v -2.901888 -0.035443 -2.818656
v -2.910966 -0.063957 -2.458671
v -2.933437 -0.059488 -2.462039
v -2.953756 -0.055446 -2.466193
v -2.964757 -0.053257 -2.470218
v -2.972204 -0.051775 -2.474323
v -2.980676 -0.050087 -2.478911
v -2.979579 -0.050087 -2.798922
v -2.971076 -0.051775 -2.803452
v -2.963601 -0.053257 -2.807505
v -2.952572 -0.055446 -2.811455
v -2.932225 -0.059488 -2.815469
v -2.909732 -0.063957 -2.818683
v -2.923269 -0.088770 -2.458713
v -2.944551 -0.081901 -2.462077
v -2.963793 -0.075691 -2.466228
v -2.974211 -0.072326 -2.470250
v -2.981264 -0.070046 -2.474354
v -2.989286 -0.067454 -2.478940
v -2.988189 -0.067454 -2.798951
v -2.980135 -0.070046 -2.803483
v -2.973055 -0.072326 -2.807538
v -2.962610 -0.075691 -2.811489
v -2.943340 -0.081901 -2.815507
v -2.922035 -0.088770 -2.818725
v -2.939406 -0.110091 -2.458769
v -2.958934 -0.100904 -2.462127
v -2.976588 -0.092592 -2.466271
v -2.986145 -0.088092 -2.470291
v -2.992614 -0.085042 -2.474393
v -2.999974 -0.081571 -2.478977
v -2.998877 -0.081571 -2.798988
v -2.991486 -0.085042 -2.803522
v -2.984989 -0.088092 -2.807579
v -2.975405 -0.092592 -2.811533
v -2.957723 -0.100904 -2.815557
v -2.938172 -0.110091 -2.818781
v -2.958754 -0.128126 -2.458835
v -2.976047 -0.116856 -2.462185
v -2.991681 -0.106662 -2.466323
v -3.000142 -0.101140 -2.470339
v -3.005873 -0.097399 -2.474438
v -3.012388 -0.093143 -2.479020
v -3.011291 -0.093143 -2.799030
v -3.004745 -0.097399 -2.803567
v -2.998986 -0.101140 -2.807627
v -2.990498 -0.106662 -2.811585
v -2.974835 -0.116856 -2.815615
v -2.957520 -0.128126 -2.818847
v -2.980683 -0.143083 -2.458910
v -2.995433 -0.130076 -2.462252
v -3.008769 -0.118317 -2.466382
v -3.015985 -0.111945 -2.470394
v -3.020869 -0.107629 -2.474489
v -3.026426 -0.102718 -2.479068
v -3.025329 -0.102718 -2.799078
v -3.019741 -0.107629 -2.803619
v -3.014829 -0.111945 -2.807681
v -3.007585 -0.118317 -2.811643
v -2.994221 -0.130076 -2.815682
v -2.979449 -0.143083 -2.818922
v -3.004568 -0.155170 -2.458992
v -3.016654 -0.140816 -2.462325
v -3.027577 -0.127835 -2.466446
v -3.033489 -0.120803 -2.470454
v -3.037490 -0.116040 -2.474546
v -3.042042 -0.110619 -2.479121
v -3.040945 -0.110619 -2.799132
v -3.036362 -0.116040 -2.803676
v -3.032333 -0.120803 -2.807741
v -3.026394 -0.127835 -2.811708
v -3.015443 -0.140816 -2.815754
v -3.003334 -0.155170 -2.819004
v -3.029780 -0.164592 -2.459078
v -3.039228 -0.149253 -2.462402
v -3.047769 -0.135380 -2.466515
v -3.052387 -0.127867 -2.470518
v -3.055513 -0.122776 -2.474608
v -3.059068 -0.116984 -2.479180
v -3.057971 -0.116984 -2.799190
v -3.054385 -0.122776 -2.803737
v -3.051230 -0.127866 -2.807806
v -3.046586 -0.135380 -2.811777
v -3.038017 -0.149253 -2.815832
v -3.028546 -0.164592 -2.819090
v -3.055696 -0.171559 -2.459167
v -3.062616 -0.155539 -2.462482
v -3.068871 -0.141055 -2.466588
v -3.072253 -0.133207 -2.470587
v -3.074538 -0.127890 -2.474674
v -3.077141 -0.121843 -2.479242
v -3.076044 -0.121843 -2.799252
v -3.073410 -0.127890 -2.803802
v -3.071097 -0.133207 -2.807874
v -3.067688 -0.141055 -2.811849
v -3.061404 -0.155539 -2.815912
v -3.054462 -0.171559 -2.819179
v -3.081685 -0.176281 -2.459256
v -3.086211 -0.159826 -2.462563
v -3.090301 -0.144947 -2.466661
v -3.092512 -0.136885 -2.470656
v -3.094002 -0.131426 -2.474740
v -3.095700 -0.125212 -2.479305
v -3.094603 -0.125212 -2.799316
v -3.092874 -0.131426 -2.803869
v -3.091355 -0.136885 -2.807943
v -3.089118 -0.144947 -2.811923
v -3.085000 -0.159826 -2.815993
v -3.080451 -0.176281 -2.819268
v -3.107125 -0.178958 -2.459343
v -3.109363 -0.162265 -2.462642
v -3.111387 -0.147168 -2.466733
v -3.112475 -0.138989 -2.470724
v -3.113208 -0.133448 -2.474806
v -3.114042 -0.127146 -2.479368
v -3.112945 -0.127146 -2.799379
v -3.112080 -0.133448 -2.803935
v -3.111319 -0.138989 -2.808012
v -3.110203 -0.147168 -2.811995
v -3.108151 -0.162265 -2.816072
v -3.105891 -0.178958 -2.819355
v -3.131384 -0.179806 -2.459427
v -3.131603 -0.163040 -2.462718
v -3.131800 -0.147880 -2.466803
v -3.131901 -0.139667 -2.470791
v -3.131961 -0.134104 -2.474870
v -3.132035 -0.127773 -2.479430
v -3.130938 -0.127773 -2.799440
v -3.130833 -0.134103 -2.803999
v -3.130744 -0.139667 -2.808078
v -3.130617 -0.147880 -2.812065
v -3.130392 -0.163040 -2.816148
v -3.130150 -0.179806 -2.819439
v -3.160342 -0.179211 -2.459526
v -3.159009 -0.162475 -2.462812
v -3.157800 -0.147344 -2.466892
v -3.157140 -0.139147 -2.470877
v -3.156687 -0.133594 -2.474955
v -3.156174 -0.127276 -2.479512
v -3.155078 -0.127276 -2.799523
v -3.155559 -0.133594 -2.804084
v -3.155983 -0.139147 -2.808165
v -3.156617 -0.147344 -2.812154
v -3.157797 -0.162475 -2.816242
v -3.159107 -0.179211 -2.819538
v -3.189471 -0.177422 -2.459626
v -3.186847 -0.160767 -2.462908
v -3.184470 -0.145709 -2.466984
v -3.183176 -0.137551 -2.470967
v -3.182296 -0.132024 -2.475043
v -3.181294 -0.125735 -2.479599
v -3.180198 -0.125735 -2.799609
v -3.181168 -0.132024 -2.804172
v -3.182020 -0.137551 -2.808254
v -3.183286 -0.145709 -2.812246
v -3.185635 -0.160767 -2.816338
v -3.188237 -0.177422 -2.819638
v -3.218803 -0.174442 -2.459726
v -3.214929 -0.157915 -2.463004
v -3.211422 -0.142972 -2.467076
v -3.209518 -0.134876 -2.471057
v -3.208221 -0.129390 -2.475132
v -3.206748 -0.123150 -2.479686
v -3.205651 -0.123150 -2.799697
v -3.207093 -0.129390 -2.804261
v -3.208362 -0.134876 -2.808344
v -3.210239 -0.142972 -2.812338
v -3.213718 -0.157915 -2.816434
v -3.217569 -0.174442 -2.819738
v -3.248363 -0.170272 -2.459828
v -3.243293 -0.153914 -2.463101
v -3.238705 -0.139121 -2.467170
v -3.236215 -0.131109 -2.471148
v -3.234521 -0.125680 -2.475222
v -3.232598 -0.119503 -2.479774
v -3.231501 -0.119503 -2.799785
v -3.233393 -0.125680 -2.804351
v -3.235059 -0.131108 -2.808436
v -3.237522 -0.139121 -2.812431
v -3.242081 -0.153914 -2.816531
v -3.247128 -0.170272 -2.819840
v -3.278170 -0.164912 -2.459930
v -3.271970 -0.148756 -2.463200
v -3.266360 -0.134148 -2.467265
v -3.263315 -0.126234 -2.471241
v -3.261246 -0.120870 -2.475313
v -3.258892 -0.114774 -2.479865
v -3.257796 -0.114774 -2.799875
v -3.260118 -0.120870 -2.804442
v -3.262158 -0.126234 -2.808529
v -3.265177 -0.134148 -2.812526
v -3.270758 -0.148756 -2.816629
v -3.276936 -0.164911 -2.819942
v -3.308254 -0.158357 -2.460033
v -3.300990 -0.142433 -2.463299
v -3.294421 -0.128033 -2.467361
v -3.290856 -0.120233 -2.471336
v -3.288435 -0.114948 -2.475407
v -3.285681 -0.108937 -2.479956
v -3.284585 -0.108937 -2.799967
v -3.287306 -0.114948 -2.804536
v -3.289700 -0.120233 -2.808623
v -3.293237 -0.128033 -2.812622
v -3.299779 -0.142433 -2.816729
v -3.307020 -0.158357 -2.820045
v -3.338639 -0.150612 -2.460137
v -3.330386 -0.134941 -2.463400
v -3.322920 -0.120769 -2.467458
v -3.318869 -0.113092 -2.471432
v -3.316120 -0.107892 -2.475502
v -3.312994 -0.101975 -2.480050
v -3.311898 -0.101975 -2.800061
v -3.314992 -0.107892 -2.804631
v -3.317713 -0.113092 -2.808719
v -3.321736 -0.120769 -2.812720
v -3.329175 -0.134941 -2.816830
v -3.337404 -0.150612 -2.820149
v -3.369351 -0.141674 -2.460242
v -3.360182 -0.126270 -2.463502
v -3.351885 -0.112340 -2.467558
v -3.347388 -0.104793 -2.471529
v -3.344333 -0.099682 -2.475598
v -3.340860 -0.093866 -2.480145
v -3.339764 -0.093866 -2.800156
v -3.343205 -0.099682 -2.804727
v -3.346231 -0.104793 -2.808817
v -3.350702 -0.112340 -2.812819
v -3.358971 -0.126270 -2.816932
v -3.368117 -0.141674 -2.820254
v -3.400413 -0.131545 -2.460349
v -3.390400 -0.116417 -2.463606
v -3.381343 -0.102737 -2.467659
v -3.376428 -0.095324 -2.471629
v -3.373096 -0.090302 -2.475697
v -3.369304 -0.084590 -2.480243
v -3.368207 -0.084590 -2.800254
v -3.371968 -0.090302 -2.804826
v -3.375272 -0.095324 -2.808916
v -3.380159 -0.102737 -2.812920
v -3.389189 -0.116417 -2.817035
v -3.399179 -0.131548 -2.820361
v -3.431849 -0.120226 -2.460457
v -3.421062 -0.105375 -2.463711
v -3.411305 -0.091945 -2.467762
v -3.406016 -0.084670 -2.471730
v -3.402426 -0.079741 -2.475797
v -3.398342 -0.074136 -2.480343
v -3.397245 -0.074136 -2.800353
v -3.401297 -0.079741 -2.804926
v -3.404859 -0.084670 -2.809018
v -3.410122 -0.091945 -2.813023
v -3.419850 -0.105375 -2.817141
v -3.430615 -0.120226 -2.820469
v -3.463689 -0.107715 -2.460566
v -3.452196 -0.093141 -2.463817
v -3.441801 -0.079962 -2.467866
v -3.436161 -0.072823 -2.471834
v -3.432338 -0.067987 -2.475900
v -3.427988 -0.062486 -2.480444
v -3.426891 -0.062486 -2.800455
v -3.431210 -0.067987 -2.805029
v -3.435005 -0.072823 -2.809121
v -3.440617 -0.079962 -2.813128
v -3.450985 -0.093141 -2.817247
v -3.462455 -0.107715 -2.820578
v -3.495953 -0.094011 -2.460676
v -3.519204 -0.064683 -2.464047
v -3.540223 -0.038162 -2.468203
v -3.551605 -0.023795 -2.472229
v -3.559309 -0.014059 -2.476335
v -3.568076 -0.002989 -2.480924
v -3.566979 -0.002989 -2.800935
v -3.558181 -0.014059 -2.805464
v -3.550448 -0.023795 -2.809517
v -3.539040 -0.038162 -2.813465
v -3.517992 -0.064683 -2.817477
v -3.494719 -0.094011 -2.820688
v -3.495953 -0.309797 -2.460676
v -3.519204 -0.320015 -2.464047
v -3.540223 -0.329257 -2.468203
v -3.551605 -0.334262 -2.472229
v -3.559309 -0.337655 -2.476335
v -3.568076 -0.341510 -2.480924
v -3.566979 -0.341510 -2.800935
v -3.558181 -0.337655 -2.805464
v -3.550448 -0.334262 -2.809517
v -3.539040 -0.329257 -2.813465
v -3.517992 -0.320015 -2.817477
v -3.494719 -0.309797 -2.820688
v -3.466776 -0.320615 -2.460576
v -3.476930 -0.335692 -2.463902
v -3.486109 -0.349323 -2.468018
v -3.491075 -0.356706 -2.472022
v -3.494437 -0.361708 -2.476113
v -3.498258 -0.367399 -2.480685
v -3.497161 -0.367399 -2.800696
v -3.493309 -0.361708 -2.805242
v -3.489918 -0.356706 -2.809309
v -3.484926 -0.349323 -2.813279
v -3.475718 -0.335692 -2.817332
v -3.465542 -0.320615 -2.820588
v -3.435492 -0.330921 -2.460469
v -3.444727 -0.346299 -2.463792
v -3.453074 -0.360203 -2.467905
v -3.457588 -0.367737 -2.471907
v -3.460645 -0.372841 -2.475997
v -3.464120 -0.378646 -2.480568
v -3.463023 -0.378646 -2.800579
v -3.459517 -0.372841 -2.805126
v -3.456432 -0.367737 -2.809195
v -3.451890 -0.360203 -2.813166
v -3.443516 -0.346299 -2.817222
v -3.434258 -0.330921 -2.820481
v -3.402556 -0.340629 -2.460356
v -3.410961 -0.356251 -2.463676
v -3.418560 -0.370376 -2.467786
v -3.422670 -0.378030 -2.471788
v -3.425449 -0.383214 -2.475876
v -3.428613 -0.389111 -2.480446
v -3.427516 -0.389110 -2.800457
v -3.424321 -0.383214 -2.805005
v -3.421514 -0.378030 -2.809075
v -3.417377 -0.370376 -2.813048
v -3.409749 -0.356251 -2.817106
v -3.401322 -0.340629 -2.820368
v -3.368415 -0.349661 -2.460239
v -3.376050 -0.365486 -2.463557
v -3.382956 -0.379795 -2.467664
v -3.386688 -0.387548 -2.471664
v -3.389211 -0.392800 -2.475752
v -3.392083 -0.398774 -2.480321
v -3.390987 -0.398774 -2.800332
v -3.388083 -0.392800 -2.804881
v -3.385531 -0.387548 -2.808952
v -3.381772 -0.379795 -2.812926
v -3.374839 -0.365486 -2.816986
v -3.367181 -0.349661 -2.820251
v -3.333521 -0.357936 -2.460119
v -3.340421 -0.373935 -2.463434
v -3.346657 -0.388403 -2.467540
v -3.350031 -0.396239 -2.471539
v -3.352310 -0.401551 -2.475626
v -3.354905 -0.407590 -2.480194
v -3.353808 -0.407590 -2.800205
v -3.351182 -0.401551 -2.804755
v -3.348875 -0.396239 -2.808826
v -3.345474 -0.388403 -2.812801
v -3.339210 -0.373935 -2.816864
v -3.332287 -0.357936 -2.820132
v -3.298328 -0.365369 -2.459999
v -3.304497 -0.381522 -2.463311
v -3.310072 -0.396130 -2.467414
v -3.313086 -0.404044 -2.471412
v -3.315123 -0.409405 -2.475498
v -3.317443 -0.415504 -2.480065
v -3.316346 -0.415504 -2.800076
v -3.313995 -0.409405 -2.804627
v -3.311929 -0.404044 -2.808699
v -3.308889 -0.396130 -2.812676
v -3.303286 -0.381522 -2.816741
v -3.297094 -0.365369 -2.820011
v -3.263284 -0.371881 -2.459879
v -3.268704 -0.388175 -2.463188
v -3.273599 -0.402910 -2.467289
v -3.276245 -0.410892 -2.471286
v -3.278033 -0.416300 -2.475371
v -3.280067 -0.422451 -2.479937
v -3.278970 -0.422451 -2.799948
v -3.276905 -0.416299 -2.804500
v -3.275089 -0.410892 -2.808573
v -3.272416 -0.402910 -2.812551
v -3.267493 -0.388175 -2.816618
v -3.262050 -0.371881 -2.819891
v -3.228843 -0.377393 -2.459761
v -3.233460 -0.393814 -2.463068
v -3.237633 -0.408664 -2.467166
v -3.239888 -0.416708 -2.471161
v -3.241413 -0.422160 -2.475245
v -3.243143 -0.428358 -2.479811
v -3.242047 -0.428358 -2.799821
v -3.240284 -0.422160 -2.804374
v -3.238732 -0.416708 -2.808448
v -3.236450 -0.408664 -2.812428
v -3.232249 -0.393814 -2.816498
v -3.227609 -0.377393 -2.819773
v -3.195454 -0.381821 -2.459646
v -3.199186 -0.398361 -2.462950
v -3.202559 -0.413315 -2.467046
v -3.204379 -0.421419 -2.471039
v -3.205608 -0.426907 -2.475123
v -3.207006 -0.433152 -2.479687
v -3.205909 -0.433152 -2.799697
v -3.204480 -0.426907 -2.804252
v -3.203222 -0.421419 -2.808327
v -3.201376 -0.413315 -2.812308
v -3.197974 -0.398361 -2.816380
v -3.194220 -0.381821 -2.819658
v -3.163571 -0.385083 -2.459537
v -3.166281 -0.401727 -2.462837
v -3.168726 -0.416778 -2.466930
v -3.170045 -0.424931 -2.470922
v -3.170937 -0.430456 -2.475004
v -3.171948 -0.436739 -2.479567
v -3.170852 -0.436739 -2.799577
v -3.169808 -0.430456 -2.804133
v -3.168889 -0.424931 -2.808209
v -3.167543 -0.416778 -2.812191
v -3.165069 -0.401727 -2.816267
v -3.162337 -0.385083 -2.819549
v -3.133639 -0.387101 -2.459434
v -3.135118 -0.403828 -2.462731
v -3.136451 -0.418954 -2.466819
v -3.137168 -0.427149 -2.470809
v -3.137648 -0.432699 -2.474890
v -3.138196 -0.439014 -2.479451
v -3.137099 -0.439014 -2.799462
v -3.136520 -0.432699 -2.804019
v -3.136011 -0.427149 -2.808096
v -3.135268 -0.418954 -2.812081
v -3.133907 -0.403828 -2.816160
v -3.132405 -0.387101 -2.819447
v -3.106117 -0.387792 -2.459340
v -3.105897 -0.404561 -2.462631
v -3.105695 -0.419726 -2.466714
v -3.105578 -0.427939 -2.470701
v -3.105495 -0.433505 -2.474780
v -3.105401 -0.439836 -2.479338
v -3.104305 -0.439836 -2.799349
v -3.104367 -0.433505 -2.803909
v -3.104422 -0.427942 -2.807988
v -3.104511 -0.419726 -2.811975
v -3.104686 -0.404561 -2.816060
v -3.104883 -0.387792 -2.819352
v -3.022197 -0.384602 -2.459052
v -3.019625 -0.401280 -2.462335
v -3.017296 -0.416365 -2.466411
v -3.016027 -0.424536 -2.470394
v -3.015163 -0.430071 -2.474470
v -3.014181 -0.436368 -2.479026
v -3.013085 -0.436368 -2.799037
v -3.014035 -0.430071 -2.803599
v -3.014871 -0.424536 -2.807681
v -3.016112 -0.416364 -2.811672
v -3.018414 -0.401280 -2.815765
v -3.020962 -0.384602 -2.819064
v -2.945507 -0.375264 -2.458790
v -2.940167 -0.391606 -2.462062
v -2.935336 -0.406384 -2.466130
v -2.932712 -0.414389 -2.470108
v -2.930929 -0.419814 -2.474181
v -2.928900 -0.425984 -2.478734
v -2.927804 -0.425984 -2.798744
v -2.929801 -0.419814 -2.803310
v -2.931556 -0.414389 -2.807395
v -2.934152 -0.406384 -2.811392
v -2.938955 -0.391606 -2.815492
v -2.944273 -0.375264 -2.818802
v -2.876061 -0.360128 -2.458551
v -2.867789 -0.375833 -2.461814
v -2.860303 -0.390033 -2.465873
v -2.856241 -0.397724 -2.469846
v -2.853487 -0.402936 -2.473916
v -2.850350 -0.408864 -2.478464
v -2.849254 -0.408864 -2.798475
v -2.852359 -0.402936 -2.803045
v -2.855085 -0.397724 -2.807133
v -2.859120 -0.390033 -2.811134
v -2.866577 -0.375833 -2.815244
v -2.874827 -0.360128 -2.818563
v -2.813873 -0.339550 -2.458338
v -2.802617 -0.354268 -2.461591
v -2.792435 -0.367576 -2.465640
v -2.786912 -0.374783 -2.469608
v -2.783166 -0.379668 -2.473675
v -2.778903 -0.385224 -2.478219
v -2.777806 -0.385224 -2.798230
v -2.782038 -0.379668 -2.802804
v -2.785756 -0.374783 -2.806896
v -2.791251 -0.367576 -2.810902
v -2.801405 -0.354268 -2.815021
v -2.812639 -0.339550 -2.818350
v -2.758955 -0.313882 -2.458150
v -2.744819 -0.327253 -2.461393
v -2.732032 -0.339345 -2.465433
v -2.725099 -0.345894 -2.469397
v -2.720398 -0.350331 -2.473460
v -2.715051 -0.355380 -2.478000
v -2.713955 -0.355380 -2.798011
v -2.719270 -0.350331 -2.802589
v -2.723943 -0.345893 -2.806684
v -2.730849 -0.339345 -2.810695
v -2.743607 -0.327253 -2.814823
v -2.757720 -0.313882 -2.818162
v -2.711316 -0.283474 -2.457987
v -2.694570 -0.295179 -2.461221
v -2.679424 -0.305763 -2.465253
v -2.671214 -0.311495 -2.469212
v -2.665644 -0.315379 -2.473272
v -2.659311 -0.319799 -2.477809
v -2.658214 -0.319799 -2.797820
v -2.664515 -0.315379 -2.802401
v -2.670057 -0.311495 -2.806499
v -2.678240 -0.305762 -2.810514
v -2.693359 -0.295179 -2.814650
v -2.710082 -0.283474 -2.817999
v -2.670975 -0.248678 -2.457849
v -2.652019 -0.258477 -2.461075
v -2.634873 -0.267337 -2.465100
v -2.625580 -0.272136 -2.469055
v -2.619277 -0.275389 -2.473113
v -2.612112 -0.279088 -2.477648
v -2.611015 -0.279088 -2.797658
v -2.618149 -0.275389 -2.802242
v -2.624424 -0.272136 -2.806343
v -2.633690 -0.267337 -2.810362
v -2.650807 -0.258477 -2.814505
v -2.669741 -0.248678 -2.817861
v -2.637939 -0.209850 -2.457735
v -2.617250 -0.217607 -2.460956
v -2.598536 -0.224624 -2.464976
v -2.588393 -0.228428 -2.468928
v -2.581515 -0.231002 -2.472984
v -2.573691 -0.233932 -2.477516
v -2.572595 -0.233932 -2.797527
v -2.580387 -0.231002 -2.802113
v -2.587237 -0.228428 -2.806215
v -2.597352 -0.224624 -2.810237
v -2.616039 -0.217607 -2.814385
v -2.636705 -0.209850 -2.817747
v -2.612222 -0.167335 -2.457647
v -2.590284 -0.173028 -2.460863
v -2.570439 -0.178178 -2.464879
v -2.559686 -0.180968 -2.468830
v -2.552391 -0.182858 -2.472884
v -2.544098 -0.185008 -2.477415
v -2.543002 -0.185008 -2.797425
v -2.551263 -0.182858 -2.802013
v -2.558529 -0.180968 -2.806117
v -2.569256 -0.178178 -2.810141
v -2.589072 -0.173028 -2.814293
v -2.610988 -0.167335 -2.817659
v -2.593838 -0.121489 -2.457584
v -2.571095 -0.125176 -2.460797
v -2.550520 -0.128506 -2.464811
v -2.539372 -0.130310 -2.468760
v -2.531811 -0.131532 -2.472813
v -2.523213 -0.132923 -2.477343
v -2.522116 -0.132926 -2.797354
v -2.530683 -0.131535 -2.801942
v -2.538215 -0.130310 -2.806047
v -2.549336 -0.128506 -2.810072
v -2.569883 -0.125176 -2.814227
v -2.592604 -0.121489 -2.817596
v -2.582798 -0.072667 -2.457546
v -2.559624 -0.074450 -2.460758
v -2.538663 -0.076062 -2.464770
v -2.527302 -0.076936 -2.468719
v -2.519599 -0.077529 -2.472771
v -2.510838 -0.078202 -2.477300
v -2.509741 -0.078202 -2.797311
v -2.518471 -0.077529 -2.801900
v -2.526146 -0.076936 -2.806006
v -2.537480 -0.076062 -2.810032
v -2.558413 -0.074450 -2.814188
v -2.581564 -0.072667 -2.817558
v -2.579116 -0.021216 -2.457534
v -2.555845 -0.021648 -2.460745
v -2.534796 -0.022038 -2.464757
v -2.523387 -0.022248 -2.468705
v -2.515654 -0.022394 -2.472758
v -2.506856 -0.022555 -2.477287
v -2.505759 -0.022555 -2.797297
v -2.514526 -0.022394 -2.801887
v -2.522231 -0.022248 -2.805992
v -2.533612 -0.022038 -2.810019
v -2.554634 -0.021648 -2.814175
v -2.577882 -0.021216 -2.817546
v -2.579116 0.594944 -2.457534
v -2.555845 0.578190 -2.460745
v -2.534796 0.563038 -2.464757
v -2.523387 0.554833 -2.468705
v -2.515654 0.549272 -2.472758
v -2.506856 0.542947 -2.477287
v -2.505759 0.542947 -2.797297
v -2.514526 0.549272 -2.801887
v -2.522231 0.554833 -2.805992
v -2.533612 0.563038 -2.810019
v -2.554634 0.578190 -2.814175
v -2.577882 0.594944 -2.817546
v -2.297568 0.594944 -2.456568
v -2.274297 0.578190 -2.459780
v -2.253247 0.563038 -2.463792
v -2.241838 0.554833 -2.467740
v -2.234106 0.549272 -2.471793
v -2.225307 0.542947 -2.476322
v -2.224211 0.542947 -2.796332
v -2.232977 0.549272 -2.800922
v -2.240682 0.554833 -2.805027
v -2.252064 0.563038 -2.809053
v -2.273085 0.578190 -2.813210
v -2.296334 0.594944 -2.816581
v -2.297568 0.620942 -2.456568
v -2.274297 0.628000 -2.459780
v -2.253247 0.634383 -2.463792
v -2.241838 0.637841 -2.467740
v -2.234106 0.640186 -2.471793
v -2.225307 0.642851 -2.476322
v -2.224211 0.642851 -2.796332
v -2.232977 0.640186 -2.800922
v -2.240682 0.637841 -2.805027
v -2.252064 0.634383 -2.809053
v -2.273085 0.628000 -2.813210
v -2.296334 0.620942 -2.816581
v -2.900370 1.044714 -2.458635
v -2.923619 1.084479 -2.462006
v -2.944640 1.120437 -2.466162
v -2.956022 1.139915 -2.470188
v -2.963727 1.153112 -2.474293
v -2.972493 1.168126 -2.478883
v -2.971397 1.168126 -2.798893
v -2.962598 1.153112 -2.803423
v -2.954865 1.139915 -2.807475
v -2.943456 1.120437 -2.811423
v -2.922407 1.084479 -2.815435
v -2.899136 1.044714 -2.818647
v -2.900370 0.802930 -2.458635
v -2.923619 0.819683 -2.462006
v -2.944640 0.834835 -2.466162
v -2.956022 0.843040 -2.470188
v -2.963727 0.848601 -2.474293
v -2.972493 0.854927 -2.478883
v -2.971397 0.854927 -2.798893
v -2.962598 0.848601 -2.803423
v -2.954865 0.843040 -2.807475
v -2.943456 0.834835 -2.811423
v -2.922407 0.819683 -2.815435
v -2.899136 0.802930 -2.818647
v -4.048221 0.649540 -2.462569
v -4.037458 0.666293 -2.465823
v -4.027723 0.681445 -2.469874
v -4.022445 0.689650 -2.473843
v -4.018864 0.695211 -2.477910
v -4.014789 0.701537 -2.482455
v -4.013692 0.701537 -2.802466
v -4.017735 0.695211 -2.807039
v -4.021289 0.689650 -2.811131
v -4.026540 0.681445 -2.815136
v -4.036247 0.666293 -2.819253
v -4.046987 0.649540 -2.822581
v -4.080071 0.676503 -2.462678
v -4.062886 0.687817 -2.465911
v -4.047343 0.698050 -2.469942
v -4.038916 0.703596 -2.473900
v -4.033202 0.707350 -2.477959
v -4.026703 0.711621 -2.482496
v -4.025606 0.711621 -2.802507
v -4.032074 0.707350 -2.807088
v -4.037760 0.703596 -2.811187
v -4.046160 0.698050 -2.815203
v -4.061675 0.687817 -2.819340
v -4.078837 0.676503 -2.822690
v -4.114129 0.701453 -2.462795
v -4.098116 0.713628 -2.466031
v -4.083633 0.724639 -2.470066
v -4.075781 0.730603 -2.474026
v -4.070458 0.734643 -2.478087
v -4.064401 0.739239 -2.482625
v -4.063304 0.739239 -2.802636
v -4.069330 0.734643 -2.807216
v -4.074625 0.730603 -2.811313
v -4.082450 0.724639 -2.815327
v -4.096905 0.713628 -2.819461
v -4.112895 0.701453 -2.822807
v -4.150192 0.724327 -2.462919
v -4.135437 0.737297 -2.466159
v -4.122089 0.749028 -2.470198
v -4.114854 0.755384 -2.474160
v -4.109944 0.759690 -2.478222
v -4.104362 0.764585 -2.482763
v -4.103265 0.764585 -2.802773
v -4.108816 0.759690 -2.807352
v -4.113698 0.755384 -2.811447
v -4.120906 0.749028 -2.815459
v -4.134225 0.737297 -2.819589
v -4.148958 0.724327 -2.822931
v -4.188059 0.745060 -2.463048
v -4.174640 0.758764 -2.466294
v -4.162503 0.771158 -2.470336
v -4.155922 0.777870 -2.474301
v -4.151458 0.782417 -2.478365
v -4.146380 0.787591 -2.482907
v -4.145284 0.787591 -2.802917
v -4.150330 0.782417 -2.807494
v -4.154767 0.777870 -2.811588
v -4.161320 0.771158 -2.815598
v -4.173429 0.758764 -2.819724
v -4.186825 0.745060 -2.823061
v -4.227531 0.763592 -2.463184
v -4.215528 0.777961 -2.466434
v -4.204671 0.790953 -2.470481
v -4.198782 0.797993 -2.474448
v -4.194789 0.802761 -2.478513
v -4.190245 0.808187 -2.483057
v -4.189148 0.808187 -2.803068
v -4.193661 0.802761 -2.807642
v -4.197627 0.797993 -2.811735
v -4.203488 0.790953 -2.815742
v -4.214317 0.777961 -2.819864
v -4.226297 0.763592 -2.823196
v -4.268406 0.779857 -2.463324
v -4.257896 0.794821 -2.466579
v -4.248389 0.808351 -2.470631
v -4.243233 0.815682 -2.474600
v -4.239735 0.820648 -2.478667
v -4.235756 0.826297 -2.483213
v -4.234660 0.826297 -2.803224
v -4.238606 0.820648 -2.807796
v -4.242077 0.815682 -2.811888
v -4.247206 0.808351 -2.815892
v -4.256685 0.794821 -2.820009
v -4.267172 0.779857 -2.823336
v -4.310483 0.793794 -2.463468
v -4.301545 0.809276 -2.466729
v -4.293459 0.823279 -2.470785
v -4.289072 0.830863 -2.474757
v -4.286096 0.836003 -2.478826
v -4.282709 0.841847 -2.483374
v -4.281612 0.841847 -2.803385
v -4.284967 0.836003 -2.807955
v -4.287916 0.830863 -2.812045
v -4.292275 0.823279 -2.816047
v -4.300333 0.809276 -2.820158
v -4.309249 0.793794 -2.823480
v -4.353565 0.805337 -2.463616
v -4.346273 0.821261 -2.466882
v -4.339676 0.835662 -2.470943
v -4.336097 0.843464 -2.474918
v -4.333667 0.848749 -2.478989
v -4.330903 0.854760 -2.483539
v -4.329806 0.854760 -2.803550
v -4.332539 0.848749 -2.808118
v -4.334941 0.843464 -2.812206
v -4.338492 0.835662 -2.816205
v -4.345062 0.821261 -2.820312
v -4.352331 0.805337 -2.823628
v -4.397449 0.814426 -2.463766
v -4.391879 0.830707 -2.467038
v -4.386837 0.845429 -2.471105
v -4.384101 0.853406 -2.475083
v -4.382241 0.858811 -2.479156
v -4.380126 0.864957 -2.483708
v -4.379030 0.864957 -2.803719
v -4.381113 0.858811 -2.808285
v -4.382946 0.853406 -2.812370
v -4.385653 0.845429 -2.816367
v -4.390667 0.830707 -2.820468
v -4.396215 0.814426 -2.823778
v -4.441933 0.820996 -2.463919
v -4.438157 0.837542 -2.467197
v -4.434736 0.852506 -2.471269
v -4.432878 0.860610 -2.475250
v -4.431612 0.866103 -2.479325
v -4.430175 0.872348 -2.483879
v -4.429078 0.872348 -2.803890
v -4.430484 0.866103 -2.808454
v -4.431723 0.860610 -2.812537
v -4.433552 0.852506 -2.816531
v -4.436945 0.837542 -2.820627
v -4.440699 0.820996 -2.823931
v -4.486820 0.824984 -2.464072
v -4.484901 0.841696 -2.467357
v -4.483160 0.856809 -2.471435
v -4.482213 0.864993 -2.475419
v -4.481566 0.870541 -2.479496
v -4.480829 0.876849 -2.484053
v -4.479732 0.876849 -2.804064
v -4.480438 0.870541 -2.808625
v -4.481057 0.864993 -2.812706
v -4.481977 0.856809 -2.816697
v -4.483690 0.841696 -2.820787
v -4.485586 0.824984 -2.824085
v -4.531907 0.826329 -2.464227
v -4.532089 0.843103 -2.467519
v -4.532253 0.858270 -2.471604
v -4.532337 0.866488 -2.475591
v -4.532386 0.872054 -2.479671
v -4.532446 0.878388 -2.484230
v -4.531349 0.878388 -2.804240
v -4.531258 0.872054 -2.808800
v -4.531181 0.866488 -2.812878
v -4.531070 0.858270 -2.816865
v -4.530878 0.843103 -2.820949
v -4.530673 0.826329 -2.824239
v -4.609499 0.823074 -2.464493
v -4.612286 0.839739 -2.467794
v -4.614802 0.854810 -2.471887
v -4.616157 0.862973 -2.475878
v -4.617071 0.868503 -2.479961
v -4.618113 0.874795 -2.484524
v -4.617016 0.874795 -2.804534
v -4.615942 0.868503 -2.809090
v -4.615001 0.862973 -2.813166
v -4.613618 0.854810 -2.817148
v -4.611075 0.839739 -2.821223
v -4.608264 0.823074 -2.824505
v -4.683106 0.813293 -2.464745
v -4.688859 0.829565 -2.468056
v -4.694057 0.844278 -2.472158
v -4.696867 0.852249 -2.476155
v -4.698767 0.857649 -2.480241
v -4.700925 0.863792 -2.484807
v -4.699828 0.863792 -2.804818
v -4.697639 0.857649 -2.809370
v -4.695712 0.852249 -2.813442
v -4.692874 0.844278 -2.817420
v -4.687648 0.829565 -2.821486
v -4.681872 0.813293 -2.824757
v -4.752203 0.796958 -2.464982
v -4.761037 0.812500 -2.468304
v -4.769026 0.826555 -2.472415
v -4.773344 0.834167 -2.476417
v -4.776267 0.839328 -2.480506
v -4.779592 0.845193 -2.485077
v -4.778495 0.845193 -2.805088
v -4.775139 0.839328 -2.809635
v -4.772188 0.834167 -2.813704
v -4.767842 0.826555 -2.817677
v -4.759826 0.812500 -2.821733
v -4.750968 0.796958 -2.824994
v -4.816262 0.774043 -2.465202
v -4.828165 0.788488 -2.468534
v -4.838927 0.801550 -2.472655
v -4.844749 0.808624 -2.476662
v -4.848690 0.813418 -2.480755
v -4.853172 0.818872 -2.485329
v -4.852075 0.818872 -2.805340
v -4.847561 0.813418 -2.809884
v -4.843594 0.808624 -2.813949
v -4.837743 0.801550 -2.817916
v -4.826953 0.788488 -2.821964
v -4.815028 0.774043 -2.825214
v -4.874754 0.744520 -2.465402
v -4.889550 0.757503 -2.468744
v -4.902925 0.769247 -2.472874
v -4.910163 0.775606 -2.476886
v -4.915064 0.779916 -2.480982
v -4.920638 0.784820 -2.485560
v -4.919541 0.784820 -2.805571
v -4.913936 0.779916 -2.810111
v -4.909008 0.775606 -2.814173
v -4.901742 0.769247 -2.818136
v -4.888339 0.757503 -2.822174
v -4.873520 0.744520 -2.825414
v -4.927157 0.708361 -2.465582
v -4.944505 0.719585 -2.468933
v -4.960187 0.729734 -2.473070
v -4.968678 0.735233 -2.477087
v -4.974423 0.738956 -2.481186
v -4.980963 0.743194 -2.485767
v -4.979866 0.743194 -2.805778
v -4.973295 0.738956 -2.810315
v -4.967522 0.735233 -2.814374
v -4.959004 0.729734 -2.818332
v -4.943294 0.719585 -2.822362
v -4.925923 0.708361 -2.825594
v -4.972940 0.665542 -2.465739
v -4.992382 0.674805 -2.469097
v -5.009961 0.683182 -2.473241
v -5.019476 0.687721 -2.477261
v -5.025920 0.690794 -2.481362
v -5.033249 0.694294 -2.485946
v -5.032152 0.694294 -2.805957
v -5.024792 0.690794 -2.810491
v -5.018320 0.687721 -2.814548
v -5.008777 0.683182 -2.818503
v -4.991171 0.674805 -2.822526
v -4.971706 0.665542 -2.825751
v -5.011580 0.616031 -2.465871
v -5.032612 0.623258 -2.469234
v -5.051630 0.629792 -2.473384
v -5.061925 0.633333 -2.477406
v -5.068894 0.635730 -2.481509
v -5.076825 0.638460 -2.486096
v -5.075728 0.638460 -2.806107
v -5.067766 0.635730 -2.810638
v -5.060769 0.633333 -2.814694
v -5.050446 0.629792 -2.818645
v -5.031401 0.623258 -2.822664
v -5.010345 0.616031 -2.825883
v -5.042550 0.559804 -2.465977
v -5.064687 0.565025 -2.469344
v -5.084704 0.569746 -2.473497
v -5.095539 0.572304 -2.477522
v -5.102877 0.574036 -2.481626
v -5.111222 0.576006 -2.486214
v -5.110125 0.576006 -2.806224
v -5.101749 0.574036 -2.810755
v -5.094383 0.572304 -2.814809
v -5.083521 0.569746 -2.818759
v -5.063476 0.565025 -2.822774
v -5.041316 0.559804 -2.825989
v -5.065324 0.496836 -2.466055
v -5.088147 0.500162 -2.469425
v -5.108783 0.503167 -2.473580
v -5.119953 0.504797 -2.477605
v -5.127520 0.505899 -2.481710
v -5.136122 0.507155 -2.486299
v -5.135026 0.507155 -2.806310
v -5.126391 0.505899 -2.810839
v -5.118797 0.504797 -2.814893
v -5.107600 0.503167 -2.818841
v -5.086936 0.500162 -2.822855
v -5.064090 0.496836 -2.826067
v -5.079373 0.427096 -2.466104
v -5.102547 0.428682 -2.469474
v -5.123499 0.430114 -2.473630
v -5.134844 0.430892 -2.477656
v -5.142524 0.431417 -2.481762
v -5.151261 0.432015 -2.486351
v -5.150164 0.432015 -2.806362
v -5.141396 0.431417 -2.810891
v -5.133688 0.430892 -2.814944
v -5.122315 0.430114 -2.818892
v -5.101336 0.428682 -2.822904
v -5.078139 0.427096 -2.826116
v -5.084174 0.350560 -2.466120
v -5.107422 0.350939 -2.469491
v -5.128444 0.351280 -2.473647
v -5.139825 0.351464 -2.477673
v -5.147531 0.351592 -2.481779
v -5.156297 0.351735 -2.486368
v -5.155200 0.351735 -2.806379
v -5.146402 0.351592 -2.810908
v -5.138669 0.351464 -2.814961
v -5.127261 0.351280 -2.818909
v -5.106211 0.350939 -2.822921
v -5.082940 0.350560 -2.826132
v -5.084174 -0.364394 -2.466120
v -5.107422 -0.381147 -2.469491
v -5.128444 -0.396299 -2.473647
v -5.139825 -0.404504 -2.477674
v -5.147531 -0.410065 -2.481779
v -5.156297 -0.416391 -2.486368
v -5.155200 -0.416390 -2.806379
v -5.146402 -0.410065 -2.810908
v -5.138669 -0.404504 -2.814961
v -5.127261 -0.396299 -2.818909
v -5.106211 -0.381147 -2.822921
v -5.082940 -0.364394 -2.826132
v -4.762920 -0.364394 -2.465019
v -4.739646 -0.381147 -2.468230
v -4.718600 -0.396299 -2.472242
v -4.707191 -0.404504 -2.476191
v -4.699458 -0.410065 -2.480243
v -4.690660 -0.416391 -2.484772
v -4.689563 -0.416390 -2.804783
v -4.698329 -0.410065 -2.809372
v -4.706035 -0.404504 -2.813478
v -4.717416 -0.396299 -2.817504
v -4.738435 -0.381147 -2.821660
v -4.761686 -0.364394 -2.825031
v -4.762920 0.358359 -2.465019
v -4.739646 0.357992 -2.468230
v -4.718600 0.357662 -2.472242
v -4.707191 0.357483 -2.476191
v -4.699458 0.357361 -2.480243
v -4.690660 0.357223 -2.484772
v -4.689563 0.357223 -2.804783
v -4.698329 0.357361 -2.809372
v -4.706035 0.357483 -2.813478
v -4.717416 0.357662 -2.817504
v -4.738435 0.357992 -2.821660
v -4.761686 0.358359 -2.825031
v -4.760394 0.399980 -2.465010
v -4.737189 0.398467 -2.468222
v -4.716207 0.397097 -2.472234
v -4.704831 0.396353 -2.476182
v -4.697120 0.395851 -2.480235
v -4.688350 0.395279 -2.484764
v -4.687253 0.395279 -2.804775
v -4.695992 0.395851 -2.809364
v -4.703675 0.396353 -2.813470
v -4.715023 0.397097 -2.817496
v -4.735978 0.398467 -2.821652
v -4.759160 0.399980 -2.825022
v -4.752927 0.438930 -2.464985
v -4.730036 0.435790 -2.468197
v -4.709334 0.432951 -2.472211
v -4.698111 0.431414 -2.476159
v -4.690503 0.430372 -2.480212
v -4.681849 0.429186 -2.484742
v -4.680753 0.429186 -2.804753
v -4.689375 0.430372 -2.809341
v -4.696955 0.431414 -2.813447
v -4.708151 0.432951 -2.817472
v -4.728825 0.435790 -2.821627
v -4.751693 0.438930 -2.824997
v -4.740699 0.475026 -2.464943
v -4.718397 0.470144 -2.468158
v -4.698228 0.465729 -2.472172
v -4.687296 0.463338 -2.476122
v -4.679885 0.461718 -2.480176
v -4.671454 0.459875 -2.484706
v -4.670357 0.459875 -2.804717
v -4.678757 0.461718 -2.809305
v -4.686141 0.463338 -2.813410
v -4.697044 0.465729 -2.817434
v -4.717186 0.470144 -2.821587
v -4.739465 0.475026 -2.824955
v -4.723884 0.508091 -2.464885
v -4.702520 0.501365 -2.468103
v -4.683198 0.495284 -2.472121
v -4.672725 0.491988 -2.476072
v -4.665625 0.489757 -2.480127
v -4.657549 0.487217 -2.484659
v -4.656452 0.487217 -2.804669
v -4.664497 0.489757 -2.809256
v -4.671569 0.491988 -2.813360
v -4.682014 0.495284 -2.817383
v -4.701309 0.501365 -2.821533
v -4.722650 0.508091 -2.824897
v -4.702657 0.537940 -2.464812
v -4.682648 0.529311 -2.468035
v -4.664550 0.521506 -2.472057
v -4.654741 0.517279 -2.476011
v -4.648088 0.514416 -2.480067
v -4.640522 0.511159 -2.484600
v -4.639426 0.511159 -2.804611
v -4.646960 0.514416 -2.809196
v -4.653585 0.517279 -2.813298
v -4.663367 0.521506 -2.817319
v -4.681437 0.529311 -2.821465
v -4.701423 0.537940 -2.824825
v -4.677193 0.564396 -2.464725
v -4.659011 0.553866 -2.467954
v -4.642568 0.544346 -2.471982
v -4.633652 0.539188 -2.475938
v -4.627607 0.535693 -2.479997
v -4.620733 0.531718 -2.484533
v -4.619637 0.531718 -2.804543
v -4.626479 0.535693 -2.809126
v -4.632496 0.539188 -2.813226
v -4.641384 0.544346 -2.817243
v -4.657800 0.553866 -2.821384
v -4.675959 0.564396 -2.824737
v -4.647669 0.587277 -2.464624
v -4.631811 0.574946 -2.467861
v -4.617470 0.563795 -2.471896
v -4.609693 0.557756 -2.475856
v -4.604420 0.553663 -2.479917
v -4.598423 0.549010 -2.484456
v -4.597327 0.549010 -2.804467
v -4.603292 0.553663 -2.809047
v -4.608537 0.557756 -2.813143
v -4.616287 0.563795 -2.817157
v -4.630600 0.574946 -2.821290
v -4.646435 0.587277 -2.824636
v -4.614258 0.606401 -2.464509
v -4.601188 0.592476 -2.467756
v -4.589363 0.579885 -2.471799
v -4.582951 0.573063 -2.475765
v -4.578603 0.568444 -2.479829
v -4.573656 0.563187 -2.484371
v -4.572559 0.563187 -2.804382
v -4.577475 0.568444 -2.808958
v -4.581795 0.573063 -2.813052
v -4.588179 0.579885 -2.817061
v -4.599977 0.592476 -2.821186
v -4.613024 0.606401 -2.824522
v -4.577140 0.621592 -2.464382
v -4.567208 0.606383 -2.467639
v -4.558226 0.592627 -2.471693
v -4.553353 0.585176 -2.475663
v -4.550046 0.580130 -2.479731
v -4.546287 0.574387 -2.484277
v -4.545190 0.574387 -2.804288
v -4.548918 0.580130 -2.808860
v -4.552197 0.585176 -2.812950
v -4.557042 0.592627 -2.816954
v -4.565997 0.606383 -2.821069
v -4.575906 0.621592 -2.824394
v -4.536485 0.632665 -2.464243
v -4.529890 0.616546 -2.467511
v -4.523923 0.601971 -2.471575
v -4.520686 0.594075 -2.475551
v -4.518487 0.588725 -2.479623
v -4.515986 0.582639 -2.484174
v -4.514889 0.582639 -2.804184
v -4.517359 0.588725 -2.808752
v -4.519530 0.594075 -2.812839
v -4.522740 0.601971 -2.816837
v -4.528679 0.616546 -2.820941
v -4.535251 0.632665 -2.824255
v -4.492473 0.639442 -2.464092
v -4.489229 0.622806 -2.467372
v -4.486292 0.607766 -2.471446
v -4.484695 0.599616 -2.475428
v -4.483607 0.594096 -2.479503
v -4.482372 0.587815 -2.484058
v -4.481276 0.587815 -2.804069
v -4.482479 0.594096 -2.808632
v -4.483540 0.599616 -2.812715
v -4.485108 0.607766 -2.816708
v -4.488018 0.622806 -2.820802
v -4.491239 0.639442 -2.824104
v -4.445276 0.641741 -2.463930
v -4.444940 0.624964 -2.467220
v -4.444634 0.609794 -2.471303
v -4.444462 0.601576 -2.475290
v -4.444340 0.596007 -2.479369
v -4.444202 0.589674 -2.483927
v -4.443106 0.589674 -2.803938
v -4.443212 0.596007 -2.808498
v -4.443306 0.601576 -2.812577
v -4.443451 0.609794 -2.816565
v -4.443728 0.624964 -2.820650
v -4.444042 0.641741 -2.823942
v -4.410644 0.640750 -2.463811
v -4.412545 0.624036 -2.467109
v -4.414261 0.608925 -2.471199
v -4.415183 0.600739 -2.475189
v -4.415805 0.595191 -2.479271
v -4.416511 0.588881 -2.483832
v -4.415414 0.588881 -2.803843
v -4.414677 0.595191 -2.808400
v -4.414027 0.600739 -2.812477
v -4.413077 0.608925 -2.816461
v -4.411334 0.624036 -2.820539
v -4.409410 0.640750 -2.823823
v -4.376977 0.637708 -2.463696
v -4.380906 0.621179 -2.467001
v -4.384454 0.606232 -2.471097
v -4.386373 0.598136 -2.475091
v -4.387667 0.592651 -2.479174
v -4.389137 0.586408 -2.483739
v -4.388040 0.586408 -2.803749
v -4.386539 0.592651 -2.808303
v -4.385217 0.598136 -2.812378
v -4.383271 0.606232 -2.816359
v -4.379694 0.621179 -2.820431
v -4.375743 0.637708 -2.823708
v -4.344038 0.632519 -2.463583
v -4.350052 0.616319 -2.466895
v -4.355486 0.601669 -2.470998
v -4.358423 0.593732 -2.474995
v -4.360409 0.588356 -2.479081
v -4.362667 0.582238 -2.483648
v -4.361570 0.582238 -2.803659
v -4.359281 0.588356 -2.808210
v -4.357267 0.593732 -2.812282
v -4.354302 0.601669 -2.816259
v -4.348841 0.616319 -2.820325
v -4.342804 0.632519 -2.823595
v -4.311588 0.625083 -2.463472
v -4.319640 0.609349 -2.466791
v -4.326917 0.595123 -2.470900
v -4.330855 0.587415 -2.474900
v -4.333517 0.582191 -2.478989
v -4.336545 0.576253 -2.483558
v -4.335448 0.576253 -2.803569
v -4.332389 0.582191 -2.808118
v -4.329699 0.587415 -2.812188
v -4.325734 0.595123 -2.816161
v -4.318429 0.609349 -2.820220
v -4.310354 0.625083 -2.823484
v -4.279387 0.615298 -2.463362
v -4.289341 0.600143 -2.466687
v -4.298340 0.586437 -2.470802
v -4.303208 0.579014 -2.474806
v -4.306501 0.573984 -2.478896
v -4.310247 0.568262 -2.483468
v -4.309151 0.568262 -2.803479
v -4.305373 0.573984 -2.808025
v -4.302052 0.579014 -2.812093
v -4.297157 0.586437 -2.816063
v -4.288130 0.600143 -2.820117
v -4.278153 0.615298 -2.823374
v -4.247198 0.603068 -2.463251
v -4.258854 0.588558 -2.466582
v -4.269389 0.575437 -2.470703
v -4.275089 0.568329 -2.474709
v -4.278946 0.563514 -2.478802
v -4.283334 0.558036 -2.483376
v -4.282237 0.558036 -2.803387
v -4.277818 0.563514 -2.807931
v -4.273933 0.568329 -2.811997
v -4.268205 0.575437 -2.815964
v -4.257643 0.588558 -2.820012
v -4.245964 0.603068 -2.823263
v -4.214787 0.588293 -2.463140
v -4.227903 0.574449 -2.466476
v -4.239759 0.561931 -2.470601
v -4.246179 0.555151 -2.474610
v -4.250522 0.550557 -2.478704
v -4.255462 0.545331 -2.483280
v -4.254365 0.545331 -2.803291
v -4.249393 0.550557 -2.807833
v -4.245023 0.555151 -2.811898
v -4.238576 0.561931 -2.815863
v -4.226692 0.574449 -2.819906
v -4.213553 0.588293 -2.823152
v -4.181909 0.570872 -2.463027
v -4.196250 0.557678 -2.466368
v -4.209217 0.545747 -2.470496
v -4.216233 0.539284 -2.474508
v -4.220984 0.534906 -2.478603
v -4.226388 0.529924 -2.483181
v -4.225292 0.529924 -2.803191
v -4.219856 0.534906 -2.807732
v -4.215077 0.539284 -2.811795
v -4.208033 0.545747 -2.815758
v -4.195039 0.557678 -2.819798
v -4.180675 0.570872 -2.823040
v -4.148332 0.550705 -2.462912
v -4.163678 0.538117 -2.466256
v -4.177549 0.526729 -2.470388
v -4.185061 0.520562 -2.474401
v -4.190144 0.516385 -2.478497
v -4.195926 0.511632 -2.483076
v -4.194829 0.511632 -2.803087
v -4.189016 0.516385 -2.807626
v -4.183905 0.520562 -2.811688
v -4.176366 0.526729 -2.815650
v -4.162467 0.538117 -2.819686
v -4.147098 0.550705 -2.822924
v -4.113812 0.527696 -2.462794
v -4.129969 0.515649 -2.466141
v -4.144578 0.504750 -2.470275
v -4.152485 0.498849 -2.474289
v -4.157835 0.494850 -2.478387
v -4.163926 0.490300 -2.482967
v -4.162829 0.490300 -2.802977
v -4.156707 0.494850 -2.807516
v -4.151329 0.498849 -2.811576
v -4.143394 0.504750 -2.815536
v -4.128758 0.515649 -2.819570
v -4.112578 0.527696 -2.822806
v -4.078114 0.501745 -2.462672
v -4.094920 0.490168 -2.466020
v -4.110117 0.479698 -2.470157
v -4.118341 0.474028 -2.474172
v -4.123909 0.470186 -2.478270
v -4.130243 0.465813 -2.482851
v -4.129146 0.465813 -2.802862
v -4.122780 0.470186 -2.807399
v -4.117185 0.474028 -2.811459
v -4.108933 0.479698 -2.815418
v -4.093709 0.490168 -2.819450
v -4.076880 0.501745 -2.822684
v -4.041002 0.472752 -2.462544
v -4.064250 0.466208 -2.465915
v -4.085271 0.460288 -2.470072
v -4.096653 0.457082 -2.474098
v -4.104358 0.454912 -2.478203
v -4.113125 0.452439 -2.482793
v -4.112028 0.452439 -2.802803
v -4.103230 0.454912 -2.807332
v -4.095497 0.457082 -2.811385
v -4.084088 0.460288 -2.815333
v -4.063038 0.466208 -2.819345
v -4.039768 0.472752 -2.822556
v -4.041002 -0.364394 -2.462544
v -4.064250 -0.381147 -2.465915
v -4.085271 -0.396299 -2.470072
v -4.096653 -0.404504 -2.474098
v -4.104358 -0.410065 -2.478203
v -4.113125 -0.416391 -2.482793
v -4.112028 -0.416390 -2.802803
v -4.103230 -0.410065 -2.807333
v -4.095497 -0.404504 -2.811385
v -4.084088 -0.396299 -2.815333
v -4.063038 -0.381147 -2.819345
v -4.039768 -0.364394 -2.822556
v -3.719748 -0.364394 -2.461443
v -3.696474 -0.381147 -2.464655
v -3.675427 -0.396299 -2.468667
v -3.664019 -0.404504 -2.472615
v -3.656285 -0.410065 -2.476668
v -3.647487 -0.416391 -2.481197
v -3.646390 -0.416390 -2.801207
v -3.655157 -0.410065 -2.805797
v -3.662862 -0.404504 -2.809902
v -3.674244 -0.396299 -2.813928
v -3.695262 -0.381147 -2.818084
v -3.718514 -0.364394 -2.821455
v -3.719748 1.408690 -2.461443
v -3.696474 1.425444 -2.464655
v -3.675427 1.440596 -2.468667
v -3.664019 1.448801 -2.472615
v -3.656285 1.454362 -2.476667
v -3.647487 1.460687 -2.481196
v -3.646390 1.460687 -2.801207
v -3.655157 1.454362 -2.805796
v -3.662862 1.448801 -2.809902
v -3.674244 1.440596 -2.813928
v -3.695262 1.425444 -2.818084
v -3.718514 1.408690 -2.821455
v -4.041002 1.408690 -2.462544
v -4.064250 1.425444 -2.465915
v -4.085271 1.440596 -2.470072
v -4.096653 1.448801 -2.474098
v -4.104358 1.454362 -2.478203
v -4.113125 1.460687 -2.482793
v -4.112028 1.460687 -2.802803
v -4.103230 1.454362 -2.807332
v -4.095497 1.448801 -2.811385
v -4.084088 1.440596 -2.815333
v -4.063038 1.425444 -2.819345
v -4.039768 1.408690 -2.822556
v -4.041002 0.649540 -2.462544
v -4.064250 0.666293 -2.465915
v -4.085271 0.681445 -2.470072
v -4.096653 0.689650 -2.474098
v -4.104358 0.695211 -2.478203
v -4.113125 0.701537 -2.482793
v -4.112028 0.701537 -2.802803
v -4.103230 0.695211 -2.807332
v -4.095497 0.689650 -2.811385
v -4.084088 0.681445 -2.815333
v -4.063038 0.666293 -2.819345
v -4.039768 0.649540 -2.822556
vn 0.0034 -0.0000 -1.0000
vn -0.0034 -0.0000 1.0000
vn -0.0185 0.2252 0.9741
vn -0.0350 0.2220 0.9744
vn -0.0303 0.1889 0.9815
vn -0.0163 0.1917 0.9813
vn -0.0263 0.3412 0.9396
vn -0.0512 0.3366 0.9403
vn -0.0373 0.5080 0.8606
vn -0.0745 0.5018 0.8618
vn -0.0424 0.5855 0.8096
vn -0.0853 0.5781 0.8115
vn -0.0585 0.8376 0.5432
vn -0.1202 0.8294 0.5455
vn -0.0548 0.8375 -0.5437
vn -0.1165 0.8294 -0.5463
vn -0.0368 0.5855 -0.8099
vn -0.0795 0.5782 -0.8120
vn -0.0314 0.5080 -0.8608
vn -0.0687 0.5014 -0.8625
vn -0.0199 0.3413 -0.9398
vn -0.0448 0.3366 -0.9406
vn -0.0119 0.2252 -0.9742
vn -0.0283 0.2220 -0.9746
vn -0.0096 0.1917 -0.9814
vn -0.0235 0.1889 -0.9817
vn -0.0527 0.2158 0.9750
vn -0.0454 0.1836 0.9820
vn -0.0782 0.3276 0.9416
vn -0.1149 0.4890 0.8647
vn -0.1317 0.5641 0.8151
vn -0.1880 0.8137 0.5501
vn -0.1843 0.8137 -0.5514
vn -0.1261 0.5641 -0.8160
vn -0.1090 0.4890 -0.8654
vn -0.0718 0.3276 -0.9421
vn -0.0461 0.2159 -0.9753
vn -0.0386 0.1836 -0.9822
vn -0.0714 0.2060 0.9759
vn -0.0612 0.1751 0.9826
vn -0.1069 0.3133 0.9436
vn -0.1581 0.4688 0.8690
vn -0.1819 0.5416 0.8207
vn -0.2623 0.7875 0.5578
vn -0.2585 0.7875 -0.5596
vn -0.1765 0.5415 -0.8220
vn -0.1521 0.4688 -0.8701
vn -0.1004 0.3133 -0.9443
vn -0.0647 0.2060 -0.9764
vn -0.0545 0.1751 -0.9830
vn -0.0907 0.1920 0.9772
vn -0.0776 0.1630 0.9836
vn -0.1363 0.2924 0.9465
vn -0.2030 0.4392 0.8751
vn -0.2347 0.5083 0.8286
vn -0.3424 0.7476 0.5690
vn -0.3385 0.7476 -0.5714
vn -0.2290 0.5083 -0.8302
vn -0.1970 0.4392 -0.8765
vn -0.1299 0.2924 -0.9474
vn -0.0841 0.1919 -0.9778
vn -0.0708 0.1630 -0.9841
vn -0.1097 0.1731 0.9788
vn -0.0936 0.1468 0.9847
vn -0.1657 0.2643 0.9501
vn -0.2481 0.3988 0.8828
vn -0.2874 0.4631 0.8384
vn -0.4266 0.6909 0.5837
vn -0.4225 0.6909 -0.5866
vn -0.2816 0.4631 -0.8404
vn -0.2420 0.3988 -0.8845
vn -0.1591 0.2643 -0.9512
vn -0.1030 0.1731 -0.9795
vn -0.0868 0.1468 -0.9853
vn -0.1273 0.1495 0.9805
vn -0.1084 0.1267 0.9860
vn -0.1930 0.2289 0.9541
vn -0.2910 0.3473 0.8915
vn -0.3383 0.4045 0.8497
vn -0.5112 0.6140 0.6014
vn -0.5070 0.6140 -0.6049
vn -0.3325 0.4044 -0.8520
vn -0.2849 0.3473 -0.8934
vn -0.1865 0.2289 -0.9554
vn -0.1206 0.1495 -0.9814
vn -0.1017 0.1267 -0.9867
vn -0.1424 0.1218 0.9823
vn -0.1212 0.1032 0.9872
vn -0.2167 0.1870 0.9582
vn -0.3289 0.2854 0.9002
vn -0.3838 0.3336 0.8611
vn -0.5908 0.5157 0.6205
vn -0.5865 0.5157 -0.6245
vn -0.3779 0.3336 -0.8637
vn -0.3227 0.2854 -0.9025
vn -0.2102 0.1870 -0.9596
vn -0.1357 0.1218 -0.9832
vn -0.1145 0.1032 -0.9881
vn -0.1543 0.0915 0.9838
vn -0.1313 0.0775 0.9883
vn -0.2354 0.1407 0.9616
vn -0.3592 0.2159 0.9079
vn -0.4206 0.2532 0.8712
vn -0.6588 0.3980 0.6384
vn -0.6544 0.3980 -0.6429
vn -0.4147 0.2532 -0.8740
vn -0.3530 0.2159 -0.9104
vn -0.2289 0.1407 -0.9632
vn -0.1476 0.0915 -0.9848
vn -0.1245 0.0775 -0.9892
vn -0.1625 0.0601 0.9849
vn -0.1381 0.0509 0.9891
vn -0.2484 0.0926 0.9642
vn -0.3804 0.1426 0.9138
vn -0.4467 0.1675 0.8788
vn -0.7089 0.2671 0.6528
vn -0.7044 0.2671 -0.6576
vn -0.4407 0.1675 -0.8819
vn -0.3742 0.1426 -0.9163
vn -0.2418 0.0926 -0.9659
vn -0.1557 0.0601 -0.9860
vn -0.1314 0.0509 -0.9900
vn -0.1670 0.0293 0.9855
vn -0.1420 0.0249 0.9896
vn -0.2555 0.0452 0.9658
vn -0.3925 0.0697 0.9171
vn -0.4616 0.0822 0.8833
vn -0.7381 0.1318 0.6617
vn -0.7336 0.1318 -0.6667
vn -0.4555 0.0820 -0.8865
vn -0.3861 0.0697 -0.9198
vn -0.2489 0.0452 -0.9675
vn -0.1602 0.0293 -0.9866
vn -0.1352 0.0249 -0.9905
vn -0.1683 0.0021 0.9857
vn -0.1433 0.0018 0.9897
vn -0.2575 0.0032 0.9663
vn -0.3961 0.0049 0.9182
vn -0.4664 0.0058 0.8846
vn -0.7469 0.0093 0.6648
vn -0.7424 0.0094 -0.6699
vn -0.4603 0.0058 -0.8878
vn -0.3898 0.0049 -0.9209
vn -0.2508 0.0032 -0.9680
vn -0.1616 0.0021 -0.9869
vn -0.1365 0.0018 -0.9906
vn -0.1676 -0.0205 0.9856
vn -0.1428 -0.0175 0.9896
vn -0.2563 -0.0317 0.9661
vn -0.3942 -0.0490 0.9177
vn -0.4643 -0.0577 0.8838
vn -0.7421 -0.0926 0.6639
vn -0.7375 -0.0926 -0.6689
vn -0.4582 -0.0577 -0.8870
vn -0.3879 -0.0490 -0.9204
vn -0.2496 -0.0317 -0.9678
vn -0.1609 -0.0205 -0.9868
vn -0.1360 -0.0175 -0.9906
vn -0.1655 -0.0420 0.9853
vn -0.1409 -0.0356 0.9894
vn -0.2528 -0.0647 0.9653
vn -0.3884 -0.0999 0.9161
vn -0.4571 -0.1176 0.8816
vn -0.7278 -0.1882 0.6595
vn -0.7233 -0.1882 -0.6644
vn -0.4511 -0.1176 -0.8847
vn -0.3821 -0.0999 -0.9187
vn -0.2462 -0.0647 -0.9671
vn -0.1587 -0.0420 -0.9864
vn -0.1341 -0.0356 -0.9903
vn -0.1615 -0.0641 0.9848
vn -0.1376 -0.0544 0.9890
vn -0.2467 -0.0987 0.9641
vn -0.3782 -0.1521 0.9131
vn -0.4445 -0.1788 0.8778
vn -0.7030 -0.2841 0.6520
vn -0.6985 -0.2841 -0.6568
vn -0.4384 -0.1790 -0.8808
vn -0.3719 -0.1521 -0.9157
vn -0.2401 -0.0987 -0.9657
vn -0.1548 -0.0642 -0.9859
vn -0.1308 -0.0544 -0.9899
vn -0.1558 -0.0864 0.9840
vn -0.1327 -0.0734 0.9884
vn -0.2376 -0.1328 0.9622
vn -0.3632 -0.2041 0.9091
vn -0.4261 -0.2396 0.8724
vn -0.6676 -0.3771 0.6420
vn -0.6632 -0.3771 -0.6465
vn -0.4201 -0.2396 -0.8753
vn -0.3570 -0.2041 -0.9115
vn -0.2310 -0.1328 -0.9638
vn -0.1491 -0.0864 -0.9850
vn -0.1260 -0.0733 -0.9893
vn -0.1482 -0.1083 0.9830
vn -0.1263 -0.0919 0.9877
vn -0.2256 -0.1662 0.9599
vn -0.3436 -0.2545 0.9040
vn -0.4023 -0.2980 0.8656
vn -0.6230 -0.4639 0.6298
vn -0.6187 -0.4639 -0.6341
vn -0.3963 -0.2982 -0.8684
vn -0.3374 -0.2545 -0.9063
vn -0.2190 -0.1662 -0.9615
vn -0.1415 -0.1083 -0.9840
vn -0.1195 -0.0919 -0.9886
vn -0.1388 -0.1290 0.9819
vn -0.1184 -0.1095 0.9869
vn -0.2109 -0.1977 0.9573
vn -0.3200 -0.3017 0.8981
vn -0.3735 -0.3528 0.8579
vn -0.5713 -0.5418 0.6165
vn -0.5670 -0.5418 -0.6204
vn -0.3678 -0.3525 -0.8605
vn -0.3138 -0.3017 -0.9003
vn -0.2044 -0.1977 -0.9587
vn -0.1321 -0.1290 -0.9828
vn -0.1116 -0.1095 -0.9877
vn -0.1280 -0.1481 0.9806
vn -0.1093 -0.1258 0.9860
vn -0.1939 -0.2267 0.9545
vn -0.2929 -0.3445 0.8919
vn -0.3410 -0.4019 0.8498
vn -0.5147 -0.6094 0.6031
vn -0.5105 -0.6094 -0.6066
vn -0.3352 -0.4019 -0.8521
vn -0.2867 -0.3445 -0.8939
vn -0.1874 -0.2267 -0.9558
vn -0.1213 -0.1482 -0.9815
vn -0.1025 -0.1258 -0.9867
vn -0.1160 -0.1655 0.9794
vn -0.0991 -0.1404 0.9851
vn -0.1752 -0.2523 0.9516
vn -0.2634 -0.3821 0.8858
vn -0.3058 -0.4447 0.8419
vn -0.4559 -0.6661 0.5903
vn -0.4518 -0.6661 -0.5935
vn -0.3000 -0.4447 -0.8440
vn -0.2573 -0.3821 -0.8876
vn -0.1687 -0.2523 -0.9528
vn -0.1093 -0.1655 -0.9801
vn -0.0923 -0.1404 -0.9858
vn -0.1032 -0.1801 0.9782
vn -0.0882 -0.1531 0.9843
vn -0.1553 -0.2745 0.9490
vn -0.2325 -0.4141 0.8800
vn -0.2693 -0.4808 0.8345
vn -0.3967 -0.7123 0.5790
vn -0.3927 -0.7123 -0.5817
vn -0.2636 -0.4808 -0.8363
vn -0.2265 -0.4141 -0.8816
vn -0.1488 -0.2745 -0.9500
vn -0.0964 -0.1802 -0.9789
vn -0.0815 -0.1531 -0.9848
vn -0.0899 -0.1925 0.9772
vn -0.0770 -0.1637 0.9835
vn -0.1351 -0.2930 0.9465
vn -0.2012 -0.4405 0.8749
vn -0.2326 -0.5103 0.8279
vn -0.3389 -0.7491 0.5692
vn -0.3350 -0.7491 -0.5715
vn -0.2269 -0.5103 -0.8295
vn -0.1952 -0.4405 -0.8763
vn -0.1285 -0.2929 -0.9475
vn -0.0833 -0.1924 -0.9778
vn -0.0703 -0.1637 -0.9840
vn -0.0766 -0.2025 0.9763
vn -0.0658 -0.1724 0.9828
vn -0.0986 -0.2286 0.9685
vn -0.7824 0.5863 -0.2101
vn -0.8210 0.5709 0.0046
vn -0.7013 0.6744 -0.2311
vn -0.7029 0.6744 0.2263
vn -0.8209 0.5709 -0.0099
vn -0.7838 0.5863 0.2048
vn -0.0920 -0.2286 -0.9692
vn -0.0699 -0.2025 -0.9768
vn -0.0591 -0.1724 -0.9833
vn -0.0779 -0.0103 0.9969
vn -0.0732 -0.0097 0.9973
vn 0.2107 0.0286 -0.9771
vn 0.2313 0.0315 -0.9724
vn 0.2530 0.0345 -0.9668
vn 0.6129 0.0843 -0.7856
vn 0.6075 0.0843 0.7898
vn 0.2464 0.0345 0.9686
vn 0.2246 0.0315 0.9739
vn 0.2039 0.0286 0.9786
vn -0.0710 -0.0103 -0.9974
vn -0.0664 -0.0097 -0.9977
vn -0.1028 0.1804 0.9782
vn -0.0880 0.1535 0.9842
vn -0.1257 0.2023 0.9712
vn -0.6500 -0.7338 -0.1977
vn -0.6863 -0.7273 0.0044
vn -0.5643 -0.7964 -0.2174
vn -0.5658 -0.7964 0.2136
vn -0.6863 -0.7273 -0.0091
vn -0.6513 -0.7337 0.1934
vn -0.1191 0.2023 -0.9721
vn -0.0961 0.1804 -0.9789
vn -0.0813 0.1535 -0.9848
vn -0.1113 0.1710 0.9790
vn -0.0952 0.1455 0.9848
vn -0.1677 0.2605 0.9508
vn -0.2520 0.3944 0.8837
vn -0.2927 0.4590 0.8389
vn -0.4336 0.6837 0.5870
vn -0.4296 0.6837 -0.5899
vn -0.2869 0.4590 -0.8408
vn -0.2459 0.3944 -0.8854
vn -0.1612 0.2605 -0.9519
vn -0.1045 0.1709 -0.9797
vn -0.0885 0.1455 -0.9854
vn -0.1186 0.1615 0.9797
vn -0.1015 0.1375 0.9853
vn -0.1791 0.2464 0.9525
vn -0.2699 0.3740 0.8873
vn -0.3141 0.4359 0.8434
vn -0.4686 0.6537 0.5942
vn -0.4645 0.6537 -0.5974
vn -0.3083 0.4359 -0.8455
vn -0.2639 0.3740 -0.8891
vn -0.1726 0.2464 -0.9537
vn -0.1119 0.1615 -0.9805
vn -0.0948 0.1375 -0.9860
vn -0.1249 0.1526 0.9804
vn -0.1068 0.1299 0.9858
vn -0.1889 0.2330 0.9540
vn -0.2853 0.3544 0.8905
vn -0.3325 0.4137 0.8475
vn -0.4992 0.6241 0.6011
vn -0.4951 0.6241 -0.6045
vn -0.3267 0.4137 -0.8498
vn -0.2792 0.3544 -0.8924
vn -0.1823 0.2330 -0.9552
vn -0.1182 0.1526 -0.9812
vn -0.1001 0.1299 -0.9865
vn -0.1301 0.1444 0.9809
vn -0.1112 0.1229 0.9862
vn -0.1969 0.2207 0.9553
vn -0.2981 0.3363 0.8933
vn -0.3479 0.3931 0.8511
vn -0.5251 0.5963 0.6072
vn -0.5210 0.5963 -0.6108
vn -0.3420 0.3931 -0.8535
vn -0.2920 0.3363 -0.8953
vn -0.1903 0.2207 -0.9566
vn -0.1233 0.1444 -0.9818
vn -0.1045 0.1229 -0.9869
vn -0.1341 0.1373 0.9814
vn -0.1148 0.1169 0.9865
vn -0.2033 0.2098 0.9564
vn -0.3084 0.3203 0.8957
vn -0.3603 0.3749 0.8542
vn -0.5464 0.5712 0.6125
vn -0.5422 0.5712 -0.6162
vn -0.3544 0.3749 -0.8566
vn -0.3022 0.3204 -0.8978
vn -0.1967 0.2098 -0.9577
vn -0.1274 0.1372 -0.9823
vn -0.1080 0.1169 -0.9873
vn -0.1373 0.1313 0.9818
vn -0.1175 0.1118 0.9868
vn -0.2082 0.2007 0.9573
vn -0.3163 0.3069 0.8976
vn -0.3700 0.3596 0.8566
vn -0.5633 0.5498 0.6167
vn -0.5591 0.5498 -0.6205
vn -0.3641 0.3596 -0.8591
vn -0.3102 0.3069 -0.8998
vn -0.2016 0.2007 -0.9587
vn -0.1306 0.1313 -0.9827
vn -0.1107 0.1118 -0.9875
vn -0.1397 0.1265 0.9821
vn -0.1195 0.1078 0.9870
vn -0.2119 0.1935 0.9580
vn -0.3224 0.2963 0.8990
vn -0.3773 0.3473 0.8585
vn -0.5761 0.5325 0.6202
vn -0.5718 0.5325 -0.6241
vn -0.3714 0.3473 -0.8611
vn -0.3162 0.2963 -0.9012
vn -0.2053 0.1935 -0.9594
vn -0.1330 0.1265 -0.9830
vn -0.1128 0.1078 -0.9878
vn -0.1414 0.1229 0.9823
vn -0.1210 0.1048 0.9871
vn -0.2144 0.1881 0.9585
vn -0.3266 0.2882 0.9002
vn -0.3825 0.3381 0.8599
vn -0.5853 0.5194 0.6226
vn -0.5810 0.5194 -0.6266
vn -0.3766 0.3381 -0.8625
vn -0.3205 0.2882 -0.9023
vn -0.2079 0.1881 -0.9599
vn -0.1346 0.1229 -0.9832
vn -0.1142 0.1048 -0.9879
vn -0.1425 0.1206 0.9824
vn -0.1219 0.1027 0.9872
vn -0.2161 0.1845 0.9588
vn -0.3293 0.2828 0.9009
vn -0.3859 0.3320 0.8607
vn -0.5911 0.5105 0.6245
vn -0.5869 0.5105 -0.6285
vn -0.3800 0.3320 -0.8634
vn -0.3231 0.2827 -0.9031
vn -0.2095 0.1845 -0.9602
vn -0.1357 0.1206 -0.9834
vn -0.1151 0.1028 -0.9880
vn -0.1430 0.1192 0.9825
vn -0.1224 0.1017 0.9873
vn -0.2169 0.1825 0.9590
vn -0.3308 0.2798 0.9013
vn -0.3878 0.3286 0.8612
vn -0.5944 0.5057 0.6253
vn -0.5901 0.5057 -0.6293
vn -0.3818 0.3286 -0.8638
vn -0.3246 0.2798 -0.9035
vn -0.2104 0.1825 -0.9604
vn -0.1362 0.1192 -0.9835
vn -0.1156 0.1017 -0.9881
vn -0.1428 0.1195 0.9825
vn -0.1223 0.1018 0.9873
vn -0.2166 0.1828 0.9590
vn -0.3303 0.2805 0.9012
vn -0.3873 0.3294 0.8611
vn -0.5933 0.5067 0.6255
vn -0.5890 0.5067 -0.6296
vn -0.3814 0.3294 -0.8637
vn -0.3241 0.2805 -0.9035
vn -0.2100 0.1828 -0.9605
vn -0.1361 0.1195 -0.9835
vn -0.1156 0.1018 -0.9881
vn -0.1421 0.1210 0.9824
vn -0.1217 0.1032 0.9872
vn -0.2155 0.1851 0.9588
vn -0.3286 0.2839 0.9008
vn -0.3852 0.3334 0.8605
vn -0.5895 0.5123 0.6245
vn -0.5852 0.5123 -0.6285
vn -0.3793 0.3334 -0.8632
vn -0.3224 0.2839 -0.9030
vn -0.2089 0.1851 -0.9603
vn -0.1353 0.1210 -0.9834
vn -0.1149 0.1032 -0.9880
vn -0.1412 0.1227 0.9823
vn -0.1210 0.1047 0.9871
vn -0.2142 0.1877 0.9586
vn -0.3265 0.2878 0.9003
vn -0.3827 0.3379 0.8599
vn -0.5850 0.5187 0.6234
vn -0.5808 0.5187 -0.6274
vn -0.3768 0.3379 -0.8625
vn -0.3203 0.2878 -0.9025
vn -0.2076 0.1877 -0.9600
vn -0.1346 0.1227 -0.9833
vn -0.1404 0.1246 0.9822
vn -0.1203 0.1062 0.9870
vn -0.2128 0.1905 0.9583
vn -0.3242 0.2920 0.8998
vn -0.3799 0.3428 0.8592
vn -0.5801 0.5256 0.6223
vn -0.5758 0.5256 -0.6262
vn -0.3740 0.3428 -0.8617
vn -0.3180 0.2920 -0.9020
vn -0.2062 0.1905 -0.9598
vn -0.1336 0.1246 -0.9832
vn -0.1135 0.1062 -0.9878
vn -0.1395 0.1265 0.9821
vn -0.2113 0.1934 0.9581
vn -0.3219 0.2963 0.8992
vn -0.3771 0.3477 0.8584
vn -0.5751 0.5326 0.6210
vn -0.5708 0.5326 -0.6249
vn -0.3712 0.3477 -0.8610
vn -0.3158 0.2963 -0.9014
vn -0.2048 0.1934 -0.9595
vn -0.1327 0.1265 -0.9830
vn -0.1127 0.1079 -0.9878
vn -0.1386 0.1283 0.9820
vn -0.1188 0.1093 0.9869
vn -0.2100 0.1961 0.9579
vn -0.3197 0.3004 0.8987
vn -0.3744 0.3524 0.8577
vn -0.5703 0.5391 0.6198
vn -0.5661 0.5391 -0.6236
vn -0.3685 0.3524 -0.8603
vn -0.3135 0.3003 -0.9009
vn -0.2034 0.1961 -0.9593
vn -0.1318 0.1283 -0.9829
vn -0.1120 0.1093 -0.9877
vn -0.1378 0.1299 0.9819
vn -0.1180 0.1108 0.9868
vn -0.2087 0.1985 0.9576
vn -0.3176 0.3039 0.8982
vn -0.3719 0.3565 0.8571
vn -0.5661 0.5448 0.6186
vn -0.5618 0.5448 -0.6225
vn -0.3661 0.3565 -0.8596
vn -0.3115 0.3039 -0.9003
vn -0.2022 0.1985 -0.9590
vn -0.1311 0.1299 -0.9828
vn -0.1112 0.1108 -0.9876
vn -0.1371 0.1311 0.9819
vn -0.2077 0.2004 0.9574
vn -0.3160 0.3068 0.8978
vn -0.3699 0.3598 0.8566
vn -0.5626 0.5495 0.6177
vn -0.5583 0.5495 -0.6216
vn -0.3641 0.3598 -0.8591
vn -0.3098 0.3068 -0.8999
vn -0.2012 0.2004 -0.9588
vn -0.1303 0.1311 -0.9828
vn -0.1366 0.1321 0.9818
vn -0.1171 0.1126 0.9867
vn -0.2070 0.2019 0.9573
vn -0.3148 0.3089 0.8975
vn -0.3684 0.3623 0.8562
vn -0.5599 0.5529 0.6170
vn -0.5557 0.5529 -0.6209
vn -0.3626 0.3623 -0.8587
vn -0.3086 0.3090 -0.8996
vn -0.2004 0.2019 -0.9587
vn -0.1299 0.1321 -0.9827
vn -0.1103 0.1126 -0.9875
vn -0.1365 0.1329 0.9817
vn -0.1168 0.1132 0.9867
vn -0.2065 0.2029 0.9572
vn -0.3140 0.3104 0.8973
vn -0.3674 0.3639 0.8559
vn -0.5583 0.5552 0.6165
vn -0.5540 0.5552 -0.6203
vn -0.3615 0.3639 -0.8584
vn -0.3078 0.3104 -0.8994
vn -0.1999 0.2029 -0.9586
vn -0.1297 0.1329 -0.9826
vn -0.1100 0.1132 -0.9875
vn -0.1361 0.1331 0.9817
vn -0.1166 0.1135 0.9867
vn -0.2062 0.2034 0.9571
vn -0.3135 0.3112 0.8971
vn -0.3668 0.3648 0.8558
vn -0.5572 0.5565 0.6163
vn -0.5530 0.5565 -0.6201
vn -0.3610 0.3648 -0.8583
vn -0.3073 0.3112 -0.8993
vn -0.1996 0.2034 -0.9585
vn -0.1294 0.1330 -0.9826
vn -0.1098 0.1135 -0.9874
vn -0.1361 0.1332 0.9817
vn -0.1165 0.1136 0.9867
vn -0.2061 0.2036 0.9571
vn -0.3133 0.3115 0.8971
vn -0.3666 0.3652 0.8557
vn -0.5569 0.5570 0.6161
vn -0.5526 0.5570 -0.6199
vn -0.3607 0.3652 -0.8582
vn -0.3072 0.3115 -0.8992
vn -0.1995 0.2036 -0.9585
vn -0.1293 0.1332 -0.9826
vn -0.1098 0.1136 -0.9874
vn -0.0779 -0.0529 0.9956
vn -0.0606 -0.0405 0.9973
vn -0.1290 -0.0891 0.9876
vn -0.1915 -0.1335 0.9724
vn -0.2079 -0.1451 0.9673
vn -0.5174 -0.3650 0.7740
vn -0.5121 -0.3651 -0.7775
vn -0.2012 -0.1451 -0.9687
vn -0.1849 -0.1335 -0.9737
vn -0.1223 -0.0891 -0.9885
vn -0.0711 -0.0529 -0.9961
vn -0.0538 -0.0405 -0.9977
vn 0.0685 -0.1827 0.9808
vn 0.0554 -0.1494 0.9872
vn 0.1091 -0.2857 0.9521
vn 0.1630 -0.4223 0.8917
vn 0.1856 -0.4795 0.8577
vn 0.2959 -0.7577 0.5817
vn 0.2999 -0.7576 -0.5797
vn 0.1915 -0.4795 -0.8564
vn 0.1691 -0.4223 -0.8905
vn 0.1156 -0.2857 -0.9513
vn 0.0752 -0.1827 -0.9803
vn 0.0621 -0.1494 -0.9868
vn 0.1338 -0.1243 0.9832
vn 0.1136 -0.1060 0.9878
vn 0.2064 -0.1900 0.9598
vn 0.3184 -0.2912 0.9021
vn 0.3745 -0.3420 0.8619
vn 0.5766 -0.5243 0.6266
vn 0.5809 -0.5243 -0.6227
vn 0.3804 -0.3420 -0.8593
vn 0.3246 -0.2912 -0.8999
vn 0.2130 -0.1900 -0.9584
vn 0.1405 -0.1243 -0.9822
vn 0.1204 -0.1060 -0.9870
vn 0.1315 -0.1285 0.9830
vn 0.1118 -0.1097 0.9877
vn 0.2028 -0.1963 0.9593
vn 0.3128 -0.3009 0.9009
vn 0.3679 -0.3533 0.8601
vn 0.5646 -0.5400 0.6241
vn 0.5689 -0.5400 -0.6203
vn 0.3738 -0.3533 -0.8576
vn 0.3190 -0.3009 -0.8987
vn 0.2093 -0.1963 -0.9579
vn 0.1382 -0.1285 -0.9820
vn 0.1186 -0.1097 -0.9869
vn 0.1279 -0.1353 0.9825
vn 0.1087 -0.1155 0.9873
vn 0.1971 -0.2065 0.9584
vn 0.3038 -0.3162 0.8988
vn 0.3571 -0.3709 0.8573
vn 0.5455 -0.5643 0.6197
vn 0.5497 -0.5643 -0.6159
vn 0.3629 -0.3709 -0.8548
vn 0.3099 -0.3162 -0.8967
vn 0.2036 -0.2065 -0.9570
vn 0.1346 -0.1353 -0.9816
vn 0.1155 -0.1155 -0.9866
vn 0.1230 -0.1435 0.9820
vn 0.1046 -0.1226 0.9869
vn 0.1894 -0.2189 0.9572
vn 0.2916 -0.3347 0.8960
vn 0.3425 -0.3925 0.8536
vn 0.5204 -0.5935 0.6139
vn 0.5246 -0.5935 -0.6103
vn 0.3485 -0.3923 -0.8513
vn 0.2978 -0.3347 -0.8940
vn 0.1960 -0.2189 -0.9559
vn 0.1296 -0.1434 -0.9811
vn 0.1114 -0.1226 -0.9862
vn 0.1164 -0.1535 0.9813
vn 0.0991 -0.1313 0.9864
vn 0.1792 -0.2338 0.9556
vn 0.2754 -0.3569 0.8926
vn 0.3233 -0.4179 0.8490
vn 0.4877 -0.6276 0.6068
vn 0.4918 -0.6276 -0.6035
vn 0.3291 -0.4179 -0.8468
vn 0.2815 -0.3568 -0.8907
vn 0.1857 -0.2338 -0.9544
vn 0.1232 -0.1535 -0.9804
vn 0.1058 -0.1313 -0.9857
vn 0.1075 -0.1652 0.9804
vn 0.0916 -0.1415 0.9857
vn 0.1654 -0.2513 0.9537
vn 0.2539 -0.3829 0.8882
vn 0.2976 -0.4478 0.8431
vn 0.4452 -0.6664 0.5981
vn 0.4492 -0.6663 -0.5952
vn 0.3033 -0.4478 -0.8411
vn 0.2600 -0.3829 -0.8865
vn 0.1719 -0.2513 -0.9525
vn 0.1142 -0.1652 -0.9796
vn 0.0984 -0.1415 -0.9850
vn 0.0958 -0.1784 0.9793
vn 0.0816 -0.1529 0.9849
vn 0.1473 -0.2709 0.9513
vn 0.2256 -0.4113 0.8831
vn 0.2643 -0.4802 0.8364
vn 0.3914 -0.7077 0.5882
vn 0.3954 -0.7078 -0.5854
vn 0.2700 -0.4802 -0.8346
vn 0.2316 -0.4113 -0.8816
vn 0.1538 -0.2709 -0.9503
vn 0.1025 -0.1784 -0.9786
vn 0.0884 -0.1529 -0.9843
vn 0.0808 -0.1920 0.9781
vn 0.0689 -0.1648 0.9839
vn 0.1243 -0.2910 0.9486
vn 0.1902 -0.4407 0.8773
vn 0.2222 -0.5136 0.8288
vn 0.3261 -0.7486 0.5772
vn 0.3301 -0.7486 -0.5750
vn 0.2280 -0.5135 -0.8272
vn 0.1961 -0.4406 -0.8760
vn 0.1308 -0.2910 -0.9477
vn 0.0875 -0.1920 -0.9775
vn 0.0756 -0.1648 -0.9834
vn 0.0630 -0.2047 0.9768
vn 0.0535 -0.1757 0.9830
vn 0.0970 -0.3095 0.9459
vn 0.1482 -0.4671 0.8717
vn 0.1733 -0.5433 0.8215
vn 0.2520 -0.7843 0.5669
vn 0.2558 -0.7843 -0.5651
vn 0.1788 -0.5433 -0.8203
vn 0.1542 -0.4672 -0.8706
vn 0.1035 -0.3095 -0.9452
vn 0.0696 -0.2046 -0.9764
vn 0.0603 -0.1757 -0.9826
vn 0.0434 -0.2146 0.9757
vn 0.0368 -0.1843 0.9822
vn 0.0674 -0.3241 0.9436
vn 0.1033 -0.4877 0.8669
vn 0.1207 -0.5661 0.8154
vn 0.1748 -0.8110 0.5583
vn 0.1786 -0.8110 -0.5571
vn 0.1263 -0.5661 -0.8146
vn 0.1093 -0.4877 -0.8661
vn 0.0739 -0.3242 -0.9431
vn 0.0501 -0.2145 -0.9754
vn 0.0435 -0.1843 -0.9819
vn 0.0246 -0.2211 0.9749
vn 0.0206 -0.1896 0.9816
vn 0.0389 -0.3335 0.9419
vn 0.0603 -0.5009 0.8634
vn 0.0706 -0.5802 0.8114
vn 0.1026 -0.8275 0.5520
vn 0.1064 -0.8275 -0.5513
vn 0.0762 -0.5802 -0.8109
vn 0.0663 -0.5009 -0.8630
vn 0.0454 -0.3336 -0.9416
vn 0.0313 -0.2209 -0.9748
vn 0.0274 -0.1896 -0.9815
vn 0.0087 -0.2239 0.9746
vn 0.0071 -0.1920 0.9814
vn 0.0150 -0.3382 0.9410
vn 0.0244 -0.5069 0.8617
vn 0.0289 -0.5864 0.8095
vn 0.0432 -0.8348 0.5488
vn 0.0469 -0.8348 -0.5485
vn 0.0344 -0.5864 -0.8093
vn 0.0303 -0.5069 -0.8615
vn 0.0215 -0.3382 -0.9408
vn 0.0154 -0.2239 -0.9745
vn 0.0139 -0.1920 -0.9813
vn -0.0007 -0.2252 0.9743
vn -0.0011 -0.1927 0.9813
vn 0.0007 -0.3402 0.9404
vn 0.0029 -0.5089 0.8608
vn 0.0040 -0.5880 0.8089
vn 0.0079 -0.8374 0.5465
vn 0.0116 -0.8374 -0.5465
vn 0.0096 -0.5880 -0.8088
vn 0.0088 -0.5089 -0.8608
vn 0.0071 -0.3402 -0.9403
vn 0.0059 -0.2252 -0.9743
vn 0.0056 -0.1927 -0.9812
vn -0.0803 -0.1069 0.9910
vn -0.0737 -0.0975 0.9925
vn -0.1180 -0.1591 0.9802
vn -0.1928 -0.2632 0.9453
vn -0.2426 -0.3325 0.9114
vn -0.3779 -0.5210 0.7653
vn -0.3727 -0.5210 -0.7679
vn -0.2364 -0.3325 -0.9130
vn -0.1863 -0.2632 -0.9466
vn -0.1113 -0.1591 -0.9810
vn -0.0736 -0.1069 -0.9916
vn -0.0669 -0.0975 -0.9930
vn -0.0918 -0.1228 0.9882
vn -0.1462 -0.1984 0.9692
vn -0.2157 -0.2951 0.9308
vn -0.2416 -0.3311 0.9121
vn -0.4422 -0.6108 0.6567
vn -0.4377 -0.6109 -0.6597
vn -0.2354 -0.3311 -0.9138
vn -0.2094 -0.2951 -0.9322
vn -0.1395 -0.1984 -0.9701
vn -0.0851 -0.1228 -0.9888
vn -0.0668 -0.0975 -0.9930
vn 0.0851 -0.1228 0.9888
vn 0.0668 -0.0975 0.9930
vn 0.1395 -0.1984 0.9701
vn 0.2094 -0.2951 0.9322
vn 0.2354 -0.3311 0.9138
vn 0.4377 -0.6108 0.6597
vn 0.4423 -0.6108 -0.6567
vn 0.2416 -0.3311 -0.9121
vn 0.2158 -0.2951 -0.9308
vn 0.1462 -0.1984 -0.9692
vn 0.0918 -0.1228 -0.9882
vn 0.0736 -0.0975 -0.9925
vn 0.0851 0.1228 0.9888
vn 0.0668 0.0975 0.9930
vn 0.1395 0.1984 0.9701
vn 0.2094 0.2951 0.9322
vn 0.2354 0.3311 0.9138
vn 0.4377 0.6108 0.6597
vn 0.4423 0.6108 -0.6567
vn 0.2416 0.3311 -0.9121
vn 0.2158 0.2951 -0.9308
vn 0.1462 0.1984 -0.9692
vn 0.0918 0.1228 -0.9882
vn 0.0736 0.0975 -0.9925
vn -0.0070 0.2257 0.9742
vn -0.0065 0.1927 0.9812
vn -0.0088 0.3416 0.9398
vn -0.0112 0.5096 0.8603
vn -0.0123 0.5879 0.8089
vn -0.0154 0.8392 0.5436
vn -0.0117 0.8392 -0.5437
vn -0.0068 0.5879 -0.8089
vn -0.0053 0.5096 -0.8604
vn -0.0023 0.3416 -0.9398
vn -0.0003 0.2257 -0.9742
vn 0.0003 0.1927 -0.9813
vn 0.0003 0.2251 0.9743
vn 0.0119 0.2234 0.9747
vn 0.0098 0.1917 0.9814
vn -0.0003 0.1927 0.9813
vn 0.0022 0.3400 0.9404
vn 0.0198 0.3373 0.9412
vn 0.0052 0.5087 0.8609
vn 0.0316 0.5055 0.8623
vn 0.0066 0.5879 0.8089
vn 0.0372 0.5855 0.8098
vn 0.0115 0.8375 0.5464
vn 0.0550 0.8336 0.5496
vn 0.0152 0.8375 -0.5463
vn 0.0588 0.8336 -0.5493
vn 0.0122 0.5879 -0.8088
vn 0.0428 0.5855 -0.8096
vn 0.0111 0.5087 -0.8609
vn 0.0375 0.5055 -0.8620
vn 0.0087 0.3399 -0.9404
vn 0.0262 0.3373 -0.9410
vn 0.0069 0.2251 -0.9743
vn 0.0186 0.2235 -0.9745
vn 0.0065 0.1927 -0.9812
vn 0.0165 0.1917 -0.9813
vn 0.0292 0.2196 0.9752
vn 0.0246 0.1886 0.9818
vn 0.0459 0.3316 0.9423
vn 0.0709 0.4980 0.8643
vn 0.0830 0.5774 0.8123
vn 0.1203 0.8241 0.5535
vn 0.1241 0.8241 -0.5527
vn 0.0885 0.5774 -0.8117
vn 0.0768 0.4980 -0.8638
vn 0.0524 0.3316 -0.9420
vn 0.0359 0.2196 -0.9749
vn 0.0313 0.1886 -0.9816
vn 0.0487 0.2121 0.9760
vn 0.0414 0.1822 0.9824
vn 0.0754 0.3206 0.9442
vn 0.1155 0.4827 0.8681
vn 0.1350 0.5607 0.8169
vn 0.1956 0.8047 0.5605
vn 0.1995 0.8047 -0.5592
vn 0.1404 0.5608 -0.8159
vn 0.1215 0.4828 -0.8672
vn 0.0819 0.3206 -0.9437
vn 0.0554 0.2121 -0.9757
vn 0.0481 0.1823 -0.9821
vn 0.0698 0.1998 0.9773
vn 0.0595 0.1717 0.9834
vn 0.1074 0.3024 0.9471
vn 0.1643 0.4573 0.8740
vn 0.1921 0.5326 0.8243
vn 0.2802 0.7711 0.5717
vn 0.2841 0.7711 -0.5698
vn 0.1976 0.5327 -0.8229
vn 0.1702 0.4572 -0.8729
vn 0.1139 0.3024 -0.9464
vn 0.0765 0.1999 -0.9768
vn 0.0662 0.1717 -0.9829
vn 0.0913 0.1819 0.9791
vn 0.0779 0.1563 0.9846
vn 0.1401 0.2758 0.9510
vn 0.2148 0.4192 0.8821
vn 0.2518 0.4902 0.8344
vn 0.3717 0.7192 0.5870
vn 0.3757 0.7192 -0.5844
vn 0.2576 0.4902 -0.8327
vn 0.2209 0.4193 -0.8806
vn 0.1466 0.2758 -0.9500
vn 0.0979 0.1819 -0.9784
vn 0.0846 0.1563 -0.9841
vn 0.1113 0.1585 0.9811
vn 0.0951 0.1361 0.9861
vn 0.1710 0.2408 0.9554
vn 0.2635 0.3684 0.8915
vn 0.3100 0.4324 0.8467
vn 0.4649 0.6453 0.6061
vn 0.4691 0.6453 -0.6029
vn 0.3158 0.4324 -0.8446
vn 0.2696 0.3684 -0.8897
vn 0.1776 0.2409 -0.9542
vn 0.1180 0.1585 -0.9803
vn 0.1019 0.1361 -0.9854
vn 0.1286 0.1308 0.9830
vn 0.1099 0.1123 0.9876
vn 0.1979 0.1994 0.9597
vn 0.3064 0.3067 0.9011
vn 0.3617 0.3614 0.8594
vn 0.5523 0.5495 0.6268
vn 0.5566 0.5495 -0.6230
vn 0.3676 0.3614 -0.8569
vn 0.3126 0.3067 -0.8990
vn 0.2044 0.1994 -0.9584
vn 0.1354 0.1308 -0.9821
vn 0.1167 0.1123 -0.9868
vn 0.1420 0.1010 0.9847
vn 0.1213 0.0867 0.9888
vn 0.2188 0.1544 0.9635
vn 0.3403 0.2387 0.9095
vn 0.4030 0.2821 0.8706
vn 0.6262 0.4368 0.6459
vn 0.6306 0.4368 -0.6415
vn 0.4090 0.2822 -0.8678
vn 0.3466 0.2387 -0.9071
vn 0.2254 0.1544 -0.9620
vn 0.1488 0.1010 -0.9837
vn 0.1281 0.0867 -0.9880
vn 0.1513 0.0713 0.9859
vn 0.1291 0.0612 0.9897
vn 0.2333 0.1093 0.9662
vn 0.3642 0.1696 0.9157
vn 0.4322 0.2010 0.8791
vn 0.6809 0.3156 0.6609
vn 0.6855 0.3156 -0.6562
vn 0.4382 0.2011 -0.8761
vn 0.3704 0.1696 -0.9132
vn 0.2400 0.1093 -0.9646
vn 0.1581 0.0713 -0.9848
vn 0.1359 0.0612 -0.9888
vn 0.1569 0.0435 0.9867
vn 0.1338 0.0373 0.9903
vn 0.2422 0.0668 0.9679
vn 0.3787 0.1040 0.9196
vn 0.4500 0.1231 0.8845
vn 0.7158 0.1955 0.6704
vn 0.7204 0.1955 -0.6655
vn 0.4561 0.1231 -0.8814
vn 0.3850 0.1040 -0.9170
vn 0.2489 0.0668 -0.9662
vn 0.1637 0.0435 -0.9856
vn 0.1406 0.0373 -0.9894
vn 0.1597 0.0185 0.9870
vn 0.1360 0.0159 0.9906
vn 0.2466 0.0285 0.9687
vn 0.3858 0.0443 0.9215
vn 0.4586 0.0525 0.8871
vn 0.7331 0.0837 0.6750
vn 0.7378 0.0837 -0.6698
vn 0.4647 0.0525 -0.8839
vn 0.3922 0.0443 -0.9188
vn 0.2533 0.0285 -0.9670
vn 0.1664 0.0185 -0.9859
vn 0.1428 0.0159 -0.9896
vn 0.1603 -0.0042 0.9871
vn 0.1365 -0.0035 0.9906
vn 0.2477 -0.0064 0.9688
vn 0.3874 -0.0100 0.9219
vn 0.4605 -0.0119 0.8876
vn 0.7369 -0.0190 0.6758
vn 0.7415 -0.0189 -0.6707
vn 0.4665 -0.0119 -0.8844
vn 0.3937 -0.0100 -0.9192
vn 0.2543 -0.0064 -0.9671
vn 0.1671 -0.0042 -0.9859
vn 0.1433 -0.0035 -0.9897
vn 0.1588 -0.0280 0.9869
vn 0.1354 -0.0240 0.9905
vn 0.2453 -0.0431 0.9685
vn 0.3837 -0.0671 0.9210
vn 0.4562 -0.0795 0.8863
vn 0.7279 -0.1266 0.6739
vn 0.7325 -0.1266 -0.6689
vn 0.4622 -0.0795 -0.8832
vn 0.3900 -0.0671 -0.9184
vn 0.2519 -0.0431 -0.9668
vn 0.1656 -0.0280 -0.9858
vn 0.1422 -0.0240 -0.9895
vn 0.1546 -0.0558 0.9864
vn 0.1320 -0.0478 0.9901
vn 0.2387 -0.0853 0.9673
vn 0.3731 -0.1327 0.9183
vn 0.4433 -0.1573 0.8825
vn 0.7022 -0.2485 0.6672
vn 0.7068 -0.2485 -0.6624
vn 0.4493 -0.1573 -0.8794
vn 0.3794 -0.1327 -0.9157
vn 0.2454 -0.0853 -0.9657
vn 0.1614 -0.0558 -0.9853
vn 0.1388 -0.0478 -0.9892
vn 0.1470 -0.0861 0.9854
vn 0.1256 -0.0738 0.9893
vn 0.2267 -0.1317 0.9650
vn 0.3532 -0.2041 0.9130
vn 0.4190 -0.2416 0.8753
vn 0.6557 -0.3768 0.6543
vn 0.6601 -0.3768 -0.6498
vn 0.4250 -0.2416 -0.8724
vn 0.3595 -0.2041 -0.9106
vn 0.2332 -0.1317 -0.9635
vn 0.1538 -0.0861 -0.9843
vn 0.1324 -0.0738 -0.9884
vn 0.1351 -0.1174 0.9838
vn 0.1155 -0.1008 0.9882
vn 0.2079 -0.1792 0.9616
vn 0.3228 -0.2765 0.9052
vn 0.3817 -0.3264 0.8647
vn 0.5875 -0.5003 0.6360
vn 0.5918 -0.5003 -0.6320
vn 0.3877 -0.3264 -0.8621
vn 0.3290 -0.2765 -0.9030
vn 0.2145 -0.1792 -0.9601
vn 0.1419 -0.1174 -0.9829
vn 0.1222 -0.1008 -0.9874
vn 0.1191 -0.1472 0.9819
vn 0.1017 -0.1265 0.9867
vn 0.1828 -0.2240 0.9573
vn 0.2824 -0.3437 0.8956
vn 0.3327 -0.4040 0.8521
vn 0.5026 -0.6076 0.6150
vn 0.5068 -0.6076 -0.6115
vn 0.3386 -0.4040 -0.8498
vn 0.2885 -0.3436 -0.8937
vn 0.1894 -0.2240 -0.9560
vn 0.1257 -0.1472 -0.9811
vn 0.1085 -0.1265 -0.9860
vn 0.0996 -0.1729 0.9799
vn 0.0851 -0.1486 0.9852
vn 0.1531 -0.2624 0.9527
vn 0.2352 -0.3999 0.8859
vn 0.2761 -0.4682 0.8393
vn 0.4101 -0.6917 0.5945
vn 0.4141 -0.6917 -0.5917
vn 0.2820 -0.4682 -0.8374
vn 0.2413 -0.3999 -0.8842
vn 0.1596 -0.2624 -0.9517
vn 0.1064 -0.1729 -0.9792
vn 0.0919 -0.1486 -0.9846
vn 0.0790 -0.1929 0.9780
vn 0.0674 -0.1658 0.9839
vn 0.1214 -0.2922 0.9486
vn 0.1859 -0.4428 0.8771
vn 0.2175 -0.5164 0.8283
vn 0.3187 -0.7517 0.5774
vn 0.3226 -0.7517 -0.5752
vn 0.2231 -0.5164 -0.8267
vn 0.1919 -0.4427 -0.8759
vn 0.1279 -0.2922 -0.9478
vn 0.0857 -0.1929 -0.9775
vn 0.0741 -0.1658 -0.9834
vn 0.0586 -0.2071 0.9766
vn 0.0499 -0.1779 0.9828
vn 0.0904 -0.3132 0.9454
vn 0.1383 -0.4723 0.8705
vn 0.1615 -0.5492 0.8200
vn 0.2346 -0.7912 0.5648
vn 0.2385 -0.7911 -0.5632
vn 0.1673 -0.5491 -0.8189
vn 0.1443 -0.4723 -0.8695
vn 0.0969 -0.3132 -0.9447
vn 0.0653 -0.2071 -0.9761
vn 0.0566 -0.1779 -0.9824
vn 0.0398 -0.2162 0.9755
vn 0.0337 -0.1856 0.9820
vn 0.0620 -0.3266 0.9431
vn 0.0951 -0.4910 0.8660
vn 0.1109 -0.5697 0.8144
vn 0.1608 -0.8152 0.5564
vn 0.1646 -0.8152 -0.5553
vn 0.1166 -0.5695 -0.8136
vn 0.1010 -0.4911 -0.8652
vn 0.0685 -0.3266 -0.9427
vn 0.0465 -0.2161 -0.9753
vn 0.0404 -0.1856 -0.9818
vn 0.0233 -0.2214 0.9749
vn 0.0194 -0.1900 0.9816
vn 0.0369 -0.3344 0.9417
vn 0.0572 -0.5015 0.8633
vn 0.0670 -0.5810 0.8111
vn 0.0976 -0.8285 0.5513
vn 0.1013 -0.8287 -0.5505
vn 0.0726 -0.5810 -0.8107
vn 0.0632 -0.5015 -0.8629
vn 0.0434 -0.3344 -0.9414
vn 0.0299 -0.2214 -0.9747
vn 0.0262 -0.1900 -0.9814
vn 0.0090 -0.2241 0.9745
vn 0.0073 -0.1920 0.9814
vn 0.0154 -0.3382 0.9409
vn 0.0249 -0.5069 0.8616
vn 0.0295 -0.5864 0.8095
vn 0.0440 -0.8353 0.5480
vn 0.0477 -0.8353 -0.5477
vn 0.0351 -0.5864 -0.8093
vn 0.0309 -0.5069 -0.8615
vn 0.0218 -0.3382 -0.9408
vn 0.0157 -0.2241 -0.9744
vn 0.0139 -0.1921 -0.9813
vn -0.0004 -0.2252 0.9743
vn -0.0009 -0.1927 0.9813
vn 0.0011 -0.3402 0.9404
vn 0.0036 -0.5088 0.8609
vn 0.0048 -0.5880 0.8089
vn 0.0089 -0.8377 0.5461
vn 0.0126 -0.8377 -0.5460
vn 0.0103 -0.5880 -0.8088
vn 0.0095 -0.5088 -0.8608
vn 0.0076 -0.3404 -0.9402
vn 0.0062 -0.2252 -0.9743
vn 0.0058 -0.1927 -0.9812
vn -0.3726 -0.5210 -0.7679
vn -0.0803 0.1069 0.9910
vn -0.0737 0.0975 0.9925
vn -0.1180 0.1591 0.9802
vn -0.1928 0.2632 0.9453
vn -0.2426 0.3325 0.9114
vn -0.3779 0.5210 0.7653
vn -0.3727 0.5210 -0.7679
vn -0.2364 0.3325 -0.9130
vn -0.1863 0.2632 -0.9466
vn -0.1113 0.1591 -0.9810
vn -0.0736 0.1069 -0.9916
vn -0.0669 0.0975 -0.9930
vn -0.0888 -0.1932 0.9771
vn -0.0828 -0.1979 0.9767
vn -0.0711 -0.1687 0.9831
vn -0.0762 -0.1646 0.9834
vn -0.1330 -0.2935 0.9467
vn -0.1239 -0.3006 0.9457
vn -0.1987 -0.4423 0.8746
vn -0.1844 -0.4520 0.8728
vn -0.2297 -0.5129 0.8271
vn -0.2132 -0.5240 0.8246
vn -0.3340 -0.7507 0.5700
vn -0.3088 -0.7643 0.5661
vn -0.3301 -0.7507 -0.5723
vn -0.3050 -0.7644 -0.5681
vn -0.2240 -0.5129 -0.8287
vn -0.2076 -0.5240 -0.8260
vn -0.1925 -0.4421 -0.8761
vn -0.1785 -0.4521 -0.8739
vn -0.1265 -0.2935 -0.9475
vn -0.1174 -0.3006 -0.9465
vn -0.0821 -0.1932 -0.9777
vn -0.0761 -0.1979 -0.9773
vn -0.0694 -0.1646 -0.9839
vn -0.0643 -0.1687 -0.9836
vn -0.0759 -0.2028 0.9763
vn -0.0652 -0.1729 0.9828
vn -0.1134 -0.3080 0.9446
vn -0.1686 -0.4625 0.8704
vn -0.1944 -0.5354 0.8219
vn -0.2804 -0.7782 0.5619
vn -0.2765 -0.7781 -0.5640
vn -0.1888 -0.5354 -0.8232
vn -0.1624 -0.4622 -0.8718
vn -0.1070 -0.3080 -0.9453
vn -0.0692 -0.2028 -0.9768
vn -0.0584 -0.1729 -0.9832
vn -0.0682 -0.2077 0.9758
vn -0.0586 -0.1770 0.9825
vn -0.1017 -0.3152 0.9436
vn -0.1507 -0.4726 0.8683
vn -0.1736 -0.5466 0.8192
vn -0.2492 -0.7915 0.5580
vn -0.2454 -0.7915 -0.5597
vn -0.1680 -0.5466 -0.8203
vn -0.1448 -0.4726 -0.8693
vn -0.0953 -0.3154 -0.9442
vn -0.0615 -0.2077 -0.9763
vn -0.0519 -0.1770 -0.9828
vn -0.0599 -0.2122 0.9754
vn -0.0516 -0.1809 0.9821
vn -0.0890 -0.3218 0.9426
vn -0.1315 -0.4819 0.8663
vn -0.1513 -0.5570 0.8166
vn -0.2162 -0.8039 0.5541
vn -0.2123 -0.8038 -0.5557
vn -0.1457 -0.5570 -0.8176
vn -0.1255 -0.4819 -0.8672
vn -0.0826 -0.3220 -0.9431
vn -0.0532 -0.2122 -0.9758
vn -0.0448 -0.1809 -0.9825
vn -0.0511 -0.2162 0.9750
vn -0.0441 -0.1844 0.9819
vn -0.0757 -0.3278 0.9417
vn -0.1114 -0.4900 0.8646
vn -0.1280 -0.5661 0.8143
vn -0.1821 -0.8145 0.5509
vn -0.1783 -0.8145 -0.5521
vn -0.1224 -0.5661 -0.8152
vn -0.1053 -0.4902 -0.8652
vn -0.0692 -0.3278 -0.9422
vn -0.0444 -0.2162 -0.9753
vn -0.0374 -0.1844 -0.9821
vn -0.0422 -0.2195 0.9747
vn -0.0365 -0.1872 0.9816
vn -0.0621 -0.3326 0.9410
vn -0.0910 -0.4968 0.8631
vn -0.1044 -0.5736 0.8124
vn -0.1477 -0.8231 0.5483
vn -0.1440 -0.8231 -0.5493
vn -0.0988 -0.5736 -0.8131
vn -0.0851 -0.4968 -0.8637
vn -0.0557 -0.3326 -0.9414
vn -0.0355 -0.2195 -0.9750
vn -0.0297 -0.1872 -0.9819
vn -0.0334 -0.2220 0.9745
vn -0.0290 -0.1894 0.9815
vn -0.0488 -0.3363 0.9405
vn -0.0710 -0.5021 0.8619
vn -0.0813 -0.5794 0.8110
vn -0.1142 -0.8298 0.5463
vn -0.1108 -0.8296 -0.5472
vn -0.0757 -0.5794 -0.8115
vn -0.0651 -0.5021 -0.8624
vn -0.0423 -0.3363 -0.9408
vn -0.0267 -0.2220 -0.9747
vn -0.0223 -0.1894 -0.9816
vn -0.0250 -0.2241 0.9743
vn -0.0219 -0.1910 0.9813
vn -0.0360 -0.3392 0.9400
vn -0.0519 -0.5058 0.8611
vn -0.0592 -0.5836 0.8099
vn -0.0827 -0.8342 0.5453
vn -0.0789 -0.8342 -0.5458
vn -0.0536 -0.5836 -0.8103
vn -0.0460 -0.5058 -0.8614
vn -0.0295 -0.3393 -0.9402
vn -0.0184 -0.2241 -0.9744
vn -0.0152 -0.1910 -0.9815
vn -0.0171 -0.2250 0.9742
vn -0.0150 -0.1920 0.9813
vn -0.0240 -0.3406 0.9399
vn -0.0340 -0.5081 0.8606
vn -0.0386 -0.5862 0.8092
vn -0.0531 -0.8370 0.5446
vn -0.0494 -0.8370 -0.5449
vn -0.0331 -0.5862 -0.8095
vn -0.0281 -0.5081 -0.8608
vn -0.0176 -0.3406 -0.9400
vn -0.0104 -0.2250 -0.9743
vn -0.0083 -0.1920 -0.9814
vn -0.0099 -0.2256 0.9742
vn -0.0089 -0.1926 0.9812
vn -0.0131 -0.3416 0.9398
vn -0.0177 -0.5093 0.8604
vn -0.0198 -0.5876 0.8089
vn -0.0262 -0.8385 0.5443
vn -0.0225 -0.8385 -0.5445
vn -0.0143 -0.5876 -0.8090
vn -0.0118 -0.5093 -0.8605
vn -0.0067 -0.3414 -0.9399
vn -0.0032 -0.2256 -0.9742
vn -0.0022 -0.1926 -0.9813
vn 0.0007 -0.2259 0.9742
vn 0.0001 -0.1925 0.9813
vn 0.0029 -0.3424 0.9395
vn 0.0062 -0.5098 0.8603
vn 0.0078 -0.5876 0.8091
vn 0.0132 -0.8398 0.5428
vn 0.0169 -0.8398 -0.5427
vn 0.0133 -0.5876 -0.8091
vn 0.0121 -0.5098 -0.8602
vn 0.0094 -0.3424 -0.9395
vn 0.0074 -0.2259 -0.9741
vn 0.0068 -0.1925 -0.9813
vn 0.0197 -0.2241 0.9744
vn 0.0162 -0.1904 0.9816
vn 0.0317 -0.3399 0.9399
vn 0.0490 -0.5058 0.8613
vn 0.0571 -0.5821 0.8111
vn 0.0840 -0.8350 0.5438
vn 0.0877 -0.8350 -0.5432
vn 0.0627 -0.5821 -0.8107
vn 0.0549 -0.5058 -0.8609
vn 0.0382 -0.3399 -0.9397
vn 0.0263 -0.2241 -0.9742
vn 0.0229 -0.1904 -0.9814
vn 0.0432 -0.2172 0.9752
vn 0.0361 -0.1844 0.9822
vn 0.0674 -0.3297 0.9417
vn 0.1024 -0.4915 0.8648
vn 0.1186 -0.5664 0.8155
vn 0.1733 -0.8171 0.5499
vn 0.1771 -0.8171 -0.5487
vn 0.1244 -0.5664 -0.8147
vn 0.1084 -0.4915 -0.8641
vn 0.0739 -0.3297 -0.9412
vn 0.0499 -0.2171 -0.9749
vn 0.0429 -0.1844 -0.9819
vn 0.0661 -0.2051 0.9765
vn 0.0556 -0.1742 0.9831
vn 0.1026 -0.3122 0.9445
vn 0.1553 -0.4671 0.8705
vn 0.1800 -0.5393 0.8227
vn 0.2642 -0.7853 0.5599
vn 0.2680 -0.7853 -0.5580
vn 0.1858 -0.5392 -0.8214
vn 0.1613 -0.4671 -0.8694
vn 0.1091 -0.3122 -0.9437
vn 0.0728 -0.2051 -0.9760
vn 0.0624 -0.1742 -0.9827
vn 0.0875 -0.1889 0.9781
vn 0.0738 -0.1603 0.9843
vn 0.1354 -0.2879 0.9480
vn 0.2053 -0.4327 0.8779
vn 0.2383 -0.5010 0.8320
vn 0.3537 -0.7388 0.5736
vn 0.3576 -0.7388 -0.5712
vn 0.2441 -0.5009 -0.8303
vn 0.2113 -0.4327 -0.8764
vn 0.1418 -0.2879 -0.9471
vn 0.0942 -0.1889 -0.9775
vn 0.0805 -0.1603 -0.9838
vn 0.1065 -0.1689 0.9799
vn 0.0898 -0.1433 0.9856
vn 0.1645 -0.2580 0.9520
vn 0.2504 -0.3899 0.8862
vn 0.2918 -0.4528 0.8425
vn 0.4388 -0.6778 0.5899
vn 0.4428 -0.6778 -0.5869
vn 0.2975 -0.4529 -0.8405
vn 0.2566 -0.3899 -0.8844
vn 0.1710 -0.2580 -0.9509
vn 0.1132 -0.1689 -0.9791
vn 0.0965 -0.1433 -0.9850
vn 0.1224 -0.1464 0.9816
vn 0.1033 -0.1242 0.9869
vn 0.1893 -0.2242 0.9560
vn 0.2896 -0.3406 0.8945
vn 0.3382 -0.3971 0.8532
vn 0.5165 -0.6036 0.6074
vn 0.5207 -0.6036 -0.6038
vn 0.3441 -0.3971 -0.8508
vn 0.2957 -0.3406 -0.8925
vn 0.1959 -0.2242 -0.9547
vn 0.1292 -0.1465 -0.9807
vn 0.1101 -0.1242 -0.9861
vn 0.1354 -0.1225 0.9832
vn 0.1143 -0.1039 0.9880
vn 0.2095 -0.1879 0.9596
vn 0.3218 -0.2869 0.9023
vn 0.3772 -0.3355 0.8632
vn 0.5846 -0.5180 0.6244
vn 0.5888 -0.5180 -0.6205
vn 0.3831 -0.3355 -0.8606
vn 0.3280 -0.2869 -0.9000
vn 0.2161 -0.1879 -0.9581
vn 0.1421 -0.1225 -0.9822
vn 0.1211 -0.1039 -0.9872
vn 0.1454 -0.0979 0.9845
vn 0.1228 -0.0830 0.9890
vn 0.2252 -0.1504 0.9626
vn 0.3473 -0.2306 0.9089
vn 0.4082 -0.2707 0.8719
vn 0.6413 -0.4234 0.6399
vn 0.6456 -0.4234 -0.6356
vn 0.4142 -0.2705 -0.8691
vn 0.3536 -0.2306 -0.9065
vn 0.2319 -0.1504 -0.9611
vn 0.1521 -0.0979 -0.9835
vn 0.1295 -0.0830 -0.9881
vn 0.1527 -0.0732 0.9856
vn 0.1290 -0.0621 0.9897
vn 0.2369 -0.1125 0.9650
vn 0.3665 -0.1732 0.9142
vn 0.4316 -0.2034 0.8788
vn 0.6856 -0.3224 0.6527
vn 0.6901 -0.3224 -0.6480
vn 0.4377 -0.2034 -0.8758
vn 0.3727 -0.1732 -0.9116
vn 0.2435 -0.1125 -0.9634
vn 0.1595 -0.0732 -0.9845
vn 0.1358 -0.0621 -0.9888
vn 0.1578 -0.0485 0.9863
vn 0.1333 -0.0412 0.9902
vn 0.2447 -0.0747 0.9667
vn 0.3796 -0.1153 0.9179
vn 0.4478 -0.1356 0.8838
vn 0.7173 -0.2168 0.6622
vn 0.7218 -0.2168 -0.6573
vn 0.4538 -0.1356 -0.8807
vn 0.3859 -0.1153 -0.9153
vn 0.2514 -0.0747 -0.9650
vn 0.1645 -0.0486 -0.9852
vn 0.1400 -0.0412 -0.9893
vn 0.1606 -0.0242 0.9867
vn 0.1357 -0.0205 0.9905
vn 0.2494 -0.0373 0.9677
vn 0.3872 -0.0575 0.9202
vn 0.4572 -0.0677 0.8868
vn 0.7361 -0.1088 0.6680
vn 0.7407 -0.1088 -0.6630
vn 0.4633 -0.0677 -0.8836
vn 0.3935 -0.0575 -0.9175
vn 0.2560 -0.0373 -0.9660
vn 0.1674 -0.0242 -0.9856
vn 0.1425 -0.0205 -0.9896
vn 0.1616 0.0001 0.9869
vn 0.1365 0.0001 0.9906
vn 0.2508 0.0001 0.9680
vn 0.3898 0.0002 0.9209
vn 0.4603 0.0003 0.8877
vn 0.7424 0.0004 0.6700
vn 0.7470 0.0004 -0.6649
vn 0.4664 0.0003 -0.8846
vn 0.3961 0.0002 -0.9182
vn 0.2575 0.0001 -0.9663
vn 0.1684 0.0001 -0.9857
vn 0.1433 0.0001 -0.9897
vn 0.1606 0.0250 0.9867
vn 0.1357 0.0212 0.9905
vn 0.2493 0.0385 0.9677
vn 0.3871 0.0595 0.9201
vn 0.4570 0.0700 0.8867
vn 0.7357 0.1125 0.6679
vn 0.7403 0.1125 -0.6628
vn 0.4631 0.0703 -0.8835
vn 0.3934 0.0595 -0.9174
vn 0.2559 0.0385 -0.9659
vn 0.1674 0.0250 -0.9856
vn 0.1424 0.0212 -0.9896
vn 0.1574 0.0510 0.9862
vn 0.1329 0.0433 0.9902
vn 0.2442 0.0785 0.9665
vn 0.3786 0.1211 0.9176
vn 0.4464 0.1426 0.8834
vn 0.7148 0.2275 0.6614
vn 0.7193 0.2275 -0.6564
vn 0.4524 0.1425 -0.8803
vn 0.3849 0.1211 -0.9150
vn 0.2508 0.0785 -0.9648
vn 0.1641 0.0510 -0.9851
vn 0.1397 0.0433 -0.9893
vn 0.1516 0.0777 0.9854
vn 0.1280 0.0659 0.9896
vn 0.2351 0.1195 0.9646
vn 0.3634 0.1838 0.9133
vn 0.4278 0.2159 0.8777
vn 0.6786 0.3413 0.6504
vn 0.6830 0.3413 -0.6458
vn 0.4338 0.2160 -0.8747
vn 0.3697 0.1838 -0.9108
vn 0.2417 0.1195 -0.9630
vn 0.1584 0.0777 -0.9843
vn 0.1348 0.0659 -0.9887
vn 0.1430 0.1045 0.9842
vn 0.1207 0.0886 0.9887
vn 0.2216 0.1605 0.9619
vn 0.3413 0.2457 0.9073
vn 0.4006 0.2879 0.8698
vn 0.6275 0.4493 0.6359
vn 0.6318 0.4493 -0.6316
vn 0.4066 0.2880 -0.8670
vn 0.3475 0.2457 -0.9049
vn 0.2282 0.1605 -0.9603
vn 0.1498 0.1045 -0.9832
vn 0.1275 0.0886 -0.9879
vn 0.1315 0.1304 0.9827
vn 0.1110 0.1106 0.9877
vn 0.2034 0.2000 0.9585
vn 0.3121 0.3048 0.8998
vn 0.3652 0.3562 0.8601
vn 0.5635 0.5471 0.6189
vn 0.5678 0.5471 -0.6151
vn 0.3711 0.3562 -0.8576
vn 0.3182 0.3048 -0.8977
vn 0.2100 0.2000 -0.9570
vn 0.1382 0.1305 -0.9818
vn 0.1177 0.1106 -0.9869
vn 0.1171 0.1548 0.9810
vn 0.0988 0.1313 0.9864
vn 0.1810 0.2368 0.9546
vn 0.2762 0.3590 0.8915
vn 0.3223 0.4179 0.8494
vn 0.4895 0.6318 0.6010
vn 0.4936 0.6318 -0.5976
vn 0.3281 0.4179 -0.8472
vn 0.2824 0.3590 -0.8896
vn 0.1875 0.2368 -0.9533
vn 0.1238 0.1548 -0.9802
vn 0.1055 0.1313 -0.9857
vn 0.0999 0.1766 0.9792
vn 0.0843 0.1497 0.9851
vn 0.1545 0.2693 0.9506
vn 0.2348 0.4061 0.8831
vn 0.2732 0.4713 0.8386
vn 0.4088 0.7014 0.5839
vn 0.4128 0.7014 -0.5811
vn 0.2790 0.4713 -0.8367
vn 0.2409 0.4061 -0.8815
vn 0.1610 0.2693 -0.9495
vn 0.1067 0.1764 -0.9785
vn 0.0911 0.1497 -0.9845
vn 0.0807 0.1947 0.9775
vn 0.0681 0.1653 0.9839
vn 0.1248 0.2964 0.9469
vn 0.1893 0.4449 0.8753
vn 0.2197 0.5148 0.8287
vn 0.3246 0.7556 0.5690
vn 0.3285 0.7556 -0.5667
vn 0.2254 0.5148 -0.8272
vn 0.1953 0.4449 -0.8740
vn 0.1314 0.2965 -0.9460
vn 0.0874 0.1947 -0.9770
vn 0.0748 0.1653 -0.9834
vn 0.0600 0.2088 0.9761
vn 0.0505 0.1774 0.9828
vn 0.0933 0.3174 0.9437
vn 0.1412 0.4747 0.8688
vn 0.1639 0.5477 0.8205
vn 0.2397 0.7952 0.5570
vn 0.2435 0.7952 -0.5553
vn 0.1693 0.5478 -0.8193
vn 0.1472 0.4747 -0.8678
vn 0.0997 0.3174 -0.9430
vn 0.0667 0.2088 -0.9757
vn 0.0573 0.1774 -0.9825
vn 0.0388 0.2188 0.9750
vn 0.0324 0.1859 0.9820
vn 0.0607 0.3320 0.9413
vn 0.0923 0.4950 0.8640
vn 0.1071 0.5704 0.8144
vn 0.1562 0.8214 0.5486
vn 0.1599 0.8214 -0.5475
vn 0.1127 0.5704 -0.8136
vn 0.0982 0.4950 -0.8633
vn 0.0671 0.3322 -0.9408
vn 0.0454 0.2188 -0.9747
vn 0.0391 0.1859 -0.9818
vn 0.0174 0.2244 0.9743
vn 0.0142 0.1908 0.9815
vn 0.0283 0.3403 0.9399
vn 0.0439 0.5065 0.8611
vn 0.0512 0.5832 0.8107
vn 0.0756 0.8357 0.5439
vn 0.0793 0.8357 -0.5434
vn 0.0568 0.5832 -0.8103
vn 0.0499 0.5063 -0.8609
vn 0.0347 0.3404 -0.9396
vn 0.0241 0.2244 -0.9742
vn 0.0210 0.1908 -0.9814
vn -0.0030 0.2262 0.9741
vn -0.0031 0.1924 0.9813
vn -0.0027 0.3429 0.9394
vn -0.0022 0.5102 0.8600
vn -0.0019 0.5874 0.8093
vn -0.0006 0.8403 0.5421
vn 0.0031 0.8403 -0.5420
vn 0.0036 0.5874 -0.8093
vn 0.0037 0.5102 -0.8600
vn 0.0037 0.3429 -0.9394
vn 0.0037 0.2262 -0.9741
vn 0.0036 0.1924 -0.9813
vn -0.0232 0.2246 0.9742
vn -0.0202 0.1910 0.9814
vn -0.0334 0.3406 0.9396
vn -0.0480 0.5066 0.8609
vn -0.0544 0.5836 0.8102
vn -0.0760 0.8363 0.5430
vn -0.0724 0.8361 -0.5437
vn -0.0490 0.5836 -0.8106
vn -0.0421 0.5066 -0.8612
vn -0.0270 0.3406 -0.9398
vn -0.0166 0.2246 -0.9743
vn -0.0135 0.1910 -0.9815
vn -0.0449 0.2190 0.9747
vn -0.0386 0.1861 0.9818
vn -0.0663 0.3325 0.9408
vn -0.0970 0.4951 0.8634
vn -0.1109 0.5708 0.8135
vn -0.1576 0.8220 0.5473
vn -0.1538 0.8220 -0.5483
vn -0.1053 0.5708 -0.8143
vn -0.0910 0.4955 -0.8639
vn -0.0598 0.3325 -0.9412
vn -0.0382 0.2190 -0.9750
vn -0.0319 0.1861 -0.9820
vn -0.0677 0.2084 0.9757
vn -0.0580 0.1769 0.9825
vn -0.1011 0.3168 0.9431
vn -0.1492 0.4737 0.8680
vn -0.1715 0.5465 0.8197
vn -0.2470 0.7940 0.5555
vn -0.2431 0.7940 -0.5572
vn -0.1660 0.5465 -0.8209
vn -0.1432 0.4737 -0.8690
vn -0.0946 0.3168 -0.9438
vn -0.0609 0.2083 -0.9762
vn -0.0512 0.1769 -0.9829
vn -0.0903 0.1922 0.9772
vn -0.0773 0.1631 0.9836
vn -0.1360 0.2931 0.9464
vn -0.2022 0.4398 0.8750
vn -0.2334 0.5088 0.8286
vn -0.3412 0.7487 0.5683
vn -0.3373 0.7487 -0.5707
vn -0.2277 0.5088 -0.8302
vn -0.1962 0.4398 -0.8764
vn -0.1295 0.2930 -0.9473
vn -0.0838 0.1923 -0.9778
vn -0.0705 0.1631 -0.9841
vn -0.1117 0.1708 0.9790
vn -0.0952 0.1448 0.9849
vn -0.1687 0.2610 0.9505
vn -0.2528 0.3939 0.8837
vn -0.2928 0.4573 0.8397
vn -0.4356 0.6839 0.5852
vn -0.4316 0.6839 -0.5882
vn -0.2870 0.4573 -0.8417
vn -0.2467 0.3939 -0.8854
vn -0.1622 0.2610 -0.9516
vn -0.1049 0.1710 -0.9797
vn -0.0884 0.1448 -0.9855
vn -0.1299 0.1454 0.9808
vn -0.1106 0.1232 0.9862
vn -0.1970 0.2227 0.9548
vn -0.2973 0.3382 0.8929
vn -0.3458 0.3942 0.8515
vn -0.5242 0.6001 0.6042
vn -0.5200 0.6001 -0.6078
vn -0.3400 0.3941 -0.8538
vn -0.2912 0.3382 -0.8949
vn -0.1904 0.2227 -0.9561
vn -0.1231 0.1454 -0.9817
vn -0.1038 0.1232 -0.9869
vn -0.1442 0.1179 0.9825
vn -0.1228 0.0999 0.9874
vn -0.2195 0.1810 0.9587
vn -0.3334 0.2765 0.9013
vn -0.3893 0.3234 0.8625
vn -0.6007 0.5010 0.6230
vn -0.5964 0.5010 -0.6271
vn -0.3834 0.3235 -0.8651
vn -0.3271 0.2765 -0.9036
vn -0.2129 0.1810 -0.9602
vn -0.1375 0.1179 -0.9835
vn -0.1160 0.0999 -0.9882
vn -0.1546 0.0904 0.9838
vn -0.1316 0.0766 0.9883
vn -0.2359 0.1389 0.9618
vn -0.3601 0.2132 0.9082
vn -0.4220 0.2503 0.8714
vn -0.6607 0.3933 0.6394
vn -0.6563 0.3933 -0.6439
vn -0.4160 0.2503 -0.8742
vn -0.3539 0.2132 -0.9107
vn -0.2293 0.1389 -0.9634
vn -0.1479 0.0904 -0.9849
vn -0.1249 0.0766 -0.9892
vn -0.1616 0.0642 0.9848
vn -0.1375 0.0545 0.9890
vn -0.2468 0.0988 0.9640
vn -0.3782 0.1522 0.9132
vn -0.4443 0.1791 0.8778
vn -0.7031 0.2844 0.6518
vn -0.6986 0.2844 -0.6566
vn -0.4383 0.1791 -0.8808
vn -0.3719 0.1522 -0.9157
vn -0.2401 0.0988 -0.9657
vn -0.1548 0.0642 -0.9859
vn -0.1308 0.0545 -0.9899
vn -0.1657 0.0403 0.9854
vn -0.1411 0.0342 0.9894
vn -0.2532 0.0621 0.9654
vn -0.3891 0.0958 0.9162
vn -0.4578 0.1128 0.8819
vn -0.7294 0.1805 0.6598
vn -0.7249 0.1805 -0.6648
vn -0.4518 0.1128 -0.8850
vn -0.3828 0.0958 -0.9189
vn -0.2466 0.0621 -0.9671
vn -0.1589 0.0403 -0.9865
vn -0.1343 0.0342 -0.9904
vn -0.1677 0.0190 0.9857
vn -0.1429 0.0161 0.9896
vn -0.2564 0.0293 0.9661
vn -0.3944 0.0452 0.9178
vn -0.4646 0.0533 0.8839
vn -0.7426 0.0854 0.6642
vn -0.7380 0.0856 -0.6693
vn -0.4586 0.0533 -0.8871
vn -0.3881 0.0453 -0.9205
vn -0.2497 0.0293 -0.9679
vn -0.1609 0.0190 -0.9868
vn -0.1361 0.0162 -0.9906
vn -0.0920 -0.1182 0.9887
vn -0.0736 -0.0937 0.9929
vn -0.1468 -0.1915 0.9704
vn -0.2168 -0.2850 0.9337
vn -0.2425 -0.3195 0.9160
vn -0.4501 -0.5977 0.6634
vn -0.4455 -0.5978 -0.6665
vn -0.2362 -0.3195 -0.9177
vn -0.2104 -0.2850 -0.9351
vn -0.1402 -0.1915 -0.9714
vn -0.0852 -0.1182 -0.9893
vn -0.0668 -0.0937 -0.9934
vn -0.0783 -0.0852 0.9933
vn -0.0724 -0.0785 0.9943
vn -0.1144 -0.1264 0.9854
vn -0.1898 -0.2124 0.9586
vn 0.1614 -0.7508 0.6405
vn 0.3933 -0.8735 0.2867
vn 0.3953 -0.8735 -0.2841
vn 0.1659 -0.7508 -0.6393
vn -0.1833 -0.2124 -0.9599
vn -0.1077 -0.1264 -0.9861
vn -0.0715 -0.0852 -0.9938
vn -0.0656 -0.0785 -0.9948
vn -0.1623 0.0546 0.9852
vn -0.1391 0.0467 0.9892
vn -0.2467 0.0838 0.9655
vn -0.3808 0.1300 0.9155
vn -0.4471 0.1838 0.8754
vn 0.0726 0.9790 0.1902
vn 0.0740 0.9790 -0.1897
vn -0.4411 0.1838 -0.8784
vn -0.3745 0.1300 -0.9181
vn -0.2400 0.0838 -0.9671
vn -0.1555 0.0546 -0.9863
vn -0.1324 0.0467 -0.9901
vn -0.1573 0.0757 0.9846
vn -0.1351 0.0648 0.9887
vn -0.2390 0.1159 0.9641
vn -0.3684 0.1795 0.9122
vn -0.4353 0.2122 0.8749
vn -0.6801 0.3332 0.6531
vn -0.6756 0.3332 -0.6577
vn -0.4292 0.2124 -0.8779
vn -0.3621 0.1795 -0.9147
vn -0.2324 0.1159 -0.9657
vn -0.1506 0.0757 -0.9857
vn -0.1284 0.0648 -0.9896
vn -0.1502 0.0984 0.9838
vn -0.1291 0.0843 0.9880
vn -0.2277 0.1505 0.9620
vn -0.3499 0.2325 0.9075
vn -0.4127 0.2746 0.8685
vn -0.6377 0.4260 0.6417
vn -0.6333 0.4260 -0.6461
vn -0.4067 0.2745 -0.8713
vn -0.3437 0.2325 -0.9099
vn -0.2211 0.1505 -0.9636
vn -0.1434 0.0984 -0.9848
vn -0.1224 0.0843 -0.9889
vn -0.1403 0.1221 0.9826
vn -0.1207 0.1047 0.9872
vn -0.2121 0.1863 0.9593
vn -0.3246 0.2868 0.9013
vn -0.3819 0.3380 0.8602
vn -0.5820 0.5172 0.6275
vn -0.5776 0.5172 -0.6315
vn -0.3760 0.3380 -0.8628
vn -0.3184 0.2868 -0.9035
vn -0.2056 0.1863 -0.9607
vn -0.1334 0.1221 -0.9835
vn -0.1139 0.1047 -0.9880
vn -0.1273 0.1456 0.9811
vn -0.1097 0.1249 0.9861
vn -0.1920 0.2217 0.9560
vn -0.2922 0.3398 0.8940
vn -0.3427 0.3992 0.8504
vn -0.5140 0.6016 0.6115
vn -0.5098 0.6016 -0.6150
vn -0.3368 0.3992 -0.8527
vn -0.2861 0.3398 -0.8959
vn -0.1854 0.2217 -0.9573
vn -0.1206 0.1456 -0.9820
vn -0.1029 0.1249 -0.9868
vn -0.1114 0.1676 0.9795
vn -0.0961 0.1438 0.9849
vn -0.1675 0.2545 0.9525
vn -0.2534 0.3882 0.8861
vn -0.2961 0.4546 0.8400
vn -0.4371 0.6745 0.5950
vn -0.4330 0.6744 -0.5981
vn -0.2903 0.4546 -0.8420
vn -0.2473 0.3882 -0.8878
vn -0.1609 0.2545 -0.9536
vn -0.1047 0.1676 -0.9803
vn -0.0894 0.1438 -0.9856
vn -0.0934 0.1866 0.9780
vn -0.0807 0.1602 0.9838
vn -0.1397 0.2828 0.9489
vn -0.2101 0.4291 0.8785
vn -0.2446 0.5009 0.8302
vn -0.3556 0.7328 0.5802
vn -0.3516 0.7328 -0.5825
vn -0.2389 0.5009 -0.8319
vn -0.2041 0.4291 -0.8799
vn -0.1332 0.2828 -0.9499
vn -0.0867 0.1866 -0.9786
vn -0.0739 0.1602 -0.9843
vn -0.0740 0.2017 0.9766
vn -0.0641 0.1732 0.9828
vn -0.1103 0.3052 0.9459
vn -0.1647 0.4611 0.8720
vn -0.1911 0.5366 0.8219
vn -0.2742 0.7763 0.5676
vn -0.2703 0.7763 -0.5695
vn -0.1855 0.5366 -0.8232
vn -0.1587 0.4611 -0.8731
vn -0.1038 0.3052 -0.9466
vn -0.0674 0.2017 -0.9771
vn -0.0574 0.1732 -0.9832
vn -0.0546 0.2126 0.9756
vn -0.0475 0.1826 0.9820
vn -0.0808 0.3213 0.9435
vn -0.1198 0.4838 0.8670
vn -0.1385 0.5616 0.8157
vn -0.1965 0.8059 0.5585
vn -0.1926 0.8060 -0.5597
vn -0.1327 0.5617 -0.8166
vn -0.1138 0.4838 -0.8678
vn -0.0743 0.3214 -0.9440
vn -0.0480 0.2126 -0.9760
vn -0.0407 0.1826 -0.9823
vn -0.0361 0.2196 0.9749
vn -0.0315 0.1885 0.9816
vn -0.0526 0.3316 0.9419
vn -0.0772 0.4980 0.8638
vn -0.0889 0.5773 0.8117
vn -0.1247 0.8241 0.5526
vn -0.1208 0.8243 -0.5531
vn -0.0831 0.5775 -0.8122
vn -0.0712 0.4980 -0.8643
vn -0.0462 0.3316 -0.9423
vn -0.0294 0.2196 -0.9751
vn -0.0247 0.1885 -0.9818
vn -0.0190 0.2235 0.9745
vn -0.0167 0.1916 0.9813
vn -0.0267 0.3371 0.9411
vn -0.0382 0.5054 0.8621
vn -0.0437 0.5854 0.8096
vn -0.0600 0.8336 0.5491
vn -0.0563 0.8336 -0.5495
vn -0.0381 0.5854 -0.8099
vn -0.0323 0.5054 -0.8623
vn -0.0203 0.3371 -0.9412
vn -0.0123 0.2235 -0.9746
vn -0.0099 0.1916 -0.9814
vn -0.0046 0.2248 0.9744
vn -0.0044 0.1926 0.9813
vn -0.0051 0.3393 0.9406
vn -0.0057 0.5082 0.8612
vn -0.0060 0.5878 0.8090
vn -0.0065 0.8366 0.5477
vn -0.0027 0.8366 -0.5478
vn -0.0005 0.5878 -0.8090
vn 0.0002 0.5082 -0.8612
vn 0.0014 0.3393 -0.9407
vn 0.0021 0.2248 -0.9744
vn 0.0023 0.1926 -0.9813
vn 0.0066 0.2246 0.9744
vn 0.0051 0.1923 0.9813
vn 0.0117 0.3391 0.9407
vn 0.0195 0.5077 0.8613
vn 0.0231 0.5870 0.8092
vn 0.0350 0.8363 0.5471
vn 0.0387 0.8363 -0.5469
vn 0.0287 0.5870 -0.8090
vn 0.0254 0.5077 -0.8612
vn 0.0182 0.3390 -0.9406
vn 0.0133 0.2246 -0.9744
vn 0.0118 0.1923 -0.9813
vn 0.0163 0.2234 0.9746
vn 0.0134 0.1913 0.9814
vn 0.0265 0.3375 0.9410
vn 0.0415 0.5053 0.8620
vn 0.0486 0.5843 0.8100
vn 0.0714 0.8330 0.5487
vn 0.0751 0.8330 -0.5482
vn 0.0542 0.5843 -0.8097
vn 0.0474 0.5053 -0.8617
vn 0.0329 0.3374 -0.9408
vn 0.0230 0.2234 -0.9745
vn 0.0202 0.1913 -0.9813
vn 0.0257 0.2213 0.9749
vn 0.0215 0.1896 0.9816
vn 0.0406 0.3345 0.9415
vn 0.0628 0.5014 0.8629
vn 0.0733 0.5800 0.8113
vn 0.1066 0.8285 0.5497
vn 0.1104 0.8285 -0.5490
vn 0.0789 0.5800 -0.8108
vn 0.0687 0.5014 -0.8625
vn 0.0471 0.3345 -0.9412
vn 0.0324 0.2215 -0.9746
vn 0.0283 0.1896 -0.9815
vn 0.0347 0.2188 0.9752
vn 0.0292 0.1874 0.9818
vn 0.0542 0.3308 0.9421
vn 0.0832 0.4962 0.8642
vn 0.0970 0.5742 0.8129
vn 0.1408 0.8215 0.5526
vn 0.1445 0.8217 -0.5512
vn 0.1025 0.5742 -0.8123
vn 0.0891 0.4962 -0.8636
vn 0.0607 0.3308 -0.9417
vn 0.0414 0.2189 -0.9749
vn 0.0360 0.1874 -0.9816
vn 0.0431 0.2157 0.9755
vn 0.0364 0.1848 0.9821
vn 0.0670 0.3264 0.9428
vn 0.1025 0.4900 0.8657
vn 0.1193 0.5672 0.8149
vn 0.1732 0.8136 0.5550
vn 0.1770 0.8136 -0.5538
vn 0.1249 0.5672 -0.8140
vn 0.1084 0.4897 -0.8651
vn 0.0735 0.3265 -0.9423
vn 0.0498 0.2157 -0.9752
vn 0.0432 0.1848 -0.9818
vn 0.0509 0.2123 0.9759
vn 0.0431 0.1818 0.9824
vn 0.0790 0.3214 0.9436
vn 0.1206 0.4829 0.8674
vn 0.1403 0.5593 0.8170
vn 0.2039 0.8045 0.5579
vn 0.2077 0.8045 -0.5565
vn 0.1459 0.5593 -0.8160
vn 0.1265 0.4829 -0.8665
vn 0.0855 0.3214 -0.9431
vn 0.0576 0.2123 -0.9755
vn 0.0499 0.1818 -0.9821
vn 0.0582 0.2086 0.9763
vn 0.0494 0.1785 0.9827
vn 0.0900 0.3158 0.9445
vn 0.1373 0.4752 0.8691
vn 0.1598 0.5507 0.8193
vn 0.2326 0.7944 0.5611
vn 0.2365 0.7944 -0.5595
vn 0.1654 0.5507 -0.8181
vn 0.1433 0.4752 -0.8681
vn 0.0965 0.3159 -0.9439
vn 0.0650 0.2087 -0.9758
vn 0.0561 0.1785 -0.9823
vn 0.0649 0.2046 0.9767
vn 0.0551 0.1751 0.9830
vn 0.1002 0.3102 0.9454
vn 0.1526 0.4667 0.8711
vn 0.1778 0.5416 0.8216
vn 0.2593 0.7837 0.5644
vn 0.2632 0.7837 -0.5626
vn 0.1834 0.5416 -0.8204
vn 0.1587 0.4671 -0.8698
vn 0.1067 0.3102 -0.9447
vn 0.0716 0.2046 -0.9762
vn 0.0618 0.1752 -0.9826
vn 0.0710 0.2008 0.9770
vn 0.0602 0.1717 0.9833
vn 0.1094 0.3043 0.9463
vn 0.1668 0.4589 0.8727
vn 0.1942 0.5324 0.8239
vn 0.2841 0.7727 0.5677
vn 0.2879 0.7727 -0.5657
vn 0.1999 0.5324 -0.8226
vn 0.1727 0.4585 -0.8718
vn 0.1159 0.3044 -0.9455
vn 0.0777 0.2008 -0.9765
vn 0.0669 0.1717 -0.9829
vn 0.0764 0.1968 0.9775
vn 0.0649 0.1683 0.9836
vn 0.1177 0.2985 0.9471
vn 0.1794 0.4502 0.8747
vn 0.2092 0.5231 0.8262
vn 0.3067 0.7616 0.5709
vn 0.3106 0.7616 -0.5688
vn 0.2148 0.5231 -0.8248
vn 0.1854 0.4502 -0.8734
vn 0.1242 0.2985 -0.9463
vn 0.0830 0.1968 -0.9769
vn 0.0716 0.1683 -0.9831
vn 0.0814 0.1931 0.9778
vn 0.0691 0.1649 0.9839
vn 0.1252 0.2929 0.9479
vn 0.1910 0.4421 0.8764
vn 0.2227 0.5139 0.8284
vn 0.3273 0.7505 0.5742
vn 0.3313 0.7505 -0.5719
vn 0.2284 0.5139 -0.8269
vn 0.1970 0.4422 -0.8750
vn 0.1318 0.2929 -0.9470
vn 0.0880 0.1929 -0.9773
vn 0.0758 0.1649 -0.9834
vn -0.0460 0.1073 0.9932
vn -0.0362 0.0827 0.9959
vn -0.0746 0.1795 0.9809
vn -0.1092 0.2669 0.9575
vn -0.1187 0.2908 0.9494
vn -0.2637 0.6584 0.7050
vn -0.2589 0.6584 -0.7068
vn -0.1121 0.2908 -0.9502
vn -0.1027 0.2669 -0.9582
vn -0.0679 0.1795 -0.9814
vn -0.0392 0.1073 -0.9935
vn -0.0294 0.0827 -0.9961
vn -0.1356 -0.1004 0.9857
vn -0.1113 -0.0819 0.9904
vn -0.2119 -0.1583 0.9644
vn -0.3168 -0.2380 0.9181
vn -0.3625 -0.2727 0.8912
vn -0.6098 -0.4610 0.6447
vn -0.6054 -0.4610 -0.6488
vn -0.3563 -0.2727 -0.8937
vn -0.3105 -0.2380 -0.9203
vn -0.2053 -0.1583 -0.9658
vn -0.1289 -0.1004 -0.9866
vn -0.1045 -0.0819 -0.9911
vn 0.1587 -0.0317 0.9868
vn 0.1552 -0.0547 0.9864
vn 0.1323 -0.0469 0.9901
vn 0.1352 -0.0271 0.9905
vn 0.2451 -0.0486 0.9683
vn 0.2396 -0.0840 0.9672
vn 0.3184 -0.0897 0.9437
vn 0.3741 -0.1304 0.9182
vn -0.1021 -0.9948 -0.0061
vn 0.4442 -0.1545 0.8825
vn -0.0011 -0.9819 0.1894
vn 0.7044 -0.2443 0.6665
vn 0.0002 -0.9819 -0.1894
vn 0.7089 -0.2443 -0.6616
vn -0.1022 -0.9948 0.0054
vn 0.4502 -0.1545 -0.8794
vn 0.3249 -0.0897 -0.9415
vn 0.3803 -0.1304 -0.9156
vn 0.2517 -0.0486 -0.9666
vn 0.2462 -0.0840 -0.9656
vn 0.1653 -0.0317 -0.9857
vn 0.1619 -0.0548 -0.9853
vn 0.1419 -0.0271 -0.9895
vn 0.1391 -0.0469 -0.9892
vn 0.1494 -0.0793 0.9856
vn 0.1275 -0.0679 0.9895
vn 0.2305 -0.1213 0.9655
vn 0.3592 -0.1880 0.9141
vn 0.4259 -0.2224 0.8770
vn 0.6691 -0.3484 0.6564
vn 0.6736 -0.3484 -0.6518
vn 0.4319 -0.2224 -0.8741
vn 0.3655 -0.1880 -0.9116
vn 0.2371 -0.1213 -0.9639
vn 0.1561 -0.0793 -0.9845
vn 0.1343 -0.0679 -0.9886
vn 0.1410 -0.1046 0.9845
vn 0.1203 -0.0896 0.9887
vn 0.2173 -0.1598 0.9629
vn 0.3375 -0.2467 0.9084
vn 0.3993 -0.2915 0.8693
vn 0.6195 -0.4503 0.6430
vn 0.6239 -0.4503 -0.6387
vn 0.4053 -0.2914 -0.8665
vn 0.3438 -0.2467 -0.9061
vn 0.2238 -0.1598 -0.9614
vn 0.1478 -0.1046 -0.9835
vn 0.1271 -0.0896 -0.9878
vn 0.1296 -0.1298 0.9830
vn 0.1106 -0.1113 0.9876
vn 0.1993 -0.1979 0.9597
vn 0.3085 -0.3043 0.9012
vn 0.3640 -0.3584 0.8597
vn 0.5565 -0.5456 0.6266
vn 0.5608 -0.5456 -0.6227
vn 0.3699 -0.3584 -0.8572
vn 0.3147 -0.3043 -0.8991
vn 0.2059 -0.1979 -0.9584
vn 0.1363 -0.1298 -0.9821
vn 0.1174 -0.1113 -0.9868
vn 0.1151 -0.1538 0.9814
vn 0.0982 -0.1320 0.9864
vn 0.1768 -0.2341 0.9560
vn 0.2725 -0.3582 0.8930
vn 0.3205 -0.4203 0.8489
vn 0.4823 -0.6297 0.6090
vn 0.4864 -0.6297 -0.6057
vn 0.3263 -0.4204 -0.8467
vn 0.2786 -0.3582 -0.8911
vn 0.1834 -0.2341 -0.9548
vn 0.1218 -0.1538 -0.9806
vn 0.1050 -0.1320 -0.9857
vn 0.0977 -0.1755 0.9796
vn 0.0834 -0.1507 0.9851
vn 0.1500 -0.2664 0.9521
vn 0.2304 -0.4055 0.8846
vn 0.2701 -0.4743 0.8379
vn 0.4006 -0.6995 0.5918
vn 0.4046 -0.6995 -0.5890
vn 0.2759 -0.4743 -0.8360
vn 0.2364 -0.4054 -0.8830
vn 0.1566 -0.2664 -0.9511
vn 0.1044 -0.1755 -0.9789
vn 0.0901 -0.1507 -0.9845
vn 0.0781 -0.1937 0.9779
vn 0.0666 -0.1664 0.9838
vn 0.1202 -0.2933 0.9484
vn 0.1840 -0.4443 0.8768
vn 0.2152 -0.5180 0.8278
vn 0.3152 -0.7538 0.5767
vn 0.3191 -0.7538 -0.5745
vn 0.2208 -0.5180 -0.8264
vn 0.1900 -0.4443 -0.8755
vn 0.1267 -0.2934 -0.9476
vn 0.0848 -0.1937 -0.9774
vn 0.0734 -0.1664 -0.9833
vn 0.0574 -0.2076 0.9765
vn 0.0488 -0.1784 0.9827
vn 0.0886 -0.3139 0.9453
vn 0.1355 -0.4735 0.8703
vn 0.1585 -0.5504 0.8197
vn 0.2300 -0.7926 0.5646
vn 0.2339 -0.7926 -0.5631
vn 0.1639 -0.5505 -0.8186
vn 0.1415 -0.4735 -0.8694
vn 0.0951 -0.3139 -0.9447
vn 0.0641 -0.2076 -0.9761
vn 0.0556 -0.1784 -0.9824
vn 0.0363 -0.2171 0.9755
vn 0.0308 -0.1865 0.9820
vn 0.0568 -0.3279 0.9430
vn 0.0873 -0.4932 0.8656
vn 0.1020 -0.5721 0.8138
vn 0.1477 -0.8179 0.5561
vn 0.1515 -0.8178 -0.5552
vn 0.1074 -0.5723 -0.8130
vn 0.0932 -0.4930 -0.8650
vn 0.0632 -0.3279 -0.9426
vn 0.0431 -0.2171 -0.9752
vn 0.0375 -0.1865 -0.9817
vn 0.0160 -0.2225 0.9748
vn 0.0133 -0.1910 0.9815
vn 0.0260 -0.3357 0.9416
vn 0.0409 -0.5041 0.8627
vn 0.0480 -0.5839 0.8104
vn 0.0704 -0.8315 0.5511
vn 0.0741 -0.8315 -0.5506
vn 0.0536 -0.5839 -0.8101
vn 0.0468 -0.5041 -0.8624
vn 0.0324 -0.3356 -0.9414
vn 0.0227 -0.2224 -0.9747
vn 0.0200 -0.1910 -0.9814
vn -0.0027 -0.2244 0.9745
vn -0.0028 -0.1925 0.9813
vn -0.0023 -0.3385 0.9410
vn -0.0015 -0.5073 0.8617
vn -0.0011 -0.5876 0.8092
vn 0.0004 -0.8364 0.5482
vn 0.0042 -0.8364 -0.5482
vn 0.0044 -0.5876 -0.8092
vn 0.0044 -0.5076 -0.8616
vn 0.0042 -0.3384 -0.9410
vn 0.0040 -0.2242 -0.9745
vn 0.0039 -0.1925 -0.9813
vn -0.0203 -0.2230 0.9746
vn -0.0179 -0.1914 0.9813
vn -0.0288 -0.3367 0.9412
vn -0.0413 -0.5047 0.8623
vn -0.0472 -0.5849 0.8098
vn -0.0651 -0.8328 0.5498
vn -0.0612 -0.8330 -0.5499
vn -0.0415 -0.5850 -0.8100
vn -0.0354 -0.5047 -0.8626
vn -0.0223 -0.3367 -0.9414
vn -0.0136 -0.2230 -0.9747
vn -0.0112 -0.1914 -0.9814
vn -0.0385 -0.2188 0.9750
vn -0.0336 -0.1879 0.9816
vn -0.0563 -0.3304 0.9422
vn -0.0827 -0.4963 0.8642
vn -0.0954 -0.5756 0.8121
vn -0.1341 -0.8221 0.5533
vn -0.1303 -0.8221 -0.5542
vn -0.0899 -0.5756 -0.8128
vn -0.0768 -0.4963 -0.8647
vn -0.0499 -0.3304 -0.9425
vn -0.0318 -0.2188 -0.9753
vn -0.0268 -0.1879 -0.9818
vn -0.0578 -0.2110 0.9758
vn -0.0502 -0.1813 0.9822
vn -0.0856 -0.3190 0.9439
vn -0.1271 -0.4806 0.8677
vn -0.1471 -0.5582 0.8166
vn -0.2089 -0.8017 0.5600
vn -0.2051 -0.8018 -0.5613
vn -0.1415 -0.5582 -0.8176
vn -0.1212 -0.4810 -0.8683
vn -0.0792 -0.3190 -0.9444
vn -0.0511 -0.2110 -0.9761
vn -0.0434 -0.1813 -0.9825
vn -0.0775 -0.1994 0.9768
vn -0.0670 -0.1712 0.9830
vn -0.1154 -0.3018 0.9464
vn -0.1726 -0.4562 0.8730
vn -0.2006 -0.5311 0.8232
vn -0.2881 -0.7698 0.5696
vn -0.2842 -0.7698 -0.5716
vn -0.1948 -0.5312 -0.8246
vn -0.1666 -0.4562 -0.8741
vn -0.1090 -0.3018 -0.9471
vn -0.0708 -0.1994 -0.9774
vn -0.0603 -0.1712 -0.9834
vn -0.0965 -0.1837 0.9782
vn -0.0833 -0.1578 0.9840
vn -0.1444 -0.2786 0.9495
vn -0.2174 -0.4231 0.8796
vn -0.2533 -0.4940 0.8317
vn -0.3691 -0.7244 0.5823
vn -0.3651 -0.7244 -0.5847
vn -0.2475 -0.4941 -0.8334
vn -0.2114 -0.4231 -0.8811
vn -0.1380 -0.2786 -0.9504
vn -0.0897 -0.1837 -0.9789
vn -0.0766 -0.1578 -0.9845
vn -0.1138 -0.1647 0.9798
vn -0.0982 -0.1414 0.9851
vn -0.1712 -0.2503 0.9529
vn -0.2592 -0.3820 0.8871
vn -0.3029 -0.4475 0.8414
vn -0.4482 -0.6653 0.5971
vn -0.4441 -0.6653 -0.6002
vn -0.2971 -0.4475 -0.8435
vn -0.2531 -0.3820 -0.8889
vn -0.1646 -0.2503 -0.9541
vn -0.1071 -0.1647 -0.9805
vn -0.0914 -0.1414 -0.9857
vn -0.1288 -0.1433 0.9813
vn -0.1109 -0.1229 0.9862
vn -0.1943 -0.2184 0.9563
vn -0.2960 -0.3347 0.8946
vn -0.3471 -0.3932 0.8514
vn -0.5215 -0.5936 0.6130
vn -0.5173 -0.5936 -0.6165
vn -0.3412 -0.3933 -0.8538
vn -0.2898 -0.3347 -0.8967
vn -0.1878 -0.2184 -0.9576
vn -0.1220 -0.1433 -0.9821
vn -0.1042 -0.1229 -0.9869
vn -0.1410 -0.1208 0.9826
vn -0.1213 -0.1035 0.9872
vn -0.2133 -0.1844 0.9594
vn -0.3263 -0.2838 0.9016
vn -0.3838 -0.3345 0.8607
vn -0.5856 -0.5123 0.6282
vn -0.5813 -0.5123 -0.6322
vn -0.3779 -0.3345 -0.8633
vn -0.3202 -0.2838 -0.9038
vn -0.2067 -0.1844 -0.9609
vn -0.1342 -0.1208 -0.9836
vn -0.1145 -0.1035 -0.9880
vn -0.1503 -0.0983 0.9837
vn -0.1292 -0.0842 0.9880
vn -0.2279 -0.1503 0.9620
vn -0.3502 -0.2322 0.9074
vn -0.4129 -0.2741 0.8685
vn -0.6382 -0.4255 0.6416
vn -0.6338 -0.4255 -0.6459
vn -0.4070 -0.2741 -0.8713
vn -0.3440 -0.2322 -0.9098
vn -0.2213 -0.1503 -0.9635
vn -0.1435 -0.0983 -0.9848
vn -0.1224 -0.0842 -0.9889
vn -0.1571 -0.0767 0.9846
vn -0.1350 -0.0656 0.9887
vn -0.2387 -0.1174 0.9640
vn -0.3678 -0.1819 0.9119
vn -0.4345 -0.2150 0.8747
vn -0.6786 -0.3374 0.6524
vn -0.6742 -0.3374 -0.6570
vn -0.4285 -0.2150 -0.8776
vn -0.3616 -0.1819 -0.9144
vn -0.2321 -0.1174 -0.9656
vn -0.1503 -0.0767 -0.9857
vn -0.1282 -0.0656 -0.9896
vn -0.1619 -0.0565 0.9852
vn -0.1389 -0.0483 0.9891
vn -0.1848 -0.0805 0.9795
vn 0.1583 -0.9730 0.1680
vn 0.1831 -0.9831 -0.0051
vn 0.0789 -0.9786 0.1903
vn 0.0801 -0.9786 -0.1897
vn 0.1831 -0.9831 0.0064
vn 0.1594 -0.9730 -0.1667
vn -0.1780 -0.0805 -0.9807
vn -0.1552 -0.0565 -0.9863
vn -0.1321 -0.0483 -0.9901
vn -0.0781 0.0841 0.9934
vn -0.0723 0.0775 0.9944
vn -0.0471 0.1896 0.9807
vn 0.4788 0.8480 0.2273
vn 0.5053 0.8629 -0.0065
vn 0.3897 0.8749 0.2876
vn 0.3916 0.8749 -0.2850
vn 0.5052 0.8629 0.0100
vn 0.4804 0.8480 -0.2240
vn -0.0404 0.1896 -0.9810
vn -0.0713 0.0841 -0.9939
vn -0.0654 0.0775 -0.9948
vn 0.0730 0.0968 0.9926
vn 0.0666 0.0888 0.9938
vn 0.1102 0.1440 0.9834
vn -0.1566 0.5686 0.8076
vn -0.5505 0.8348 -0.0099
vn -0.4339 0.8577 0.2757
vn -0.4320 0.8577 -0.2787
vn -0.5505 0.8348 0.0061
vn -0.1511 0.5686 -0.8087
vn 0.1169 0.1440 -0.9826
vn 0.0798 0.0968 -0.9921
vn 0.0734 0.0888 -0.9933
vn 0.0694 0.1656 0.9837
vn 0.0790 0.1957 0.9775
vn 0.0668 0.1668 0.9837
vn 0.0725 0.1620 0.9841
vn -0.6761 0.6224 -0.3943
vn 0.1219 0.2974 0.9469
vn -0.7462 0.6329 -0.2065
vn 0.1853 0.4474 0.8749
vn -0.7412 0.6713 0.0049
vn 0.2155 0.5188 0.8273
vn -0.8134 0.5284 -0.2432
vn 0.3171 0.7581 0.5698
vn -0.8149 0.5285 0.2379
vn 0.3210 0.7581 -0.5676
vn -0.7411 0.6714 -0.0096
vn 0.2211 0.5188 -0.8258
vn -0.7477 0.6329 0.2011
vn 0.1912 0.4474 -0.8736
vn -0.6790 0.6224 0.3894
vn 0.1283 0.2973 -0.9461
vn 0.0762 0.1656 -0.9832
vn 0.0856 0.1955 -0.9770
vn 0.0793 0.1620 -0.9836
vn 0.0736 0.1668 -0.9833
vn 0.0717 0.2011 0.9769
vn 0.0606 0.1714 0.9833
vn 0.1109 0.3055 0.9457
vn 0.1683 0.4587 0.8725
vn 0.1957 0.5314 0.8242
vn 0.2868 0.7733 0.5655
vn 0.2907 0.7733 -0.5635
vn 0.2013 0.5314 -0.8228
vn 0.1745 0.4589 -0.8712
vn 0.1173 0.3055 -0.9449
vn 0.0784 0.2011 -0.9764
vn 0.0674 0.1714 -0.9829
vn 0.0640 0.2062 0.9764
vn 0.0541 0.1757 0.9830
vn 0.0991 0.3129 0.9446
vn 0.1506 0.4694 0.8700
vn 0.1749 0.5431 0.8212
vn 0.2557 0.7875 0.5608
vn 0.2594 0.7874 -0.5592
vn 0.1805 0.5431 -0.8200
vn 0.1566 0.4694 -0.8690
vn 0.1055 0.3128 -0.9439
vn 0.0707 0.2062 -0.9760
vn 0.0609 0.1757 -0.9826
vn 0.0561 0.2108 0.9759
vn 0.0472 0.1797 0.9826
vn 0.0868 0.3199 0.9435
vn 0.1317 0.4789 0.8680
vn 0.1531 0.5537 0.8185
vn 0.2234 0.8000 0.5568
vn 0.2272 0.8000 -0.5552
vn 0.1587 0.5537 -0.8174
vn 0.1376 0.4789 -0.8670
vn 0.0933 0.3199 -0.9428
vn 0.0626 0.2107 -0.9755
vn 0.0540 0.1797 -0.9822
vn 0.0476 0.2148 0.9755
vn 0.0400 0.1832 0.9823
vn 0.0740 0.3258 0.9425
vn 0.1127 0.4873 0.8659
vn 0.1307 0.5630 0.8160
vn 0.1905 0.8109 0.5533
vn 0.1944 0.8109 -0.5519
vn 0.1363 0.5630 -0.8151
vn 0.1186 0.4873 -0.8651
vn 0.0805 0.3258 -0.9420
vn 0.0544 0.2149 -0.9751
vn 0.0468 0.1832 -0.9820
vn 0.0390 0.2183 0.9751
vn 0.0327 0.1862 0.9820
vn 0.0609 0.3309 0.9417
vn 0.0930 0.4944 0.8642
vn 0.1080 0.5710 0.8139
vn 0.1575 0.8200 0.5502
vn 0.1608 0.8200 -0.5494
vn 0.1135 0.5710 -0.8131
vn 0.0989 0.4944 -0.8636
vn 0.0674 0.3309 -0.9413
vn 0.0457 0.2183 -0.9748
vn 0.0395 0.1862 -0.9817
vn 0.0303 0.2211 0.9748
vn 0.0252 0.1886 0.9817
vn 0.0477 0.3349 0.9410
vn 0.0732 0.5001 0.8628
vn 0.0851 0.5773 0.8121
vn 0.1240 0.8273 0.5479
vn 0.1280 0.8272 -0.5471
vn 0.0906 0.5773 -0.8115
vn 0.0791 0.5001 -0.8623
vn 0.0542 0.3349 -0.9407
vn 0.0370 0.2211 -0.9746
vn 0.0320 0.1886 -0.9815
vn 0.0216 0.2232 0.9745
vn 0.0179 0.1905 0.9815
vn 0.0346 0.3382 0.9404
vn 0.0535 0.5045 0.8618
vn 0.0623 0.5822 0.8107
vn 0.0914 0.8326 0.5463
vn 0.0951 0.8326 -0.5456
vn 0.0678 0.5822 -0.8102
vn 0.0594 0.5045 -0.8614
vn 0.0410 0.3380 -0.9402
vn 0.0283 0.2232 -0.9744
vn 0.0247 0.1905 -0.9814
vn 0.0130 0.2247 0.9743
vn 0.0105 0.1917 0.9814
vn 0.0216 0.3405 0.9400
vn 0.0341 0.5078 0.8608
vn 0.0399 0.5855 0.8097
vn 0.0590 0.8367 0.5445
vn 0.0628 0.8366 -0.5442
vn 0.0455 0.5855 -0.8094
vn 0.0400 0.5078 -0.8606
vn 0.0280 0.3402 -0.9400
vn 0.0197 0.2247 -0.9742
vn 0.0172 0.1917 -0.9813
vn 0.0047 0.2255 0.9742
vn 0.0035 0.1925 0.9813
vn 0.0090 0.3414 0.9399
vn 0.0153 0.5092 0.8605
vn 0.0182 0.5874 0.8091
vn 0.0282 0.8384 0.5444
vn 0.0319 0.8384 -0.5442
vn 0.0238 0.5874 -0.8090
vn 0.0212 0.5092 -0.8604
vn 0.0154 0.3417 -0.9397
vn 0.0114 0.2255 -0.9742
vn 0.0102 0.1925 -0.9813
vn -0.0071 0.2261 0.9741
vn -0.0065 0.1925 0.9813
vn -0.0090 0.3424 0.9395
vn -0.0115 0.5102 0.8600
vn -0.0126 0.5875 0.8091
vn -0.0160 0.8397 0.5428
vn -0.0122 0.8397 -0.5429
vn -0.0071 0.5875 -0.8092
vn -0.0056 0.5102 -0.8600
vn -0.0025 0.3424 -0.9395
vn -0.0005 0.2261 -0.9741
vn 0.0002 0.1925 -0.9813
vn -0.0267 0.2239 0.9742
vn -0.0232 0.1903 0.9814
vn -0.0386 0.3399 0.9397
vn -0.0556 0.5057 0.8609
vn -0.0635 0.5820 0.8107
vn -0.0888 0.8348 0.5433
vn -0.0850 0.8349 -0.5438
vn -0.0579 0.5820 -0.8111
vn -0.0497 0.5057 -0.8613
vn -0.0321 0.3399 -0.9399
vn -0.0200 0.2240 -0.9744
vn -0.0164 0.1903 -0.9816
vn -0.0499 0.2171 0.9749
vn -0.0429 0.1844 0.9819
vn -0.0739 0.3297 0.9412
vn -0.1085 0.4914 0.8641
vn -0.1243 0.5664 0.8147
vn -0.1771 0.8171 0.5487
vn -0.1733 0.8171 -0.5498
vn -0.1189 0.5664 -0.8155
vn -0.1025 0.4915 -0.8648
vn -0.0675 0.3296 -0.9417
vn -0.0432 0.2171 -0.9752
vn -0.0362 0.1844 -0.9822
vn -0.0722 0.2055 0.9760
vn -0.0619 0.1746 0.9827
vn -0.1081 0.3127 0.9437
vn -0.1598 0.4678 0.8692
vn -0.1842 0.5401 0.8212
vn -0.2655 0.7863 0.5578
vn -0.2617 0.7863 -0.5596
vn -0.1786 0.5401 -0.8225
vn -0.1539 0.4678 -0.8703
vn -0.1017 0.3127 -0.9444
vn -0.0656 0.2056 -0.9764
vn -0.0551 0.1746 -0.9831
vn -0.0929 0.1900 0.9774
vn -0.0795 0.1613 0.9837
vn -0.1398 0.2895 0.9469
vn -0.2083 0.4351 0.8760
vn -0.2406 0.5038 0.8296
vn -0.3521 0.7421 0.5704
vn -0.3482 0.7421 -0.5728
vn -0.2349 0.5038 -0.8313
vn -0.2023 0.4351 -0.8774
vn -0.1334 0.2895 -0.9478
vn -0.0862 0.1900 -0.9780
vn -0.0727 0.1613 -0.9842
vn -0.1115 0.1711 0.9789
vn -0.0951 0.1451 0.9848
vn -0.1684 0.2611 0.9505
vn -0.2525 0.3943 0.8836
vn -0.2926 0.4579 0.8394
vn -0.4348 0.6843 0.5854
vn -0.4308 0.6843 -0.5884
vn -0.2869 0.4579 -0.8414
vn -0.2464 0.3943 -0.8853
vn -0.1619 0.2611 -0.9516
vn -0.1048 0.1711 -0.9797
vn -0.0884 0.1451 -0.9855
vn -0.1274 0.1492 0.9806
vn -0.1086 0.1266 0.9860
vn -0.1931 0.2284 0.9542
vn -0.2914 0.3468 0.8915
vn -0.3389 0.4041 0.8496
vn -0.5117 0.6131 0.6019
vn -0.5076 0.6131 -0.6054
vn -0.3330 0.4041 -0.8519
vn -0.2852 0.3468 -0.8935
vn -0.1866 0.2284 -0.9555
vn -0.1207 0.1493 -0.9814
vn -0.1018 0.1266 -0.9867
vn -0.1406 0.1256 0.9821
vn -0.1198 0.1066 0.9871
vn -0.2137 0.1926 0.9577
vn -0.3242 0.2940 0.8991
vn -0.3785 0.3437 0.8594
vn -0.5807 0.5295 0.6184
vn -0.5764 0.5295 -0.6224
vn -0.3726 0.3437 -0.8620
vn -0.3181 0.2940 -0.9013
vn -0.2072 0.1926 -0.9592
vn -0.1339 0.1256 -0.9830
vn -0.1130 0.1066 -0.9879
vn -0.1511 0.1008 0.9834
vn -0.1286 0.0855 0.9880
vn -0.2302 0.1549 0.9607
vn -0.3509 0.2375 0.9058
vn -0.4109 0.2784 0.8682
vn -0.6395 0.4351 0.6338
vn -0.6352 0.4351 -0.6381
vn -0.4049 0.2784 -0.8710
vn -0.3447 0.2375 -0.9082
vn -0.2236 0.1549 -0.9623
vn -0.1443 0.1008 -0.9844
vn -0.1219 0.0855 -0.9889
vn -0.1589 0.0754 0.9844
vn -0.1353 0.0640 0.9887
vn -0.2426 0.1161 0.9632
vn -0.3712 0.1786 0.9112
vn -0.4357 0.2099 0.8753
vn -0.6865 0.3320 0.6469
vn -0.6821 0.3320 -0.6516
vn -0.4297 0.2099 -0.8782
vn -0.3649 0.1786 -0.9137
vn -0.2360 0.1161 -0.9648
vn -0.1521 0.0754 -0.9855
vn -0.1285 0.0640 -0.9896
vn -0.1643 0.0499 0.9852
vn -0.1399 0.0424 0.9893
vn -0.2511 0.0769 0.9649
vn -0.3853 0.1187 0.9151
vn -0.4530 0.1395 0.8805
vn -0.7204 0.2229 0.6568
vn -0.7159 0.2229 -0.6617
vn -0.4470 0.1395 -0.8836
vn -0.3790 0.1187 -0.9178
vn -0.2444 0.0769 -0.9666
vn -0.1575 0.0499 -0.9863
vn -0.1331 0.0424 -0.9902
vn -0.1673 0.0247 0.9856
vn -0.1424 0.0210 0.9896
vn -0.2559 0.0381 0.9659
vn -0.3935 0.0588 0.9175
vn -0.4631 0.0692 0.8836
vn -0.7405 0.1112 0.6628
vn -0.7359 0.1112 -0.6679
vn -0.4571 0.0692 -0.8867
vn -0.3872 0.0588 -0.9201
vn -0.2493 0.0381 -0.9677
vn -0.1606 0.0247 -0.9867
vn -0.1356 0.0210 -0.9905
vn -0.1683 0.0003 0.9857
vn -0.1433 0.0003 0.9897
vn -0.2575 0.0005 0.9663
vn -0.3961 0.0007 0.9182
vn -0.4664 0.0008 0.8846
vn -0.7468 0.0014 0.6650
vn -0.7423 0.0013 -0.6701
vn -0.4603 0.0008 -0.8877
vn -0.3898 0.0007 -0.9209
vn -0.2508 0.0005 -0.9680
vn -0.1616 0.0003 -0.9869
vn -0.1365 0.0003 -0.9906
vn -0.1674 -0.0241 0.9856
vn -0.1425 -0.0205 0.9896
vn -0.2560 -0.0371 0.9660
vn -0.3936 -0.0573 0.9175
vn -0.4633 -0.0675 0.8836
vn -0.7408 -0.1085 0.6629
vn -0.7362 -0.1085 -0.6680
vn -0.4572 -0.0675 -0.8868
vn -0.3873 -0.0573 -0.9202
vn -0.2494 -0.0371 -0.9677
vn -0.1607 -0.0241 -0.9867
vn -0.1357 -0.0205 -0.9905
vn -0.1643 -0.0501 0.9851
vn -0.1398 -0.0425 0.9893
vn -0.2511 -0.0772 0.9649
vn -0.3853 -0.1190 0.9151
vn -0.4529 -0.1399 0.8805
vn -0.7203 -0.2236 0.6567
vn -0.7158 -0.2236 -0.6615
vn -0.4468 -0.1399 -0.8836
vn -0.3790 -0.1190 -0.9177
vn -0.2445 -0.0772 -0.9666
vn -0.1575 -0.0501 -0.9862
vn -0.1330 -0.0425 -0.9902
vn -0.1583 -0.0779 0.9843
vn -0.1347 -0.0660 0.9887
vn -0.2417 -0.1198 0.9629
vn -0.3696 -0.1841 0.9108
vn -0.4336 -0.2163 0.8748
vn -0.6828 -0.3420 0.6456
vn -0.6784 -0.3420 -0.6503
vn -0.4276 -0.2163 -0.8777
vn -0.3634 -0.1841 -0.9133
vn -0.2351 -0.1198 -0.9646
vn -0.1516 -0.0779 -0.9854
vn -0.1279 -0.0660 -0.9896
vn -0.1490 -0.1064 0.9831
vn -0.1268 -0.0901 0.9878
vn -0.2270 -0.1634 0.9601
vn -0.3457 -0.2501 0.9044
vn -0.4042 -0.2930 0.8665
vn -0.6278 -0.4568 0.6302
vn -0.6234 -0.4568 -0.6345
vn -0.3982 -0.2930 -0.8692
vn -0.3394 -0.2501 -0.9068
vn -0.2205 -0.1634 -0.9616
vn -0.1423 -0.1064 -0.9841
vn -0.1200 -0.0901 -0.9887
vn -0.1362 -0.1343 0.9815
vn -0.1160 -0.1138 0.9867
vn -0.2069 -0.2059 0.9564
vn -0.3132 -0.3135 0.8965
vn -0.3649 -0.3659 0.8561
vn -0.5571 -0.5611 0.6122
vn -0.5529 -0.5611 -0.6160
vn -0.3590 -0.3660 -0.8586
vn -0.3070 -0.3135 -0.8986
vn -0.2004 -0.2059 -0.9578
vn -0.1295 -0.1343 -0.9824
vn -0.1092 -0.1138 -0.9875
vn -0.1200 -0.1601 0.9798
vn -0.1023 -0.1357 0.9854
vn -0.1817 -0.2448 0.9524
vn -0.2732 -0.3706 0.8877
vn -0.3171 -0.4310 0.8448
vn -0.4754 -0.6494 0.5936
vn -0.4713 -0.6494 -0.5968
vn -0.3113 -0.4310 -0.8470
vn -0.2671 -0.3706 -0.8896
vn -0.1752 -0.2449 -0.9536
vn -0.1133 -0.1601 -0.9806
vn -0.0956 -0.1357 -0.9861
vn -0.1012 -0.1822 0.9780
vn -0.0864 -0.1546 0.9842
vn -0.1525 -0.2779 0.9484
vn -0.2279 -0.4185 0.8792
vn -0.2635 -0.4851 0.8338
vn -0.3882 -0.7190 0.5765
vn -0.3842 -0.7190 -0.5792
vn -0.2577 -0.4851 -0.8356
vn -0.2218 -0.4185 -0.8807
vn -0.1461 -0.2780 -0.9494
vn -0.0945 -0.1822 -0.9787
vn -0.0797 -0.1546 -0.9848
vn -0.0808 -0.1997 0.9765
vn -0.0692 -0.1696 0.9831
vn -0.1213 -0.3042 0.9448
vn -0.1798 -0.4557 0.8718
vn -0.2073 -0.5267 0.8244
vn -0.3007 -0.7701 0.5626
vn -0.2969 -0.7701 -0.5646
vn -0.2018 -0.5266 -0.8258
vn -0.1738 -0.4557 -0.8730
vn -0.1148 -0.3042 -0.9457
vn -0.0741 -0.1997 -0.9770
vn -0.0625 -0.1696 -0.9835
vn -0.0600 -0.2123 0.9754
vn -0.0516 -0.1805 0.9822
vn -0.0894 -0.3226 0.9423
vn -0.1317 -0.4821 0.8662
vn -0.1513 -0.5561 0.8172
vn -0.2168 -0.8048 0.5526
vn -0.2130 -0.8048 -0.5541
vn -0.1457 -0.5561 -0.8182
vn -0.1258 -0.4821 -0.8671
vn -0.0830 -0.3229 -0.9428
vn -0.0533 -0.2123 -0.9757
vn -0.0448 -0.1806 -0.9825
vn -0.0399 -0.2207 0.9745
vn -0.0344 -0.1876 0.9816
vn -0.0586 -0.3348 0.9405
vn -0.0856 -0.4986 0.8626
vn -0.0978 -0.5749 0.8124
vn -0.1386 -0.8260 0.5463
vn -0.1348 -0.8260 -0.5472
vn -0.0922 -0.5749 -0.8130
vn -0.0797 -0.4986 -0.8632
vn -0.0522 -0.3348 -0.9409
vn -0.0332 -0.2207 -0.9748
vn -0.0277 -0.1876 -0.9819
vn -0.0209 -0.2249 0.9741
vn -0.0182 -0.1914 0.9813
vn -0.0298 -0.3410 0.9396
vn -0.0425 -0.5077 0.8605
vn -0.0481 -0.5846 0.8099
vn -0.0672 -0.8369 0.5433
vn -0.0635 -0.8369 -0.5436
vn -0.0426 -0.5846 -0.8102
vn -0.0366 -0.5078 -0.8607
vn -0.0234 -0.3410 -0.9398
vn -0.0142 -0.2249 -0.9743
vn -0.0115 -0.1914 -0.9814
vn -0.0061 -0.2260 0.9741
vn -0.0057 -0.1926 0.9813
vn -0.0074 -0.3421 0.9396
vn -0.0092 -0.5098 0.8603
vn -0.0099 -0.5878 0.8089
vn -0.0121 -0.8392 0.5437
vn -0.0083 -0.8396 -0.5432
vn -0.0044 -0.5878 -0.8090
vn -0.0033 -0.5098 -0.8603
vn -0.0009 -0.3422 -0.9396
vn 0.0006 -0.2260 -0.9741
vn 0.0010 -0.1926 -0.9813
vn 0.0024 -0.2256 0.9742
vn 0.0015 -0.1926 0.9813
vn 0.0055 -0.3416 0.9398
vn 0.0101 -0.5096 0.8603
vn 0.0123 -0.5878 0.8089
vn 0.0196 -0.8385 0.5445
vn 0.0233 -0.8385 -0.5444
vn 0.0178 -0.5877 -0.8089
vn 0.0160 -0.5096 -0.8602
vn 0.0119 -0.3413 -0.9399
vn 0.0091 -0.2256 -0.9742
vn 0.0083 -0.1926 -0.9812
vn 0.0080 -0.2252 0.9743
vn 0.0062 -0.1923 0.9813
vn 0.0139 -0.3408 0.9400
vn 0.0226 -0.5085 0.8607
vn 0.0267 -0.5869 0.8092
vn 0.0403 -0.8375 0.5449
vn 0.0440 -0.8375 -0.5447
vn 0.0323 -0.5869 -0.8090
vn 0.0285 -0.5085 -0.8606
vn 0.0203 -0.3408 -0.9399
vn 0.0147 -0.2252 -0.9742
vn 0.0130 -0.1923 -0.9813
vn 0.0133 -0.2246 0.9744
vn 0.0108 -0.1917 0.9814
vn 0.0220 -0.3399 0.9402
vn 0.0347 -0.5073 0.8611
vn 0.0407 -0.5855 0.8097
vn 0.0603 -0.8359 0.5455
vn 0.0640 -0.8359 -0.5451
vn 0.0463 -0.5855 -0.8094
vn 0.0406 -0.5073 -0.8608
vn 0.0285 -0.3399 -0.9400
vn 0.0200 -0.2246 -0.9743
vn 0.0175 -0.1917 -0.9813
vn 0.0186 -0.2237 0.9745
vn 0.0153 -0.1910 0.9815
vn 0.0300 -0.3386 0.9404
vn 0.0467 -0.5056 0.8615
vn 0.0545 -0.5835 0.8103
vn 0.0800 -0.8338 0.5462
vn 0.0838 -0.8338 -0.5457
vn 0.0600 -0.5835 -0.8099
vn 0.0526 -0.5056 -0.8612
vn 0.0364 -0.3386 -0.9402
vn 0.0253 -0.2237 -0.9743
vn 0.0220 -0.1910 -0.9813
vn 0.0238 -0.2226 0.9746
vn 0.0199 -0.1901 0.9816
vn 0.0379 -0.3371 0.9407
vn 0.0585 -0.5034 0.8621
vn 0.0682 -0.5811 0.8110
vn 0.0997 -0.8311 0.5471
vn 0.1034 -0.8311 -0.5464
vn 0.0737 -0.5811 -0.8105
vn 0.0644 -0.5034 -0.8616
vn 0.0444 -0.3371 -0.9404
vn 0.0305 -0.2226 -0.9744
vn 0.0266 -0.1901 -0.9814
vn 0.0291 -0.2213 0.9748
vn 0.0242 -0.1890 0.9817
vn 0.0459 -0.3352 0.9410
vn 0.0705 -0.5007 0.8627
vn 0.0820 -0.5781 0.8118
vn 0.1197 -0.8277 0.5482
vn 0.1234 -0.8277 -0.5474
vn 0.0876 -0.5781 -0.8112
vn 0.0764 -0.5007 -0.8622
vn 0.0524 -0.3352 -0.9407
vn 0.0358 -0.2213 -0.9745
vn 0.0311 -0.1889 -0.9815
vn 0.0345 -0.2197 0.9750
vn 0.0290 -0.1875 0.9818
vn 0.0541 -0.3328 0.9414
vn 0.0828 -0.4974 0.8636
vn 0.0962 -0.5745 0.8128
vn 0.1403 -0.8237 0.5494
vn 0.1440 -0.8237 -0.5485
vn 0.1018 -0.5745 -0.8121
vn 0.0887 -0.4974 -0.8630
vn 0.0606 -0.3328 -0.9410
vn 0.0412 -0.2197 -0.9747
vn 0.0357 -0.1875 -0.9816
vn 0.0401 -0.2178 0.9752
vn 0.0338 -0.1859 0.9820
vn 0.0627 -0.3300 0.9419
vn 0.0956 -0.4934 0.8645
vn 0.1111 -0.5701 0.8140
vn 0.1619 -0.8187 0.5509
vn 0.1654 -0.8185 -0.5501
vn 0.1167 -0.5701 -0.8133
vn 0.1015 -0.4934 -0.8639
vn 0.0691 -0.3300 -0.9414
vn 0.0468 -0.2178 -0.9749
vn 0.0405 -0.1859 -0.9817
vn 0.0461 -0.2154 0.9754
vn 0.0388 -0.1838 0.9822
vn 0.0717 -0.3266 0.9424
vn 0.1092 -0.4885 0.8657
vn 0.1268 -0.5646 0.8155
vn 0.1846 -0.8123 0.5533
vn 0.1884 -0.8123 -0.5520
vn 0.1324 -0.5646 -0.8147
vn 0.1151 -0.4885 -0.8649
vn 0.0782 -0.3266 -0.9419
vn 0.0528 -0.2154 -0.9751
vn 0.0455 -0.1838 -0.9819
vn 0.0525 -0.2125 0.9758
vn 0.0443 -0.1813 0.9824
vn 0.0814 -0.3224 0.9431
vn 0.1236 -0.4824 0.8672
vn 0.1438 -0.5579 0.8174
vn 0.2095 -0.8045 0.5557
vn 0.2133 -0.8046 -0.5542
vn 0.1494 -0.5579 -0.8164
vn 0.1298 -0.4825 -0.8662
vn 0.0879 -0.3224 -0.9425
vn 0.0591 -0.2125 -0.9754
vn 0.0510 -0.1813 -0.9821
vn 0.0594 -0.2089 0.9761
vn 0.0501 -0.1781 0.9827
vn 0.0920 -0.3171 0.9439
vn 0.1398 -0.4750 0.8688
vn 0.1623 -0.5495 0.8196
vn 0.2369 -0.7948 0.5588
vn 0.2407 -0.7948 -0.5571
vn 0.1679 -0.5495 -0.8185
vn 0.1456 -0.4749 -0.8679
vn 0.0985 -0.3169 -0.9433
vn 0.0661 -0.2089 -0.9757
vn 0.0569 -0.1781 -0.9824
vn 0.1183 -0.1097 0.9869
vn 0.0953 -0.0889 0.9915
vn 0.1897 -0.1740 0.9663
vn 0.2860 -0.2607 0.9221
vn 0.3266 -0.2971 0.8973
vn 0.5642 -0.5105 0.6489
vn 0.5686 -0.5105 -0.6450
vn 0.3327 -0.2971 -0.8950
vn 0.2923 -0.2607 -0.9201
vn 0.1963 -0.1740 -0.9650
vn 0.1251 -0.1097 -0.9861
vn 0.1021 -0.0889 -0.9908
vn -0.0919 0.1228 0.9882
vn -0.0736 0.0975 0.9925
vn -0.1462 0.1984 0.9692
vn -0.2158 0.2951 0.9308
vn -0.2416 0.3311 0.9121
vn -0.4423 0.6108 0.6567
vn -0.4377 0.6108 -0.6597
vn -0.2354 0.3311 -0.9138
vn -0.2094 0.2951 -0.9322
vn -0.1395 0.1984 -0.9701
vn -0.0851 0.1228 -0.9888
vn -0.0668 0.0975 -0.9930
vn -0.4495 -0.2852 0.8465
vn -0.0341 0.0808 0.9961
vn -0.7114 -0.5533 0.4334
vn -0.7815 -0.5604 0.2743
vn -0.8063 -0.5914 -0.0133
vn -0.8055 -0.4344 0.4031
vn -0.8027 -0.4344 -0.4086
vn -0.8063 -0.5914 0.0078
vn -0.7796 -0.5604 -0.2797
vn -0.7084 -0.5533 -0.4382
vn -0.4437 -0.2852 -0.8496
vn -0.0273 0.0808 -0.9964
vn -0.0379 0.1869 0.9817
vn -0.0422 0.2189 0.9748
vn -0.0367 0.1872 0.9816
vn -0.0402 0.1860 0.9817
vn 0.8479 0.3147 0.4266
vn -0.0621 0.3312 0.9415
vn 0.8972 0.3817 0.2222
vn -0.0911 0.4961 0.8635
vn 0.9349 0.3549 -0.0041
vn -0.1047 0.5737 0.8123
vn 0.8311 0.4990 0.2454
vn -0.1478 0.8215 0.5507
vn 0.8328 0.4989 -0.2397
vn -0.1440 0.8216 -0.5516
vn 0.9349 0.3548 0.0104
vn -0.0991 0.5737 -0.8130
vn 0.8987 0.3817 -0.2160
vn -0.0851 0.4961 -0.8641
vn 0.8509 0.3151 -0.4204
vn -0.0556 0.3312 -0.9419
vn -0.0311 0.1869 -0.9819
vn -0.0356 0.2189 -0.9751
vn -0.0335 0.1859 -0.9820
vn -0.0300 0.1872 -0.9819
vn -0.0385 0.2202 0.9747
vn -0.0335 0.1882 0.9816
vn -0.0563 0.3329 0.9413
vn -0.0825 0.4985 0.8629
vn -0.0948 0.5764 0.8117
vn -0.1335 0.8250 0.5491
vn -0.1297 0.8250 -0.5500
vn -0.0892 0.5764 -0.8123
vn -0.0766 0.4985 -0.8635
vn -0.0499 0.3329 -0.9416
vn -0.0318 0.2201 -0.9749
vn -0.0268 0.1882 -0.9818
vn -0.0350 0.2211 0.9746
vn -0.0305 0.1891 0.9815
vn -0.0511 0.3346 0.9410
vn -0.0746 0.5006 0.8625
vn -0.0856 0.5787 0.8111
vn -0.1202 0.8275 0.5484
vn -0.1165 0.8275 -0.5492
vn -0.0800 0.5786 -0.8116
vn -0.0687 0.5006 -0.8630
vn -0.0447 0.3346 -0.9413
vn -0.0283 0.2211 -0.9748
vn -0.0238 0.1891 -0.9817
vn -0.0317 0.2220 0.9745
vn -0.0277 0.1898 0.9814
vn -0.0461 0.3359 0.9408
vn -0.0670 0.5023 0.8621
vn -0.0769 0.5806 0.8106
vn -0.1077 0.8297 0.5477
vn -0.1040 0.8293 -0.5490
vn -0.0713 0.5805 -0.8111
vn -0.0611 0.5023 -0.8626
vn -0.0396 0.3359 -0.9411
vn -0.0250 0.2220 -0.9747
vn -0.0209 0.1898 -0.9816
vn -0.0284 0.2227 0.9745
vn -0.0249 0.1905 0.9814
vn -0.0411 0.3367 0.9407
vn -0.0596 0.5037 0.8618
vn -0.0683 0.5822 0.8102
vn -0.0953 0.8315 0.5472
vn -0.0917 0.8312 -0.5484
vn -0.0627 0.5822 -0.8106
vn -0.0537 0.5037 -0.8622
vn -0.0347 0.3369 -0.9409
vn -0.0217 0.2227 -0.9746
vn -0.0181 0.1905 -0.9815
vn -0.0251 0.2234 0.9744
vn -0.0220 0.1910 0.9813
vn -0.0361 0.3379 0.9405
vn -0.0521 0.5051 0.8615
vn -0.0596 0.5837 0.8098
vn -0.0829 0.8331 0.5468
vn -0.0791 0.8331 -0.5474
vn -0.0540 0.5837 -0.8102
vn -0.0462 0.5051 -0.8618
vn -0.0297 0.3379 -0.9407
vn -0.0184 0.2234 -0.9746
vn -0.0153 0.1910 -0.9815
vn -0.0216 0.2240 0.9744
vn -0.0189 0.1916 0.9813
vn -0.0308 0.3387 0.9404
vn -0.0442 0.5060 0.8614
vn -0.0505 0.5850 0.8095
vn -0.0699 0.8345 0.5466
vn -0.0662 0.8345 -0.5470
vn -0.0450 0.5850 -0.8098
vn -0.0383 0.5063 -0.8615
vn -0.0244 0.3385 -0.9407
vn -0.0149 0.2240 -0.9745
vn -0.0123 0.1916 -0.9814
vn -0.0179 0.2244 0.9743
vn -0.0158 0.1920 0.9813
vn -0.0252 0.3394 0.9403
vn -0.0357 0.5069 0.8613
vn -0.0407 0.5861 0.8092
vn -0.0559 0.8357 0.5463
vn -0.0521 0.8357 -0.5466
vn -0.0351 0.5861 -0.8095
vn -0.0298 0.5073 -0.8613
vn -0.0187 0.3394 -0.9405
vn -0.0112 0.2244 -0.9744
vn -0.0091 0.1920 -0.9814
vn -0.0137 0.2249 0.9743
vn -0.0122 0.1924 0.9812
vn -0.0189 0.3400 0.9403
vn -0.0263 0.5081 0.8609
vn -0.0298 0.5871 0.8090
vn -0.0403 0.8368 0.5460
vn -0.0366 0.8368 -0.5463
vn -0.0242 0.5871 -0.8092
vn -0.0204 0.5081 -0.8611
vn -0.0124 0.3400 -0.9404
vn -0.0070 0.2247 -0.9744
vn -0.0055 0.1924 -0.9813
vn -0.0089 0.2251 0.9743
vn -0.0081 0.1926 0.9812
vn -0.0116 0.3404 0.9402
vn -0.0155 0.5087 0.8608
vn -0.0173 0.5878 0.8089
vn -0.0225 0.8375 0.5460
vn -0.0187 0.8375 -0.5461
vn -0.0117 0.5878 -0.8090
vn -0.0096 0.5087 -0.8609
vn -0.0052 0.3404 -0.9403
vn -0.0022 0.2251 -0.9743
vn -0.0014 0.1926 -0.9813
vn 0.0004 0.2247 0.9744
vn -0.0002 0.1925 0.9813
vn 0.0023 0.3391 0.9408
vn 0.0054 0.5077 0.8615
vn 0.0069 0.5877 0.8091
vn 0.0119 0.8367 0.5475
vn 0.0156 0.8367 -0.5474
vn 0.0125 0.5877 -0.8090
vn 0.0113 0.5077 -0.8615
vn 0.0088 0.3392 -0.9407
vn 0.0070 0.2247 -0.9744
vn 0.0066 0.1925 -0.9813
vn 0.0176 0.2220 0.9749
vn 0.0146 0.1907 0.9815
vn 0.0284 0.3351 0.9418
vn 0.0444 0.5029 0.8632
vn 0.0523 0.5832 0.8107
vn 0.0764 0.8305 0.5518
vn 0.0802 0.8305 -0.5512
vn 0.0578 0.5832 -0.8103
vn 0.0504 0.5030 -0.8628
vn 0.0348 0.3351 -0.9416
vn 0.0243 0.2220 -0.9747
vn 0.0214 0.1907 -0.9814
vn 0.0388 0.2162 0.9756
vn 0.0328 0.1858 0.9820
vn 0.0604 0.3265 0.9433
vn 0.0927 0.4910 0.8662
vn 0.1083 0.5703 0.8143
vn 0.1571 0.8155 0.5571
vn 0.1608 0.8156 -0.5558
vn 0.1141 0.5701 -0.8136
vn 0.0987 0.4910 -0.8655
vn 0.0668 0.3265 -0.9428
vn 0.0455 0.2162 -0.9753
vn 0.0396 0.1858 -0.9818
vn 0.0598 0.2064 0.9766
vn 0.0508 0.1773 0.9828
vn 0.0922 0.3120 0.9456
vn 0.1410 0.4707 0.8709
vn 0.1649 0.5474 0.8205
vn 0.2394 0.7891 0.5657
vn 0.2433 0.7891 -0.5640
vn 0.1705 0.5474 -0.8193
vn 0.1471 0.4709 -0.8699
vn 0.0987 0.3120 -0.9449
vn 0.0665 0.2063 -0.9762
vn 0.0576 0.1773 -0.9825
vn 0.0799 0.1925 0.9780
vn 0.1228 0.2915 0.9487
vn 0.1879 0.4416 0.8773
vn 0.2198 0.5150 0.8285
vn 0.3223 0.7501 0.5775
vn 0.3263 0.7501 -0.5753
vn 0.2255 0.5150 -0.8270
vn 0.1939 0.4416 -0.8760
vn 0.1293 0.2915 -0.9478
vn 0.0866 0.1924 -0.9775
vn 0.0984 0.1748 0.9797
vn 0.0840 0.1501 0.9851
vn 0.1513 0.2654 0.9522
vn 0.2321 0.4040 0.8848
vn 0.2721 0.4725 0.8383
vn 0.4039 0.6974 0.5920
vn 0.4079 0.6974 -0.5893
vn 0.2779 0.4725 -0.8364
vn 0.2382 0.4040 -0.8832
vn 0.1578 0.2654 -0.9511
vn 0.1052 0.1749 -0.9790
vn 0.0907 0.1501 -0.9845
vn 0.1149 0.1540 0.9814
vn 0.0981 0.1322 0.9864
vn 0.1768 0.2344 0.9559
vn 0.2723 0.3585 0.8929
vn 0.3202 0.4207 0.8488
vn 0.4820 0.6303 0.6086
vn 0.4862 0.6303 -0.6053
vn 0.3260 0.4207 -0.8466
vn 0.2785 0.3586 -0.8910
vn 0.1833 0.2344 -0.9547
vn 0.1217 0.1540 -0.9805
vn 0.1049 0.1322 -0.9857
vn 0.1291 0.1307 0.9830
vn 0.1102 0.1121 0.9876
vn 0.1987 0.1993 0.9596
vn 0.3075 0.3064 0.9009
vn 0.3627 0.3607 0.8593
vn 0.5541 0.5489 0.6258
vn 0.5584 0.5489 -0.6220
vn 0.3685 0.3607 -0.8568
vn 0.3136 0.3064 -0.8988
vn 0.2053 0.1993 -0.9582
vn 0.1359 0.1307 -0.9821
vn 0.1170 0.1121 -0.9868
vn 0.1406 0.1055 0.9844
vn 0.1200 0.0904 0.9886
vn 0.2166 0.1612 0.9629
vn 0.3366 0.2489 0.9081
vn 0.3981 0.2939 0.8690
vn 0.6174 0.4541 0.6424
vn 0.6217 0.4541 -0.6381
vn 0.4040 0.2939 -0.8662
vn 0.3427 0.2489 -0.9059
vn 0.2232 0.1612 -0.9613
vn 0.1474 0.1055 -0.9834
vn 0.1268 0.0904 -0.9878
vn 0.1493 0.0792 0.9856
vn 0.1274 0.0678 0.9895
vn 0.2304 0.1212 0.9655
vn 0.3591 0.1879 0.9142
vn 0.4258 0.2224 0.8770
vn 0.6689 0.3481 0.6568
vn 0.6733 0.3481 -0.6522
vn 0.4318 0.2224 -0.8741
vn 0.3653 0.1879 -0.9117
vn 0.2370 0.1212 -0.9639
vn 0.1561 0.0792 -0.9846
vn 0.1342 0.0678 -0.9886
vn 0.1553 0.0525 0.9865
vn 0.1326 0.0450 0.9901
vn 0.2400 0.0804 0.9674
vn 0.3749 0.1250 0.9186
vn 0.4454 0.1480 0.8830
vn 0.7066 0.2343 0.6677
vn 0.7111 0.2343 -0.6629
vn 0.4515 0.1480 -0.8799
vn 0.3812 0.1250 -0.9160
vn 0.2466 0.0804 -0.9658
vn 0.1621 0.0525 -0.9854
vn 0.1394 0.0450 -0.9892
vn 0.1590 0.0259 0.9869
vn 0.1355 0.0222 0.9905
vn 0.2456 0.0398 0.9686
vn 0.3842 0.0619 0.9212
vn 0.4568 0.0734 0.8865
vn 0.7291 0.1169 0.6744
vn 0.7337 0.1169 -0.6694
vn 0.4628 0.0736 -0.8834
vn 0.3905 0.0619 -0.9185
vn 0.2522 0.0398 -0.9669
vn 0.1657 0.0259 -0.9858
vn 0.1423 0.0222 -0.9896
vn 0.1601 0.0013 0.9871
vn 0.1365 0.0011 0.9906
vn 0.2476 0.0020 0.9689
vn 0.3874 0.0032 0.9219
vn 0.4606 0.0038 0.8876
vn 0.7368 0.0061 0.6760
vn 0.7415 0.0060 -0.6710
vn 0.4666 0.0038 -0.8844
vn 0.3937 0.0032 -0.9192
vn 0.2542 0.0021 -0.9671
vn 0.1670 0.0013 -0.9860
vn 0.1433 0.0011 -0.9897
vn 0.1596 -0.0208 0.9870
vn 0.1359 -0.0178 0.9906
vn 0.2466 -0.0320 0.9686
vn 0.3856 -0.0497 0.9213
vn 0.4583 -0.0590 0.8868
vn 0.7324 -0.0940 0.6744
vn 0.7370 -0.0940 -0.6693
vn 0.4643 -0.0590 -0.8837
vn 0.3919 -0.0497 -0.9187
vn 0.2532 -0.0320 -0.9669
vn 0.1664 -0.0208 -0.9858
vn 0.1427 -0.0178 -0.9896
vn 0.1572 -0.0429 0.9866
vn 0.1339 -0.0368 0.9903
vn 0.2428 -0.0659 0.9678
vn 0.3793 -0.1024 0.9196
vn 0.4506 -0.1213 0.8845
vn 0.7170 -0.1926 0.6700
vn 0.7215 -0.1926 -0.6650
vn 0.4566 -0.1213 -0.8814
vn 0.3856 -0.1024 -0.9170
vn 0.2494 -0.0659 -0.9662
vn 0.1640 -0.0429 -0.9855
vn 0.1407 -0.0368 -0.9894
vn 0.1527 -0.0665 0.9860
vn 0.1302 -0.0569 0.9898
vn 0.2358 -0.1018 0.9665
vn 0.3678 -0.1580 0.9164
vn 0.4363 -0.1871 0.8801
vn 0.6891 -0.2945 0.6621
vn 0.6937 -0.2945 -0.6573
vn 0.4423 -0.1871 -0.8771
vn 0.3740 -0.1580 -0.9139
vn 0.2424 -0.1018 -0.9648
vn 0.1596 -0.0664 -0.9849
vn 0.1370 -0.0569 -0.9889
vn 0.1459 -0.0910 0.9851
vn 0.1245 -0.0780 0.9892
vn 0.2249 -0.1392 0.9644
vn 0.3500 -0.2154 0.9116
vn 0.4146 -0.2546 0.8737
vn 0.6478 -0.3965 0.6505
vn 0.6522 -0.3964 -0.6461
vn 0.4206 -0.2546 -0.8708
vn 0.3562 -0.2154 -0.9092
vn 0.2316 -0.1392 -0.9628
vn 0.1528 -0.0909 -0.9841
vn 0.1312 -0.0780 -0.9883
vn 0.1362 -0.1161 0.9839
vn 0.1162 -0.0995 0.9882
vn 0.2097 -0.1772 0.9616
vn 0.3253 -0.2732 0.9053
vn 0.3843 -0.3222 0.8652
vn 0.5925 -0.4947 0.6358
vn 0.5969 -0.4947 -0.6317
vn 0.3903 -0.3222 -0.8625
vn 0.3315 -0.2732 -0.9030
vn 0.2163 -0.1772 -0.9601
vn 0.1430 -0.1161 -0.9829
vn 0.1230 -0.0995 -0.9874
vn 0.1233 -0.1409 0.9823
vn 0.1053 -0.1209 0.9871
vn 0.1897 -0.2146 0.9581
vn 0.2930 -0.3293 0.8976
vn 0.3453 -0.3871 0.8549
vn 0.5242 -0.5852 0.6187
vn 0.5284 -0.5852 -0.6151
vn 0.3511 -0.3872 -0.8525
vn 0.2992 -0.3293 -0.8956
vn 0.1963 -0.2146 -0.9568
vn 0.1301 -0.1409 -0.9814
vn 0.1121 -0.1208 -0.9863
vn 0.1073 -0.1643 0.9806
vn 0.0915 -0.1410 0.9858
vn 0.1647 -0.2497 0.9542
vn 0.2534 -0.3811 0.8891
vn 0.2977 -0.4467 0.8437
vn 0.4448 -0.6641 0.6010
vn 0.4489 -0.6641 -0.5978
vn 0.3035 -0.4467 -0.8417
vn 0.2595 -0.3811 -0.8874
vn 0.1713 -0.2497 -0.9531
vn 0.1140 -0.1643 -0.9798
vn 0.0983 -0.1410 -0.9851
vn 0.0880 -0.1851 0.9788
vn 0.0751 -0.1590 0.9844
vn 0.1352 -0.2805 0.9503
vn 0.2072 -0.4261 0.8806
vn 0.2428 -0.4976 0.8327
vn 0.3576 -0.7286 0.5842
vn 0.3616 -0.7286 -0.5817
vn 0.2485 -0.4976 -0.8310
vn 0.2133 -0.4261 -0.8792
vn 0.1417 -0.2805 -0.9493
vn 0.0947 -0.1851 -0.9781
vn 0.0819 -0.1590 -0.9839
vn 0.0663 -0.2020 0.9771
vn 0.0565 -0.1736 0.9832
vn 0.1021 -0.3056 0.9467
vn 0.1563 -0.4618 0.8731
vn 0.1826 -0.5379 0.8230
vn 0.2662 -0.7774 0.5699
vn 0.2701 -0.7774 -0.5681
vn 0.1883 -0.5379 -0.8217
vn 0.1623 -0.4618 -0.8720
vn 0.1086 -0.3055 -0.9460
vn 0.0730 -0.2020 -0.9767
vn 0.0632 -0.1736 -0.9828
vn 0.0432 -0.2142 0.9758
vn 0.0366 -0.1842 0.9822
vn 0.0670 -0.3235 0.9438
vn 0.1028 -0.4872 0.8672
vn 0.1201 -0.5660 0.8156
vn 0.1740 -0.8106 0.5592
vn 0.1779 -0.8106 -0.5580
vn 0.1259 -0.5659 -0.8148
vn 0.1088 -0.4872 -0.8665
vn 0.0735 -0.3235 -0.9434
vn 0.0499 -0.2142 -0.9755
vn 0.0433 -0.1842 -0.9819
vn 0.0197 -0.2214 0.9750
vn 0.0164 -0.1903 0.9816
vn 0.0315 -0.3341 0.9420
vn 0.0491 -0.5018 0.8636
vn 0.0578 -0.5821 0.8111
vn 0.0842 -0.8290 0.5529
vn 0.0880 -0.8290 -0.5523
vn 0.0633 -0.5821 -0.8107
vn 0.0551 -0.5017 -0.8633
vn 0.0379 -0.3341 -0.9418
vn 0.0264 -0.2214 -0.9748
vn 0.0232 -0.1903 -0.9814
vn -0.0000 -0.2243 0.9745
vn -0.0004 -0.1925 0.9813
vn 0.0018 -0.3387 0.9409
vn 0.0047 -0.5074 0.8617
vn 0.0061 -0.5876 0.8092
vn 0.0106 -0.8360 0.5486
vn 0.0144 -0.8360 -0.5485
vn 0.0116 -0.5876 -0.8091
vn 0.0106 -0.5074 -0.8616
vn 0.0083 -0.3387 -0.9409
vn 0.0067 -0.2243 -0.9745
vn 0.0063 -0.1925 -0.9813
vn -0.0130 -0.2246 0.9744
vn -0.0117 -0.1923 0.9813
vn -0.0178 -0.3391 0.9406
vn -0.0247 -0.5072 0.8615
vn -0.0279 -0.5871 0.8090
vn -0.0376 -0.8363 0.5470
vn -0.0339 -0.8363 -0.5473
vn -0.0224 -0.5871 -0.8092
vn -0.0188 -0.5072 -0.8616
vn -0.0113 -0.3394 -0.9406
vn -0.0063 -0.2246 -0.9744
vn -0.0049 -0.1923 -0.9813
vn -0.0236 -0.2232 0.9745
vn -0.0207 -0.1912 0.9813
vn -0.0338 -0.3370 0.9409
vn -0.0487 -0.5050 0.8618
vn -0.0557 -0.5841 0.8098
vn -0.0774 -0.8323 0.5489
vn -0.0736 -0.8323 -0.5494
vn -0.0502 -0.5841 -0.8102
vn -0.0428 -0.5050 -0.8621
vn -0.0273 -0.3369 -0.9411
vn -0.0169 -0.2230 -0.9747
vn -0.0141 -0.1911 -0.9815
vn -0.0351 -0.2206 0.9747
vn -0.0306 -0.1890 0.9815
vn -0.0511 -0.3331 0.9415
vn -0.0747 -0.4995 0.8631
vn -0.0859 -0.5784 0.8112
vn -0.1205 -0.8262 0.5504
vn -0.1167 -0.8262 -0.5512
vn -0.0804 -0.5784 -0.8118
vn -0.0688 -0.4993 -0.8637
vn -0.0446 -0.3332 -0.9418
vn -0.0283 -0.2205 -0.9750
vn -0.0238 -0.1890 -0.9817
vn -0.0468 -0.2165 0.9752
vn -0.0407 -0.1857 0.9818
vn -0.0690 -0.3275 0.9423
vn -0.1018 -0.4919 0.8647
vn -0.1173 -0.5697 0.8135
vn -0.1659 -0.8160 0.5537
vn -0.1621 -0.8160 -0.5549
vn -0.1118 -0.5697 -0.8142
vn -0.0959 -0.4919 -0.8654
vn -0.0626 -0.3274 -0.9428
vn -0.0403 -0.2167 -0.9754
vn -0.0340 -0.1857 -0.9820
vn -0.0587 -0.2116 0.9756
vn -0.0507 -0.1813 0.9821
vn -0.0869 -0.3200 0.9434
vn -0.1287 -0.4810 0.8672
vn -0.1487 -0.5580 0.8164
vn -0.2117 -0.8023 0.5581
vn -0.2079 -0.8023 -0.5595
vn -0.1431 -0.5580 -0.8174
vn -0.1228 -0.4810 -0.8681
vn -0.0804 -0.3200 -0.9440
vn -0.0520 -0.2116 -0.9760
vn -0.0440 -0.1813 -0.9824
vn -0.0699 -0.2056 0.9761
vn -0.0603 -0.1760 0.9825
vn -0.1038 -0.3111 0.9447
vn -0.1545 -0.4686 0.8698
vn -0.1788 -0.5439 0.8199
vn -0.2560 -0.7860 0.5628
vn -0.2522 -0.7860 -0.5645
vn -0.1731 -0.5439 -0.8211
vn -0.1485 -0.4684 -0.8709
vn -0.0973 -0.3111 -0.9454
vn -0.0632 -0.2056 -0.9766
vn -0.0535 -0.1760 -0.9829
vn -0.0799 -0.1988 0.9768
vn -0.0689 -0.1702 0.9830
vn -0.1193 -0.3013 0.9460
vn -0.1780 -0.4546 0.8727
vn -0.2064 -0.5283 0.8236
vn -0.2975 -0.7673 0.5682
vn -0.2936 -0.7673 -0.5701
vn -0.2007 -0.5283 -0.8250
vn -0.1720 -0.4546 -0.8739
vn -0.1128 -0.3013 -0.9468
vn -0.0733 -0.1989 -0.9773
vn -0.0622 -0.1702 -0.9834
vn -0.0889 -0.1920 0.9773
vn -0.0765 -0.1643 0.9834
vn -0.1329 -0.2912 0.9474
vn -0.1989 -0.4400 0.8757
vn -0.2309 -0.5120 0.8274
vn -0.3349 -0.7478 0.5733
vn -0.3309 -0.7478 -0.5756
vn -0.2252 -0.5120 -0.8289
vn -0.1929 -0.4400 -0.8770
vn -0.1264 -0.2912 -0.9483
vn -0.0822 -0.1920 -0.9779
vn -0.0698 -0.1643 -0.9839
vn -0.0964 -0.1853 0.9779
vn -0.0830 -0.1585 0.9839
vn -0.1446 -0.2814 0.9486
vn -0.2169 -0.4261 0.8783
vn -0.2520 -0.4960 0.8310
vn -0.3677 -0.7282 0.5783
vn -0.3637 -0.7282 -0.5808
vn -0.2463 -0.4960 -0.8327
vn -0.2108 -0.4259 -0.8799
vn -0.1380 -0.2814 -0.9496
vn -0.0898 -0.1854 -0.9785
vn -0.0763 -0.1585 -0.9844
vn -0.1027 -0.1792 0.9784
vn -0.0884 -0.1532 0.9842
vn -0.1543 -0.2723 0.9497
vn -0.2319 -0.4128 0.8808
vn -0.2697 -0.4810 0.8342
vn -0.3956 -0.7096 0.5831
vn -0.3916 -0.7096 -0.5858
vn -0.2640 -0.4810 -0.8360
vn -0.2259 -0.4128 -0.8824
vn -0.1478 -0.2723 -0.9508
vn -0.0959 -0.1791 -0.9791
vn -0.0816 -0.1532 -0.9848
vn -0.1079 -0.1737 0.9789
vn -0.0927 -0.1484 0.9846
vn -0.1622 -0.2642 0.9507
vn -0.2443 -0.4009 0.8829
vn -0.2843 -0.4675 0.8370
vn -0.4189 -0.6926 0.5872
vn -0.4148 -0.6926 -0.5901
vn -0.2785 -0.4675 -0.8390
vn -0.2382 -0.4008 -0.8846
vn -0.1557 -0.2641 -0.9518
vn -0.1011 -0.1736 -0.9796
vn -0.0860 -0.1484 -0.9852
vn -0.1347 -0.0832 0.9874
vn -0.1194 -0.0735 0.9901
vn -0.2017 -0.1258 0.9713
vn -0.3202 -0.2009 0.9258
vn -0.3890 -0.2446 0.8882
vn -0.6045 -0.3817 0.6992
vn -0.5997 -0.3817 -0.7033
vn -0.3829 -0.2446 -0.8908
vn -0.3138 -0.2009 -0.9280
vn -0.1951 -0.1258 -0.9727
vn -0.1279 -0.0832 -0.9883
vn -0.1126 -0.0735 -0.9909
vn -0.1233 0.0378 0.9916
vn -0.0931 0.0935 0.9913
vn -0.4314 -0.8222 0.3713
vn -0.4834 -0.8513 0.2040
vn -0.4747 -0.8801 -0.0087
vn -0.5605 -0.7879 0.2550
vn -0.5587 -0.7879 -0.2588
vn -0.4748 -0.8801 0.0054
vn -0.4820 -0.8513 -0.2073
vn -0.4288 -0.8222 -0.3743
vn -0.1165 0.0378 -0.9925
vn -0.0863 0.0935 -0.9919
vn 0.4423 0.6109 -0.6567
vn -0.0918 0.1228 0.9882
vn -0.2158 -0.2951 0.9308
vn -0.4423 -0.6108 0.6567
vn -0.4377 -0.6108 -0.6597
vn 0.0189 -0.2243 0.9743
vn 0.0403 -0.2181 0.9751
vn 0.0338 -0.1854 0.9821
vn 0.0154 -0.1906 0.9816
vn 0.0304 -0.3401 0.9399
vn 0.0631 -0.3312 0.9414
vn 0.0471 -0.5061 0.8612
vn 0.0959 -0.4939 0.8642
vn 0.0549 -0.5825 0.8109
vn 0.1113 -0.5690 0.8147
vn 0.0807 -0.8354 0.5438
vn 0.1623 -0.8198 0.5492
vn 0.0845 -0.8354 -0.5432
vn 0.1661 -0.8198 -0.5481
vn 0.0605 -0.5825 -0.8105
vn 0.1169 -0.5690 -0.8140
vn 0.0530 -0.5062 -0.8608
vn 0.1019 -0.4938 -0.8636
vn 0.0369 -0.3401 -0.9397
vn 0.0696 -0.3312 -0.9410
vn 0.0255 -0.2242 -0.9742
vn 0.0470 -0.2180 -0.9748
vn 0.0222 -0.1906 -0.9814
vn 0.0405 -0.1855 -0.9818
vn 0.0606 -0.2084 0.9762
vn 0.0510 -0.1772 0.9829
vn 0.0941 -0.3169 0.9438
vn 0.1427 -0.4739 0.8689
vn 0.1655 -0.5471 0.8206
vn 0.2420 -0.7941 0.5575
vn 0.2459 -0.7941 -0.5558
vn 0.1711 -0.5471 -0.8194
vn 0.1486 -0.4740 -0.8679
vn 0.1006 -0.3169 -0.9431
vn 0.0674 -0.2085 -0.9757
vn 0.0578 -0.1772 -0.9825
vn 0.0795 -0.1956 0.9775
vn 0.0671 -0.1662 0.9838
vn 0.1231 -0.2978 0.9467
vn 0.1866 -0.4469 0.8749
vn 0.2168 -0.5170 0.8281
vn 0.3197 -0.7581 0.5684
vn 0.3236 -0.7581 -0.5662
vn 0.2222 -0.5172 -0.8265
vn 0.1926 -0.4469 -0.8736
vn 0.1297 -0.2980 -0.9457
vn 0.0862 -0.1956 -0.9769
vn 0.0738 -0.1662 -0.9833
vn 0.0969 -0.1798 0.9789
vn 0.0818 -0.1526 0.9849
vn 0.1497 -0.2740 0.9500
vn 0.2276 -0.4131 0.8818
vn 0.2647 -0.4793 0.8368
vn 0.3950 -0.7111 0.5816
vn 0.3990 -0.7111 -0.5789
vn 0.2706 -0.4792 -0.8349
vn 0.2337 -0.4131 -0.8802
vn 0.1563 -0.2740 -0.9489
vn 0.1036 -0.1798 -0.9782
vn 0.0886 -0.1526 -0.9843
vn 0.1126 -0.1612 0.9805
vn 0.0951 -0.1367 0.9860
vn 0.1739 -0.2460 0.9535
vn 0.2654 -0.3727 0.8892
vn 0.3095 -0.4336 0.8463
vn 0.4677 -0.6522 0.5965
vn 0.4718 -0.6522 -0.5933
vn 0.3153 -0.4336 -0.8441
vn 0.2714 -0.3727 -0.8874
vn 0.1805 -0.2460 -0.9523
vn 0.1193 -0.1611 -0.9797
vn 0.1018 -0.1367 -0.9854
vn 0.1264 -0.1397 0.9821
vn 0.1067 -0.1185 0.9872
vn 0.1955 -0.2140 0.9571
vn 0.2995 -0.3257 0.8968
vn 0.3502 -0.3801 0.8561
vn 0.5370 -0.5801 0.6124
vn 0.5412 -0.5801 -0.6088
vn 0.3561 -0.3801 -0.8537
vn 0.3056 -0.3257 -0.8947
vn 0.2021 -0.2140 -0.9557
vn 0.1331 -0.1397 -0.9812
vn 0.1135 -0.1185 -0.9864
vn 0.1384 -0.1159 0.9836
vn 0.1168 -0.0983 0.9883
vn 0.2142 -0.1779 0.9605
vn 0.3294 -0.2719 0.9042
vn 0.3863 -0.3183 0.8657
vn 0.6011 -0.4933 0.6287
vn 0.6054 -0.4933 -0.6246
vn 0.3922 -0.3183 -0.8631
vn 0.3356 -0.2719 -0.9019
vn 0.2208 -0.1779 -0.9590
vn 0.1451 -0.1159 -0.9826
vn 0.1236 -0.0983 -0.9875
vn 0.1481 -0.0897 0.9849
vn 0.1250 -0.0760 0.9892
vn 0.2297 -0.1379 0.9634
vn 0.3544 -0.2117 0.9108
vn 0.4167 -0.2484 0.8745
vn 0.6575 -0.3906 0.6443
vn 0.6619 -0.3906 -0.6397
vn 0.4226 -0.2484 -0.8716
vn 0.3607 -0.2117 -0.9083
vn 0.2363 -0.1379 -0.9618
vn 0.1549 -0.0897 -0.9839
vn 0.1318 -0.0760 -0.9884
vn 0.1555 -0.0613 0.9859
vn 0.1312 -0.0520 0.9900
vn 0.2412 -0.0944 0.9659
vn 0.3736 -0.1454 0.9161
vn 0.4400 -0.1710 0.8815
vn 0.7027 -0.2722 0.6574
vn 0.7072 -0.2722 -0.6525
vn 0.4461 -0.1710 -0.8785
vn 0.3798 -0.1454 -0.9136
vn 0.2479 -0.0944 -0.9642
vn 0.1622 -0.0613 -0.9849
vn 0.1380 -0.0520 -0.9891
vn 0.1601 -0.0312 0.9866
vn 0.1351 -0.0264 0.9905
vn 0.2486 -0.0480 0.9674
vn 0.3856 -0.0741 0.9197
vn 0.4549 -0.0874 0.8862
vn 0.7325 -0.1401 0.6662
vn 0.7370 -0.1401 -0.6612
vn 0.4610 -0.0873 -0.8831
vn 0.3919 -0.0741 -0.9170
vn 0.2553 -0.0480 -0.9657
vn 0.1668 -0.0312 -0.9855
vn 0.1418 -0.0264 -0.9895
vn 0.1617 -0.0000 0.9868
vn 0.1364 -0.0000 0.9907
vn 0.2511 -0.0000 0.9680
vn 0.3898 -0.0000 0.9209
vn 0.4600 -0.0000 0.8879
vn 0.7429 -0.0000 0.6694
vn 0.7474 -0.0000 -0.6643
vn 0.4661 -0.0000 -0.8848
vn 0.3961 -0.0000 -0.9182
vn 0.2578 -0.0000 -0.9662
vn 0.1684 -0.0000 -0.9857
vn 0.1432 -0.0000 -0.9897
vn 0.1601 0.0312 0.9866
vn 0.1351 0.0264 0.9905
vn 0.2486 0.0480 0.9674
vn 0.3856 0.0741 0.9197
vn 0.4549 0.0874 0.8862
vn 0.7325 0.1401 0.6662
vn 0.7370 0.1401 -0.6612
vn 0.4610 0.0873 -0.8831
vn 0.3919 0.0741 -0.9170
vn 0.2553 0.0480 -0.9657
vn 0.1668 0.0312 -0.9855
vn 0.1418 0.0264 -0.9895
vn 0.1555 0.0613 0.9859
vn 0.1312 0.0520 0.9900
vn 0.2412 0.0944 0.9659
vn 0.3736 0.1454 0.9161
vn 0.4400 0.1711 0.8815
vn 0.7027 0.2722 0.6574
vn 0.7072 0.2722 -0.6525
vn 0.4461 0.1710 -0.8785
vn 0.3798 0.1454 -0.9136
vn 0.2479 0.0944 -0.9642
vn 0.1622 0.0613 -0.9848
vn 0.1380 0.0520 -0.9891
vn 0.1481 0.0897 0.9849
vn 0.1250 0.0760 0.9892
vn 0.2297 0.1379 0.9634
vn 0.3544 0.2117 0.9108
vn 0.4167 0.2484 0.8745
vn 0.6575 0.3906 0.6443
vn 0.6619 0.3906 -0.6397
vn 0.4226 0.2485 -0.8716
vn 0.3607 0.2117 -0.9083
vn 0.2363 0.1379 -0.9618
vn 0.1549 0.0897 -0.9839
vn 0.1318 0.0760 -0.9884
vn 0.1384 0.1159 0.9836
vn 0.1168 0.0983 0.9883
vn 0.2142 0.1779 0.9605
vn 0.3294 0.2719 0.9042
vn 0.3863 0.3183 0.8657
vn 0.6011 0.4933 0.6287
vn 0.6054 0.4933 -0.6246
vn 0.3922 0.3183 -0.8631
vn 0.3356 0.2719 -0.9019
vn 0.2208 0.1779 -0.9590
vn 0.1451 0.1159 -0.9826
vn 0.1236 0.0983 -0.9875
vn 0.1264 0.1397 0.9821
vn 0.1067 0.1185 0.9872
vn 0.1955 0.2140 0.9571
vn 0.2995 0.3256 0.8968
vn 0.3503 0.3800 0.8561
vn 0.5370 0.5801 0.6124
vn 0.5412 0.5801 -0.6088
vn 0.3561 0.3800 -0.8537
vn 0.3056 0.3256 -0.8947
vn 0.2021 0.2140 -0.9557
vn 0.1331 0.1397 -0.9812
vn 0.1135 0.1185 -0.9864
vn 0.1126 0.1610 0.9805
vn 0.0951 0.1367 0.9860
vn 0.1739 0.2460 0.9535
vn 0.2654 0.3727 0.8892
vn 0.3095 0.4336 0.8463
vn 0.4677 0.6522 0.5965
vn 0.4718 0.6522 -0.5933
vn 0.3153 0.4336 -0.8441
vn 0.2715 0.3727 -0.8873
vn 0.1805 0.2460 -0.9523
vn 0.1193 0.1610 -0.9797
vn 0.1018 0.1367 -0.9854
vn 0.0970 0.1796 0.9789
vn 0.0818 0.1526 0.9849
vn 0.1497 0.2740 0.9500
vn 0.2276 0.4131 0.8818
vn 0.2648 0.4792 0.8368
vn 0.3951 0.7111 0.5816
vn 0.3990 0.7111 -0.5789
vn 0.2706 0.4792 -0.8349
vn 0.2336 0.4131 -0.8802
vn 0.1562 0.2740 -0.9489
vn 0.1036 0.1798 -0.9782
vn 0.0886 0.1526 -0.9843
vn 0.0795 0.1956 0.9775
vn 0.0671 0.1662 0.9838
vn 0.1232 0.2979 0.9466
vn 0.1865 0.4469 0.8749
vn 0.2166 0.5171 0.8280
vn 0.3197 0.7581 0.5684
vn 0.3236 0.7581 -0.5662
vn 0.2222 0.5172 -0.8265
vn 0.1926 0.4469 -0.8736
vn 0.1296 0.2978 -0.9458
vn 0.0864 0.1956 -0.9769
vn 0.0738 0.1662 -0.9833
vn 0.0607 0.2085 0.9761
vn 0.0510 0.1772 0.9829
vn 0.0941 0.3170 0.9437
vn 0.1427 0.4739 0.8689
vn 0.1655 0.5471 0.8206
vn 0.2421 0.7941 0.5575
vn 0.2459 0.7941 -0.5558
vn 0.1709 0.5473 -0.8193
vn 0.1486 0.4739 -0.8679
vn 0.1006 0.3169 -0.9431
vn 0.0673 0.2084 -0.9757
vn 0.0578 0.1772 -0.9825
vn 0.0403 0.2180 0.9751
vn 0.0338 0.1855 0.9821
vn 0.0631 0.3312 0.9415
vn 0.0959 0.4939 0.8642
vn 0.1113 0.5691 0.8147
vn 0.1624 0.8198 0.5492
vn 0.1661 0.8198 -0.5481
vn 0.1169 0.5691 -0.8139
vn 0.1019 0.4938 -0.8636
vn 0.0696 0.3312 -0.9410
vn 0.0470 0.2181 -0.9748
vn 0.0405 0.1854 -0.9818
vn 0.0188 0.2242 0.9744
vn 0.0154 0.1906 0.9816
vn 0.0304 0.3401 0.9399
vn 0.0472 0.5057 0.8614
vn 0.0549 0.5825 0.8109
vn 0.0808 0.8353 0.5438
vn 0.0845 0.8354 -0.5432
vn 0.0605 0.5825 -0.8105
vn 0.0530 0.5061 -0.8608
vn 0.0369 0.3401 -0.9397
vn 0.0255 0.2242 -0.9742
vn 0.0222 0.1906 -0.9814
vn -0.0033 0.2262 0.9741
vn -0.0034 0.1923 0.9813
vn -0.0032 0.3431 0.9393
vn -0.0029 0.5103 0.8600
vn -0.0028 0.5871 0.8095
vn -0.0019 0.8406 0.5417
vn 0.0019 0.8406 -0.5417
vn 0.0028 0.5871 -0.8095
vn 0.0029 0.5103 -0.8600
vn 0.0032 0.3431 -0.9393
vn 0.0033 0.2263 -0.9740
vn 0.0034 0.1923 -0.9813
vn -0.0255 0.2242 0.9742
vn -0.0222 0.1906 0.9814
vn -0.0369 0.3401 0.9397
vn -0.0530 0.5061 0.8608
vn -0.0605 0.5826 0.8105
vn -0.0844 0.8355 0.5430
vn -0.0808 0.8353 -0.5438
vn -0.0549 0.5826 -0.8109
vn -0.0471 0.5061 -0.8612
vn -0.0304 0.3401 -0.9399
vn -0.0188 0.2242 -0.9744
vn -0.0154 0.1906 -0.9816
vn -0.0470 0.2181 0.9748
vn -0.0405 0.1854 0.9818
vn -0.0696 0.3312 0.9410
vn -0.1019 0.4938 0.8636
vn -0.1169 0.5691 0.8139
vn -0.1661 0.8198 0.5481
vn -0.1623 0.8198 -0.5492
vn -0.1113 0.5691 -0.8147
vn -0.0959 0.4938 -0.8643
vn -0.0631 0.3313 -0.9414
vn -0.0403 0.2180 -0.9751
vn -0.0338 0.1855 -0.9821
vn -0.0673 0.2084 0.9757
vn -0.0578 0.1772 0.9825
vn -0.1006 0.3169 0.9431
vn -0.1486 0.4739 0.8679
vn -0.1711 0.5471 0.8194
vn -0.2459 0.7941 0.5558
vn -0.2421 0.7941 -0.5575
vn -0.1655 0.5471 -0.8205
vn -0.1427 0.4739 -0.8689
vn -0.0941 0.3169 -0.9438
vn -0.0606 0.2084 -0.9762
vn -0.0510 0.1772 -0.9829
vn -0.0862 0.1956 0.9769
vn -0.0738 0.1662 0.9833
vn -0.1296 0.2978 0.9458
vn -0.1926 0.4469 0.8736
vn -0.2222 0.5172 0.8265
vn -0.3236 0.7581 0.5662
vn -0.3197 0.7581 -0.5684
vn -0.2166 0.5171 -0.8280
vn -0.1866 0.4469 -0.8749
vn -0.1231 0.2978 -0.9467
vn -0.0795 0.1956 -0.9775
vn -0.0671 0.1662 -0.9838
vn -0.1036 0.1798 0.9782
vn -0.0886 0.1526 0.9843
vn -0.1562 0.2740 0.9490
vn -0.2337 0.4131 0.8802
vn -0.2705 0.4793 0.8349
vn -0.3990 0.7111 0.5789
vn -0.3950 0.7111 -0.5816
vn -0.2648 0.4793 -0.8368
vn -0.2276 0.4131 -0.8818
vn -0.1498 0.2740 -0.9500
vn -0.0970 0.1796 -0.9789
vn -0.0818 0.1526 -0.9849
vn -0.1193 0.1612 0.9797
vn -0.1018 0.1367 0.9854
vn -0.1805 0.2460 0.9523
vn -0.2715 0.3727 0.8874
vn -0.3153 0.4336 0.8441
vn -0.4718 0.6522 0.5933
vn -0.4678 0.6522 -0.5965
vn -0.3095 0.4336 -0.8463
vn -0.2654 0.3727 -0.8892
vn -0.1739 0.2460 -0.9535
vn -0.1126 0.1612 -0.9805
vn -0.0951 0.1367 -0.9860
vn -0.1331 0.1397 0.9812
vn -0.1135 0.1185 0.9864
vn -0.2021 0.2140 0.9557
vn -0.3056 0.3256 0.8947
vn -0.3561 0.3800 0.8537
vn -0.5412 0.5801 0.6087
vn -0.5370 0.5801 -0.6124
vn -0.3502 0.3800 -0.8561
vn -0.2995 0.3257 -0.8968
vn -0.1955 0.2140 -0.9571
vn -0.1264 0.1397 -0.9821
vn -0.1067 0.1185 -0.9872
vn -0.1451 0.1159 0.9826
vn -0.1236 0.0983 0.9875
vn -0.2208 0.1779 0.9590
vn -0.3356 0.2719 0.9019
vn -0.3922 0.3182 0.8631
vn -0.6053 0.4933 0.6247
vn -0.6011 0.4933 -0.6288
vn -0.3863 0.3182 -0.8657
vn -0.3294 0.2719 -0.9042
vn -0.2142 0.1779 -0.9605
vn -0.1384 0.1159 -0.9836
vn -0.1168 0.0983 -0.9883
vn -0.1549 0.0897 0.9838
vn -0.1318 0.0760 0.9884
vn -0.2362 0.1379 0.9619
vn -0.3607 0.2117 0.9083
vn -0.4226 0.2484 0.8716
vn -0.6619 0.3906 0.6398
vn -0.6575 0.3906 -0.6443
vn -0.4167 0.2484 -0.8745
vn -0.3545 0.2117 -0.9108
vn -0.2296 0.1379 -0.9634
vn -0.1481 0.0898 -0.9849
vn -0.1250 0.0760 -0.9892
vn -0.1622 0.0613 0.9848
vn -0.1380 0.0520 0.9891
vn -0.2479 0.0944 0.9642
vn -0.3798 0.1454 0.9136
vn -0.4461 0.1710 0.8785
vn -0.7072 0.2722 0.6525
vn -0.7027 0.2722 -0.6574
vn -0.4400 0.1711 -0.8815
vn -0.3736 0.1454 -0.9161
vn -0.2413 0.0944 -0.9659
vn -0.1555 0.0613 -0.9859
vn -0.1312 0.0520 -0.9900
vn -0.1668 0.0312 0.9855
vn -0.1419 0.0264 0.9895
vn -0.2553 0.0480 0.9657
vn -0.3919 0.0741 0.9170
vn -0.4610 0.0874 0.8831
vn -0.7371 0.1401 0.6612
vn -0.7325 0.1401 -0.6662
vn -0.4550 0.0875 -0.8862
vn -0.3856 0.0741 -0.9197
vn -0.2486 0.0480 -0.9674
vn -0.1601 0.0312 -0.9866
vn -0.1351 0.0264 -0.9905
vn -0.1685 -0.0000 0.9857
vn -0.1432 -0.0000 0.9897
vn -0.2578 -0.0000 0.9662
vn -0.3961 -0.0000 0.9182
vn -0.4661 -0.0000 0.8848
vn -0.7474 -0.0000 0.6643
vn -0.7429 -0.0000 -0.6694
vn -0.4600 -0.0000 -0.8879
vn -0.3898 -0.0000 -0.9209
vn -0.2511 -0.0000 -0.9679
vn -0.1617 -0.0000 -0.9868
vn -0.1364 -0.0000 -0.9907
vn -0.1668 -0.0312 0.9855
vn -0.1419 -0.0264 0.9895
vn -0.2553 -0.0480 0.9657
vn -0.3919 -0.0741 0.9170
vn -0.4610 -0.0874 0.8831
vn -0.7370 -0.1401 0.6612
vn -0.7325 -0.1401 -0.6662
vn -0.4549 -0.0874 -0.8862
vn -0.3856 -0.0741 -0.9197
vn -0.2486 -0.0480 -0.9674
vn -0.1601 -0.0312 -0.9866
vn -0.1351 -0.0264 -0.9905
vn -0.1622 -0.0613 0.9848
vn -0.1380 -0.0520 0.9891
vn -0.2479 -0.0944 0.9642
vn -0.3798 -0.1454 0.9136
vn -0.4461 -0.1710 0.8785
vn -0.7072 -0.2722 0.6525
vn -0.7027 -0.2722 -0.6574
vn -0.4400 -0.1710 -0.8815
vn -0.3736 -0.1454 -0.9161
vn -0.2413 -0.0944 -0.9659
vn -0.1555 -0.0613 -0.9859
vn -0.1312 -0.0520 -0.9900
vn -0.1549 -0.0897 0.9839
vn -0.1318 -0.0760 0.9884
vn -0.2362 -0.1379 0.9619
vn -0.3607 -0.2117 0.9083
vn -0.4227 -0.2484 0.8716
vn -0.6619 -0.3906 0.6397
vn -0.6575 -0.3906 -0.6443
vn -0.4167 -0.2484 -0.8745
vn -0.3545 -0.2117 -0.9108
vn -0.2296 -0.1379 -0.9634
vn -0.1481 -0.0897 -0.9849
vn -0.1250 -0.0760 -0.9892
vn -0.1451 -0.1160 0.9826
vn -0.1236 -0.0983 0.9875
vn -0.2208 -0.1779 0.9590
vn -0.3356 -0.2719 0.9019
vn -0.3922 -0.3183 0.8631
vn -0.6054 -0.4933 0.6246
vn -0.6011 -0.4933 -0.6287
vn -0.3862 -0.3184 -0.8657
vn -0.3294 -0.2719 -0.9042
vn -0.2142 -0.1779 -0.9605
vn -0.1384 -0.1159 -0.9836
vn -0.1168 -0.0983 -0.9883
vn -0.1331 -0.1397 0.9812
vn -0.1135 -0.1185 0.9864
vn -0.2021 -0.2140 0.9557
vn -0.3056 -0.3257 0.8947
vn -0.3560 -0.3801 0.8537
vn -0.5411 -0.5801 0.6088
vn -0.5370 -0.5801 -0.6125
vn -0.3502 -0.3801 -0.8561
vn -0.2995 -0.3257 -0.8968
vn -0.1955 -0.2140 -0.9571
vn -0.1264 -0.1397 -0.9821
vn -0.1067 -0.1185 -0.9872
vn -0.1193 -0.1610 0.9797
vn -0.1018 -0.1367 0.9854
vn -0.1805 -0.2460 0.9523
vn -0.2714 -0.3727 0.8874
vn -0.3153 -0.4337 0.8441
vn -0.4718 -0.6522 0.5933
vn -0.4677 -0.6522 -0.5965
vn -0.3095 -0.4337 -0.8462
vn -0.2654 -0.3727 -0.8892
vn -0.1739 -0.2460 -0.9535
vn -0.1126 -0.1612 -0.9805
vn -0.0951 -0.1367 -0.9860
vn -0.1036 -0.1798 0.9782
vn -0.0886 -0.1526 0.9843
vn -0.1562 -0.2740 0.9489
vn -0.2337 -0.4131 0.8802
vn -0.2705 -0.4793 0.8349
vn -0.3990 -0.7111 0.5789
vn -0.3950 -0.7111 -0.5816
vn -0.2649 -0.4792 -0.8368
vn -0.2276 -0.4131 -0.8818
vn -0.1497 -0.2740 -0.9500
vn -0.0969 -0.1798 -0.9789
vn -0.0818 -0.1526 -0.9849
vn -0.0862 -0.1956 0.9769
vn -0.0738 -0.1662 0.9833
vn -0.1296 -0.2978 0.9458
vn -0.1926 -0.4469 0.8736
vn -0.2222 -0.5172 0.8265
vn -0.3236 -0.7581 0.5661
vn -0.3197 -0.7581 -0.5684
vn -0.2166 -0.5172 -0.8280
vn -0.1866 -0.4469 -0.8749
vn -0.1232 -0.2979 -0.9466
vn -0.0797 -0.1956 -0.9774
vn -0.0671 -0.1662 -0.9838
vn -0.0673 -0.2084 0.9757
vn -0.0578 -0.1772 0.9825
vn -0.1006 -0.3169 0.9431
vn -0.1487 -0.4739 0.8679
vn -0.1709 -0.5473 0.8193
vn -0.2459 -0.7941 0.5559
vn -0.2421 -0.7941 -0.5575
vn -0.1653 -0.5472 -0.8205
vn -0.1427 -0.4739 -0.8689
vn -0.0941 -0.3169 -0.9438
vn -0.0606 -0.2084 -0.9762
vn -0.0510 -0.1772 -0.9829
vn -0.0470 -0.2180 0.9748
vn -0.0405 -0.1855 0.9818
vn -0.0696 -0.3312 0.9410
vn -0.1019 -0.4938 0.8636
vn -0.1169 -0.5691 0.8139
vn -0.1660 -0.8198 0.5480
vn -0.1623 -0.8198 -0.5492
vn -0.1111 -0.5692 -0.8147
vn -0.0959 -0.4938 -0.8643
vn -0.0631 -0.3312 -0.9415
vn -0.0404 -0.2182 -0.9751
vn -0.0338 -0.1854 -0.9821
vn -0.0255 -0.2242 0.9742
vn -0.0223 -0.1906 0.9814
vn -0.0369 -0.3401 0.9397
vn -0.0530 -0.5061 0.8608
vn -0.0605 -0.5825 0.8105
vn -0.0845 -0.8353 0.5432
vn -0.0807 -0.8354 -0.5437
vn -0.0549 -0.5825 -0.8109
vn -0.0472 -0.5057 -0.8614
vn -0.0304 -0.3401 -0.9399
vn -0.0189 -0.2242 -0.9744
vn -0.0155 -0.1906 -0.9816
vn -0.0033 -0.2263 0.9740
vn -0.0034 -0.1923 0.9813
vn -0.0032 -0.3431 0.9393
vn -0.0029 -0.5103 0.8600
vn -0.0028 -0.5871 0.8095
vn -0.0019 -0.8405 0.5418
vn 0.0019 -0.8405 -0.5418
vn 0.0028 -0.5871 -0.8095
vn 0.0029 -0.5103 -0.8600
vn 0.0032 -0.3431 -0.9393
vn 0.0033 -0.2263 -0.9740
vn 0.0034 -0.1923 -0.9813
vn -0.5421 -0.8124 0.2146
vn 0.7343 -0.6352 0.2393
vn 0.7852 -0.6192 0.0025
vn -0.5845 -0.8114 -0.0021
vn -0.5251 -0.7562 0.3905
vn 0.7061 -0.5752 0.4130
vn -0.5846 -0.7800 0.2234
vn 0.7814 -0.5813 0.2268
vn -0.5835 -0.8120 -0.0099
vn 0.7843 -0.6204 -0.0052
vn -0.6553 -0.6974 0.2902
vn 0.8403 -0.4667 0.2757
vn -0.6533 -0.6974 -0.2947
vn 0.8422 -0.4667 -0.2700
vn -0.5836 -0.8120 0.0059
vn 0.7842 -0.6204 0.0102
vn -0.5830 -0.7800 -0.2274
vn 0.7829 -0.5813 -0.2215
vn -0.5224 -0.7562 -0.3941
vn 0.7090 -0.5752 -0.4081
vn -0.5406 -0.8124 -0.2183
vn 0.7359 -0.6353 -0.2342
vn -0.5844 -0.8114 -0.0020
vn 0.7851 -0.6193 0.0028
vn 0.1357 0.1210 0.9833
vn 0.1150 0.1030 0.9880
vn 0.2097 0.1853 0.9600
vn 0.3231 0.2837 0.9028
vn 0.3796 0.3326 0.8633
vn 0.5867 0.5122 0.6273
vn 0.5910 0.5122 -0.6232
vn 0.3855 0.3326 -0.8607
vn 0.3293 0.2837 -0.9006
vn 0.2163 0.1853 -0.9586
vn 0.1425 0.1210 -0.9824
vn 0.1218 0.1030 -0.9872
vn 0.1315 0.1299 0.9828
vn 0.1113 0.1105 0.9876
vn 0.2030 0.1988 0.9588
vn 0.3122 0.3039 0.9001
vn 0.3663 0.3557 0.8598
vn 0.5634 0.5449 0.6211
vn 0.5676 0.5449 -0.6172
vn 0.3722 0.3557 -0.8573
vn 0.3184 0.3038 -0.8980
vn 0.2096 0.1988 -0.9574
vn 0.1382 0.1299 -0.9819
vn 0.1181 0.1106 -0.9868
vn 0.1261 0.1397 0.9821
vn 0.1068 0.1189 0.9871
vn 0.1948 0.2137 0.9573
vn 0.2990 0.3259 0.8969
vn 0.3503 0.3810 0.8557
vn 0.5355 0.5799 0.6139
vn 0.5397 0.5799 -0.6102
vn 0.3562 0.3810 -0.8532
vn 0.3051 0.3259 -0.8948
vn 0.2013 0.2137 -0.9559
vn 0.1329 0.1397 -0.9812
vn 0.1136 0.1189 -0.9864
vn 0.1196 0.1505 0.9813
vn 0.1012 0.1280 0.9866
vn 0.1846 0.2300 0.9555
vn 0.2828 0.3497 0.8931
vn 0.3308 0.4082 0.8508
vn 0.5023 0.6171 0.6057
vn 0.5064 0.6171 -0.6023
vn 0.3366 0.4082 -0.8486
vn 0.2889 0.3497 -0.8912
vn 0.1912 0.2300 -0.9542
vn 0.1264 0.1506 -0.9805
vn 0.1080 0.1280 -0.9859
vn 0.1115 0.1622 0.9804
vn 0.0944 0.1379 0.9859
vn 0.1722 0.2475 0.9535
vn 0.2630 0.3753 0.8888
vn 0.3071 0.4371 0.8454
vn 0.4628 0.6557 0.5966
vn 0.4668 0.6557 -0.5934
vn 0.3129 0.4371 -0.8432
vn 0.2691 0.3753 -0.8870
vn 0.1787 0.2475 -0.9523
vn 0.1183 0.1622 -0.9797
vn 0.1011 0.1379 -0.9853
vn 0.1016 0.1744 0.9794
vn 0.0859 0.1483 0.9852
vn 0.1568 0.2659 0.9512
vn 0.2389 0.4018 0.8840
vn 0.2785 0.4671 0.8392
vn 0.4162 0.6946 0.5867
vn 0.4202 0.6946 -0.5839
vn 0.2843 0.4671 -0.8373
vn 0.2450 0.4019 -0.8823
vn 0.1633 0.2659 -0.9501
vn 0.1083 0.1745 -0.9787
vn 0.0927 0.1483 -0.9846
vn 0.0895 0.1870 0.9783
vn 0.0756 0.1589 0.9844
vn 0.1382 0.2847 0.9486
vn 0.2101 0.4287 0.8787
vn 0.2444 0.4971 0.8326
vn 0.3621 0.7327 0.5762
vn 0.3661 0.7327 -0.5737
vn 0.2499 0.4971 -0.8309
vn 0.2161 0.4287 -0.8772
vn 0.1447 0.2846 -0.9477
vn 0.0962 0.1870 -0.9776
vn 0.0823 0.1589 -0.9839
vn 0.0749 0.1991 0.9771
vn 0.0632 0.1693 0.9835
vn 0.1160 0.3029 0.9459
vn 0.1758 0.4543 0.8733
vn 0.2041 0.5257 0.8258
vn 0.3003 0.7679 0.5659
vn 0.3041 0.7679 -0.5638
vn 0.2099 0.5256 -0.8245
vn 0.1818 0.4543 -0.8721
vn 0.1224 0.3028 -0.9452
vn 0.0816 0.1991 -0.9766
vn 0.0700 0.1693 -0.9831
vn 0.0580 0.2100 0.9760
vn 0.0488 0.1785 0.9827
vn 0.0900 0.3190 0.9435
vn 0.1366 0.4769 0.8683
vn 0.1580 0.5509 0.8195
vn 0.2311 0.7981 0.5565
vn 0.2350 0.7981 -0.5549
vn 0.1636 0.5509 -0.8184
vn 0.1424 0.4770 -0.8673
vn 0.0965 0.3190 -0.9428
vn 0.0646 0.2099 -0.9756
vn 0.0555 0.1785 -0.9824
vn 0.0387 0.2185 0.9751
vn 0.0324 0.1860 0.9820
vn 0.0607 0.3319 0.9414
vn 0.0925 0.4950 0.8640
vn 0.1073 0.5704 0.8143
vn 0.1564 0.8212 0.5487
vn 0.1602 0.8212 -0.5477
vn 0.1129 0.5704 -0.8136
vn 0.0985 0.4947 -0.8635
vn 0.0672 0.3320 -0.9409
vn 0.0455 0.2188 -0.9747
vn 0.0392 0.1860 -0.9818
vn 0.0181 0.2244 0.9743
vn 0.0148 0.1907 0.9815
vn 0.0293 0.3402 0.9399
vn 0.0454 0.5063 0.8612
vn 0.0529 0.5830 0.8108
vn 0.0779 0.8357 0.5437
vn 0.0816 0.8356 -0.5432
vn 0.0585 0.5830 -0.8104
vn 0.0514 0.5060 -0.8610
vn 0.0357 0.3402 -0.9397
vn 0.0247 0.2241 -0.9743
vn 0.0216 0.1907 -0.9814
vn -0.0012 0.2262 0.9741
vn -0.0016 0.1925 0.9813
vn -0.0000 0.3427 0.9394
vn 0.0019 0.5099 0.8602
vn 0.0028 0.5875 0.8092
vn 0.0062 0.8401 0.5424
vn 0.0099 0.8400 -0.5425
vn 0.0084 0.5875 -0.8092
vn 0.0078 0.5099 -0.8602
vn 0.0065 0.3427 -0.9394
vn 0.0055 0.2262 -0.9741
vn 0.0052 0.1925 -0.9813
vn -0.0162 0.2254 0.9741
vn -0.0142 0.1920 0.9813
vn -0.0228 0.3414 0.9396
vn -0.0321 0.5089 0.8602
vn -0.0364 0.5862 0.8093
vn -0.0501 0.8377 0.5439
vn -0.0463 0.8377 -0.5442
vn -0.0309 0.5862 -0.8096
vn -0.0262 0.5089 -0.8604
vn -0.0163 0.3414 -0.9398
vn -0.0096 0.2252 -0.9743
vn -0.0075 0.1920 -0.9814
vn -0.0291 0.2234 0.9743
vn -0.0252 0.1903 0.9814
vn -0.0423 0.3383 0.9401
vn -0.0613 0.5042 0.8614
vn -0.0700 0.5815 0.8105
vn -0.0984 0.8324 0.5453
vn -0.0946 0.8324 -0.5460
vn -0.0644 0.5815 -0.8110
vn -0.0554 0.5042 -0.8618
vn -0.0358 0.3381 -0.9404
vn -0.0225 0.2234 -0.9745
vn -0.0185 0.1903 -0.9816
vn -0.0416 0.2197 0.9747
vn -0.0361 0.1873 0.9816
vn -0.0613 0.3331 0.9409
vn -0.0898 0.4973 0.8629
vn -0.1029 0.5739 0.8124
vn -0.1455 0.8239 0.5477
vn -0.1419 0.8239 -0.5487
vn -0.0973 0.5739 -0.8131
vn -0.0839 0.4973 -0.8635
vn -0.0549 0.3331 -0.9413
vn -0.0350 0.2197 -0.9749
vn -0.0293 0.1873 -0.9819
vn -0.0537 0.2154 0.9751
vn -0.0462 0.1834 0.9820
vn -0.0795 0.3265 0.9419
vn -0.1169 0.4882 0.8649
vn -0.1345 0.5636 0.8150
vn -0.1918 0.8119 0.5514
vn -0.1880 0.8119 -0.5527
vn -0.1289 0.5636 -0.8159
vn -0.1110 0.4882 -0.8656
vn -0.0731 0.3265 -0.9424
vn -0.0471 0.2154 -0.9754
vn -0.0395 0.1834 -0.9823
vn -0.0647 0.2097 0.9756
vn -0.0557 0.1787 0.9823
vn -0.0965 0.3185 0.9430
vn -0.1425 0.4767 0.8674
vn -0.1643 0.5511 0.8181
vn -0.2354 0.7972 0.5560
vn -0.2316 0.7972 -0.5576
vn -0.1587 0.5511 -0.8192
vn -0.1368 0.4767 -0.8684
vn -0.0901 0.3185 -0.9436
vn -0.0580 0.2097 -0.9760
vn -0.0489 0.1787 -0.9827
vn -0.0751 0.2035 0.9762
vn -0.0644 0.1734 0.9827
vn -0.1120 0.3092 0.9444
vn -0.1664 0.4639 0.8701
vn -0.1918 0.5368 0.8216
vn -0.2765 0.7803 0.5609
vn -0.2727 0.7803 -0.5628
vn -0.1861 0.5368 -0.8229
vn -0.1604 0.4639 -0.8712
vn -0.1055 0.3092 -0.9451
vn -0.0682 0.2036 -0.9767
vn -0.0577 0.1734 -0.9832
vn -0.0841 0.1970 0.9768
vn -0.0722 0.1678 0.9832
vn -0.1261 0.2994 0.9458
vn -0.1875 0.4500 0.8731
vn -0.2168 0.5216 0.8252
vn -0.3143 0.7617 0.5665
vn -0.3105 0.7618 -0.5686
vn -0.2112 0.5216 -0.8267
vn -0.1818 0.4502 -0.8742
vn -0.1196 0.2994 -0.9466
vn -0.0774 0.1970 -0.9773
vn -0.0655 0.1678 -0.9836
vn -0.0923 0.1903 0.9774
vn -0.0791 0.1621 0.9836
vn -0.1385 0.2894 0.9471
vn -0.2070 0.4361 0.8757
vn -0.2393 0.5058 0.8288
vn -0.3490 0.7423 0.5720
vn -0.3450 0.7423 -0.5744
vn -0.2336 0.5058 -0.8304
vn -0.2008 0.4360 -0.8773
vn -0.1320 0.2894 -0.9481
vn -0.0856 0.1903 -0.9780
vn -0.0724 0.1621 -0.9841
vn -0.0994 0.1835 0.9780
vn -0.0852 0.1564 0.9840
vn -0.1495 0.2793 0.9485
vn -0.2238 0.4218 0.8786
vn -0.2593 0.4899 0.8323
vn -0.3802 0.7225 0.5774
vn -0.3762 0.7226 -0.5799
vn -0.2536 0.4899 -0.8341
vn -0.2177 0.4217 -0.8802
vn -0.1430 0.2793 -0.9495
vn -0.0927 0.1836 -0.9786
vn -0.0784 0.1564 -0.9846
vn -0.1057 0.1772 0.9785
vn -0.0905 0.1509 0.9844
vn -0.1591 0.2697 0.9497
vn -0.2387 0.4078 0.8813
vn -0.2770 0.4743 0.8356
vn -0.4081 0.7029 0.5825
vn -0.4041 0.7029 -0.5853
vn -0.2712 0.4743 -0.8375
vn -0.2326 0.4078 -0.8830
vn -0.1526 0.2697 -0.9508
vn -0.0989 0.1770 -0.9792
vn -0.0838 0.1508 -0.9850
vn -0.1111 0.1709 0.9790
vn -0.0952 0.1456 0.9848
vn -0.1674 0.2604 0.9509
vn -0.2517 0.3945 0.8838
vn -0.2924 0.4594 0.8387
vn -0.4329 0.6838 0.5874
vn -0.4289 0.6838 -0.5903
vn -0.2867 0.4594 -0.8407
vn -0.2456 0.3945 -0.8855
vn -0.1609 0.2604 -0.9520
vn -0.1044 0.1710 -0.9797
vn -0.0884 0.1456 -0.9854
vn -0.1375 0.0266 0.9901
vn -0.1108 0.0213 0.9936
vn -0.2191 0.0428 0.9748
vn -0.3284 0.0645 0.9423
vn -0.3728 0.0733 0.9250
vn -0.6974 0.1378 0.7033
vn -0.6925 0.1378 -0.7081
vn -0.3665 0.0733 -0.9275
vn -0.3220 0.0645 -0.9446
vn -0.2125 0.0428 -0.9762
vn -0.1307 0.0266 -0.9911
vn -0.1040 0.0213 -0.9944
vn -0.0192 -0.1558 0.9876
vn -0.0159 -0.1226 0.9923
vn -0.0291 -0.2535 0.9669
vn -0.0413 -0.3739 0.9265
vn -0.0454 -0.4147 0.9088
vn -0.0807 -0.7714 0.6312
vn -0.0764 -0.7714 -0.6317
vn -0.0391 -0.4147 -0.9091
vn -0.0349 -0.3739 -0.9268
vn -0.0225 -0.2535 -0.9671
vn -0.0125 -0.1558 -0.9877
vn -0.0091 -0.1226 -0.9924
vn 0.1038 -0.1704 0.9799
vn 0.0883 -0.1457 0.9854
vn 0.1598 -0.2592 0.9525
vn 0.2447 -0.3937 0.8861
vn 0.2864 -0.4597 0.8406
vn 0.4273 -0.6825 0.5930
vn 0.4314 -0.6825 -0.5900
vn 0.2922 -0.4597 -0.8386
vn 0.2508 -0.3937 -0.8844
vn 0.1663 -0.2592 -0.9514
vn 0.1107 -0.1705 -0.9791
vn 0.0950 -0.1457 -0.9848
vn 0.0980 -0.1772 0.9793
vn 0.0832 -0.1515 0.9850
vn 0.1507 -0.2692 0.9512
vn 0.2304 -0.4083 0.8833
vn 0.2694 -0.4761 0.8371
vn 0.4002 -0.7034 0.5875
vn 0.4042 -0.7034 -0.5847
vn 0.2752 -0.4761 -0.8352
vn 0.2365 -0.4083 -0.8817
vn 0.1572 -0.2692 -0.9502
vn 0.1047 -0.1772 -0.9786
vn 0.0900 -0.1515 -0.9844
vn 0.0919 -0.1833 0.9788
vn 0.0781 -0.1567 0.9845
vn 0.1415 -0.2785 0.9500
vn 0.2161 -0.4216 0.8807
vn 0.2524 -0.4910 0.8338
vn 0.3733 -0.7220 0.5825
vn 0.3773 -0.7220 -0.5799
vn 0.2581 -0.4910 -0.8320
vn 0.2222 -0.4216 -0.8791
vn 0.1480 -0.2785 -0.9490
vn 0.0986 -0.1832 -0.9781
vn 0.0848 -0.1567 -0.9840
vn 0.0858 -0.1891 0.9782
vn 0.0728 -0.1617 0.9842
vn 0.1320 -0.2870 0.9488
vn 0.2013 -0.4337 0.8783
vn 0.2350 -0.5048 0.8306
vn 0.3463 -0.7391 0.5777
vn 0.3503 -0.7392 -0.5753
vn 0.2407 -0.5048 -0.8290
vn 0.2074 -0.4337 -0.8769
vn 0.1385 -0.2870 -0.9479
vn 0.0925 -0.1891 -0.9776
vn 0.0796 -0.1617 -0.9836
vn 0.0793 -0.1946 0.9777
vn 0.0673 -0.1664 0.9838
vn 0.1220 -0.2951 0.9477
vn 0.1860 -0.4453 0.8758
vn 0.2170 -0.5178 0.8275
vn 0.3185 -0.7550 0.5732
vn 0.3224 -0.7550 -0.5711
vn 0.2226 -0.5178 -0.8260
vn 0.1920 -0.4454 -0.8745
vn 0.1285 -0.2951 -0.9468
vn 0.0859 -0.1945 -0.9771
vn 0.0740 -0.1664 -0.9833
vn 0.0723 -0.1999 0.9772
vn 0.0613 -0.1709 0.9834
vn 0.1112 -0.3029 0.9465
vn 0.1695 -0.4563 0.8735
vn 0.1977 -0.5302 0.8245
vn 0.2891 -0.7700 0.5688
vn 0.2930 -0.7700 -0.5668
vn 0.2033 -0.5302 -0.8231
vn 0.1756 -0.4565 -0.8722
vn 0.1177 -0.3028 -0.9457
vn 0.0789 -0.1999 -0.9766
vn 0.0680 -0.1709 -0.9829
vn 0.0643 -0.2048 0.9767
vn 0.0546 -0.1754 0.9830
vn 0.0993 -0.3104 0.9454
vn 0.1515 -0.4673 0.8710
vn 0.1765 -0.5423 0.8215
vn 0.2573 -0.7842 0.5647
vn 0.2611 -0.7842 -0.5629
vn 0.1821 -0.5423 -0.8202
vn 0.1574 -0.4673 -0.8700
vn 0.1058 -0.3104 -0.9447
vn 0.0712 -0.2050 -0.9762
vn 0.0614 -0.1754 -0.9826
vn 0.0554 -0.2098 0.9762
vn 0.0470 -0.1798 0.9826
vn 0.0858 -0.3177 0.9443
vn 0.1309 -0.4776 0.8688
vn 0.1525 -0.5540 0.8184
vn 0.2218 -0.7979 0.5605
vn 0.2256 -0.7979 -0.5590
vn 0.1581 -0.5540 -0.8173
vn 0.1369 -0.4776 -0.8679
vn 0.0923 -0.3177 -0.9437
vn 0.0622 -0.2099 -0.9758
vn 0.0538 -0.1798 -0.9822
vn 0.0451 -0.2148 0.9756
vn 0.0381 -0.1840 0.9822
vn 0.0699 -0.3246 0.9433
vn 0.1069 -0.4877 0.8664
vn 0.1246 -0.5653 0.8154
vn 0.1807 -0.8110 0.5564
vn 0.1846 -0.8109 -0.5553
vn 0.1302 -0.5653 -0.8146
vn 0.1129 -0.4880 -0.8655
vn 0.0764 -0.3247 -0.9427
vn 0.0518 -0.2148 -0.9753
vn 0.0448 -0.1840 -0.9819
vn 0.0323 -0.2191 0.9752
vn 0.0272 -0.1879 0.9818
vn 0.0506 -0.3311 0.9422
vn 0.0779 -0.4972 0.8642
vn 0.0909 -0.5756 0.8126
vn 0.1319 -0.8225 0.5532
vn 0.1357 -0.8225 -0.5523
vn 0.0965 -0.5756 -0.8120
vn 0.0838 -0.4972 -0.8636
vn 0.0571 -0.3311 -0.9419
vn 0.0390 -0.2191 -0.9749
vn 0.0340 -0.1879 -0.9816
vn 0.0164 -0.2225 0.9748
vn 0.0135 -0.1911 0.9815
vn 0.0265 -0.3360 0.9415
vn 0.0417 -0.5040 0.8627
vn 0.0489 -0.5839 0.8104
vn 0.0717 -0.8316 0.5507
vn 0.0755 -0.8317 -0.5501
vn 0.0545 -0.5839 -0.8100
vn 0.0476 -0.5043 -0.8622
vn 0.0329 -0.3360 -0.9413
vn 0.0230 -0.2225 -0.9747
vn 0.0202 -0.1911 -0.9814
vn -0.0046 -0.2235 0.9747
vn -0.0045 -0.1922 0.9813
vn -0.0052 -0.3373 0.9414
vn -0.0060 -0.5063 0.8623
vn -0.0062 -0.5871 0.8095
vn -0.0068 -0.8349 0.5504
vn -0.0030 -0.8349 -0.5505
vn -0.0007 -0.5871 -0.8095
vn -0.0000 -0.5063 -0.8624
vn 0.0012 -0.3373 -0.9414
vn 0.0020 -0.2235 -0.9747
vn 0.0022 -0.1922 -0.9813
vn -0.0299 -0.2203 0.9750
vn -0.0262 -0.1896 0.9815
vn -0.0433 -0.3324 0.9421
vn -0.0632 -0.4998 0.8638
vn -0.0729 -0.5801 0.8113
vn -0.1015 -0.8266 0.5535
vn -0.0977 -0.8267 -0.5541
vn -0.0673 -0.5801 -0.8118
vn -0.0573 -0.4997 -0.8643
vn -0.0369 -0.3324 -0.9424
vn -0.0232 -0.2203 -0.9752
vn -0.0195 -0.1895 -0.9817
vn -0.0554 -0.2117 0.9758
vn -0.0481 -0.1820 0.9821
vn -0.0818 -0.3197 0.9440
vn -0.1215 -0.4821 0.8676
vn -0.1407 -0.5603 0.8162
vn -0.1995 -0.8040 0.5602
vn -0.1957 -0.8039 -0.5617
vn -0.1352 -0.5602 -0.8172
vn -0.1155 -0.4820 -0.8685
vn -0.0754 -0.3197 -0.9445
vn -0.0487 -0.2117 -0.9761
vn -0.0414 -0.1820 -0.9824
vn -0.0787 -0.1983 0.9770
vn -0.0681 -0.1703 0.9830
vn -0.1172 -0.3000 0.9467
vn -0.1755 -0.4539 0.8736
vn -0.2038 -0.5289 0.8238
vn -0.2933 -0.7667 0.5711
vn -0.2894 -0.7667 -0.5731
vn -0.1982 -0.5289 -0.8252
vn -0.1695 -0.4539 -0.8748
vn -0.1108 -0.3000 -0.9475
vn -0.0720 -0.1983 -0.9775
vn -0.0614 -0.1703 -0.9835
vn -0.0991 -0.1810 0.9785
vn -0.0856 -0.1555 0.9841
vn -0.1485 -0.2746 0.9500
vn -0.2238 -0.4174 0.8807
vn -0.2608 -0.4877 0.8332
vn -0.3808 -0.7164 0.5846
vn -0.3768 -0.7164 -0.5872
vn -0.2551 -0.4877 -0.8349
vn -0.2178 -0.4175 -0.8822
vn -0.1420 -0.2746 -0.9510
vn -0.0924 -0.1810 -0.9791
vn -0.0788 -0.1555 -0.9847
vn -0.1165 -0.1613 0.9800
vn -0.1004 -0.1384 0.9853
vn -0.1752 -0.2453 0.9535
vn -0.2657 -0.3746 0.8883
vn -0.3107 -0.4390 0.8431
vn -0.4607 -0.6542 0.5998
vn -0.4566 -0.6542 -0.6029
vn -0.3049 -0.4390 -0.8452
vn -0.2595 -0.3745 -0.8902
vn -0.1687 -0.2453 -0.9547
vn -0.1097 -0.1613 -0.9808
vn -0.0937 -0.1384 -0.9859
vn -0.1309 -0.1399 0.9815
vn -0.1127 -0.1200 0.9864
vn -0.1975 -0.2132 0.9568
vn -0.3011 -0.3271 0.8958
vn -0.3532 -0.3845 0.8529
vn -0.5321 -0.5817 0.6152
vn -0.5279 -0.5817 -0.6189
vn -0.3473 -0.3844 -0.8553
vn -0.2950 -0.3271 -0.8978
vn -0.1910 -0.2132 -0.9582
vn -0.1242 -0.1399 -0.9823
vn -0.1059 -0.1200 -0.9871
vn -0.1424 -0.1175 0.9828
vn -0.1226 -0.1007 0.9873
vn -0.2157 -0.1794 0.9598
vn -0.3302 -0.2763 0.9026
vn -0.3886 -0.3256 0.8619
vn -0.5940 -0.4998 0.6304
vn -0.5896 -0.4998 -0.6345
vn -0.3826 -0.3258 -0.8646
vn -0.3241 -0.2763 -0.9048
vn -0.2091 -0.1794 -0.9613
vn -0.1357 -0.1175 -0.9838
vn -0.1158 -0.1007 -0.9882
vn -0.1515 -0.0944 0.9839
vn -0.1303 -0.0809 0.9882
vn -0.2300 -0.1444 0.9624
vn -0.3536 -0.2233 0.9084
vn -0.4170 -0.2639 0.8697
vn -0.6459 -0.4101 0.6439
vn -0.6415 -0.4101 -0.6483
vn -0.4111 -0.2639 -0.8726
vn -0.3473 -0.2233 -0.9108
vn -0.2234 -0.1444 -0.9640
vn -0.1448 -0.0944 -0.9849
vn -0.1235 -0.0809 -0.9890
vn -0.1584 -0.0710 0.9848
vn -0.1361 -0.0608 0.9888
vn -0.2408 -0.1088 0.9645
vn -0.3713 -0.1686 0.9131
vn -0.4390 -0.1994 0.8761
vn -0.6871 -0.3137 0.6553
vn -0.6826 -0.3137 -0.6600
vn -0.4330 -0.1994 -0.8791
vn -0.3650 -0.1686 -0.9156
vn -0.2341 -0.1088 -0.9661
vn -0.1517 -0.0710 -0.9859
vn -0.1293 -0.0608 -0.9897
vn -0.1633 -0.0473 0.9854
vn -0.1401 -0.0405 0.9893
vn -0.2483 -0.0726 0.9660
vn -0.3838 -0.1128 0.9165
vn -0.4544 -0.1336 0.8807
vn -0.7172 -0.2119 0.6639
vn -0.7126 -0.2119 -0.6688
vn -0.4483 -0.1336 -0.8838
vn -0.3775 -0.1128 -0.9191
vn -0.2417 -0.0726 -0.9676
vn -0.1565 -0.0473 -0.9865
vn -0.1334 -0.0405 -0.9902
vn -0.1659 -0.0237 0.9859
vn -0.1425 -0.0202 0.9896
vn -0.2527 -0.0363 0.9669
vn -0.3911 -0.0564 0.9186
vn -0.4636 -0.0669 0.8835
vn -0.7353 -0.1066 0.6693
vn -0.7307 -0.1066 -0.6744
vn -0.4575 -0.0669 -0.8867
vn -0.3848 -0.0564 -0.9213
vn -0.2461 -0.0363 -0.9686
vn -0.1592 -0.0237 -0.9870
vn -0.1357 -0.0202 -0.9905
vn -0.1673 -0.0059 0.9859
vn -0.1434 -0.0050 0.9897
vn -0.2551 -0.0091 0.9669
vn -0.3944 -0.0141 0.9188
vn -0.4667 -0.0167 0.8842
vn -0.7427 -0.0266 0.6691
vn -0.7381 -0.0266 -0.6741
vn -0.4607 -0.0167 -0.8874
vn -0.3881 -0.0141 -0.9215
vn -0.2485 -0.0090 -0.9686
vn -0.1606 -0.0059 -0.9870
vn -0.1366 -0.0050 -0.9906
vn -0.0736 -0.0975 0.9925
vn -0.4422 0.6108 0.6567
vn -0.2417 -0.3311 0.9121
vn -0.0803 -0.1068 0.9910
vn -0.0736 -0.1068 -0.9916
vn -0.1673 0.0069 0.9859
vn -0.1434 0.0059 0.9897
vn -0.2549 0.0107 0.9669
vn -0.3941 0.0166 0.9189
vn -0.4666 0.0197 0.8842
vn -0.7423 0.0314 0.6693
vn -0.7377 0.0314 -0.6744
vn -0.4606 0.0197 -0.8874
vn -0.3878 0.0166 -0.9216
vn -0.2483 0.0107 -0.9686
vn -0.1606 0.0069 -0.9870
vn -0.1366 0.0059 -0.9906
vn -0.1652 0.0289 0.9858
vn -0.1420 0.0248 0.9896
vn -0.2513 0.0444 0.9669
vn -0.3893 0.0692 0.9185
vn -0.4616 0.0823 0.8832
vn -0.7312 0.1306 0.6695
vn -0.7266 0.1306 -0.6745
vn -0.4556 0.0823 -0.8864
vn -0.3830 0.0692 -0.9211
vn -0.2447 0.0444 -0.9686
vn -0.1584 0.0289 -0.9869
vn -0.1352 0.0248 -0.9905
vn -0.1604 0.0600 0.9852
vn -0.1380 0.0516 0.9891
vn -0.2437 0.0921 0.9655
vn -0.3768 0.1431 0.9152
vn -0.4463 0.1697 0.8786
vn -0.7009 0.2677 0.6612
vn -0.6963 0.2677 -0.6659
vn -0.4402 0.1699 -0.8817
vn -0.3705 0.1431 -0.9177
vn -0.2371 0.0921 -0.9671
vn -0.1537 0.0600 -0.9863
vn -0.1312 0.0516 -0.9900
vn -0.1518 0.0922 0.9841
vn -0.1307 0.0791 0.9883
vn -0.2300 0.1410 0.9629
vn -0.3543 0.2184 0.9093
vn -0.4186 0.2585 0.8706
vn -0.6483 0.4017 0.6468
vn -0.6439 0.4017 -0.6512
vn -0.4126 0.2585 -0.8735
vn -0.3481 0.2184 -0.9117
vn -0.2234 0.1410 -0.9645
vn -0.1450 0.0922 -0.9851
vn -0.1239 0.0791 -0.9891
vn -0.1393 0.1231 0.9826
vn -0.1200 0.1057 0.9871
vn -0.2105 0.1879 0.9594
vn -0.3225 0.2895 0.9012
vn -0.3795 0.3414 0.8599
vn -0.5774 0.5216 0.6281
vn -0.5731 0.5216 -0.6321
vn -0.3736 0.3414 -0.8625
vn -0.3162 0.2895 -0.9034
vn -0.2039 0.1878 -0.9608
vn -0.1325 0.1232 -0.9835
vn -0.1132 0.1057 -0.9879
vn -0.1235 0.1509 0.9808
vn -0.1066 0.1296 0.9858
vn -0.1861 0.2296 0.9553
vn -0.2831 0.3516 0.8923
vn -0.3319 0.4131 0.8481
vn -0.4957 0.6199 0.6083
vn -0.4915 0.6199 -0.6117
vn -0.3261 0.4131 -0.8503
vn -0.2770 0.3516 -0.8942
vn -0.1795 0.2295 -0.9566
vn -0.1168 0.1509 -0.9816
vn -0.0998 0.1296 -0.9865
vn -0.1058 0.1740 0.9790
vn -0.0913 0.1494 0.9845
vn -0.1587 0.2641 0.9513
vn -0.2398 0.4021 0.8836
vn -0.2798 0.4706 0.8368
vn -0.4110 0.6947 0.5903
vn -0.4070 0.6947 -0.5931
vn -0.2741 0.4705 -0.8387
vn -0.2337 0.4021 -0.8853
vn -0.1522 0.2641 -0.9524
vn -0.0992 0.1740 -0.9797
vn -0.0846 0.1494 -0.9852
vn -0.0873 0.1920 0.9775
vn -0.0754 0.1648 0.9834
vn -0.1304 0.2909 0.9478
vn -0.1957 0.4406 0.8761
vn -0.2275 0.5137 0.8273
vn -0.3292 0.7486 0.5756
vn -0.3253 0.7486 -0.5777
vn -0.2218 0.5137 -0.8288
vn -0.1896 0.4405 -0.8775
vn -0.1239 0.2909 -0.9487
vn -0.0806 0.1920 -0.9781
vn -0.0687 0.1648 -0.9839
vn -0.0690 0.2051 0.9763
vn -0.0597 0.1761 0.9826
vn -0.1025 0.3104 0.9451
vn -0.1528 0.4683 0.8703
vn -0.1769 0.5444 0.8200
vn -0.2532 0.7857 0.5645
vn -0.2493 0.7857 -0.5662
vn -0.1712 0.5444 -0.8211
vn -0.1468 0.4683 -0.8713
vn -0.0960 0.3104 -0.9458
vn -0.0623 0.2052 -0.9767
vn -0.0530 0.1761 -0.9829
vn -0.0514 0.2143 0.9754
vn -0.0447 0.1839 0.9819
vn -0.0759 0.3239 0.9430
vn -0.1123 0.4869 0.8662
vn -0.1298 0.5651 0.8148
vn -0.1838 0.8102 0.5566
vn -0.1799 0.8102 -0.5578
vn -0.1242 0.5651 -0.8156
vn -0.1063 0.4869 -0.8670
vn -0.0694 0.3238 -0.9436
vn -0.0448 0.2143 -0.9757
vn -0.0379 0.1839 -0.9822
vn -0.0348 0.2201 0.9749
vn -0.0304 0.1889 0.9815
vn -0.0508 0.3325 0.9417
vn -0.0744 0.4990 0.8634
vn -0.0856 0.5782 0.8114
vn -0.1200 0.8252 0.5520
vn -0.1162 0.8252 -0.5528
vn -0.0800 0.5782 -0.8119
vn -0.0684 0.4990 -0.8639
vn -0.0444 0.3325 -0.9421
vn -0.0281 0.2201 -0.9751
vn -0.0237 0.1889 -0.9817
vn -0.0190 0.2233 0.9746
vn -0.0168 0.1917 0.9813
vn -0.0268 0.3374 0.9410
vn -0.0383 0.5054 0.8620
vn -0.0438 0.5854 0.8095
vn -0.0602 0.8335 0.5492
vn -0.0564 0.8335 -0.5496
vn -0.0382 0.5854 -0.8098
vn -0.0324 0.5058 -0.8620
vn -0.0204 0.3374 -0.9412
vn -0.0123 0.2233 -0.9747
vn -0.0101 0.1917 -0.9814
vn -0.0049 0.2248 0.9744
vn -0.0048 0.1926 0.9813
vn -0.0056 0.3392 0.9407
vn -0.0066 0.5083 0.8612
vn -0.0070 0.5878 0.8089
vn -0.0079 0.8366 0.5478
vn -0.0041 0.8366 -0.5478
vn -0.0014 0.5878 -0.8090
vn -0.0007 0.5083 -0.8612
vn 0.0008 0.3393 -0.9407
vn 0.0017 0.2248 -0.9744
vn 0.0020 0.1926 -0.9813
vn 0.0059 0.2247 0.9744
vn 0.0046 0.1924 0.9813
vn 0.0107 0.3393 0.9406
vn 0.0178 0.5075 0.8615
vn 0.0213 0.5872 0.8092
vn 0.0325 0.8360 0.5478
vn 0.0362 0.8360 -0.5475
vn 0.0268 0.5872 -0.8090
vn 0.0237 0.5079 -0.8611
vn 0.0171 0.3393 -0.9405
vn 0.0125 0.2247 -0.9744
vn 0.0113 0.1924 -0.9813
vn 0.0149 0.2237 0.9746
vn 0.0122 0.1915 0.9814
vn 0.0243 0.3378 0.9409
vn 0.0382 0.5058 0.8618
vn 0.0448 0.5849 0.8099
vn 0.0661 0.8335 0.5486
vn 0.0698 0.8335 -0.5481
vn 0.0504 0.5849 -0.8096
vn 0.0441 0.5058 -0.8615
vn 0.0307 0.3378 -0.9407
vn 0.0216 0.2237 -0.9744
vn 0.0189 0.1915 -0.9813
vn 0.0236 0.2220 0.9748
vn 0.0197 0.1901 0.9816
vn 0.0375 0.3354 0.9413
vn 0.0580 0.5025 0.8626
vn 0.0677 0.5812 0.8110
vn 0.0987 0.8295 0.5497
vn 0.1024 0.8295 -0.5490
vn 0.0733 0.5812 -0.8105
vn 0.0639 0.5025 -0.8622
vn 0.0439 0.3354 -0.9411
vn 0.0303 0.2220 -0.9746
vn 0.0263 0.1901 -0.9814
vn 0.0319 0.2196 0.9751
vn 0.0269 0.1882 0.9818
vn 0.0500 0.3322 0.9419
vn 0.0769 0.4981 0.8637
vn 0.0897 0.5762 0.8124
vn 0.1301 0.8244 0.5509
vn 0.1340 0.8239 -0.5507
vn 0.0952 0.5762 -0.8117
vn 0.0828 0.4981 -0.8632
vn 0.0565 0.3322 -0.9415
vn 0.0386 0.2198 -0.9748
vn 0.0336 0.1882 -0.9816
vn 0.0398 0.2172 0.9753
vn 0.0337 0.1859 0.9820
vn 0.0620 0.3284 0.9425
vn 0.0949 0.4926 0.8650
vn 0.1106 0.5702 0.8140
vn 0.1605 0.8169 0.5540
vn 0.1643 0.8168 -0.5530
vn 0.1161 0.5702 -0.8133
vn 0.1009 0.4926 -0.8644
vn 0.0685 0.3285 -0.9420
vn 0.0465 0.2172 -0.9750
vn 0.0403 0.1859 -0.9817
vn 0.0473 0.2142 0.9756
vn 0.0400 0.1833 0.9823
vn 0.0733 0.3239 0.9432
vn 0.1119 0.4865 0.8665
vn 0.1303 0.5633 0.8159
vn 0.1892 0.8090 0.5565
vn 0.1930 0.8091 -0.5551
vn 0.1359 0.5633 -0.8150
vn 0.1179 0.4865 -0.8657
vn 0.0797 0.3239 -0.9427
vn 0.0539 0.2140 -0.9753
vn 0.0467 0.1833 -0.9820
vn 0.0542 0.2109 0.9760
vn 0.0459 0.1804 0.9825
vn 0.0838 0.3192 0.9440
vn 0.1279 0.4798 0.8680
vn 0.1488 0.5558 0.8179
vn 0.2164 0.8003 0.5592
vn 0.2202 0.8002 -0.5578
vn 0.1544 0.5558 -0.8169
vn 0.1338 0.4798 -0.8671
vn 0.0903 0.3192 -0.9434
vn 0.0608 0.2108 -0.9756
vn 0.0526 0.1804 -0.9822
vn 0.0607 0.2074 0.9764
vn 0.0513 0.1774 0.9828
vn 0.0936 0.3141 0.9448
vn 0.1427 0.4725 0.8697
vn 0.1661 0.5477 0.8200
vn 0.2420 0.7909 0.5621
vn 0.2458 0.7909 -0.5604
vn 0.1717 0.5477 -0.8189
vn 0.1487 0.4725 -0.8687
vn 0.1001 0.3141 -0.9441
vn 0.0673 0.2074 -0.9759
vn 0.0581 0.1774 -0.9824
vn 0.0666 0.2038 0.9767
vn 0.0564 0.1743 0.9831
vn 0.1026 0.3087 0.9456
vn 0.1564 0.4647 0.8716
vn 0.1821 0.5393 0.8222
vn 0.2659 0.7809 0.5652
vn 0.2698 0.7809 -0.5633
vn 0.1878 0.5393 -0.8209
vn 0.1623 0.4647 -0.8705
vn 0.1091 0.3087 -0.9449
vn 0.0733 0.2038 -0.9763
vn 0.0632 0.1743 -0.9827
vn 0.0720 0.2002 0.9771
vn 0.0610 0.1712 0.9834
vn 0.1110 0.3035 0.9464
vn 0.1690 0.4571 0.8732
vn 0.1970 0.5308 0.8243
vn 0.2881 0.7708 0.5682
vn 0.2920 0.7708 -0.5662
vn 0.2026 0.5308 -0.8229
vn 0.1750 0.4571 -0.8720
vn 0.1174 0.3034 -0.9456
vn 0.0786 0.2001 -0.9766
vn 0.0678 0.1712 -0.9829
vn 0.0770 0.1965 0.9775
vn 0.0653 0.1680 0.9836
vn 0.1185 0.2980 0.9472
vn 0.1807 0.4494 0.8749
vn 0.2106 0.5222 0.8264
vn 0.3089 0.7606 0.5711
vn 0.3128 0.7606 -0.5689
vn 0.2163 0.5222 -0.8250
vn 0.1867 0.4494 -0.8736
vn 0.1250 0.2980 -0.9463
vn 0.0836 0.1964 -0.9769
vn 0.0720 0.1680 -0.9832
vn -0.0483 0.1092 0.9928
vn -0.0381 0.0843 0.9957
vn -0.0784 0.1822 0.9801
vn -0.1147 0.2708 0.9558
vn -0.1249 0.2956 0.9471
vn -0.2733 0.6584 0.7013
vn -0.2685 0.6584 -0.7032
vn -0.1184 0.2956 -0.9479
vn -0.1081 0.2708 -0.9565
vn -0.0716 0.1822 -0.9806
vn -0.0415 0.1092 -0.9932
vn -0.0313 0.0843 -0.9960
vn -0.1292 -0.1065 0.9859
vn -0.1056 -0.0865 0.9906
vn -0.2023 -0.1685 0.9647
vn -0.3017 -0.2528 0.9193
vn -0.3440 -0.2887 0.8935
vn -0.5844 -0.4929 0.6446
vn -0.5799 -0.4929 -0.6486
vn -0.3379 -0.2887 -0.8958
vn -0.2954 -0.2528 -0.9213
vn -0.1957 -0.1685 -0.9661
vn -0.1224 -0.1065 -0.9867
vn -0.0988 -0.0865 -0.9913
vn -0.0746 -0.2037 0.9762
vn -0.0641 -0.1737 0.9827
vn -0.1114 -0.3093 0.9444
vn -0.1655 -0.4643 0.8701
vn -0.1909 -0.5375 0.8214
vn -0.2750 -0.7806 0.5613
vn -0.2712 -0.7806 -0.5631
vn -0.1853 -0.5375 -0.8227
vn -0.1595 -0.4643 -0.8712
vn -0.1050 -0.3093 -0.9452
vn -0.0679 -0.2037 -0.9767
vn -0.0574 -0.1737 -0.9831
vn -0.0681 -0.2077 0.9758
vn -0.0586 -0.1771 0.9824
vn -0.1015 -0.3151 0.9436
vn -0.1504 -0.4726 0.8684
vn -0.1734 -0.5468 0.8191
vn -0.2489 -0.7915 0.5581
vn -0.2450 -0.7915 -0.5598
vn -0.1678 -0.5468 -0.8203
vn -0.1445 -0.4726 -0.8694
vn -0.0950 -0.3150 -0.9443
vn -0.0614 -0.2077 -0.9763
vn -0.0518 -0.1771 -0.9828
vn -0.0623 -0.2109 0.9755
vn -0.0537 -0.1799 0.9822
vn -0.0926 -0.3197 0.9430
vn -0.1370 -0.4792 0.8669
vn -0.1578 -0.5543 0.8172
vn -0.2255 -0.8001 0.5558
vn -0.2218 -0.8002 -0.5572
vn -0.1521 -0.5543 -0.8183
vn -0.1309 -0.4790 -0.8680
vn -0.0862 -0.3197 -0.9436
vn -0.0556 -0.2109 -0.9759
vn -0.0470 -0.1799 -0.9826
vn -0.0569 -0.2135 0.9753
vn -0.0491 -0.1822 0.9820
vn -0.0844 -0.3238 0.9423
vn -0.1245 -0.4847 0.8658
vn -0.1433 -0.5604 0.8157
vn -0.2044 -0.8074 0.5534
vn -0.2006 -0.8074 -0.5548
vn -0.1377 -0.5604 -0.8167
vn -0.1186 -0.4847 -0.8666
vn -0.0780 -0.3238 -0.9429
vn -0.0502 -0.2135 -0.9756
vn -0.0423 -0.1822 -0.9824
vn -0.0517 -0.2158 0.9751
vn -0.0446 -0.1842 0.9819
vn -0.0765 -0.3272 0.9419
vn -0.1127 -0.4894 0.8647
vn -0.1296 -0.5657 0.8144
vn -0.1842 -0.8134 0.5518
vn -0.1804 -0.8134 -0.5531
vn -0.1240 -0.5657 -0.8153
vn -0.1068 -0.4894 -0.8655
vn -0.0701 -0.3272 -0.9424
vn -0.0450 -0.2158 -0.9754
vn -0.0379 -0.1842 -0.9822
vn -0.0466 -0.2178 0.9749
vn -0.0403 -0.1859 0.9817
vn -0.0687 -0.3299 0.9415
vn -0.1010 -0.4936 0.8638
vn -0.1160 -0.5703 0.8132
vn -0.1646 -0.8189 0.5498
vn -0.1609 -0.8189 -0.5509
vn -0.1104 -0.5703 -0.8140
vn -0.0950 -0.4936 -0.8645
vn -0.0622 -0.3298 -0.9420
vn -0.0399 -0.2178 -0.9752
vn -0.0335 -0.1860 -0.9820
vn -0.0413 -0.2197 0.9747
vn -0.0356 -0.1876 0.9816
vn -0.0608 -0.3328 0.9411
vn -0.0890 -0.4973 0.8630
vn -0.1021 -0.5744 0.8122
vn -0.1445 -0.8236 0.5485
vn -0.1407 -0.8236 -0.5494
vn -0.0965 -0.5744 -0.8129
vn -0.0830 -0.4973 -0.8636
vn -0.0543 -0.3328 -0.9414
vn -0.0346 -0.2197 -0.9750
vn -0.0290 -0.1875 -0.9818
vn -0.0357 -0.2214 0.9745
vn -0.0309 -0.1890 0.9815
vn -0.0523 -0.3352 0.9407
vn -0.0762 -0.5007 0.8622
vn -0.0874 -0.5782 0.8112
vn -0.1229 -0.8278 0.5475
vn -0.1191 -0.8278 -0.5483
vn -0.0818 -0.5782 -0.8118
vn -0.0703 -0.5007 -0.8628
vn -0.0458 -0.3352 -0.9410
vn -0.0290 -0.2214 -0.9748
vn -0.0241 -0.1890 -0.9817
vn -0.0295 -0.2229 0.9744
vn -0.0258 -0.1902 0.9814
vn -0.0429 -0.3375 0.9404
vn -0.0621 -0.5039 0.8615
vn -0.0711 -0.5816 0.8104
vn -0.0994 -0.8318 0.5461
vn -0.0957 -0.8318 -0.5468
vn -0.0655 -0.5816 -0.8108
vn -0.0562 -0.5039 -0.8620
vn -0.0364 -0.3375 -0.9406
vn -0.0228 -0.2229 -0.9746
vn -0.0190 -0.1902 -0.9816
vn -0.0224 -0.2243 0.9743
vn -0.0195 -0.1914 0.9813
vn -0.0320 -0.3395 0.9400
vn -0.0460 -0.5067 0.8609
vn -0.0524 -0.5846 0.8096
vn -0.0726 -0.8355 0.5446
vn -0.0691 -0.8352 -0.5455
vn -0.0468 -0.5846 -0.8100
vn -0.0400 -0.5067 -0.8612
vn -0.0256 -0.3398 -0.9401
vn -0.0157 -0.2243 -0.9744
vn -0.0128 -0.1914 -0.9814
vn -0.0138 -0.2254 0.9742
vn -0.0122 -0.1923 0.9813
vn -0.0190 -0.3412 0.9398
vn -0.0265 -0.5089 0.8604
vn -0.0299 -0.5869 0.8091
vn -0.0407 -0.8380 0.5441
vn -0.0369 -0.8380 -0.5444
vn -0.0243 -0.5869 -0.8093
vn -0.0206 -0.5089 -0.8606
vn -0.0126 -0.3412 -0.9399
vn -0.0071 -0.2254 -0.9742
vn -0.0054 -0.1923 -0.9813
vn -0.0019 -0.2262 0.9741
vn -0.0021 -0.1926 0.9813
vn -0.0010 -0.3425 0.9395
vn 0.0004 -0.5099 0.8603
vn 0.0010 -0.5877 0.8091
vn 0.0036 -0.8394 0.5434
vn 0.0073 -0.8394 -0.5434
vn 0.0066 -0.5877 -0.8090
vn 0.0062 -0.5099 -0.8602
vn 0.0054 -0.3425 -0.9395
vn 0.0048 -0.2262 -0.9741
vn 0.0046 -0.1926 -0.9813
vn 0.0145 -0.2247 0.9743
vn 0.0119 -0.1913 0.9815
vn 0.0239 -0.3409 0.9398
vn 0.0375 -0.5072 0.8610
vn 0.0436 -0.5845 0.8102
vn 0.0647 -0.8369 0.5435
vn 0.0684 -0.8369 -0.5431
vn 0.0494 -0.5845 -0.8099
vn 0.0434 -0.5072 -0.8607
vn 0.0304 -0.3410 -0.9396
vn 0.0212 -0.2249 -0.9742
vn 0.0186 -0.1913 -0.9814
vn 0.0340 -0.2204 0.9748
vn 0.0283 -0.1874 0.9819
vn 0.0533 -0.3345 0.9409
vn 0.0814 -0.4984 0.8631
vn 0.0943 -0.5743 0.8132
vn 0.1377 -0.8255 0.5473
vn 0.1415 -0.8255 -0.5463
vn 0.1000 -0.5742 -0.8126
vn 0.0873 -0.4984 -0.8625
vn 0.0598 -0.3345 -0.9405
vn 0.0405 -0.2202 -0.9746
vn 0.0350 -0.1874 -0.9817
vn 0.0545 -0.2120 0.9758
vn 0.0458 -0.1800 0.9826
vn 0.0847 -0.3218 0.9430
vn 0.1283 -0.4810 0.8673
vn 0.1486 -0.5548 0.8186
vn 0.2174 -0.8033 0.5545
vn 0.2212 -0.8033 -0.5530
vn 0.1543 -0.5548 -0.8175
vn 0.1342 -0.4810 -0.8664
vn 0.0911 -0.3218 -0.9424
vn 0.0612 -0.2120 -0.9754
vn 0.0525 -0.1800 -0.9823
vn 0.0754 -0.1988 0.9771
vn 0.0635 -0.1688 0.9836
vn 0.1167 -0.3026 0.9459
vn 0.1769 -0.4537 0.8734
vn 0.2051 -0.5245 0.8263
vn 0.3023 -0.7674 0.5654
vn 0.3062 -0.7674 -0.5633
vn 0.2107 -0.5245 -0.8249
vn 0.1828 -0.4537 -0.8722
vn 0.1232 -0.3026 -0.9451
vn 0.0821 -0.1988 -0.9766
vn 0.0703 -0.1688 -0.9831
vn 0.0959 -0.1808 0.9788
vn 0.0807 -0.1535 0.9848
vn 0.1480 -0.2761 0.9497
vn 0.2248 -0.4158 0.8812
vn 0.2613 -0.4820 0.8363
vn 0.3899 -0.7151 0.5802
vn 0.3938 -0.7151 -0.5775
vn 0.2670 -0.4820 -0.8345
vn 0.2309 -0.4158 -0.8797
vn 0.1545 -0.2761 -0.9486
vn 0.1025 -0.1809 -0.9781
vn 0.0875 -0.1535 -0.9843
vn 0.1143 -0.1587 0.9807
vn 0.0964 -0.1345 0.9862
vn 0.1767 -0.2427 0.9539
vn 0.2696 -0.3676 0.8901
vn 0.3143 -0.4275 0.8476
vn 0.4762 -0.6448 0.5979
vn 0.4803 -0.6448 -0.5946
vn 0.3201 -0.4275 -0.8455
vn 0.2757 -0.3676 -0.8882
vn 0.1833 -0.2427 -0.9526
vn 0.1211 -0.1587 -0.9799
vn 0.1032 -0.1345 -0.9855
vn 0.1301 -0.1331 0.9825
vn 0.1098 -0.1128 0.9875
vn 0.2014 -0.2040 0.9580
vn 0.3086 -0.3108 0.8990
vn 0.3610 -0.3629 0.8591
vn 0.5563 -0.5567 0.6169
vn 0.5605 -0.5567 -0.6131
vn 0.3669 -0.3628 -0.8566
vn 0.3148 -0.3108 -0.8968
vn 0.2079 -0.2040 -0.9566
vn 0.1368 -0.1331 -0.9816
vn 0.1165 -0.1128 -0.9868
vn 0.1426 -0.1056 0.9841
vn 0.1203 -0.0895 0.9887
vn 0.2209 -0.1622 0.9617
vn 0.3402 -0.2483 0.9070
vn 0.3992 -0.2909 0.8695
vn 0.6251 -0.4538 0.6350
vn 0.6295 -0.4538 -0.6307
vn 0.4052 -0.2909 -0.8667
vn 0.3464 -0.2483 -0.9046
vn 0.2275 -0.1622 -0.9602
vn 0.1493 -0.1056 -0.9831
vn 0.1271 -0.0895 -0.9878
vn 0.1516 -0.0776 0.9854
vn 0.1280 -0.0658 0.9896
vn 0.2352 -0.1194 0.9646
vn 0.3635 -0.1836 0.9133
vn 0.4278 -0.2156 0.8778
vn 0.6788 -0.3409 0.6504
vn 0.6832 -0.3409 -0.6458
vn 0.4338 -0.2156 -0.8748
vn 0.3698 -0.1835 -0.9108
vn 0.2418 -0.1194 -0.9630
vn 0.1584 -0.0776 -0.9843
vn 0.1348 -0.0658 -0.9887
vn 0.1575 -0.0503 0.9862
vn 0.1330 -0.0426 0.9902
vn 0.2445 -0.0774 0.9666
vn 0.3789 -0.1193 0.9177
vn 0.4468 -0.1406 0.8835
vn 0.7156 -0.2243 0.6615
vn 0.7201 -0.2243 -0.6566
vn 0.4528 -0.1406 -0.8804
vn 0.3852 -0.1193 -0.9151
vn 0.2511 -0.0774 -0.9649
vn 0.1643 -0.0503 -0.9851
vn 0.1398 -0.0427 -0.9893
vn 0.1606 -0.0243 0.9867
vn 0.1357 -0.0207 0.9905
vn 0.2494 -0.0375 0.9677
vn 0.3873 -0.0579 0.9202
vn 0.4571 -0.0682 0.8868
vn 0.7360 -0.1096 0.6680
vn 0.7406 -0.1096 -0.6630
vn 0.4632 -0.0682 -0.8836
vn 0.3935 -0.0579 -0.9175
vn 0.2560 -0.0375 -0.9659
vn 0.1674 -0.0243 -0.9856
vn 0.1425 -0.0207 -0.9896
vn 0.1613 -0.0059 0.9869
vn 0.1366 -0.0050 0.9906
vn 0.2501 -0.0091 0.9682
vn 0.3893 -0.0140 0.9210
vn 0.4606 -0.0166 0.8875
vn 0.7408 -0.0266 0.6711
vn 0.7454 -0.0265 -0.6661
vn 0.4667 -0.0166 -0.8843
vn 0.3956 -0.0140 -0.9183
vn 0.2568 -0.0091 -0.9664
vn 0.1681 -0.0059 -0.9858
vn 0.1434 -0.0050 -0.9897
vn 0.0736 -0.1068 0.9916
vn 0.1113 -0.1591 0.9810
vn 0.1863 -0.2632 0.9466
vn 0.2364 -0.3325 0.9130
vn 0.3727 -0.5210 0.7679
vn 0.3779 -0.5210 -0.7653
vn 0.2426 -0.3325 -0.9114
vn 0.1928 -0.2632 -0.9453
vn 0.1180 -0.1591 -0.9802
vn 0.0803 -0.1068 -0.9910
vn 0.0737 -0.0975 -0.9925
vn 0.1412 0.0845 0.9864
vn 0.1156 0.0696 0.9909
vn 0.2232 0.1325 0.9657
vn 0.3393 0.2003 0.9191
vn 0.3920 0.2311 0.8905
vn 0.6545 0.3842 0.6512
vn 0.6589 0.3842 -0.6467
vn 0.3981 0.2311 -0.8878
vn 0.3456 0.2003 -0.9168
vn 0.2298 0.1325 -0.9642
vn 0.1479 0.0845 -0.9854
vn 0.1224 0.0696 -0.9900
vn -0.0313 0.0920 0.9953
vn -0.0247 0.0701 0.9972
vn -0.0509 0.1564 0.9864
vn -0.0741 0.2332 0.9696
vn -0.0792 0.2500 0.9650
vn -0.1999 0.6505 0.7327
vn -0.1949 0.6505 -0.7341
vn -0.0726 0.2500 -0.9655
vn -0.0674 0.2332 -0.9701
vn -0.0441 0.1564 -0.9867
vn -0.0245 0.0920 -0.9955
vn -0.0178 0.0702 -0.9974
vn -0.0803 0.1068 0.9910
vn -0.0736 0.1068 -0.9916
vn 0.7898 -0.5619 0.2459
vn 0.1176 0.1535 0.9811
vn 0.0995 0.1307 0.9864
vn 0.8416 -0.5401 0.0029
vn 0.7570 -0.5014 0.4190
vn 0.1815 0.2347 0.9550
vn 0.8355 -0.5000 0.2278
vn 0.2777 0.3566 0.8920
vn 0.8408 -0.5414 -0.0047
vn 0.3247 0.4160 0.8494
vn 0.8862 -0.3748 0.2725
vn 0.4921 0.6277 0.6032
vn 0.8880 -0.3748 -0.2664
vn 0.4963 0.6277 -0.5998
vn 0.8407 -0.5414 0.0104
vn 0.3306 0.4160 -0.8472
vn 0.8371 -0.5000 -0.2220
vn 0.2838 0.3566 -0.8901
vn 0.7598 -0.5014 -0.4138
vn 0.1880 0.2347 -0.9537
vn 0.7915 -0.5619 -0.2404
vn 0.1243 0.1536 -0.9803
vn 0.1062 0.1307 -0.9857
vn 0.1093 0.1653 0.9802
vn 0.0924 0.1405 0.9858
vn 0.1685 0.2520 0.9529
vn 0.2574 0.3819 0.8876
vn 0.3002 0.4448 0.8438
vn 0.4517 0.6655 0.5943
vn 0.4557 0.6655 -0.5912
vn 0.3062 0.4447 -0.8417
vn 0.2634 0.3819 -0.8859
vn 0.1750 0.2520 -0.9518
vn 0.1160 0.1653 -0.9794
vn 0.0991 0.1405 -0.9851
vn 0.1003 0.1758 0.9793
vn 0.0848 0.1496 0.9851
vn 0.1547 0.2680 0.9509
vn 0.2358 0.4050 0.8834
vn 0.2748 0.4708 0.8384
vn 0.4101 0.6990 0.5859
vn 0.4141 0.6990 -0.5830
vn 0.2806 0.4708 -0.8365
vn 0.2418 0.4050 -0.8818
vn 0.1612 0.2679 -0.9498
vn 0.1070 0.1757 -0.9786
vn 0.0916 0.1496 -0.9845
vn 0.0908 0.1856 0.9784
vn 0.0768 0.1579 0.9845
vn 0.1401 0.2824 0.9490
vn 0.2130 0.4258 0.8794
vn 0.2481 0.4943 0.8331
vn 0.3678 0.7286 0.5778
vn 0.3717 0.7286 -0.5753
vn 0.2538 0.4943 -0.8314
vn 0.2191 0.4258 -0.8779
vn 0.1466 0.2824 -0.9480
vn 0.0975 0.1856 -0.9778
vn 0.0835 0.1579 -0.9839
vn 0.0808 0.1944 0.9776
vn 0.0683 0.1655 0.9838
vn 0.1248 0.2957 0.9471
vn 0.1897 0.4447 0.8753
vn 0.2203 0.5153 0.8282
vn 0.3246 0.7544 0.5705
vn 0.3285 0.7544 -0.5683
vn 0.2260 0.5153 -0.8267
vn 0.1957 0.4447 -0.8740
vn 0.1312 0.2956 -0.9462
vn 0.0875 0.1944 -0.9770
vn 0.0750 0.1655 -0.9833
vn 0.0702 0.2023 0.9768
vn 0.0593 0.1723 0.9833
vn 0.1086 0.3073 0.9454
vn 0.1650 0.4612 0.8718
vn 0.1915 0.5337 0.8237
vn 0.2807 0.7767 0.5639
vn 0.2845 0.7767 -0.5620
vn 0.1971 0.5337 -0.8224
vn 0.1710 0.4612 -0.8707
vn 0.1151 0.3073 -0.9446
vn 0.0769 0.2023 -0.9763
vn 0.0660 0.1723 -0.9828
vn 0.0593 0.2092 0.9761
vn 0.0499 0.1781 0.9827
vn 0.0918 0.3176 0.9438
vn 0.1394 0.4754 0.8687
vn 0.1616 0.5496 0.8196
vn 0.2360 0.7956 0.5580
vn 0.2399 0.7956 -0.5563
vn 0.1673 0.5496 -0.8185
vn 0.1453 0.4754 -0.8677
vn 0.0982 0.3176 -0.9431
vn 0.0658 0.2091 -0.9757
vn 0.0566 0.1781 -0.9824
vn 0.0476 0.2149 0.9755
vn 0.0401 0.1831 0.9823
vn 0.0741 0.3261 0.9424
vn 0.1127 0.4874 0.8659
vn 0.1308 0.5629 0.8161
vn 0.1905 0.8111 0.5529
vn 0.1944 0.8112 -0.5516
vn 0.1362 0.5631 -0.8151
vn 0.1187 0.4874 -0.8651
vn 0.0806 0.3261 -0.9419
vn 0.0543 0.2149 -0.9751
vn 0.0468 0.1831 -0.9820
vn 0.0355 0.2196 0.9750
vn 0.0298 0.1872 0.9819
vn 0.0557 0.3331 0.9413
vn 0.0851 0.4969 0.8636
vn 0.0988 0.5735 0.8132
vn 0.1440 0.8234 0.5489
vn 0.1478 0.8234 -0.5479
vn 0.1044 0.5735 -0.8125
vn 0.0910 0.4972 -0.8629
vn 0.0622 0.3332 -0.9408
vn 0.0422 0.2196 -0.9747
vn 0.0365 0.1872 -0.9817
vn 0.0230 0.2230 0.9745
vn 0.0190 0.1902 0.9816
vn 0.0367 0.3379 0.9405
vn 0.0566 0.5040 0.8619
vn 0.0659 0.5813 0.8110
vn 0.0967 0.8322 0.5460
vn 0.1005 0.8322 -0.5453
vn 0.0714 0.5813 -0.8106
vn 0.0625 0.5040 -0.8615
vn 0.0432 0.3382 -0.9401
vn 0.0297 0.2230 -0.9744
vn 0.0258 0.1902 -0.9814
vn 0.0100 0.2252 0.9743
vn 0.0080 0.1920 0.9814
vn 0.0170 0.3413 0.9398
vn 0.0272 0.5084 0.8607
vn 0.0320 0.5861 0.8096
vn 0.0478 0.8379 0.5437
vn 0.0515 0.8379 -0.5433
vn 0.0375 0.5861 -0.8094
vn 0.0331 0.5084 -0.8605
vn 0.0234 0.3413 -0.9396
vn 0.0167 0.2253 -0.9741
vn 0.0147 0.1920 -0.9813
vn -0.0047 0.2261 0.9741
vn -0.0045 0.1925 0.9813
vn -0.0053 0.3427 0.9394
vn -0.0060 0.5099 0.8602
vn -0.0063 0.5876 0.8091
vn -0.0070 0.8399 0.5426
vn -0.0032 0.8399 -0.5427
vn -0.0008 0.5876 -0.8092
vn -0.0001 0.5099 -0.8602
vn 0.0012 0.3427 -0.9395
vn 0.0020 0.2261 -0.9741
vn 0.0022 0.1925 -0.9813
vn -0.0229 0.2246 0.9742
vn -0.0200 0.1910 0.9814
vn -0.0329 0.3406 0.9396
vn -0.0471 0.5071 0.8606
vn -0.0537 0.5838 0.8101
vn -0.0747 0.8362 0.5433
vn -0.0711 0.8361 -0.5439
vn -0.0481 0.5838 -0.8105
vn -0.0412 0.5071 -0.8609
vn -0.0264 0.3406 -0.9398
vn -0.0162 0.2246 -0.9743
vn -0.0132 0.1910 -0.9815
vn -0.0436 0.2194 0.9747
vn -0.0376 0.1865 0.9817
vn -0.0644 0.3329 0.9407
vn -0.0942 0.4963 0.8630
vn -0.1080 0.5718 0.8132
vn -0.1531 0.8229 0.5471
vn -0.1493 0.8230 -0.5481
vn -0.1024 0.5718 -0.8140
vn -0.0883 0.4962 -0.8637
vn -0.0580 0.3330 -0.9411
vn -0.0370 0.2194 -0.9749
vn -0.0309 0.1865 -0.9820
vn -0.0652 0.2096 0.9756
vn -0.0560 0.1781 0.9824
vn -0.0974 0.3187 0.9428
vn -0.1436 0.4766 0.8673
vn -0.1654 0.5496 0.8189
vn -0.2374 0.7975 0.5546
vn -0.2336 0.7975 -0.5562
vn -0.1595 0.5498 -0.8199
vn -0.1377 0.4764 -0.8683
vn -0.0909 0.3187 -0.9435
vn -0.0585 0.2096 -0.9760
vn -0.0492 0.1781 -0.9828
vn -0.0868 0.1952 0.9769
vn -0.0743 0.1657 0.9834
vn -0.1305 0.2973 0.9458
vn -0.1940 0.4460 0.8738
vn -0.2236 0.5159 0.8270
vn -0.3259 0.7571 0.5662
vn -0.3221 0.7571 -0.5684
vn -0.2180 0.5158 -0.8285
vn -0.1879 0.4460 -0.8751
vn -0.1240 0.2973 -0.9467
vn -0.0802 0.1952 -0.9775
vn -0.0675 0.1657 -0.9839
vn -0.1073 0.1759 0.9785
vn -0.0916 0.1491 0.9846
vn -0.1620 0.2684 0.9496
vn -0.2425 0.4047 0.8817
vn -0.2806 0.4695 0.8371
vn -0.4157 0.6994 0.5814
vn -0.4117 0.6994 -0.5843
vn -0.2749 0.4695 -0.8390
vn -0.2364 0.4047 -0.8834
vn -0.1555 0.2684 -0.9507
vn -0.1006 0.1759 -0.9793
vn -0.0848 0.1491 -0.9852
vn -0.1255 0.1523 0.9803
vn -0.1069 0.1291 0.9859
vn -0.1902 0.2330 0.9537
vn -0.2866 0.3533 0.8905
vn -0.3330 0.4114 0.8484
vn -0.5022 0.6234 0.5994
vn -0.4981 0.6234 -0.6028
vn -0.3272 0.4113 -0.8507
vn -0.2805 0.3533 -0.8925
vn -0.1837 0.2330 -0.9550
vn -0.1188 0.1523 -0.9812
vn -0.1002 0.1291 -0.9866
vn -0.1405 0.1259 0.9820
vn -0.1196 0.1067 0.9871
vn -0.2137 0.1931 0.9576
vn -0.3240 0.2945 0.8991
vn -0.3779 0.3442 0.8595
vn -0.5802 0.5306 0.6179
vn -0.5760 0.5306 -0.6219
vn -0.3720 0.3442 -0.8620
vn -0.3178 0.2945 -0.9013
vn -0.2071 0.1931 -0.9591
vn -0.1338 0.1259 -0.9830
vn -0.1129 0.1067 -0.9879
vn -0.1519 0.0984 0.9835
vn -0.1293 0.0834 0.9881
vn -0.2317 0.1512 0.9610
vn -0.3533 0.2318 0.9064
vn -0.4135 0.2717 0.8690
vn -0.6448 0.4254 0.6351
vn -0.6404 0.4254 -0.6395
vn -0.4075 0.2717 -0.8718
vn -0.3470 0.2318 -0.9088
vn -0.2251 0.1512 -0.9625
vn -0.1452 0.0984 -0.9845
vn -0.1226 0.0834 -0.9890
vn -0.1600 0.0712 0.9845
vn -0.1362 0.0603 0.9888
vn -0.2444 0.1095 0.9635
vn -0.3741 0.1685 0.9120
vn -0.4391 0.1981 0.8763
vn -0.6932 0.3140 0.6487
vn -0.6888 0.3140 -0.6535
vn -0.4331 0.1981 -0.8793
vn -0.3678 0.1685 -0.9145
vn -0.2377 0.1095 -0.9651
vn -0.1533 0.0712 -0.9856
vn -0.1294 0.0603 -0.9898
vn -0.1650 0.0453 0.9853
vn -0.1405 0.0385 0.9893
vn -0.2522 0.0698 0.9652
vn -0.3872 0.1078 0.9157
vn -0.4555 0.1268 0.8812
vn -0.7250 0.2029 0.6582
vn -0.7205 0.2029 -0.6631
vn -0.4494 0.1270 -0.8843
vn -0.3809 0.1078 -0.9183
vn -0.2456 0.0698 -0.9669
vn -0.1583 0.0454 -0.9864
vn -0.1337 0.0385 -0.9903
vn -0.1676 0.0216 0.9856
vn -0.1427 0.0183 0.9896
vn -0.2562 0.0333 0.9660
vn -0.3940 0.0515 0.9177
vn -0.4640 0.0607 0.8837
vn -0.7417 0.0975 0.6636
vn -0.7372 0.0975 -0.6686
vn -0.4580 0.0607 -0.8869
vn -0.3877 0.0515 -0.9203
vn -0.2496 0.0333 -0.9678
vn -0.1608 0.0216 -0.9867
vn -0.1359 0.0184 -0.9906
vn -0.1681 0.0051 0.9858
vn -0.1434 0.0044 0.9897
vn -0.2567 0.0080 0.9665
vn -0.3956 0.0123 0.9183
vn -0.4667 0.0145 0.8843
vn -0.7454 0.0233 0.6662
vn -0.7409 0.0233 -0.6713
vn -0.4607 0.0145 -0.8875
vn -0.3893 0.0123 -0.9210
vn -0.2501 0.0080 -0.9682
vn -0.1613 0.0051 -0.9869
vn -0.1366 0.0044 -0.9906
vn 0.1607 -0.0050 0.9870
vn 0.1366 -0.0042 0.9906
vn 0.2487 -0.0076 0.9685
vn 0.3883 -0.0119 0.9215
vn 0.4607 -0.0141 0.8874
vn 0.7385 -0.0226 0.6739
vn 0.7431 -0.0225 -0.6688
vn 0.4668 -0.0141 -0.8842
vn 0.3946 -0.0119 -0.9188
vn 0.2553 -0.0076 -0.9668
vn 0.1675 -0.0050 -0.9859
vn 0.1434 -0.0042 -0.9897
vn 0.1597 -0.0205 0.9870
vn 0.1360 -0.0175 0.9906
vn 0.2467 -0.0315 0.9686
vn 0.3857 -0.0490 0.9213
vn 0.4583 -0.0580 0.8869
vn 0.7326 -0.0926 0.6743
vn 0.7372 -0.0925 -0.6693
vn 0.4644 -0.0580 -0.8837
vn 0.3920 -0.0490 -0.9186
vn 0.2533 -0.0315 -0.9669
vn 0.1665 -0.0205 -0.9858
vn 0.1428 -0.0176 -0.9896
vn 0.1572 -0.0425 0.9867
vn 0.1340 -0.0363 0.9903
vn 0.2429 -0.0651 0.9679
vn 0.3795 -0.1012 0.9196
vn 0.4508 -0.1199 0.8845
vn 0.7174 -0.1904 0.6701
vn 0.7220 -0.1904 -0.6652
vn 0.4568 -0.1199 -0.8814
vn 0.3857 -0.1012 -0.9170
vn 0.2495 -0.0651 -0.9662
vn 0.1639 -0.0425 -0.9856
vn 0.1408 -0.0363 -0.9894
vn 0.1528 -0.0660 0.9860
vn 0.1303 -0.0565 0.9899
vn 0.2359 -0.1010 0.9665
vn 0.3681 -0.1567 0.9165
vn 0.4367 -0.1857 0.8802
vn 0.6899 -0.2922 0.6623
vn 0.6944 -0.2922 -0.6575
vn 0.4427 -0.1857 -0.8772
vn 0.3744 -0.1567 -0.9139
vn 0.2425 -0.1010 -0.9649
vn 0.1596 -0.0660 -0.9850
vn 0.1371 -0.0565 -0.9889
vn 0.1459 -0.0907 0.9851
vn 0.1245 -0.0777 0.9892
vn 0.2251 -0.1387 0.9644
vn 0.3502 -0.2146 0.9117
vn 0.4149 -0.2537 0.8738
vn 0.6484 -0.3951 0.6507
vn 0.6529 -0.3951 -0.6463
vn 0.4209 -0.2538 -0.8709
vn 0.3565 -0.2146 -0.9093
vn 0.2317 -0.1387 -0.9628
vn 0.1527 -0.0907 -0.9841
vn 0.1313 -0.0777 -0.9883
vn 0.1362 -0.1160 0.9839
vn 0.3252 -0.2731 0.9053
vn 0.3903 -0.3221 -0.8625
vn 0.3315 -0.2731 -0.9031
vn 0.1429 -0.1160 -0.9829
vn 0.1231 -0.1412 0.9823
vn 0.1051 -0.1212 0.9870
vn 0.1893 -0.2151 0.9581
vn 0.2924 -0.3301 0.8975
vn 0.3446 -0.3881 0.8548
vn 0.5230 -0.5865 0.6185
vn 0.5272 -0.5865 -0.6149
vn 0.3505 -0.3881 -0.8524
vn 0.2986 -0.3301 -0.8955
vn 0.1959 -0.2151 -0.9567
vn 0.1298 -0.1412 -0.9814
vn 0.1119 -0.1212 -0.9863
vn 0.1066 -0.1650 0.9805
vn 0.0911 -0.1417 0.9857
vn 0.1638 -0.2507 0.9541
vn 0.2521 -0.3826 0.8888
vn 0.2961 -0.4483 0.8434
vn 0.4421 -0.6662 0.6006
vn 0.4462 -0.6663 -0.5975
vn 0.3018 -0.4484 -0.8414
vn 0.2581 -0.3826 -0.8871
vn 0.1703 -0.2506 -0.9530
vn 0.1133 -0.1650 -0.9798
vn 0.0978 -0.1417 -0.9851
vn 0.0871 -0.1859 0.9787
vn 0.0743 -0.1597 0.9844
vn 0.1338 -0.2817 0.9501
vn 0.2052 -0.4278 0.8803
vn 0.2402 -0.4996 0.8323
vn 0.3536 -0.7310 0.5836
vn 0.3576 -0.7310 -0.5811
vn 0.2460 -0.4996 -0.8306
vn 0.2112 -0.4278 -0.8789
vn 0.1403 -0.2817 -0.9492
vn 0.0938 -0.1859 -0.9781
vn 0.0811 -0.1597 -0.9838
vn 0.0652 -0.2027 0.9771
vn 0.0556 -0.1743 0.9831
vn 0.1005 -0.3066 0.9465
vn 0.1538 -0.4634 0.8727
vn 0.1797 -0.5395 0.8226
vn 0.2617 -0.7794 0.5693
vn 0.2656 -0.7794 -0.5674
vn 0.1853 -0.5395 -0.8213
vn 0.1597 -0.4633 -0.8717
vn 0.1070 -0.3066 -0.9458
vn 0.0719 -0.2027 -0.9766
vn 0.0623 -0.1743 -0.9827
vn 0.0421 -0.2147 0.9758
vn 0.0357 -0.1845 0.9822
vn 0.0654 -0.3242 0.9437
vn 0.1005 -0.4882 0.8669
vn 0.1173 -0.5670 0.8153
vn 0.1700 -0.8116 0.5589
vn 0.1739 -0.8116 -0.5578
vn 0.1229 -0.5670 -0.8145
vn 0.1064 -0.4880 -0.8663
vn 0.0719 -0.3242 -0.9433
vn 0.0488 -0.2147 -0.9755
vn 0.0425 -0.1845 -0.9819
vn 0.0190 -0.2216 0.9749
vn 0.0158 -0.1905 0.9816
vn 0.0305 -0.3344 0.9419
vn 0.0476 -0.5022 0.8634
vn 0.0560 -0.5824 0.8110
vn 0.0817 -0.8295 0.5525
vn 0.0855 -0.8295 -0.5519
vn 0.0614 -0.5825 -0.8105
vn 0.0536 -0.5022 -0.8631
vn 0.0369 -0.3344 -0.9417
vn 0.0257 -0.2216 -0.9748
vn 0.0226 -0.1905 -0.9814
vn -0.0011 -0.2242 0.9745
vn -0.0014 -0.1925 0.9813
vn 0.0002 -0.3385 0.9410
vn 0.0022 -0.5072 0.8618
vn 0.0031 -0.5875 0.8092
vn 0.0065 -0.8358 0.5490
vn 0.0103 -0.8356 -0.5493
vn 0.0087 -0.5875 -0.8092
vn 0.0081 -0.5072 -0.8618
vn 0.0066 -0.3385 -0.9410
vn 0.0056 -0.2242 -0.9745
vn 0.0053 -0.1925 -0.9813
vn -0.0166 -0.2238 0.9745
vn -0.0149 -0.1919 0.9813
vn -0.0233 -0.3380 0.9409
vn -0.0330 -0.5066 0.8615
vn -0.0376 -0.5861 0.8094
vn -0.0513 -0.8350 0.5479
vn -0.0476 -0.8350 -0.5482
vn -0.0320 -0.5861 -0.8096
vn -0.0271 -0.5066 -0.8618
vn -0.0168 -0.3380 -0.9410
vn -0.0100 -0.2238 -0.9746
vn -0.0082 -0.1919 -0.9814
vn -0.0308 -0.2215 0.9747
vn -0.0268 -0.1898 0.9814
vn -0.0446 -0.3343 0.9414
vn -0.0650 -0.5013 0.8628
vn -0.0746 -0.5806 0.8108
vn -0.1043 -0.8282 0.5506
vn -0.1005 -0.8282 -0.5514
vn -0.0691 -0.5806 -0.8112
vn -0.0591 -0.5012 -0.8633
vn -0.0381 -0.3343 -0.9417
vn -0.0241 -0.2215 -0.9749
vn -0.0201 -0.1898 -0.9816
vn -0.0452 -0.2169 0.9751
vn -0.0393 -0.1861 0.9817
vn -0.0665 -0.3279 0.9424
vn -0.0980 -0.4928 0.8646
vn -0.1130 -0.5709 0.8132
vn -0.1595 -0.8170 0.5541
vn -0.1557 -0.8170 -0.5552
vn -0.1074 -0.5709 -0.8140
vn -0.0921 -0.4928 -0.8653
vn -0.0600 -0.3280 -0.9428
vn -0.0385 -0.2169 -0.9754
vn -0.0326 -0.1861 -0.9820
vn -0.0595 -0.2110 0.9757
vn -0.0514 -0.1809 0.9822
vn -0.0881 -0.3191 0.9436
vn -0.1306 -0.4799 0.8676
vn -0.1510 -0.5569 0.8167
vn -0.2149 -0.8010 0.5588
vn -0.2111 -0.8009 -0.5603
vn -0.1454 -0.5569 -0.8177
vn -0.1246 -0.4799 -0.8684
vn -0.0816 -0.3190 -0.9442
vn -0.0528 -0.2110 -0.9760
vn -0.0447 -0.1809 -0.9825
vn -0.0727 -0.2034 0.9764
vn -0.0628 -0.1744 0.9827
vn -0.1083 -0.3080 0.9452
vn -0.1614 -0.4642 0.8709
vn -0.1870 -0.5394 0.8210
vn -0.2681 -0.7804 0.5649
vn -0.2642 -0.7804 -0.5667
vn -0.1813 -0.5394 -0.8223
vn -0.1554 -0.4642 -0.8720
vn -0.1018 -0.3080 -0.9459
vn -0.0660 -0.2034 -0.9769
vn -0.0561 -0.1744 -0.9831
vn -0.0847 -0.1950 0.9771
vn -0.0731 -0.1671 0.9832
vn -0.1266 -0.2957 0.9469
vn -0.1893 -0.4468 0.8744
vn -0.2197 -0.5196 0.8257
vn -0.3176 -0.7567 0.5714
vn -0.3136 -0.7568 -0.5735
vn -0.2140 -0.5196 -0.8271
vn -0.1833 -0.4467 -0.8757
vn -0.1201 -0.2957 -0.9477
vn -0.0781 -0.1951 -0.9777
vn -0.0663 -0.1671 -0.9837
vn -0.0950 -0.1863 0.9779
vn -0.0818 -0.1595 0.9838
vn -0.1424 -0.2828 0.9485
vn -0.2136 -0.4282 0.8781
vn -0.2484 -0.4988 0.8304
vn -0.3618 -0.7313 0.5782
vn -0.3578 -0.7313 -0.5807
vn -0.2427 -0.4988 -0.8321
vn -0.2076 -0.4282 -0.8795
vn -0.1359 -0.2828 -0.9495
vn -0.0884 -0.1864 -0.9785
vn -0.0751 -0.1595 -0.9843
vn -0.1039 -0.1779 0.9785
vn -0.0893 -0.1522 0.9843
vn -0.1558 -0.2702 0.9501
vn -0.2344 -0.4099 0.8815
vn -0.2728 -0.4781 0.8348
vn -0.4002 -0.7057 0.5846
vn -0.3962 -0.7057 -0.5874
vn -0.2671 -0.4781 -0.8367
vn -0.2283 -0.4100 -0.8831
vn -0.1493 -0.2702 -0.9512
vn -0.0971 -0.1779 -0.9792
vn -0.0825 -0.1522 -0.9849
vn -0.1109 -0.1699 0.9792
vn -0.0953 -0.1453 0.9848
vn -0.1668 -0.2585 0.9515
vn -0.2516 -0.3928 0.8845
vn -0.2932 -0.4586 0.8389
vn -0.4330 -0.6811 0.5905
vn -0.4289 -0.6810 -0.5935
vn -0.2874 -0.4586 -0.8409
vn -0.2455 -0.3928 -0.8863
vn -0.1603 -0.2585 -0.9526
vn -0.1041 -0.1699 -0.9799
vn -0.0886 -0.1453 -0.9854
vn -0.1167 -0.1628 0.9797
vn -0.1003 -0.1392 0.9852
vn -0.1758 -0.2479 0.9527
vn -0.2657 -0.3772 0.8872
vn -0.3099 -0.4409 0.8424
vn -0.4602 -0.6581 0.5959
vn -0.4561 -0.6581 -0.5990
vn -0.3041 -0.4409 -0.8445
vn -0.2596 -0.3773 -0.8890
vn -0.1693 -0.2479 -0.9539
vn -0.1100 -0.1628 -0.9805
vn -0.0935 -0.1392 -0.9858
vn -0.1214 -0.1566 0.9802
vn -0.1042 -0.1338 0.9855
vn -0.1831 -0.2386 0.9537
vn -0.2771 -0.3636 0.8894
vn -0.3234 -0.4252 0.8454
vn -0.4826 -0.6377 0.6004
vn -0.4785 -0.6377 -0.6037
vn -0.3176 -0.4252 -0.8476
vn -0.2709 -0.3635 -0.8913
vn -0.1766 -0.2386 -0.9549
vn -0.1147 -0.1566 -0.9810
vn -0.0975 -0.1337 -0.9862
vn -0.1417 -0.0750 0.9871
vn -0.1250 -0.0659 0.9900
vn -0.2128 -0.1136 0.9705
vn -0.3364 -0.1807 0.9242
vn -0.4071 -0.2191 0.8867
vn -0.6340 -0.3425 0.6933
vn -0.6292 -0.3425 -0.6977
vn -0.4010 -0.2191 -0.8895
vn -0.3301 -0.1807 -0.9265
vn -0.2061 -0.1136 -0.9719
vn -0.1349 -0.0750 -0.9880
vn -0.1182 -0.0659 -0.9908
vn 0.0737 0.0975 -0.9925
vn -0.5421 -0.8124 0.2147
vn -0.5406 -0.8124 -0.2184
vt 0.946429 0.000000
vt 0.982143 0.000000
vt 0.964286 0.000000
vt 1.000000 0.000000
vt 0.196429 0.000000
vt 0.232143 0.000000
vt 0.214286 0.000000
vt 0.178571 0.000000
vt 0.250000 0.000000
vt 0.160714 0.000000
vt 0.142857 0.000000
vt 0.267857 0.000000
vt 0.125000 0.000000
vt 0.285714 0.000000
vt 0.107143 0.000000
vt 0.089286 0.000000
vt 0.303571 0.000000
vt 0.071429 0.000000
vt 0.053571 0.000000
vt 0.321429 0.000000
vt 0.035714 0.000000
vt 0.339286 0.000000
vt 0.017857 0.000000
vt 0.000000 0.000000
vt 0.696429 0.000000
vt 0.357143 0.000000
vt 0.910714 0.000000
vt 0.892857 0.000000
vt 0.875000 0.000000
vt 0.857143 0.000000
vt 0.839286 0.000000
vt 0.821429 0.000000
vt 0.803571 0.000000
vt 0.785714 0.000000
vt 0.767857 0.000000
vt 0.750000 0.000000
vt 0.732143 0.000000
vt 0.714286 0.000000
vt 0.678571 0.000000
vt 0.660714 0.000000
vt 0.642857 0.000000
vt 0.625000 0.000000
vt 0.375000 0.000000
vt 0.607143 0.000000
vt 0.589286 0.000000
vt 0.571429 0.000000
vt 0.392857 0.000000
vt 0.553571 0.000000
vt 0.535714 0.000000
vt 0.410714 0.000000
vt 0.517857 0.000000
vt 0.928571 0.000000
vt 0.500000 0.000000
vt 0.428571 0.000000
vt 0.482143 0.000000
vt 0.464286 0.000000
vt 0.446429 0.000000
vt 0.964912 0.000000
vt 0.982456 0.000000
vt 0.017544 0.000000
vt 0.947368 0.000000
vt 0.929825 0.000000
vt 0.912281 0.000000
vt 0.035088 0.000000
vt 0.052632 0.000000
vt 0.070175 0.000000
vt 0.894737 0.000000
vt 0.087719 0.000000
vt 0.105263 0.000000
vt 0.877193 0.000000
vt 0.122807 0.000000
vt 0.456140 0.000000
vt 0.491228 0.000000
vt 0.473684 0.000000
vt 0.438596 0.000000
vt 0.140351 0.000000
vt 0.421053 0.000000
vt 0.859649 0.000000
vt 0.157895 0.000000
vt 0.403509 0.000000
vt 0.385965 0.000000
vt 0.175439 0.000000
vt 0.368421 0.000000
vt 0.192982 0.000000
vt 0.350877 0.000000
vt 0.210526 0.000000
vt 0.333333 0.000000
vt 0.842105 0.000000
vt 0.315789 0.000000
vt 0.228070 0.000000
vt 0.298246 0.000000
vt 0.245614 0.000000
vt 0.280702 0.000000
vt 0.263158 0.000000
vt 0.824561 0.000000
vt 0.807018 0.000000
vt 0.789474 0.000000
vt 0.508772 0.000000
vt 0.771930 0.000000
vt 0.526316 0.000000
vt 0.543860 0.000000
vt 0.754386 0.000000
vt 0.561404 0.000000
vt 0.578947 0.000000
vt 0.596491 0.000000
vt 0.736842 0.000000
vt 0.614035 0.000000
vt 0.631579 0.000000
vt 0.719298 0.000000
vt 0.649123 0.000000
vt 0.666667 0.000000
vt 0.701754 0.000000
vt 0.684211 0.000000
vt 0.222222 0.000000
vt 0.259259 0.000000
vt 0.240741 0.000000
vt 0.277778 0.000000
vt 0.203704 0.000000
vt 0.296296 0.000000
vt 0.185185 0.000000
vt 0.314815 0.000000
vt 0.166667 0.000000
vt 0.351852 0.000000
vt 0.962963 0.000000
vt 0.981481 0.000000
vt 0.148148 0.000000
vt 0.370370 0.000000
vt 0.388889 0.000000
vt 0.129630 0.000000
vt 0.407407 0.000000
vt 0.111111 0.000000
vt 0.425926 0.000000
vt 0.444444 0.000000
vt 0.092593 0.000000
vt 0.462963 0.000000
vt 0.074074 0.000000
vt 0.648148 0.000000
vt 0.629630 0.000000
vt 0.611111 0.000000
vt 0.592593 0.000000
vt 0.574074 0.000000
vt 0.555556 0.000000
vt 0.537037 0.000000
vt 0.518519 0.000000
vt 0.481481 0.000000
vt 0.055556 0.000000
vt 0.685185 0.000000
vt 0.037037 0.000000
vt 0.722222 0.000000
vt 0.703704 0.000000
vt 0.740741 0.000000
vt 0.759259 0.000000
vt 0.018519 0.000000
vt 0.777778 0.000000
vt 0.796296 0.000000
vt 0.870370 0.000000
vt 0.851852 0.000000
vt 0.833333 0.000000
vt 0.814815 0.000000
vt 0.888889 0.000000
vt 0.907407 0.000000
vt 0.925926 0.000000
vt 0.944444 0.000000
vt 0.941176 0.000000
vt 0.980392 0.000000
vt 0.960784 0.000000
vt 0.431373 0.000000
vt 0.470588 0.000000
vt 0.450980 0.000000
vt 0.490196 0.000000
vt 0.411765 0.000000
vt 0.509804 0.000000
vt 0.392157 0.000000
vt 0.529412 0.000000
vt 0.372549 0.000000
vt 0.549020 0.000000
vt 0.352941 0.000000
vt 0.568627 0.000000
vt 0.588235 0.000000
vt 0.313726 0.000000
vt 0.607843 0.000000
vt 0.294118 0.000000
vt 0.627451 0.000000
vt 0.274510 0.000000
vt 0.647059 0.000000
vt 0.254902 0.000000
vt 0.235294 0.000000
vt 0.686275 0.000000
vt 0.215686 0.000000
vt 0.196078 0.000000
vt 0.705882 0.000000
vt 0.725490 0.000000
vt 0.176471 0.000000
vt 0.745098 0.000000
vt 0.156863 0.000000
vt 0.764706 0.000000
vt 0.137255 0.000000
vt 0.784314 0.000000
vt 0.117647 0.000000
vt 0.803922 0.000000
vt 0.098039 0.000000
vt 0.823529 0.000000
vt 0.078431 0.000000
vt 0.843137 0.000000
vt 0.058824 0.000000
vt 0.862745 0.000000
vt 0.039216 0.000000
vt 0.882353 0.000000
vt 0.019608 0.000000
vt 0.901961 0.000000
vt 0.921569 0.000000
vt 0.474747 0.000000
vt 0.494949 0.000000
vt 0.484848 0.000000
vt 0.505050 0.000000
vt 0.101010 0.000000
vt 0.121212 0.000000
vt 0.090909 0.000000
vt 0.080808 0.000000
vt 0.131313 0.000000
vt 0.070707 0.000000
vt 0.060606 0.000000
vt 0.050505 0.000000
vt 0.141414 0.000000
vt 0.040404 0.000000
vt 0.030303 0.000000
vt 0.151515 0.000000
vt 0.020202 0.000000
vt 0.010101 0.000000
vt 0.161616 0.000000
vt 0.989899 0.000000
vt 0.979798 0.000000
vt 0.969697 0.000000
vt 0.959596 0.000000
vt 0.949495 0.000000
vt 0.939394 0.000000
vt 0.929293 0.000000
vt 0.919192 0.000000
vt 0.909091 0.000000
vt 0.898990 0.000000
vt 0.171717 0.000000
vt 0.878788 0.000000
vt 0.868687 0.000000
vt 0.181818 0.000000
vt 0.858586 0.000000
vt 0.848485 0.000000
vt 0.191919 0.000000
vt 0.838384 0.000000
vt 0.828283 0.000000
vt 0.818182 0.000000
vt 0.202020 0.000000
vt 0.808081 0.000000
vt 0.797980 0.000000
vt 0.212121 0.000000
vt 0.787879 0.000000
vt 0.767677 0.000000
vt 0.757576 0.000000
vt 0.232323 0.000000
vt 0.747475 0.000000
vt 0.242424 0.000000
vt 0.737374 0.000000
vt 0.727273 0.000000
vt 0.252525 0.000000
vt 0.717172 0.000000
vt 0.262626 0.000000
vt 0.707071 0.000000
vt 0.696970 0.000000
vt 0.272727 0.000000
vt 0.686869 0.000000
vt 0.676768 0.000000
vt 0.282828 0.000000
vt 0.656566 0.000000
vt 0.515152 0.000000
vt 0.525253 0.000000
vt 0.646465 0.000000
vt 0.535354 0.000000
vt 0.545455 0.000000
vt 0.565657 0.000000
vt 0.636364 0.000000
vt 0.575758 0.000000
vt 0.292929 0.000000
vt 0.585859 0.000000
vt 0.595960 0.000000
vt 0.626263 0.000000
vt 0.606061 0.000000
vt 0.616162 0.000000
vt 0.303030 0.000000
vt 0.313131 0.000000
vt 0.464646 0.000000
vt 0.323232 0.000000
vt 0.454545 0.000000
vt 0.434343 0.000000
vt 0.424242 0.000000
vt 0.414141 0.000000
vt 0.404040 0.000000
vt 0.343434 0.000000
vt 0.393939 0.000000
vt 0.383838 0.000000
vt 0.373737 0.000000
vt 0.353535 0.000000
vt 0.363636 0.000000
vt 0.346939 0.000000
vt 0.367347 0.000000
vt 0.377551 0.000000
vt 0.336735 0.000000
vt 0.387755 0.000000
vt 0.326531 0.000000
vt 0.397959 0.000000
vt 0.316327 0.000000
vt 0.408163 0.000000
vt 0.306122 0.000000
vt 0.418367 0.000000
vt 0.295918 0.000000
vt 0.867347 0.000000
vt 0.877551 0.000000
vt 0.887755 0.000000
vt 0.846939 0.000000
vt 0.897959 0.000000
vt 0.836735 0.000000
vt 0.438776 0.000000
vt 0.908163 0.000000
vt 0.275510 0.000000
vt 0.826531 0.000000
vt 0.918367 0.000000
vt 0.816327 0.000000
vt 0.806122 0.000000
vt 0.938776 0.000000
vt 0.795918 0.000000
vt 0.265306 0.000000
vt 0.448980 0.000000
vt 0.948980 0.000000
vt 0.959184 0.000000
vt 0.775510 0.000000
vt 0.255102 0.000000
vt 0.459184 0.000000
vt 0.969388 0.000000
vt 0.765306 0.000000
vt 0.979592 0.000000
vt 0.755102 0.000000
vt 0.244898 0.000000
vt 0.989796 0.000000
vt 0.469388 0.000000
vt 0.234694 0.000000
vt 0.479592 0.000000
vt 0.224490 0.000000
vt 0.489796 0.000000
vt 0.510204 0.000000
vt 0.520408 0.000000
vt 0.204082 0.000000
vt 0.530612 0.000000
vt 0.193878 0.000000
vt 0.540816 0.000000
vt 0.724490 0.000000
vt 0.744898 0.000000
vt 0.734694 0.000000
vt 0.551020 0.000000
vt 0.704082 0.000000
vt 0.183673 0.000000
vt 0.561224 0.000000
vt 0.693878 0.000000
vt 0.683673 0.000000
vt 0.673469 0.000000
vt 0.581633 0.000000
vt 0.663265 0.000000
vt 0.173469 0.000000
vt 0.653061 0.000000
vt 0.591837 0.000000
vt 0.602041 0.000000
vt 0.632653 0.000000
vt 0.622449 0.000000
vt 0.612245 0.000000
vt 0.163265 0.000000
vt 0.153061 0.000000
vt 0.010204 0.000000
vt 0.020408 0.000000
vt 0.030612 0.000000
vt 0.040816 0.000000
vt 0.132653 0.000000
vt 0.051020 0.000000
vt 0.061224 0.000000
vt 0.122449 0.000000
vt 0.081633 0.000000
vt 0.091837 0.000000
vt 0.112245 0.000000
vt 0.102041 0.000000
vt 0.688172 0.000000
vt 0.989247 0.000000
vt 0.698925 0.000000
vt 0.709677 0.000000
vt 0.010753 0.000000
vt 0.021505 0.000000
vt 0.032258 0.000000
vt 0.043011 0.000000
vt 0.053763 0.000000
vt 0.064516 0.000000
vt 0.978495 0.000000
vt 0.075269 0.000000
vt 0.967742 0.000000
vt 0.956989 0.000000
vt 0.946237 0.000000
vt 0.086022 0.000000
vt 0.935484 0.000000
vt 0.924731 0.000000
vt 0.913979 0.000000
vt 0.096774 0.000000
vt 0.903226 0.000000
vt 0.892473 0.000000
vt 0.881720 0.000000
vt 0.107527 0.000000
vt 0.870968 0.000000
vt 0.860215 0.000000
vt 0.118280 0.000000
vt 0.849462 0.000000
vt 0.838710 0.000000
vt 0.129032 0.000000
vt 0.827957 0.000000
vt 0.139785 0.000000
vt 0.817204 0.000000
vt 0.806452 0.000000
vt 0.150538 0.000000
vt 0.795699 0.000000
vt 0.161290 0.000000
vt 0.784946 0.000000
vt 0.172043 0.000000
vt 0.774194 0.000000
vt 0.763441 0.000000
vt 0.182796 0.000000
vt 0.752688 0.000000
vt 0.741935 0.000000
vt 0.193548 0.000000
vt 0.731183 0.000000
vt 0.720430 0.000000
vt 0.204301 0.000000
vt 0.215054 0.000000
vt 0.225806 0.000000
vt 0.236559 0.000000
vt 0.247312 0.000000
vt 0.258065 0.000000
vt 0.268817 0.000000
vt 0.655914 0.000000
vt 0.645161 0.000000
vt 0.279570 0.000000
vt 0.677419 0.000000
vt 0.634409 0.000000
vt 0.623656 0.000000
vt 0.612903 0.000000
vt 0.290323 0.000000
vt 0.602151 0.000000
vt 0.591398 0.000000
vt 0.301075 0.000000
vt 0.580645 0.000000
vt 0.311828 0.000000
vt 0.569892 0.000000
vt 0.322581 0.000000
vt 0.559140 0.000000
vt 0.548387 0.000000
vt 0.344086 0.000000
vt 0.537634 0.000000
vt 0.354839 0.000000
vt 0.365591 0.000000
vt 0.526882 0.000000
vt 0.376344 0.000000
vt 0.516129 0.000000
vt 0.387097 0.000000
vt 0.397849 0.000000
vt 0.408602 0.000000
vt 0.419355 0.000000
vt 0.430108 0.000000
vt 0.440860 0.000000
vt 0.451613 0.000000
vt 0.462366 0.000000
vt 0.473118 0.000000
vt 0.483871 0.000000
vt 0.494624 0.000000
vt 0.505376 0.000000
vt 0.000000 0.090909
vt 0.014925 0.090909
vt 0.014925 0.000000
vt 0.000000 0.181818
vt 0.014925 0.181818
vt 0.000000 0.272727
vt 0.014925 0.272727
vt 0.000000 0.363636
vt 0.014925 0.363636
vt 0.000000 0.454545
vt 0.014925 0.454545
vt 0.000000 0.545455
vt 0.014925 0.545455
vt 0.000000 0.636364
vt 0.014925 0.636364
vt 0.000000 0.727273
vt 0.014925 0.727273
vt 0.000000 0.818182
vt 0.014925 0.818182
vt 0.000000 0.909091
vt 0.014925 0.909091
vt 0.000000 1.000000
vt 0.014925 1.000000
vt 0.029851 0.090909
vt 0.029851 0.000000
vt 0.029851 0.181818
vt 0.029851 0.272727
vt 0.029851 0.363636
vt 0.029851 0.454545
vt 0.029851 0.545455
vt 0.029851 0.636364
vt 0.029851 0.727273
vt 0.029851 0.818182
vt 0.029851 0.909091
vt 0.029851 1.000000
vt 0.044776 0.090909
vt 0.044776 0.000000
vt 0.044776 0.181818
vt 0.044776 0.272727
vt 0.044776 0.363636
vt 0.044776 0.454545
vt 0.044776 0.545455
vt 0.044776 0.636364
vt 0.044776 0.727273
vt 0.044776 0.818182
vt 0.044776 0.909091
vt 0.044776 1.000000
vt 0.059701 0.090909
vt 0.059701 0.000000
vt 0.059701 0.181818
vt 0.059701 0.272727
vt 0.059701 0.363636
vt 0.059701 0.454545
vt 0.059701 0.545455
vt 0.059701 0.636364
vt 0.059701 0.727273
vt 0.059701 0.818182
vt 0.059701 0.909091
vt 0.059701 1.000000
vt 0.074627 0.090909
vt 0.074627 0.000000
vt 0.074627 0.181818
vt 0.074627 0.272727
vt 0.074627 0.363636
vt 0.074627 0.454545
vt 0.074627 0.545455
vt 0.074627 0.636364
vt 0.074627 0.727273
vt 0.074627 0.818182
vt 0.074627 0.909091
vt 0.074627 1.000000
vt 0.089552 0.090909
vt 0.089552 0.000000
vt 0.089552 0.181818
vt 0.089552 0.272727
vt 0.089552 0.363636
vt 0.089552 0.454545
vt 0.089552 0.545455
vt 0.089552 0.636364
vt 0.089552 0.727273
vt 0.089552 0.818182
vt 0.089552 0.909091
vt 0.089552 1.000000
vt 0.104478 0.090909
vt 0.104478 0.000000
vt 0.104478 0.181818
vt 0.104478 0.272727
vt 0.104478 0.363636
vt 0.104478 0.454545
vt 0.104478 0.545455
vt 0.104478 0.636364
vt 0.104478 0.727273
vt 0.104478 0.818182
vt 0.104478 0.909091
vt 0.104478 1.000000
vt 0.119403 0.090909
vt 0.119403 0.000000
vt 0.119403 0.181818
vt 0.119403 0.272727
vt 0.119403 0.363636
vt 0.119403 0.454545
vt 0.119403 0.545455
vt 0.119403 0.636364
vt 0.119403 0.727273
vt 0.119403 0.818182
vt 0.119403 0.909091
vt 0.119403 1.000000
vt 0.134328 0.090909
vt 0.134328 0.000000
vt 0.134328 0.181818
vt 0.134328 0.272727
vt 0.134328 0.363636
vt 0.134328 0.454545
vt 0.134328 0.545455
vt 0.134328 0.636364
vt 0.134328 0.727273
vt 0.134328 0.818182
vt 0.134328 0.909091
vt 0.134328 1.000000
vt 0.149254 0.090909
vt 0.149254 0.000000
vt 0.149254 0.181818
vt 0.149254 0.272727
vt 0.149254 0.363636
vt 0.149254 0.454545
vt 0.149254 0.545455
vt 0.149254 0.636364
vt 0.149254 0.727273
vt 0.149254 0.818182
vt 0.149254 0.909091
vt 0.149254 1.000000
vt 0.164179 0.090909
vt 0.164179 0.000000
vt 0.164179 0.181818
vt 0.164179 0.272727
vt 0.164179 0.363636
vt 0.164179 0.454545
vt 0.164179 0.545455
vt 0.164179 0.636364
vt 0.164179 0.727273
vt 0.164179 0.818182
vt 0.164179 0.909091
vt 0.164179 1.000000
vt 0.179104 0.090909
vt 0.179104 0.000000
vt 0.179104 0.181818
vt 0.179104 0.272727
vt 0.179104 0.363636
vt 0.179104 0.454545
vt 0.179104 0.545455
vt 0.179104 0.636364
vt 0.179104 0.727273
vt 0.179104 0.818182
vt 0.179104 0.909091
vt 0.179104 1.000000
vt 0.194030 0.090909
vt 0.194030 0.000000
vt 0.194030 0.181818
vt 0.194030 0.272727
vt 0.194030 0.363636
vt 0.194030 0.454545
vt 0.194030 0.545455
vt 0.194030 0.636364
vt 0.194030 0.727273
vt 0.194030 0.818182
vt 0.194030 0.909091
vt 0.194030 1.000000
vt 0.208955 0.090909
vt 0.208955 0.000000
vt 0.208955 0.181818
vt 0.208955 0.272727
vt 0.208955 0.363636
vt 0.208955 0.454545
vt 0.208955 0.545455
vt 0.208955 0.636364
vt 0.208955 0.727273
vt 0.208955 0.818182
vt 0.208955 0.909091
vt 0.208955 1.000000
vt 0.223881 0.090909
vt 0.223881 0.000000
vt 0.223881 0.181818
vt 0.223881 0.272727
vt 0.223881 0.363636
vt 0.223881 0.454545
vt 0.223881 0.545455
vt 0.223881 0.636364
vt 0.223881 0.727273
vt 0.223881 0.818182
vt 0.223881 0.909091
vt 0.223881 1.000000
vt 0.238806 0.090909
vt 0.238806 0.000000
vt 0.238806 0.181818
vt 0.238806 0.272727
vt 0.238806 0.363636
vt 0.238806 0.454545
vt 0.238806 0.545455
vt 0.238806 0.636364
vt 0.238806 0.727273
vt 0.238806 0.818182
vt 0.238806 0.909091
vt 0.238806 1.000000
vt 0.253731 0.090909
vt 0.253731 0.000000
vt 0.253731 0.181818
vt 0.253731 0.272727
vt 0.253731 0.363636
vt 0.253731 0.454545
vt 0.253731 0.545455
vt 0.253731 0.636364
vt 0.253731 0.727273
vt 0.253731 0.818182
vt 0.253731 0.909091
vt 0.253731 1.000000
vt 0.268657 0.090909
vt 0.268657 0.000000
vt 0.268657 0.181818
vt 0.268657 0.272727
vt 0.268657 0.363636
vt 0.268657 0.454545
vt 0.268657 0.545455
vt 0.268657 0.636364
vt 0.268657 0.727273
vt 0.268657 0.818182
vt 0.268657 0.909091
vt 0.268657 1.000000
vt 0.283582 0.090909
vt 0.283582 0.000000
vt 0.283582 0.181818
vt 0.283582 0.272727
vt 0.283582 0.363636
vt 0.283582 0.454545
vt 0.283582 0.545455
vt 0.283582 0.636364
vt 0.283582 0.727273
vt 0.283582 0.818182
vt 0.283582 0.909091
vt 0.283582 1.000000
vt 0.298507 0.090909
vt 0.298507 0.000000
vt 0.298507 0.181818
vt 0.298507 0.272727
vt 0.298507 0.363636
vt 0.298507 0.454545
vt 0.298507 0.545455
vt 0.298507 0.636364
vt 0.298507 0.727273
vt 0.298507 0.818182
vt 0.298507 0.909091
vt 0.298507 1.000000
vt 0.313433 0.090909
vt 0.313433 0.000000
vt 0.313433 0.181818
vt 0.313433 0.272727
vt 0.313433 0.363636
vt 0.313433 0.454545
vt 0.313433 0.545455
vt 0.313433 0.636364
vt 0.313433 0.727273
vt 0.313433 0.818182
vt 0.313433 0.909091
vt 0.313433 1.000000
vt 0.328358 0.090909
vt 0.328358 0.000000
vt 0.328358 0.181818
vt 0.328358 0.272727
vt 0.328358 0.363636
vt 0.328358 0.454545
vt 0.328358 0.545455
vt 0.328358 0.636364
vt 0.328358 0.727273
vt 0.328358 0.818182
vt 0.328358 0.909091
vt 0.328358 1.000000
vt 0.343284 0.090909
vt 0.343284 0.000000
vt 0.343284 0.181818
vt 0.343284 0.272727
vt 0.343284 0.363636
vt 0.343284 0.454545
vt 0.343284 0.545455
vt 0.343284 0.636364
vt 0.343284 0.727273
vt 0.343284 0.818182
vt 0.343284 0.909091
vt 0.343284 1.000000
vt 0.358209 0.090909
vt 0.358209 0.000000
vt 0.358209 0.181818
vt 0.358209 0.272727
vt 0.358209 0.363636
vt 0.358209 0.454545
vt 0.358209 0.545455
vt 0.358209 0.636364
vt 0.358209 0.727273
vt 0.358209 0.818182
vt 0.358209 0.909091
vt 0.358209 1.000000
vt 0.373134 0.090909
vt 0.373134 0.000000
vt 0.373134 0.181818
vt 0.373134 0.272727
vt 0.373134 0.363636
vt 0.373134 0.454545
vt 0.373134 0.545455
vt 0.373134 0.636364
vt 0.373134 0.727273
vt 0.373134 0.818182
vt 0.373134 0.909091
vt 0.373134 1.000000
vt 0.388060 0.090909
vt 0.388060 0.000000
vt 0.388060 0.181818
vt 0.388060 0.272727
vt 0.388060 0.363636
vt 0.388060 0.454545
vt 0.388060 0.545455
vt 0.388060 0.636364
vt 0.388060 0.727273
vt 0.388060 0.818182
vt 0.388060 0.909091
vt 0.388060 1.000000
vt 0.402985 0.090909
vt 0.402985 0.000000
vt 0.402985 0.181818
vt 0.402985 0.272727
vt 0.402985 0.363636
vt 0.402985 0.454545
vt 0.402985 0.545455
vt 0.402985 0.636364
vt 0.402985 0.727273
vt 0.402985 0.818182
vt 0.402985 0.909091
vt 0.402985 1.000000
vt 0.417910 0.090909
vt 0.417910 0.000000
vt 0.417910 0.181818
vt 0.417910 0.272727
vt 0.417910 0.363636
vt 0.417910 0.454545
vt 0.417910 0.545455
vt 0.417910 0.636364
vt 0.417910 0.727273
vt 0.417910 0.818182
vt 0.417910 0.909091
vt 0.417910 1.000000
vt 0.432836 0.090909
vt 0.432836 0.000000
vt 0.432836 0.181818
vt 0.432836 0.272727
vt 0.432836 0.363636
vt 0.432836 0.454545
vt 0.432836 0.545455
vt 0.432836 0.636364
vt 0.432836 0.727273
vt 0.432836 0.818182
vt 0.432836 0.909091
vt 0.432836 1.000000
vt 0.447761 0.090909
vt 0.447761 0.000000
vt 0.447761 0.181818
vt 0.447761 0.272727
vt 0.447761 0.363636
vt 0.447761 0.454545
vt 0.447761 0.545455
vt 0.447761 0.636364
vt 0.447761 0.727273
vt 0.447761 0.818182
vt 0.447761 0.909091
vt 0.447761 1.000000
vt 0.462687 0.090909
vt 0.462687 0.000000
vt 0.462687 0.181818
vt 0.462687 0.272727
vt 0.462687 0.363636
vt 0.462687 0.454545
vt 0.462687 0.545455
vt 0.462687 0.636364
vt 0.462687 0.727273
vt 0.462687 0.818182
vt 0.462687 0.909091
vt 0.462687 1.000000
vt 0.477612 0.090909
vt 0.477612 0.000000
vt 0.477612 0.181818
vt 0.477612 0.272727
vt 0.477612 0.363636
vt 0.477612 0.454545
vt 0.477612 0.545455
vt 0.477612 0.636364
vt 0.477612 0.727273
vt 0.477612 0.818182
vt 0.477612 0.909091
vt 0.477612 1.000000
vt 0.492537 0.090909
vt 0.492537 0.000000
vt 0.492537 0.181818
vt 0.492537 0.272727
vt 0.492537 0.363636
vt 0.492537 0.454545
vt 0.492537 0.545455
vt 0.492537 0.636364
vt 0.492537 0.727273
vt 0.492537 0.818182
vt 0.492537 0.909091
vt 0.492537 1.000000
vt 0.507463 0.090909
vt 0.507463 0.000000
vt 0.507463 0.181818
vt 0.507463 0.272727
vt 0.507463 0.363636
vt 0.507463 0.454545
vt 0.507463 0.545455
vt 0.507463 0.636364
vt 0.507463 0.727273
vt 0.507463 0.818182
vt 0.507463 0.909091
vt 0.507463 1.000000
vt 0.522388 0.090909
vt 0.522388 0.000000
vt 0.522388 0.181818
vt 0.522388 0.272727
vt 0.522388 0.363636
vt 0.522388 0.454545
vt 0.522388 0.545455
vt 0.522388 0.636364
vt 0.522388 0.727273
vt 0.522388 0.818182
vt 0.522388 0.909091
vt 0.522388 1.000000
vt 0.537313 0.090909
vt 0.537313 0.000000
vt 0.537313 0.181818
vt 0.537313 0.272727
vt 0.537313 0.363636
vt 0.537313 0.454545
vt 0.537313 0.545455
vt 0.537313 0.636364
vt 0.537313 0.727273
vt 0.537313 0.818182
vt 0.537313 0.909091
vt 0.537313 1.000000
vt 0.552239 0.090909
vt 0.552239 0.000000
vt 0.552239 0.181818
vt 0.552239 0.272727
vt 0.552239 0.363636
vt 0.552239 0.454545
vt 0.552239 0.545455
vt 0.552239 0.636364
vt 0.552239 0.727273
vt 0.552239 0.818182
vt 0.552239 0.909091
vt 0.552239 1.000000
vt 0.567164 0.090909
vt 0.567164 0.000000
vt 0.567164 0.181818
vt 0.567164 0.272727
vt 0.567164 0.363636
vt 0.567164 0.454545
vt 0.567164 0.545455
vt 0.567164 0.636364
vt 0.567164 0.727273
vt 0.567164 0.818182
vt 0.567164 0.909091
vt 0.567164 1.000000
vt 0.582090 0.090909
vt 0.582090 0.000000
vt 0.582090 0.181818
vt 0.582090 0.272727
vt 0.582090 0.363636
vt 0.582090 0.454545
vt 0.582090 0.545455
vt 0.582090 0.636364
vt 0.582090 0.727273
vt 0.582090 0.818182
vt 0.582090 0.909091
vt 0.582090 1.000000
vt 0.597015 0.090909
vt 0.597015 0.000000
vt 0.597015 0.181818
vt 0.597015 0.272727
vt 0.597015 0.363636
vt 0.597015 0.454545
vt 0.597015 0.545455
vt 0.597015 0.636364
vt 0.597015 0.727273
vt 0.597015 0.818182
vt 0.597015 0.909091
vt 0.597015 1.000000
vt 0.611940 0.090909
vt 0.611940 0.000000
vt 0.611940 0.181818
vt 0.611940 0.272727
vt 0.611940 0.363636
vt 0.611940 0.454545
vt 0.611940 0.545455
vt 0.611940 0.636364
vt 0.611940 0.727273
vt 0.611940 0.818182
vt 0.611940 0.909091
vt 0.611940 1.000000
vt 0.626866 0.090909
vt 0.626866 0.000000
vt 0.626866 0.181818
vt 0.626866 0.272727
vt 0.626866 0.363636
vt 0.626866 0.454545
vt 0.626866 0.545455
vt 0.626866 0.636364
vt 0.626866 0.727273
vt 0.626866 0.818182
vt 0.626866 0.909091
vt 0.626866 1.000000
vt 0.641791 0.090909
vt 0.641791 0.000000
vt 0.641791 0.181818
vt 0.641791 0.272727
vt 0.641791 0.363636
vt 0.641791 0.454545
vt 0.641791 0.545455
vt 0.641791 0.636364
vt 0.641791 0.727273
vt 0.641791 0.818182
vt 0.641791 0.909091
vt 0.641791 1.000000
vt 0.656716 0.090909
vt 0.656716 0.000000
vt 0.656716 0.181818
vt 0.656716 0.272727
vt 0.656716 0.363636
vt 0.656716 0.454545
vt 0.656716 0.545455
vt 0.656716 0.636364
vt 0.656716 0.727273
vt 0.656716 0.818182
vt 0.656716 0.909091
vt 0.656716 1.000000
vt 0.671642 0.090909
vt 0.671642 0.000000
vt 0.671642 0.181818
vt 0.671642 0.272727
vt 0.671642 0.363636
vt 0.671642 0.454545
vt 0.671642 0.545455
vt 0.671642 0.636364
vt 0.671642 0.727273
vt 0.671642 0.818182
vt 0.671642 0.909091
vt 0.671642 1.000000
vt 0.686567 0.090909
vt 0.686567 0.000000
vt 0.686567 0.181818
vt 0.686567 0.272727
vt 0.686567 0.363636
vt 0.686567 0.454545
vt 0.686567 0.545455
vt 0.686567 0.636364
vt 0.686567 0.727273
vt 0.686567 0.818182
vt 0.686567 0.909091
vt 0.686567 1.000000
vt 0.701493 0.090909
vt 0.701493 0.000000
vt 0.701493 0.181818
vt 0.701493 0.272727
vt 0.701493 0.363636
vt 0.701493 0.454545
vt 0.701493 0.545455
vt 0.701493 0.636364
vt 0.701493 0.727273
vt 0.701493 0.818182
vt 0.701493 0.909091
vt 0.701493 1.000000
vt 0.716418 0.090909
vt 0.716418 0.000000
vt 0.716418 0.181818
vt 0.716418 0.272727
vt 0.716418 0.363636
vt 0.716418 0.454545
vt 0.716418 0.545455
vt 0.716418 0.636364
vt 0.716418 0.727273
vt 0.716418 0.818182
vt 0.716418 0.909091
vt 0.716418 1.000000
vt 0.731343 0.090909
vt 0.731343 0.000000
vt 0.731343 0.181818
vt 0.731343 0.272727
vt 0.731343 0.363636
vt 0.731343 0.454545
vt 0.731343 0.545455
vt 0.731343 0.636364
vt 0.731343 0.727273
vt 0.731343 0.818182
vt 0.731343 0.909091
vt 0.731343 1.000000
vt 0.746269 0.090909
vt 0.746269 0.000000
vt 0.746269 0.181818
vt 0.746269 0.272727
vt 0.746269 0.363636
vt 0.746269 0.454545
vt 0.746269 0.545455
vt 0.746269 0.636364
vt 0.746269 0.727273
vt 0.746269 0.818182
vt 0.746269 0.909091
vt 0.746269 1.000000
vt 0.761194 0.090909
vt 0.761194 0.000000
vt 0.761194 0.181818
vt 0.761194 0.272727
vt 0.761194 0.363636
vt 0.761194 0.454545
vt 0.761194 0.545455
vt 0.761194 0.636364
vt 0.761194 0.727273
vt 0.761194 0.818182
vt 0.761194 0.909091
vt 0.761194 1.000000
vt 0.776119 0.090909
vt 0.776119 0.000000
vt 0.776119 0.181818
vt 0.776119 0.272727
vt 0.776119 0.363636
vt 0.776119 0.454545
vt 0.776119 0.545455
vt 0.776119 0.636364
vt 0.776119 0.727273
vt 0.776119 0.818182
vt 0.776119 0.909091
vt 0.776119 1.000000
vt 0.791045 0.090909
vt 0.791045 0.000000
vt 0.791045 0.181818
vt 0.791045 0.272727
vt 0.791045 0.363636
vt 0.791045 0.454545
vt 0.791045 0.545455
vt 0.791045 0.636364
vt 0.791045 0.727273
vt 0.791045 0.818182
vt 0.791045 0.909091
vt 0.791045 1.000000
vt 0.805970 0.090909
vt 0.805970 0.000000
vt 0.805970 0.181818
vt 0.805970 0.272727
vt 0.805970 0.363636
vt 0.805970 0.454545
vt 0.805970 0.545455
vt 0.805970 0.636364
vt 0.805970 0.727273
vt 0.805970 0.818182
vt 0.805970 0.909091
vt 0.805970 1.000000
vt 0.820895 0.090909
vt 0.820895 0.000000
vt 0.820895 0.181818
vt 0.820895 0.272727
vt 0.820895 0.363636
vt 0.820895 0.454545
vt 0.820895 0.545455
vt 0.820895 0.636364
vt 0.820895 0.727273
vt 0.820895 0.818182
vt 0.820895 0.909091
vt 0.820895 1.000000
vt 0.835821 0.090909
vt 0.835821 0.000000
vt 0.835821 0.181818
vt 0.835821 0.272727
vt 0.835821 0.363636
vt 0.835821 0.454545
vt 0.835821 0.545455
vt 0.835821 0.636364
vt 0.835821 0.727273
vt 0.835821 0.818182
vt 0.835821 0.909091
vt 0.835821 1.000000
vt 0.850746 0.090909
vt 0.850746 0.000000
vt 0.850746 0.181818
vt 0.850746 0.272727
vt 0.850746 0.363636
vt 0.850746 0.454545
vt 0.850746 0.545455
vt 0.850746 0.636364
vt 0.850746 0.727273
vt 0.850746 0.818182
vt 0.850746 0.909091
vt 0.850746 1.000000
vt 0.865672 0.090909
vt 0.865672 0.000000
vt 0.865672 0.181818
vt 0.865672 0.272727
vt 0.865672 0.363636
vt 0.865672 0.454545
vt 0.865672 0.545455
vt 0.865672 0.636364
vt 0.865672 0.727273
vt 0.865672 0.818182
vt 0.865672 0.909091
vt 0.865672 1.000000
vt 0.880597 0.090909
vt 0.880597 0.000000
vt 0.880597 0.181818
vt 0.880597 0.272727
vt 0.880597 0.363636
vt 0.880597 0.454545
vt 0.880597 0.545455
vt 0.880597 0.636364
vt 0.880597 0.727273
vt 0.880597 0.818182
vt 0.880597 0.909091
vt 0.880597 1.000000
vt 0.895522 0.090909
vt 0.895522 0.000000
vt 0.895522 0.181818
vt 0.895522 0.272727
vt 0.895522 0.363636
vt 0.895522 0.454545
vt 0.895522 0.545455
vt 0.895522 0.636364
vt 0.895522 0.727273
vt 0.895522 0.818182
vt 0.895522 0.909091
vt 0.895522 1.000000
vt 0.910448 0.090909
vt 0.910448 0.000000
vt 0.910448 0.181818
vt 0.910448 0.272727
vt 0.910448 0.363636
vt 0.910448 0.454545
vt 0.910448 0.545455
vt 0.910448 0.636364
vt 0.910448 0.727273
vt 0.910448 0.818182
vt 0.910448 0.909091
vt 0.910448 1.000000
vt 0.925373 0.090909
vt 0.925373 0.000000
vt 0.925373 0.181818
vt 0.925373 0.272727
vt 0.925373 0.363636
vt 0.925373 0.454545
vt 0.925373 0.545455
vt 0.925373 0.636364
vt 0.925373 0.727273
vt 0.925373 0.818182
vt 0.925373 0.909091
vt 0.925373 1.000000
vt 0.940298 0.090909
vt 0.940298 0.000000
vt 0.940298 0.181818
vt 0.940298 0.272727
vt 0.940298 0.363636
vt 0.940298 0.454545
vt 0.940298 0.545455
vt 0.940298 0.636364
vt 0.940298 0.727273
vt 0.940298 0.818182
vt 0.940298 0.909091
vt 0.940298 1.000000
vt 0.955224 0.090909
vt 0.955224 0.000000
vt 0.955224 0.181818
vt 0.955224 0.272727
vt 0.955224 0.363636
vt 0.955224 0.454545
vt 0.955224 0.545455
vt 0.955224 0.636364
vt 0.955224 0.727273
vt 0.955224 0.818182
vt 0.955224 0.909091
vt 0.955224 1.000000
vt 0.970149 0.090909
vt 0.970149 0.000000
vt 0.970149 0.181818
vt 0.970149 0.272727
vt 0.970149 0.363636
vt 0.970149 0.454545
vt 0.970149 0.545455
vt 0.970149 0.636364
vt 0.970149 0.727273
vt 0.970149 0.818182
vt 0.970149 0.909091
vt 0.970149 1.000000
vt 0.985075 0.090909
vt 0.985075 0.000000
vt 0.985075 0.181818
vt 0.985075 0.272727
vt 0.985075 0.363636
vt 0.985075 0.454545
vt 0.985075 0.545455
vt 0.985075 0.636364
vt 0.985075 0.727273
vt 0.985075 0.818182
vt 0.985075 0.909091
vt 0.985075 1.000000
vt 1.000000 0.090909
vt 1.000000 0.181818
vt 1.000000 0.272727
vt 1.000000 0.363636
vt 1.000000 0.454545
vt 1.000000 0.545455
vt 1.000000 0.636364
vt 1.000000 0.727273
vt 1.000000 0.818182
vt 1.000000 0.909091
vt 1.000000 1.000000
vt 0.037037 0.090909
vt 0.037037 0.181818
vt 0.037037 0.272727
vt 0.037037 0.363636
vt 0.037037 0.454545
vt 0.037037 0.545455
vt 0.037037 0.636364
vt 0.037037 0.727273
vt 0.037037 0.818182
vt 0.037037 0.909091
vt 0.037037 1.000000
vt 0.074074 0.090909
vt 0.074074 0.181818
vt 0.074074 0.272727
vt 0.074074 0.363636
vt 0.074074 0.454545
vt 0.074074 0.545455
vt 0.074074 0.636364
vt 0.074074 0.727273
vt 0.074074 0.818182
vt 0.074074 0.909091
vt 0.074074 1.000000
vt 0.111111 0.090909
vt 0.111111 0.181818
vt 0.111111 0.272727
vt 0.111111 0.363636
vt 0.111111 0.454545
vt 0.111111 0.545455
vt 0.111111 0.636364
vt 0.111111 0.727273
vt 0.111111 0.818182
vt 0.111111 0.909091
vt 0.111111 1.000000
vt 0.148148 0.090909
vt 0.148148 0.181818
vt 0.148148 0.272727
vt 0.148148 0.363636
vt 0.148148 0.454545
vt 0.148148 0.545455
vt 0.148148 0.636364
vt 0.148148 0.727273
vt 0.148148 0.818182
vt 0.148148 0.909091
vt 0.148148 1.000000
vt 0.185185 0.090909
vt 0.185185 0.181818
vt 0.185185 0.272727
vt 0.185185 0.363636
vt 0.185185 0.454545
vt 0.185185 0.545455
vt 0.185185 0.636364
vt 0.185185 0.727273
vt 0.185185 0.818182
vt 0.185185 0.909091
vt 0.185185 1.000000
vt 0.222222 0.090909
vt 0.222222 0.181818
vt 0.222222 0.272727
vt 0.222222 0.363636
vt 0.222222 0.454545
vt 0.222222 0.545455
vt 0.222222 0.636364
vt 0.222222 0.727273
vt 0.222222 0.818182
vt 0.222222 0.909091
vt 0.222222 1.000000
vt 0.259259 0.090909
vt 0.259259 0.181818
vt 0.259259 0.272727
vt 0.259259 0.363636
vt 0.259259 0.454545
vt 0.259259 0.545455
vt 0.259259 0.636364
vt 0.259259 0.727273
vt 0.259259 0.818182
vt 0.259259 0.909091
vt 0.259259 1.000000
vt 0.296296 0.090909
vt 0.296296 0.181818
vt 0.296296 0.272727
vt 0.296296 0.363636
vt 0.296296 0.454545
vt 0.296296 0.545455
vt 0.296296 0.636364
vt 0.296296 0.727273
vt 0.296296 0.818182
vt 0.296296 0.909091
vt 0.296296 1.000000
vt 0.333333 0.090909
vt 0.333333 0.181818
vt 0.333333 0.272727
vt 0.333333 0.363636
vt 0.333333 0.454545
vt 0.333333 0.545455
vt 0.333333 0.636364
vt 0.333333 0.727273
vt 0.333333 0.818182
vt 0.333333 0.909091
vt 0.333333 1.000000
vt 0.370370 0.090909
vt 0.370370 0.181818
vt 0.370370 0.272727
vt 0.370370 0.363636
vt 0.370370 0.454545
vt 0.370370 0.545455
vt 0.370370 0.636364
vt 0.370370 0.727273
vt 0.370370 0.818182
vt 0.370370 0.909091
vt 0.370370 1.000000
vt 0.407407 0.090909
vt 0.407407 0.181818
vt 0.407407 0.272727
vt 0.407407 0.363636
vt 0.407407 0.454545
vt 0.407407 0.545455
vt 0.407407 0.636364
vt 0.407407 0.727273
vt 0.407407 0.818182
vt 0.407407 0.909091
vt 0.407407 1.000000
vt 0.444444 0.090909
vt 0.444444 0.181818
vt 0.444444 0.272727
vt 0.444444 0.363636
vt 0.444444 0.454545
vt 0.444444 0.545455
vt 0.444444 0.636364
vt 0.444444 0.727273
vt 0.444444 0.818182
vt 0.444444 0.909091
vt 0.444444 1.000000
vt 0.481481 0.090909
vt 0.481481 0.181818
vt 0.481481 0.272727
vt 0.481481 0.363636
vt 0.481481 0.454545
vt 0.481481 0.545455
vt 0.481481 0.636364
vt 0.481481 0.727273
vt 0.481481 0.818182
vt 0.481481 0.909091
vt 0.481481 1.000000
vt 0.518519 0.090909
vt 0.518519 0.181818
vt 0.518519 0.272727
vt 0.518519 0.363636
vt 0.518519 0.454545
vt 0.518519 0.545455
vt 0.518519 0.636364
vt 0.518519 0.727273
vt 0.518519 0.818182
vt 0.518519 0.909091
vt 0.518519 1.000000
vt 0.555556 0.090909
vt 0.555556 0.181818
vt 0.555556 0.272727
vt 0.555556 0.363636
vt 0.555556 0.454545
vt 0.555556 0.545455
vt 0.555556 0.636364
vt 0.555556 0.727273
vt 0.555556 0.818182
vt 0.555556 0.909091
vt 0.555556 1.000000
vt 0.592593 0.090909
vt 0.592593 0.181818
vt 0.592593 0.272727
vt 0.592593 0.363636
vt 0.592593 0.454545
vt 0.592593 0.545455
vt 0.592593 0.636364
vt 0.592593 0.727273
vt 0.592593 0.818182
vt 0.592593 0.909091
vt 0.592593 1.000000
vt 0.629630 0.090909
vt 0.629630 0.181818
vt 0.629630 0.272727
vt 0.629630 0.363636
vt 0.629630 0.454545
vt 0.629630 0.545455
vt 0.629630 0.636364
vt 0.629630 0.727273
vt 0.629630 0.818182
vt 0.629630 0.909091
vt 0.629630 1.000000
vt 0.666667 0.090909
vt 0.666667 0.181818
vt 0.666667 0.272727
vt 0.666667 0.363636
vt 0.666667 0.454545
vt 0.666667 0.545455
vt 0.666667 0.636364
vt 0.666667 0.727273
vt 0.666667 0.818182
vt 0.666667 0.909091
vt 0.666667 1.000000
vt 0.703704 0.090909
vt 0.703704 0.181818
vt 0.703704 0.272727
vt 0.703704 0.363636
vt 0.703704 0.454545
vt 0.703704 0.545455
vt 0.703704 0.636364
vt 0.703704 0.727273
vt 0.703704 0.818182
vt 0.703704 0.909091
vt 0.703704 1.000000
vt 0.740741 0.090909
vt 0.740741 0.181818
vt 0.740741 0.272727
vt 0.740741 0.363636
vt 0.740741 0.454545
vt 0.740741 0.545455
vt 0.740741 0.636364
vt 0.740741 0.727273
vt 0.740741 0.818182
vt 0.740741 0.909091
vt 0.740741 1.000000
vt 0.777778 0.090909
vt 0.777778 0.181818
vt 0.777778 0.272727
vt 0.777778 0.363636
vt 0.777778 0.454545
vt 0.777778 0.545455
vt 0.777778 0.636364
vt 0.777778 0.727273
vt 0.777778 0.818182
vt 0.777778 0.909091
vt 0.777778 1.000000
vt 0.814815 0.090909
vt 0.814815 0.181818
vt 0.814815 0.272727
vt 0.814815 0.363636
vt 0.814815 0.454545
vt 0.814815 0.545455
vt 0.814815 0.636364
vt 0.814815 0.727273
vt 0.814815 0.818182
vt 0.814815 0.909091
vt 0.814815 1.000000
vt 0.851852 0.090909
vt 0.851852 0.181818
vt 0.851852 0.272727
vt 0.851852 0.363636
vt 0.851852 0.454545
vt 0.851852 0.545455
vt 0.851852 0.636364
vt 0.851852 0.727273
vt 0.851852 0.818182
vt 0.851852 0.909091
vt 0.851852 1.000000
vt 0.888889 0.090909
vt 0.888889 0.181818
vt 0.888889 0.272727
vt 0.888889 0.363636
vt 0.888889 0.454545
vt 0.888889 0.545455
vt 0.888889 0.636364
vt 0.888889 0.727273
vt 0.888889 0.818182
vt 0.888889 0.909091
vt 0.888889 1.000000
vt 0.925926 0.090909
vt 0.925926 0.181818
vt 0.925926 0.272727
vt 0.925926 0.363636
vt 0.925926 0.454545
vt 0.925926 0.545455
vt 0.925926 0.636364
vt 0.925926 0.727273
vt 0.925926 0.818182
vt 0.925926 0.909091
vt 0.925926 1.000000
vt 0.962963 0.090909
vt 0.962963 0.181818
vt 0.962963 0.272727
vt 0.962963 0.363636
vt 0.962963 0.454545
vt 0.962963 0.545455
vt 0.962963 0.636364
vt 0.962963 0.727273
vt 0.962963 0.818182
vt 0.962963 0.909091
vt 0.962963 1.000000
vt 0.013514 0.090909
vt 0.013514 0.000000
vt 0.013514 0.181818
vt 0.013514 0.272727
vt 0.013514 0.363636
vt 0.013514 0.454545
vt 0.013514 0.545455
vt 0.013514 0.636364
vt 0.013514 0.727273
vt 0.013514 0.818182
vt 0.013514 0.909091
vt 0.013514 1.000000
vt 0.027027 0.090909
vt 0.027027 0.000000
vt 0.027027 0.181818
vt 0.027027 0.272727
vt 0.027027 0.363636
vt 0.027027 0.454545
vt 0.027027 0.545455
vt 0.027027 0.636364
vt 0.027027 0.727273
vt 0.027027 0.818182
vt 0.027027 0.909091
vt 0.027027 1.000000
vt 0.040541 0.090909
vt 0.040541 0.000000
vt 0.040541 0.181818
vt 0.040541 0.272727
vt 0.040541 0.363636
vt 0.040541 0.454545
vt 0.040541 0.545455
vt 0.040541 0.636364
vt 0.040541 0.727273
vt 0.040541 0.818182
vt 0.040541 0.909091
vt 0.040541 1.000000
vt 0.054054 0.090909
vt 0.054054 0.000000
vt 0.054054 0.181818
vt 0.054054 0.272727
vt 0.054054 0.363636
vt 0.054054 0.454545
vt 0.054054 0.545455
vt 0.054054 0.636364
vt 0.054054 0.727273
vt 0.054054 0.818182
vt 0.054054 0.909091
vt 0.054054 1.000000
vt 0.067568 0.090909
vt 0.067568 0.000000
vt 0.067568 0.181818
vt 0.067568 0.272727
vt 0.067568 0.363636
vt 0.067568 0.454545
vt 0.067568 0.545455
vt 0.067568 0.636364
vt 0.067568 0.727273
vt 0.067568 0.818182
vt 0.067568 0.909091
vt 0.067568 1.000000
vt 0.081081 0.090909
vt 0.081081 0.000000
vt 0.081081 0.181818
vt 0.081081 0.272727
vt 0.081081 0.363636
vt 0.081081 0.454545
vt 0.081081 0.545455
vt 0.081081 0.636364
vt 0.081081 0.727273
vt 0.081081 0.818182
vt 0.081081 0.909091
vt 0.081081 1.000000
vt 0.094595 0.090909
vt 0.094595 0.000000
vt 0.094595 0.181818
vt 0.094595 0.272727
vt 0.094595 0.363636
vt 0.094595 0.454545
vt 0.094595 0.545455
vt 0.094595 0.636364
vt 0.094595 0.727273
vt 0.094595 0.818182
vt 0.094595 0.909091
vt 0.094595 1.000000
vt 0.108108 0.090909
vt 0.108108 0.000000
vt 0.108108 0.181818
vt 0.108108 0.272727
vt 0.108108 0.363636
vt 0.108108 0.454545
vt 0.108108 0.545455
vt 0.108108 0.636364
vt 0.108108 0.727273
vt 0.108108 0.818182
vt 0.108108 0.909091
vt 0.108108 1.000000
vt 0.121622 0.090909
vt 0.121622 0.000000
vt 0.121622 0.181818
vt 0.121622 0.272727
vt 0.121622 0.363636
vt 0.121622 0.454545
vt 0.121622 0.545455
vt 0.121622 0.636364
vt 0.121622 0.727273
vt 0.121622 0.818182
vt 0.121622 0.909091
vt 0.121622 1.000000
vt 0.135135 0.090909
vt 0.135135 0.000000
vt 0.135135 0.181818
vt 0.135135 0.272727
vt 0.135135 0.363636
vt 0.135135 0.454545
vt 0.135135 0.545455
vt 0.135135 0.636364
vt 0.135135 0.727273
vt 0.135135 0.818182
vt 0.135135 0.909091
vt 0.135135 1.000000
vt 0.148649 0.090909
vt 0.148649 0.000000
vt 0.148649 0.181818
vt 0.148649 0.272727
vt 0.148649 0.363636
vt 0.148649 0.454545
vt 0.148649 0.545455
vt 0.148649 0.636364
vt 0.148649 0.727273
vt 0.148649 0.818182
vt 0.148649 0.909091
vt 0.148649 1.000000
vt 0.162162 0.090909
vt 0.162162 0.000000
vt 0.162162 0.181818
vt 0.162162 0.272727
vt 0.162162 0.363636
vt 0.162162 0.454545
vt 0.162162 0.545455
vt 0.162162 0.636364
vt 0.162162 0.727273
vt 0.162162 0.818182
vt 0.162162 0.909091
vt 0.162162 1.000000
vt 0.175676 0.090909
vt 0.175676 0.000000
vt 0.175676 0.181818
vt 0.175676 0.272727
vt 0.175676 0.363636
vt 0.175676 0.454545
vt 0.175676 0.545455
vt 0.175676 0.636364
vt 0.175676 0.727273
vt 0.175676 0.818182
vt 0.175676 0.909091
vt 0.175676 1.000000
vt 0.189189 0.090909
vt 0.189189 0.000000
vt 0.189189 0.181818
vt 0.189189 0.272727
vt 0.189189 0.363636
vt 0.189189 0.454545
vt 0.189189 0.545455
vt 0.189189 0.636364
vt 0.189189 0.727273
vt 0.189189 0.818182
vt 0.189189 0.909091
vt 0.189189 1.000000
vt 0.202703 0.090909
vt 0.202703 0.000000
vt 0.202703 0.181818
vt 0.202703 0.272727
vt 0.202703 0.363636
vt 0.202703 0.454545
vt 0.202703 0.545455
vt 0.202703 0.636364
vt 0.202703 0.727273
vt 0.202703 0.818182
vt 0.202703 0.909091
vt 0.202703 1.000000
vt 0.216216 0.090909
vt 0.216216 0.000000
vt 0.216216 0.181818
vt 0.216216 0.272727
vt 0.216216 0.363636
vt 0.216216 0.454545
vt 0.216216 0.545455
vt 0.216216 0.636364
vt 0.216216 0.727273
vt 0.216216 0.818182
vt 0.216216 0.909091
vt 0.216216 1.000000
vt 0.229730 0.090909
vt 0.229730 0.000000
vt 0.229730 0.181818
vt 0.229730 0.272727
vt 0.229730 0.363636
vt 0.229730 0.454545
vt 0.229730 0.545455
vt 0.229730 0.636364
vt 0.229730 0.727273
vt 0.229730 0.818182
vt 0.229730 0.909091
vt 0.229730 1.000000
vt 0.243243 0.090909
vt 0.243243 0.000000
vt 0.243243 0.181818
vt 0.243243 0.272727
vt 0.243243 0.363636
vt 0.243243 0.454545
vt 0.243243 0.545455
vt 0.243243 0.636364
vt 0.243243 0.727273
vt 0.243243 0.818182
vt 0.243243 0.909091
vt 0.243243 1.000000
vt 0.256757 0.090909
vt 0.256757 0.000000
vt 0.256757 0.181818
vt 0.256757 0.272727
vt 0.256757 0.363636
vt 0.256757 0.454545
vt 0.256757 0.545455
vt 0.256757 0.636364
vt 0.256757 0.727273
vt 0.256757 0.818182
vt 0.256757 0.909091
vt 0.256757 1.000000
vt 0.270270 0.090909
vt 0.270270 0.000000
vt 0.270270 0.181818
vt 0.270270 0.272727
vt 0.270270 0.363636
vt 0.270270 0.454545
vt 0.270270 0.545455
vt 0.270270 0.636364
vt 0.270270 0.727273
vt 0.270270 0.818182
vt 0.270270 0.909091
vt 0.270270 1.000000
vt 0.283784 0.090909
vt 0.283784 0.000000
vt 0.283784 0.181818
vt 0.283784 0.272727
vt 0.283784 0.363636
vt 0.283784 0.454545
vt 0.283784 0.545455
vt 0.283784 0.636364
vt 0.283784 0.727273
vt 0.283784 0.818182
vt 0.283784 0.909091
vt 0.283784 1.000000
vt 0.297297 0.090909
vt 0.297297 0.000000
vt 0.297297 0.181818
vt 0.297297 0.272727
vt 0.297297 0.363636
vt 0.297297 0.454545
vt 0.297297 0.545455
vt 0.297297 0.636364
vt 0.297297 0.727273
vt 0.297297 0.818182
vt 0.297297 0.909091
vt 0.297297 1.000000
vt 0.310811 0.090909
vt 0.310811 0.000000
vt 0.310811 0.181818
vt 0.310811 0.272727
vt 0.310811 0.363636
vt 0.310811 0.454545
vt 0.310811 0.545455
vt 0.310811 0.636364
vt 0.310811 0.727273
vt 0.310811 0.818182
vt 0.310811 0.909091
vt 0.310811 1.000000
vt 0.324324 0.090909
vt 0.324324 0.000000
vt 0.324324 0.181818
vt 0.324324 0.272727
vt 0.324324 0.363636
vt 0.324324 0.454545
vt 0.324324 0.545455
vt 0.324324 0.636364
vt 0.324324 0.727273
vt 0.324324 0.818182
vt 0.324324 0.909091
vt 0.324324 1.000000
vt 0.337838 0.090909
vt 0.337838 0.000000
vt 0.337838 0.181818
vt 0.337838 0.272727
vt 0.337838 0.363636
vt 0.337838 0.454545
vt 0.337838 0.545455
vt 0.337838 0.636364
vt 0.337838 0.727273
vt 0.337838 0.818182
vt 0.337838 0.909091
vt 0.337838 1.000000
vt 0.351351 0.090909
vt 0.351351 0.000000
vt 0.351351 0.181818
vt 0.351351 0.272727
vt 0.351351 0.363636
vt 0.351351 0.454545
vt 0.351351 0.545455
vt 0.351351 0.636364
vt 0.351351 0.727273
vt 0.351351 0.818182
vt 0.351351 0.909091
vt 0.351351 1.000000
vt 0.364865 0.090909
vt 0.364865 0.000000
vt 0.364865 0.181818
vt 0.364865 0.272727
vt 0.364865 0.363636
vt 0.364865 0.454545
vt 0.364865 0.545455
vt 0.364865 0.636364
vt 0.364865 0.727273
vt 0.364865 0.818182
vt 0.364865 0.909091
vt 0.364865 1.000000
vt 0.378378 0.090909
vt 0.378378 0.000000
vt 0.378378 0.181818
vt 0.378378 0.272727
vt 0.378378 0.363636
vt 0.378378 0.454545
vt 0.378378 0.545455
vt 0.378378 0.636364
vt 0.378378 0.727273
vt 0.378378 0.818182
vt 0.378378 0.909091
vt 0.378378 1.000000
vt 0.391892 0.090909
vt 0.391892 0.000000
vt 0.391892 0.181818
vt 0.391892 0.272727
vt 0.391892 0.363636
vt 0.391892 0.454545
vt 0.391892 0.545455
vt 0.391892 0.636364
vt 0.391892 0.727273
vt 0.391892 0.818182
vt 0.391892 0.909091
vt 0.391892 1.000000
vt 0.405405 0.090909
vt 0.405405 0.000000
vt 0.405405 0.181818
vt 0.405405 0.272727
vt 0.405405 0.363636
vt 0.405405 0.454545
vt 0.405405 0.545455
vt 0.405405 0.636364
vt 0.405405 0.727273
vt 0.405405 0.818182
vt 0.405405 0.909091
vt 0.405405 1.000000
vt 0.418919 0.090909
vt 0.418919 0.000000
vt 0.418919 0.181818
vt 0.418919 0.272727
vt 0.418919 0.363636
vt 0.418919 0.454545
vt 0.418919 0.545455
vt 0.418919 0.636364
vt 0.418919 0.727273
vt 0.418919 0.818182
vt 0.418919 0.909091
vt 0.418919 1.000000
vt 0.432432 0.090909
vt 0.432432 0.000000
vt 0.432432 0.181818
vt 0.432432 0.272727
vt 0.432432 0.363636
vt 0.432432 0.454545
vt 0.432432 0.545455
vt 0.432432 0.636364
vt 0.432432 0.727273
vt 0.432432 0.818182
vt 0.432432 0.909091
vt 0.432432 1.000000
vt 0.445946 0.090909
vt 0.445946 0.000000
vt 0.445946 0.181818
vt 0.445946 0.272727
vt 0.445946 0.363636
vt 0.445946 0.454545
vt 0.445946 0.545455
vt 0.445946 0.636364
vt 0.445946 0.727273
vt 0.445946 0.818182
vt 0.445946 0.909091
vt 0.445946 1.000000
vt 0.459459 0.090909
vt 0.459459 0.000000
vt 0.459459 0.181818
vt 0.459459 0.272727
vt 0.459459 0.363636
vt 0.459459 0.454545
vt 0.459459 0.545455
vt 0.459459 0.636364
vt 0.459459 0.727273
vt 0.459459 0.818182
vt 0.459459 0.909091
vt 0.459459 1.000000
vt 0.472973 0.090909
vt 0.472973 0.000000
vt 0.472973 0.181818
vt 0.472973 0.272727
vt 0.472973 0.363636
vt 0.472973 0.454545
vt 0.472973 0.545455
vt 0.472973 0.636364
vt 0.472973 0.727273
vt 0.472973 0.818182
vt 0.472973 0.909091
vt 0.472973 1.000000
vt 0.486486 0.090909
vt 0.486486 0.000000
vt 0.486486 0.181818
vt 0.486486 0.272727
vt 0.486486 0.363636
vt 0.486486 0.454545
vt 0.486486 0.545455
vt 0.486486 0.636364
vt 0.486486 0.727273
vt 0.486486 0.818182
vt 0.486486 0.909091
vt 0.486486 1.000000
vt 0.500000 0.090909
vt 0.500000 0.181818
vt 0.500000 0.272727
vt 0.500000 0.363636
vt 0.500000 0.454545
vt 0.500000 0.545455
vt 0.500000 0.636364
vt 0.500000 0.727273
vt 0.500000 0.818182
vt 0.500000 0.909091
vt 0.500000 1.000000
vt 0.513514 0.090909
vt 0.513514 0.000000
vt 0.513514 0.181818
vt 0.513514 0.272727
vt 0.513514 0.363636
vt 0.513514 0.454545
vt 0.513514 0.545455
vt 0.513514 0.636364
vt 0.513514 0.727273
vt 0.513514 0.818182
vt 0.513514 0.909091
vt 0.513514 1.000000
vt 0.527027 0.090909
vt 0.527027 0.000000
vt 0.527027 0.181818
vt 0.527027 0.272727
vt 0.527027 0.363636
vt 0.527027 0.454545
vt 0.527027 0.545455
vt 0.527027 0.636364
vt 0.527027 0.727273
vt 0.527027 0.818182
vt 0.527027 0.909091
vt 0.527027 1.000000
vt 0.540541 0.090909
vt 0.540541 0.000000
vt 0.540541 0.181818
vt 0.540541 0.272727
vt 0.540541 0.363636
vt 0.540541 0.454545
vt 0.540541 0.545455
vt 0.540541 0.636364
vt 0.540541 0.727273
vt 0.540541 0.818182
vt 0.540541 0.909091
vt 0.540541 1.000000
vt 0.554054 0.090909
vt 0.554054 0.000000
vt 0.554054 0.181818
vt 0.554054 0.272727
vt 0.554054 0.363636
vt 0.554054 0.454545
vt 0.554054 0.545455
vt 0.554054 0.636364
vt 0.554054 0.727273
vt 0.554054 0.818182
vt 0.554054 0.909091
vt 0.554054 1.000000
vt 0.567568 0.090909
vt 0.567568 0.000000
vt 0.567568 0.181818
vt 0.567568 0.272727
vt 0.567568 0.363636
vt 0.567568 0.454545
vt 0.567568 0.545455
vt 0.567568 0.636364
vt 0.567568 0.727273
vt 0.567568 0.818182
vt 0.567568 0.909091
vt 0.567568 1.000000
vt 0.581081 0.090909
vt 0.581081 0.000000
vt 0.581081 0.181818
vt 0.581081 0.272727
vt 0.581081 0.363636
vt 0.581081 0.454545
vt 0.581081 0.545455
vt 0.581081 0.636364
vt 0.581081 0.727273
vt 0.581081 0.818182
vt 0.581081 0.909091
vt 0.581081 1.000000
vt 0.594595 0.090909
vt 0.594595 0.000000
vt 0.594595 0.181818
vt 0.594595 0.272727
vt 0.594595 0.363636
vt 0.594595 0.454545
vt 0.594595 0.545455
vt 0.594595 0.636364
vt 0.594595 0.727273
vt 0.594595 0.818182
vt 0.594595 0.909091
vt 0.594595 1.000000
vt 0.608108 0.090909
vt 0.608108 0.000000
vt 0.608108 0.181818
vt 0.608108 0.272727
vt 0.608108 0.363636
vt 0.608108 0.454545
vt 0.608108 0.545455
vt 0.608108 0.636364
vt 0.608108 0.727273
vt 0.608108 0.818182
vt 0.608108 0.909091
vt 0.608108 1.000000
vt 0.621622 0.090909
vt 0.621622 0.000000
vt 0.621622 0.181818
vt 0.621622 0.272727
vt 0.621622 0.363636
vt 0.621622 0.454545
vt 0.621622 0.545455
vt 0.621622 0.636364
vt 0.621622 0.727273
vt 0.621622 0.818182
vt 0.621622 0.909091
vt 0.621622 1.000000
vt 0.635135 0.090909
vt 0.635135 0.000000
vt 0.635135 0.181818
vt 0.635135 0.272727
vt 0.635135 0.363636
vt 0.635135 0.454545
vt 0.635135 0.545455
vt 0.635135 0.636364
vt 0.635135 0.727273
vt 0.635135 0.818182
vt 0.635135 0.909091
vt 0.635135 1.000000
vt 0.648649 0.090909
vt 0.648649 0.000000
vt 0.648649 0.181818
vt 0.648649 0.272727
vt 0.648649 0.363636
vt 0.648649 0.454545
vt 0.648649 0.545455
vt 0.648649 0.636364
vt 0.648649 0.727273
vt 0.648649 0.818182
vt 0.648649 0.909091
vt 0.648649 1.000000
vt 0.662162 0.090909
vt 0.662162 0.000000
vt 0.662162 0.181818
vt 0.662162 0.272727
vt 0.662162 0.363636
vt 0.662162 0.454545
vt 0.662162 0.545455
vt 0.662162 0.636364
vt 0.662162 0.727273
vt 0.662162 0.818182
vt 0.662162 0.909091
vt 0.662162 1.000000
vt 0.675676 0.090909
vt 0.675676 0.000000
vt 0.675676 0.181818
vt 0.675676 0.272727
vt 0.675676 0.363636
vt 0.675676 0.454545
vt 0.675676 0.545455
vt 0.675676 0.636364
vt 0.675676 0.727273
vt 0.675676 0.818182
vt 0.675676 0.909091
vt 0.675676 1.000000
vt 0.689189 0.090909
vt 0.689189 0.000000
vt 0.689189 0.181818
vt 0.689189 0.272727
vt 0.689189 0.363636
vt 0.689189 0.454545
vt 0.689189 0.545455
vt 0.689189 0.636364
vt 0.689189 0.727273
vt 0.689189 0.818182
vt 0.689189 0.909091
vt 0.689189 1.000000
vt 0.702703 0.090909
vt 0.702703 0.000000
vt 0.702703 0.181818
vt 0.702703 0.272727
vt 0.702703 0.363636
vt 0.702703 0.454545
vt 0.702703 0.545455
vt 0.702703 0.636364
vt 0.702703 0.727273
vt 0.702703 0.818182
vt 0.702703 0.909091
vt 0.702703 1.000000
vt 0.716216 0.090909
vt 0.716216 0.000000
vt 0.716216 0.181818
vt 0.716216 0.272727
vt 0.716216 0.363636
vt 0.716216 0.454545
vt 0.716216 0.545455
vt 0.716216 0.636364
vt 0.716216 0.727273
vt 0.716216 0.818182
vt 0.716216 0.909091
vt 0.716216 1.000000
vt 0.729730 0.090909
vt 0.729730 0.000000
vt 0.729730 0.181818
vt 0.729730 0.272727
vt 0.729730 0.363636
vt 0.729730 0.454545
vt 0.729730 0.545455
vt 0.729730 0.636364
vt 0.729730 0.727273
vt 0.729730 0.818182
vt 0.729730 0.909091
vt 0.729730 1.000000
vt 0.743243 0.090909
vt 0.743243 0.000000
vt 0.743243 0.181818
vt 0.743243 0.272727
vt 0.743243 0.363636
vt 0.743243 0.454545
vt 0.743243 0.545455
vt 0.743243 0.636364
vt 0.743243 0.727273
vt 0.743243 0.818182
vt 0.743243 0.909091
vt 0.743243 1.000000
vt 0.756757 0.090909
vt 0.756757 0.000000
vt 0.756757 0.181818
vt 0.756757 0.272727
vt 0.756757 0.363636
vt 0.756757 0.454545
vt 0.756757 0.545455
vt 0.756757 0.636364
vt 0.756757 0.727273
vt 0.756757 0.818182
vt 0.756757 0.909091
vt 0.756757 1.000000
vt 0.770270 0.090909
vt 0.770270 0.000000
vt 0.770270 0.181818
vt 0.770270 0.272727
vt 0.770270 0.363636
vt 0.770270 0.454545
vt 0.770270 0.545455
vt 0.770270 0.636364
vt 0.770270 0.727273
vt 0.770270 0.818182
vt 0.770270 0.909091
vt 0.770270 1.000000
vt 0.783784 0.090909
vt 0.783784 0.000000
vt 0.783784 0.181818
vt 0.783784 0.272727
vt 0.783784 0.363636
vt 0.783784 0.454545
vt 0.783784 0.545455
vt 0.783784 0.636364
vt 0.783784 0.727273
vt 0.783784 0.818182
vt 0.783784 0.909091
vt 0.783784 1.000000
vt 0.797297 0.090909
vt 0.797297 0.000000
vt 0.797297 0.181818
vt 0.797297 0.272727
vt 0.797297 0.363636
vt 0.797297 0.454545
vt 0.797297 0.545455
vt 0.797297 0.636364
vt 0.797297 0.727273
vt 0.797297 0.818182
vt 0.797297 0.909091
vt 0.797297 1.000000
vt 0.810811 0.090909
vt 0.810811 0.000000
vt 0.810811 0.181818
vt 0.810811 0.272727
vt 0.810811 0.363636
vt 0.810811 0.454545
vt 0.810811 0.545455
vt 0.810811 0.636364
vt 0.810811 0.727273
vt 0.810811 0.818182
vt 0.810811 0.909091
vt 0.810811 1.000000
vt 0.824324 0.090909
vt 0.824324 0.000000
vt 0.824324 0.181818
vt 0.824324 0.272727
vt 0.824324 0.363636
vt 0.824324 0.454545
vt 0.824324 0.545455
vt 0.824324 0.636364
vt 0.824324 0.727273
vt 0.824324 0.818182
vt 0.824324 0.909091
vt 0.824324 1.000000
vt 0.837838 0.090909
vt 0.837838 0.000000
vt 0.837838 0.181818
vt 0.837838 0.272727
vt 0.837838 0.363636
vt 0.837838 0.454545
vt 0.837838 0.545455
vt 0.837838 0.636364
vt 0.837838 0.727273
vt 0.837838 0.818182
vt 0.837838 0.909091
vt 0.837838 1.000000
vt 0.851351 0.090909
vt 0.851351 0.000000
vt 0.851351 0.181818
vt 0.851351 0.272727
vt 0.851351 0.363636
vt 0.851351 0.454545
vt 0.851351 0.545455
vt 0.851351 0.636364
vt 0.851351 0.727273
vt 0.851351 0.818182
vt 0.851351 0.909091
vt 0.851351 1.000000
vt 0.864865 0.090909
vt 0.864865 0.000000
vt 0.864865 0.181818
vt 0.864865 0.272727
vt 0.864865 0.363636
vt 0.864865 0.454545
vt 0.864865 0.545455
vt 0.864865 0.636364
vt 0.864865 0.727273
vt 0.864865 0.818182
vt 0.864865 0.909091
vt 0.864865 1.000000
vt 0.878378 0.090909
vt 0.878378 0.000000
vt 0.878378 0.181818
vt 0.878378 0.272727
vt 0.878378 0.363636
vt 0.878378 0.454545
vt 0.878378 0.545455
vt 0.878378 0.636364
vt 0.878378 0.727273
vt 0.878378 0.818182
vt 0.878378 0.909091
vt 0.878378 1.000000
vt 0.891892 0.090909
vt 0.891892 0.000000
vt 0.891892 0.181818
vt 0.891892 0.272727
vt 0.891892 0.363636
vt 0.891892 0.454545
vt 0.891892 0.545455
vt 0.891892 0.636364
vt 0.891892 0.727273
vt 0.891892 0.818182
vt 0.891892 0.909091
vt 0.891892 1.000000
vt 0.905405 0.090909
vt 0.905405 0.000000
vt 0.905405 0.181818
vt 0.905405 0.272727
vt 0.905405 0.363636
vt 0.905405 0.454545
vt 0.905405 0.545455
vt 0.905405 0.636364
vt 0.905405 0.727273
vt 0.905405 0.818182
vt 0.905405 0.909091
vt 0.905405 1.000000
vt 0.918919 0.090909
vt 0.918919 0.000000
vt 0.918919 0.181818
vt 0.918919 0.272727
vt 0.918919 0.363636
vt 0.918919 0.454545
vt 0.918919 0.545455
vt 0.918919 0.636364
vt 0.918919 0.727273
vt 0.918919 0.818182
vt 0.918919 0.909091
vt 0.918919 1.000000
vt 0.932432 0.090909
vt 0.932432 0.000000
vt 0.932432 0.181818
vt 0.932432 0.272727
vt 0.932432 0.363636
vt 0.932432 0.454545
vt 0.932432 0.545455
vt 0.932432 0.636364
vt 0.932432 0.727273
vt 0.932432 0.818182
vt 0.932432 0.909091
vt 0.932432 1.000000
vt 0.945946 0.090909
vt 0.945946 0.000000
vt 0.945946 0.181818
vt 0.945946 0.272727
vt 0.945946 0.363636
vt 0.945946 0.454545
vt 0.945946 0.545455
vt 0.945946 0.636364
vt 0.945946 0.727273
vt 0.945946 0.818182
vt 0.945946 0.909091
vt 0.945946 1.000000
vt 0.959459 0.090909
vt 0.959459 0.000000
vt 0.959459 0.181818
vt 0.959459 0.272727
vt 0.959459 0.363636
vt 0.959459 0.454545
vt 0.959459 0.545455
vt 0.959459 0.636364
vt 0.959459 0.727273
vt 0.959459 0.818182
vt 0.959459 0.909091
vt 0.959459 1.000000
vt 0.972973 0.090909
vt 0.972973 0.000000
vt 0.972973 0.181818
vt 0.972973 0.272727
vt 0.972973 0.363636
vt 0.972973 0.454545
vt 0.972973 0.545455
vt 0.972973 0.636364
vt 0.972973 0.727273
vt 0.972973 0.818182
vt 0.972973 0.909091
vt 0.972973 1.000000
vt 0.986486 0.090909
vt 0.986486 0.000000
vt 0.986486 0.181818
vt 0.986486 0.272727
vt 0.986486 0.363636
vt 0.986486 0.454545
vt 0.986486 0.545455
vt 0.986486 0.636364
vt 0.986486 0.727273
vt 0.986486 0.818182
vt 0.986486 0.909091
vt 0.986486 1.000000
vt 0.040000 0.090909
vt 0.040000 0.000000
vt 0.040000 0.181818
vt 0.040000 0.272727
vt 0.040000 0.363636
vt 0.040000 0.454545
vt 0.040000 0.545455
vt 0.040000 0.636364
vt 0.040000 0.727273
vt 0.040000 0.818182
vt 0.040000 0.909091
vt 0.040000 1.000000
vt 0.080000 0.090909
vt 0.080000 0.000000
vt 0.080000 0.181818
vt 0.080000 0.272727
vt 0.080000 0.363636
vt 0.080000 0.454545
vt 0.080000 0.545455
vt 0.080000 0.636364
vt 0.080000 0.727273
vt 0.080000 0.818182
vt 0.080000 0.909091
vt 0.080000 1.000000
vt 0.120000 0.090909
vt 0.120000 0.000000
vt 0.120000 0.181818
vt 0.120000 0.272727
vt 0.120000 0.363636
vt 0.120000 0.454545
vt 0.120000 0.545455
vt 0.120000 0.636364
vt 0.120000 0.727273
vt 0.120000 0.818182
vt 0.120000 0.909091
vt 0.120000 1.000000
vt 0.160000 0.090909
vt 0.160000 0.000000
vt 0.160000 0.181818
vt 0.160000 0.272727
vt 0.160000 0.363636
vt 0.160000 0.454545
vt 0.160000 0.545455
vt 0.160000 0.636364
vt 0.160000 0.727273
vt 0.160000 0.818182
vt 0.160000 0.909091
vt 0.160000 1.000000
vt 0.200000 0.090909
vt 0.200000 0.000000
vt 0.200000 0.181818
vt 0.200000 0.272727
vt 0.200000 0.363636
vt 0.200000 0.454545
vt 0.200000 0.545455
vt 0.200000 0.636364
vt 0.200000 0.727273
vt 0.200000 0.818182
vt 0.200000 0.909091
vt 0.200000 1.000000
vt 0.240000 0.090909
vt 0.240000 0.000000
vt 0.240000 0.181818
vt 0.240000 0.272727
vt 0.240000 0.363636
vt 0.240000 0.454545
vt 0.240000 0.545455
vt 0.240000 0.636364
vt 0.240000 0.727273
vt 0.240000 0.818182
vt 0.240000 0.909091
vt 0.240000 1.000000
vt 0.280000 0.090909
vt 0.280000 0.000000
vt 0.280000 0.181818
vt 0.280000 0.272727
vt 0.280000 0.363636
vt 0.280000 0.454545
vt 0.280000 0.545455
vt 0.280000 0.636364
vt 0.280000 0.727273
vt 0.280000 0.818182
vt 0.280000 0.909091
vt 0.280000 1.000000
vt 0.320000 0.090909
vt 0.320000 0.000000
vt 0.320000 0.181818
vt 0.320000 0.272727
vt 0.320000 0.363636
vt 0.320000 0.454545
vt 0.320000 0.545455
vt 0.320000 0.636364
vt 0.320000 0.727273
vt 0.320000 0.818182
vt 0.320000 0.909091
vt 0.320000 1.000000
vt 0.360000 0.090909
vt 0.360000 0.000000
vt 0.360000 0.181818
vt 0.360000 0.272727
vt 0.360000 0.363636
vt 0.360000 0.454545
vt 0.360000 0.545455
vt 0.360000 0.636364
vt 0.360000 0.727273
vt 0.360000 0.818182
vt 0.360000 0.909091
vt 0.360000 1.000000
vt 0.400000 0.090909
vt 0.400000 0.000000
vt 0.400000 0.181818
vt 0.400000 0.272727
vt 0.400000 0.363636
vt 0.400000 0.454545
vt 0.400000 0.545455
vt 0.400000 0.636364
vt 0.400000 0.727273
vt 0.400000 0.818182
vt 0.400000 0.909091
vt 0.400000 1.000000
vt 0.440000 0.090909
vt 0.440000 0.000000
vt 0.440000 0.181818
vt 0.440000 0.272727
vt 0.440000 0.363636
vt 0.440000 0.454545
vt 0.440000 0.545455
vt 0.440000 0.636364
vt 0.440000 0.727273
vt 0.440000 0.818182
vt 0.440000 0.909091
vt 0.440000 1.000000
vt 0.480000 0.090909
vt 0.480000 0.000000
vt 0.480000 0.181818
vt 0.480000 0.272727
vt 0.480000 0.363636
vt 0.480000 0.454545
vt 0.480000 0.545455
vt 0.480000 0.636364
vt 0.480000 0.727273
vt 0.480000 0.818182
vt 0.480000 0.909091
vt 0.480000 1.000000
vt 0.520000 0.090909
vt 0.520000 0.000000
vt 0.520000 0.181818
vt 0.520000 0.272727
vt 0.520000 0.363636
vt 0.520000 0.454545
vt 0.520000 0.545455
vt 0.520000 0.636364
vt 0.520000 0.727273
vt 0.520000 0.818182
vt 0.520000 0.909091
vt 0.520000 1.000000
vt 0.560000 0.090909
vt 0.560000 0.000000
vt 0.560000 0.181818
vt 0.560000 0.272727
vt 0.560000 0.363636
vt 0.560000 0.454545
vt 0.560000 0.545455
vt 0.560000 0.636364
vt 0.560000 0.727273
vt 0.560000 0.818182
vt 0.560000 0.909091
vt 0.560000 1.000000
vt 0.600000 0.090909
vt 0.600000 0.000000
vt 0.600000 0.181818
vt 0.600000 0.272727
vt 0.600000 0.363636
vt 0.600000 0.454545
vt 0.600000 0.545455
vt 0.600000 0.636364
vt 0.600000 0.727273
vt 0.600000 0.818182
vt 0.600000 0.909091
vt 0.600000 1.000000
vt 0.640000 0.090909
vt 0.640000 0.000000
vt 0.640000 0.181818
vt 0.640000 0.272727
vt 0.640000 0.363636
vt 0.640000 0.454545
vt 0.640000 0.545455
vt 0.640000 0.636364
vt 0.640000 0.727273
vt 0.640000 0.818182
vt 0.640000 0.909091
vt 0.640000 1.000000
vt 0.680000 0.090909
vt 0.680000 0.000000
vt 0.680000 0.181818
vt 0.680000 0.272727
vt 0.680000 0.363636
vt 0.680000 0.454545
vt 0.680000 0.545455
vt 0.680000 0.636364
vt 0.680000 0.727273
vt 0.680000 0.818182
vt 0.680000 0.909091
vt 0.680000 1.000000
vt 0.720000 0.090909
vt 0.720000 0.000000
vt 0.720000 0.181818
vt 0.720000 0.272727
vt 0.720000 0.363636
vt 0.720000 0.454545
vt 0.720000 0.545455
vt 0.720000 0.636364
vt 0.720000 0.727273
vt 0.720000 0.818182
vt 0.720000 0.909091
vt 0.720000 1.000000
vt 0.760000 0.090909
vt 0.760000 0.000000
vt 0.760000 0.181818
vt 0.760000 0.272727
vt 0.760000 0.363636
vt 0.760000 0.454545
vt 0.760000 0.545455
vt 0.760000 0.636364
vt 0.760000 0.727273
vt 0.760000 0.818182
vt 0.760000 0.909091
vt 0.760000 1.000000
vt 0.800000 0.090909
vt 0.800000 0.000000
vt 0.800000 0.181818
vt 0.800000 0.272727
vt 0.800000 0.363636
vt 0.800000 0.454545
vt 0.800000 0.545455
vt 0.800000 0.636364
vt 0.800000 0.727273
vt 0.800000 0.818182
vt 0.800000 0.909091
vt 0.800000 1.000000
vt 0.840000 0.090909
vt 0.840000 0.000000
vt 0.840000 0.181818
vt 0.840000 0.272727
vt 0.840000 0.363636
vt 0.840000 0.454545
vt 0.840000 0.545455
vt 0.840000 0.636364
vt 0.840000 0.727273
vt 0.840000 0.818182
vt 0.840000 0.909091
vt 0.840000 1.000000
vt 0.880000 0.090909
vt 0.880000 0.000000
vt 0.880000 0.181818
vt 0.880000 0.272727
vt 0.880000 0.363636
vt 0.880000 0.454545
vt 0.880000 0.545455
vt 0.880000 0.636364
vt 0.880000 0.727273
vt 0.880000 0.818182
vt 0.880000 0.909091
vt 0.880000 1.000000
vt 0.920000 0.090909
vt 0.920000 0.000000
vt 0.920000 0.181818
vt 0.920000 0.272727
vt 0.920000 0.363636
vt 0.920000 0.454545
vt 0.920000 0.545455
vt 0.920000 0.636364
vt 0.920000 0.727273
vt 0.920000 0.818182
vt 0.920000 0.909091
vt 0.920000 1.000000
vt 0.960000 0.090909
vt 0.960000 0.000000
vt 0.960000 0.181818
vt 0.960000 0.272727
vt 0.960000 0.363636
vt 0.960000 0.454545
vt 0.960000 0.545455
vt 0.960000 0.636364
vt 0.960000 0.727273
vt 0.960000 0.818182
vt 0.960000 0.909091
vt 0.960000 1.000000
vt 0.019608 0.090909
vt 0.019608 0.181818
vt 0.019608 0.272727
vt 0.019608 0.363636
vt 0.019608 0.454545
vt 0.019608 0.545455
vt 0.019608 0.636364
vt 0.019608 0.727273
vt 0.019608 0.818182
vt 0.019608 0.909091
vt 0.019608 1.000000
vt 0.039216 0.090909
vt 0.039216 0.181818
vt 0.039216 0.272727
vt 0.039216 0.363636
vt 0.039216 0.454545
vt 0.039216 0.545455
vt 0.039216 0.636364
vt 0.039216 0.727273
vt 0.039216 0.818182
vt 0.039216 0.909091
vt 0.039216 1.000000
vt 0.058824 0.090909
vt 0.058824 0.181818
vt 0.058824 0.272727
vt 0.058824 0.363636
vt 0.058824 0.454545
vt 0.058824 0.545455
vt 0.058824 0.636364
vt 0.058824 0.727273
vt 0.058824 0.818182
vt 0.058824 0.909091
vt 0.058824 1.000000
vt 0.078431 0.090909
vt 0.078431 0.181818
vt 0.078431 0.272727
vt 0.078431 0.363636
vt 0.078431 0.454545
vt 0.078431 0.545455
vt 0.078431 0.636364
vt 0.078431 0.727273
vt 0.078431 0.818182
vt 0.078431 0.909091
vt 0.078431 1.000000
vt 0.098039 0.090909
vt 0.098039 0.181818
vt 0.098039 0.272727
vt 0.098039 0.363636
vt 0.098039 0.454545
vt 0.098039 0.545455
vt 0.098039 0.636364
vt 0.098039 0.727273
vt 0.098039 0.818182
vt 0.098039 0.909091
vt 0.098039 1.000000
vt 0.117647 0.090909
vt 0.117647 0.181818
vt 0.117647 0.272727
vt 0.117647 0.363636
vt 0.117647 0.454545
vt 0.117647 0.545455
vt 0.117647 0.636364
vt 0.117647 0.727273
vt 0.117647 0.818182
vt 0.117647 0.909091
vt 0.117647 1.000000
vt 0.137255 0.090909
vt 0.137255 0.181818
vt 0.137255 0.272727
vt 0.137255 0.363636
vt 0.137255 0.454545
vt 0.137255 0.545455
vt 0.137255 0.636364
vt 0.137255 0.727273
vt 0.137255 0.818182
vt 0.137255 0.909091
vt 0.137255 1.000000
vt 0.156863 0.090909
vt 0.156863 0.181818
vt 0.156863 0.272727
vt 0.156863 0.363636
vt 0.156863 0.454545
vt 0.156863 0.545455
vt 0.156863 0.636364
vt 0.156863 0.727273
vt 0.156863 0.818182
vt 0.156863 0.909091
vt 0.156863 1.000000
vt 0.176471 0.090909
vt 0.176471 0.181818
vt 0.176471 0.272727
vt 0.176471 0.363636
vt 0.176471 0.454545
vt 0.176471 0.545455
vt 0.176471 0.636364
vt 0.176471 0.727273
vt 0.176471 0.818182
vt 0.176471 0.909091
vt 0.176471 1.000000
vt 0.196078 0.090909
vt 0.196078 0.181818
vt 0.196078 0.272727
vt 0.196078 0.363636
vt 0.196078 0.454545
vt 0.196078 0.545455
vt 0.196078 0.636364
vt 0.196078 0.727273
vt 0.196078 0.818182
vt 0.196078 0.909091
vt 0.196078 1.000000
vt 0.215686 0.090909
vt 0.215686 0.181818
vt 0.215686 0.272727
vt 0.215686 0.363636
vt 0.215686 0.454545
vt 0.215686 0.545455
vt 0.215686 0.636364
vt 0.215686 0.727273
vt 0.215686 0.818182
vt 0.215686 0.909091
vt 0.215686 1.000000
vt 0.235294 0.090909
vt 0.235294 0.181818
vt 0.235294 0.272727
vt 0.235294 0.363636
vt 0.235294 0.454545
vt 0.235294 0.545455
vt 0.235294 0.636364
vt 0.235294 0.727273
vt 0.235294 0.818182
vt 0.235294 0.909091
vt 0.235294 1.000000
vt 0.254902 0.090909
vt 0.254902 0.181818
vt 0.254902 0.272727
vt 0.254902 0.363636
vt 0.254902 0.454545
vt 0.254902 0.545455
vt 0.254902 0.636364
vt 0.254902 0.727273
vt 0.254902 0.818182
vt 0.254902 0.909091
vt 0.254902 1.000000
vt 0.274510 0.090909
vt 0.274510 0.181818
vt 0.274510 0.272727
vt 0.274510 0.363636
vt 0.274510 0.454545
vt 0.274510 0.545455
vt 0.274510 0.636364
vt 0.274510 0.727273
vt 0.274510 0.818182
vt 0.274510 0.909091
vt 0.274510 1.000000
vt 0.294118 0.090909
vt 0.294118 0.181818
vt 0.294118 0.272727
vt 0.294118 0.363636
vt 0.294118 0.454545
vt 0.294118 0.545455
vt 0.294118 0.636364
vt 0.294118 0.727273
vt 0.294118 0.818182
vt 0.294118 0.909091
vt 0.294118 1.000000
vt 0.313726 0.090909
vt 0.313726 0.181818
vt 0.313726 0.272727
vt 0.313726 0.363636
vt 0.313726 0.454545
vt 0.313726 0.545455
vt 0.313726 0.636364
vt 0.313726 0.727273
vt 0.313726 0.818182
vt 0.313726 0.909091
vt 0.313726 1.000000
vt 0.352941 0.090909
vt 0.352941 0.181818
vt 0.352941 0.272727
vt 0.352941 0.363636
vt 0.352941 0.454545
vt 0.352941 0.545455
vt 0.352941 0.636364
vt 0.352941 0.727273
vt 0.352941 0.818182
vt 0.352941 0.909091
vt 0.352941 1.000000
vt 0.372549 0.090909
vt 0.372549 0.181818
vt 0.372549 0.272727
vt 0.372549 0.363636
vt 0.372549 0.454545
vt 0.372549 0.545455
vt 0.372549 0.636364
vt 0.372549 0.727273
vt 0.372549 0.818182
vt 0.372549 0.909091
vt 0.372549 1.000000
vt 0.392157 0.090909
vt 0.392157 0.181818
vt 0.392157 0.272727
vt 0.392157 0.363636
vt 0.392157 0.454545
vt 0.392157 0.545455
vt 0.392157 0.636364
vt 0.392157 0.727273
vt 0.392157 0.818182
vt 0.392157 0.909091
vt 0.392157 1.000000
vt 0.411765 0.090909
vt 0.411765 0.181818
vt 0.411765 0.272727
vt 0.411765 0.363636
vt 0.411765 0.454545
vt 0.411765 0.545455
vt 0.411765 0.636364
vt 0.411765 0.727273
vt 0.411765 0.818182
vt 0.411765 0.909091
vt 0.411765 1.000000
vt 0.431373 0.090909
vt 0.431373 0.181818
vt 0.431373 0.272727
vt 0.431373 0.363636
vt 0.431373 0.454545
vt 0.431373 0.545455
vt 0.431373 0.636364
vt 0.431373 0.727273
vt 0.431373 0.818182
vt 0.431373 0.909091
vt 0.431373 1.000000
vt 0.450980 0.090909
vt 0.450980 0.181818
vt 0.450980 0.272727
vt 0.450980 0.363636
vt 0.450980 0.454545
vt 0.450980 0.545455
vt 0.450980 0.636364
vt 0.450980 0.727273
vt 0.450980 0.818182
vt 0.450980 0.909091
vt 0.450980 1.000000
vt 0.470588 0.090909
vt 0.470588 0.181818
vt 0.470588 0.272727
vt 0.470588 0.363636
vt 0.470588 0.454545
vt 0.470588 0.545455
vt 0.470588 0.636364
vt 0.470588 0.727273
vt 0.470588 0.818182
vt 0.470588 0.909091
vt 0.470588 1.000000
vt 0.490196 0.090909
vt 0.490196 0.181818
vt 0.490196 0.272727
vt 0.490196 0.363636
vt 0.490196 0.454545
vt 0.490196 0.545455
vt 0.490196 0.636364
vt 0.490196 0.727273
vt 0.490196 0.818182
vt 0.490196 0.909091
vt 0.490196 1.000000
vt 0.509804 0.090909
vt 0.509804 0.181818
vt 0.509804 0.272727
vt 0.509804 0.363636
vt 0.509804 0.454545
vt 0.509804 0.545455
vt 0.509804 0.636364
vt 0.509804 0.727273
vt 0.509804 0.818182
vt 0.509804 0.909091
vt 0.509804 1.000000
vt 0.529412 0.090909
vt 0.529412 0.181818
vt 0.529412 0.272727
vt 0.529412 0.363636
vt 0.529412 0.454545
vt 0.529412 0.545455
vt 0.529412 0.636364
vt 0.529412 0.727273
vt 0.529412 0.818182
vt 0.529412 0.909091
vt 0.529412 1.000000
vt 0.549020 0.090909
vt 0.549020 0.181818
vt 0.549020 0.272727
vt 0.549020 0.363636
vt 0.549020 0.454545
vt 0.549020 0.545455
vt 0.549020 0.636364
vt 0.549020 0.727273
vt 0.549020 0.818182
vt 0.549020 0.909091
vt 0.549020 1.000000
vt 0.568627 0.090909
vt 0.568627 0.181818
vt 0.568627 0.272727
vt 0.568627 0.363636
vt 0.568627 0.454545
vt 0.568627 0.545455
vt 0.568627 0.636364
vt 0.568627 0.727273
vt 0.568627 0.818182
vt 0.568627 0.909091
vt 0.568627 1.000000
vt 0.588235 0.090909
vt 0.588235 0.181818
vt 0.588235 0.272727
vt 0.588235 0.363636
vt 0.588235 0.454545
vt 0.588235 0.545455
vt 0.588235 0.636364
vt 0.588235 0.727273
vt 0.588235 0.818182
vt 0.588235 0.909091
vt 0.588235 1.000000
vt 0.607843 0.090909
vt 0.607843 0.181818
vt 0.607843 0.272727
vt 0.607843 0.363636
vt 0.607843 0.454545
vt 0.607843 0.545455
vt 0.607843 0.636364
vt 0.607843 0.727273
vt 0.607843 0.818182
vt 0.607843 0.909091
vt 0.607843 1.000000
vt 0.627451 0.090909
vt 0.627451 0.181818
vt 0.627451 0.272727
vt 0.627451 0.363636
vt 0.627451 0.454545
vt 0.627451 0.545455
vt 0.627451 0.636364
vt 0.627451 0.727273
vt 0.627451 0.818182
vt 0.627451 0.909091
vt 0.627451 1.000000
vt 0.647059 0.090909
vt 0.647059 0.181818
vt 0.647059 0.272727
vt 0.647059 0.363636
vt 0.647059 0.454545
vt 0.647059 0.545455
vt 0.647059 0.636364
vt 0.647059 0.727273
vt 0.647059 0.818182
vt 0.647059 0.909091
vt 0.647059 1.000000
vt 0.686275 0.090909
vt 0.686275 0.181818
vt 0.686275 0.272727
vt 0.686275 0.363636
vt 0.686275 0.454545
vt 0.686275 0.545455
vt 0.686275 0.636364
vt 0.686275 0.727273
vt 0.686275 0.818182
vt 0.686275 0.909091
vt 0.686275 1.000000
vt 0.705882 0.090909
vt 0.705882 0.181818
vt 0.705882 0.272727
vt 0.705882 0.363636
vt 0.705882 0.454545
vt 0.705882 0.545455
vt 0.705882 0.636364
vt 0.705882 0.727273
vt 0.705882 0.818182
vt 0.705882 0.909091
vt 0.705882 1.000000
vt 0.725490 0.090909
vt 0.725490 0.181818
vt 0.725490 0.272727
vt 0.725490 0.363636
vt 0.725490 0.454545
vt 0.725490 0.545455
vt 0.725490 0.636364
vt 0.725490 0.727273
vt 0.725490 0.818182
vt 0.725490 0.909091
vt 0.725490 1.000000
vt 0.745098 0.090909
vt 0.745098 0.181818
vt 0.745098 0.272727
vt 0.745098 0.363636
vt 0.745098 0.454545
vt 0.745098 0.545455
vt 0.745098 0.636364
vt 0.745098 0.727273
vt 0.745098 0.818182
vt 0.745098 0.909091
vt 0.745098 1.000000
vt 0.764706 0.090909
vt 0.764706 0.181818
vt 0.764706 0.272727
vt 0.764706 0.363636
vt 0.764706 0.454545
vt 0.764706 0.545455
vt 0.764706 0.636364
vt 0.764706 0.727273
vt 0.764706 0.818182
vt 0.764706 0.909091
vt 0.764706 1.000000
vt 0.784314 0.090909
vt 0.784314 0.181818
vt 0.784314 0.272727
vt 0.784314 0.363636
vt 0.784314 0.454545
vt 0.784314 0.545455
vt 0.784314 0.636364
vt 0.784314 0.727273
vt 0.784314 0.818182
vt 0.784314 0.909091
vt 0.784314 1.000000
vt 0.803922 0.090909
vt 0.803922 0.181818
vt 0.803922 0.272727
vt 0.803922 0.363636
vt 0.803922 0.454545
vt 0.803922 0.545455
vt 0.803922 0.636364
vt 0.803922 0.727273
vt 0.803922 0.818182
vt 0.803922 0.909091
vt 0.803922 1.000000
vt 0.823529 0.090909
vt 0.823529 0.181818
vt 0.823529 0.272727
vt 0.823529 0.363636
vt 0.823529 0.454545
vt 0.823529 0.545455
vt 0.823529 0.636364
vt 0.823529 0.727273
vt 0.823529 0.818182
vt 0.823529 0.909091
vt 0.823529 1.000000
vt 0.843137 0.090909
vt 0.843137 0.181818
vt 0.843137 0.272727
vt 0.843137 0.363636
vt 0.843137 0.454545
vt 0.843137 0.545455
vt 0.843137 0.636364
vt 0.843137 0.727273
vt 0.843137 0.818182
vt 0.843137 0.909091
vt 0.843137 1.000000
vt 0.862745 0.090909
vt 0.862745 0.181818
vt 0.862745 0.272727
vt 0.862745 0.363636
vt 0.862745 0.454545
vt 0.862745 0.545455
vt 0.862745 0.636364
vt 0.862745 0.727273
vt 0.862745 0.818182
vt 0.862745 0.909091
vt 0.862745 1.000000
vt 0.882353 0.090909
vt 0.882353 0.181818
vt 0.882353 0.272727
vt 0.882353 0.363636
vt 0.882353 0.454545
vt 0.882353 0.545455
vt 0.882353 0.636364
vt 0.882353 0.727273
vt 0.882353 0.818182
vt 0.882353 0.909091
vt 0.882353 1.000000
vt 0.901961 0.090909
vt 0.901961 0.181818
vt 0.901961 0.272727
vt 0.901961 0.363636
vt 0.901961 0.454545
vt 0.901961 0.545455
vt 0.901961 0.636364
vt 0.901961 0.727273
vt 0.901961 0.818182
vt 0.901961 0.909091
vt 0.901961 1.000000
vt 0.921569 0.090909
vt 0.921569 0.181818
vt 0.921569 0.272727
vt 0.921569 0.363636
vt 0.921569 0.454545
vt 0.921569 0.545455
vt 0.921569 0.636364
vt 0.921569 0.727273
vt 0.921569 0.818182
vt 0.921569 0.909091
vt 0.921569 1.000000
vt 0.941176 0.090909
vt 0.941176 0.181818
vt 0.941176 0.272727
vt 0.941176 0.363636
vt 0.941176 0.454545
vt 0.941176 0.545455
vt 0.941176 0.636364
vt 0.941176 0.727273
vt 0.941176 0.818182
vt 0.941176 0.909091
vt 0.941176 1.000000
vt 0.960784 0.090909
vt 0.960784 0.181818
vt 0.960784 0.272727
vt 0.960784 0.363636
vt 0.960784 0.454545
vt 0.960784 0.545455
vt 0.960784 0.636364
vt 0.960784 0.727273
vt 0.960784 0.818182
vt 0.960784 0.909091
vt 0.960784 1.000000
vt 0.980392 0.090909
vt 0.980392 0.181818
vt 0.980392 0.272727
vt 0.980392 0.363636
vt 0.980392 0.454545
vt 0.980392 0.545455
vt 0.980392 0.636364
vt 0.980392 0.727273
vt 0.980392 0.818182
vt 0.980392 0.909091
vt 0.980392 1.000000
vt 0.020408 0.090909
vt 0.020408 0.181818
vt 0.020408 0.272727
vt 0.020408 0.363636
vt 0.020408 0.454545
vt 0.020408 0.545455
vt 0.020408 0.636364
vt 0.020408 0.727273
vt 0.020408 0.818182
vt 0.020408 0.909091
vt 0.020408 1.000000
vt 0.040816 0.090909
vt 0.040816 0.181818
vt 0.040816 0.272727
vt 0.040816 0.363636
vt 0.040816 0.454545
vt 0.040816 0.545455
vt 0.040816 0.636364
vt 0.040816 0.727273
vt 0.040816 0.818182
vt 0.040816 0.909091
vt 0.040816 1.000000
vt 0.061224 0.090909
vt 0.061224 0.181818
vt 0.061224 0.272727
vt 0.061224 0.363636
vt 0.061224 0.454545
vt 0.061224 0.545455
vt 0.061224 0.636364
vt 0.061224 0.727273
vt 0.061224 0.818182
vt 0.061224 0.909091
vt 0.061224 1.000000
vt 0.081633 0.090909
vt 0.081633 0.181818
vt 0.081633 0.272727
vt 0.081633 0.363636
vt 0.081633 0.454545
vt 0.081633 0.545455
vt 0.081633 0.636364
vt 0.081633 0.727273
vt 0.081633 0.818182
vt 0.081633 0.909091
vt 0.081633 1.000000
vt 0.102041 0.090909
vt 0.102041 0.181818
vt 0.102041 0.272727
vt 0.102041 0.363636
vt 0.102041 0.454545
vt 0.102041 0.545455
vt 0.102041 0.636364
vt 0.102041 0.727273
vt 0.102041 0.818182
vt 0.102041 0.909091
vt 0.102041 1.000000
vt 0.122449 0.090909
vt 0.122449 0.181818
vt 0.122449 0.272727
vt 0.122449 0.363636
vt 0.122449 0.454545
vt 0.122449 0.545455
vt 0.122449 0.636364
vt 0.122449 0.727273
vt 0.122449 0.818182
vt 0.122449 0.909091
vt 0.122449 1.000000
vt 0.142857 0.090909
vt 0.142857 0.181818
vt 0.142857 0.272727
vt 0.142857 0.363636
vt 0.142857 0.454545
vt 0.142857 0.545455
vt 0.142857 0.636364
vt 0.142857 0.727273
vt 0.142857 0.818182
vt 0.142857 0.909091
vt 0.142857 1.000000
vt 0.163265 0.090909
vt 0.163265 0.181818
vt 0.163265 0.272727
vt 0.163265 0.363636
vt 0.163265 0.454545
vt 0.163265 0.545455
vt 0.163265 0.636364
vt 0.163265 0.727273
vt 0.163265 0.818182
vt 0.163265 0.909091
vt 0.163265 1.000000
vt 0.183673 0.090909
vt 0.183673 0.181818
vt 0.183673 0.272727
vt 0.183673 0.363636
vt 0.183673 0.454545
vt 0.183673 0.545455
vt 0.183673 0.636364
vt 0.183673 0.727273
vt 0.183673 0.818182
vt 0.183673 0.909091
vt 0.183673 1.000000
vt 0.204082 0.090909
vt 0.204082 0.181818
vt 0.204082 0.272727
vt 0.204082 0.363636
vt 0.204082 0.454545
vt 0.204082 0.545455
vt 0.204082 0.636364
vt 0.204082 0.727273
vt 0.204082 0.818182
vt 0.204082 0.909091
vt 0.204082 1.000000
vt 0.224490 0.090909
vt 0.224490 0.181818
vt 0.224490 0.272727
vt 0.224490 0.363636
vt 0.224490 0.454545
vt 0.224490 0.545455
vt 0.224490 0.636364
vt 0.224490 0.727273
vt 0.224490 0.818182
vt 0.224490 0.909091
vt 0.224490 1.000000
vt 0.244898 0.090909
vt 0.244898 0.181818
vt 0.244898 0.272727
vt 0.244898 0.363636
vt 0.244898 0.454545
vt 0.244898 0.545455
vt 0.244898 0.636364
vt 0.244898 0.727273
vt 0.244898 0.818182
vt 0.244898 0.909091
vt 0.244898 1.000000
vt 0.265306 0.090909
vt 0.265306 0.181818
vt 0.265306 0.272727
vt 0.265306 0.363636
vt 0.265306 0.454545
vt 0.265306 0.545455
vt 0.265306 0.636364
vt 0.265306 0.727273
vt 0.265306 0.818182
vt 0.265306 0.909091
vt 0.265306 1.000000
vt 0.285714 0.090909
vt 0.285714 0.181818
vt 0.285714 0.272727
vt 0.285714 0.363636
vt 0.285714 0.454545
vt 0.285714 0.545455
vt 0.285714 0.636364
vt 0.285714 0.727273
vt 0.285714 0.818182
vt 0.285714 0.909091
vt 0.285714 1.000000
vt 0.306122 0.090909
vt 0.306122 0.181818
vt 0.306122 0.272727
vt 0.306122 0.363636
vt 0.306122 0.454545
vt 0.306122 0.545455
vt 0.306122 0.636364
vt 0.306122 0.727273
vt 0.306122 0.818182
vt 0.306122 0.909091
vt 0.306122 1.000000
vt 0.326531 0.090909
vt 0.326531 0.181818
vt 0.326531 0.272727
vt 0.326531 0.363636
vt 0.326531 0.454545
vt 0.326531 0.545455
vt 0.326531 0.636364
vt 0.326531 0.727273
vt 0.326531 0.818182
vt 0.326531 0.909091
vt 0.326531 1.000000
vt 0.346939 0.090909
vt 0.346939 0.181818
vt 0.346939 0.272727
vt 0.346939 0.363636
vt 0.346939 0.454545
vt 0.346939 0.545455
vt 0.346939 0.636364
vt 0.346939 0.727273
vt 0.346939 0.818182
vt 0.346939 0.909091
vt 0.346939 1.000000
vt 0.367347 0.090909
vt 0.367347 0.181818
vt 0.367347 0.272727
vt 0.367347 0.363636
vt 0.367347 0.454545
vt 0.367347 0.545455
vt 0.367347 0.636364
vt 0.367347 0.727273
vt 0.367347 0.818182
vt 0.367347 0.909091
vt 0.367347 1.000000
vt 0.387755 0.090909
vt 0.387755 0.181818
vt 0.387755 0.272727
vt 0.387755 0.363636
vt 0.387755 0.454545
vt 0.387755 0.545455
vt 0.387755 0.636364
vt 0.387755 0.727273
vt 0.387755 0.818182
vt 0.387755 0.909091
vt 0.387755 1.000000
vt 0.408163 0.090909
vt 0.408163 0.181818
vt 0.408163 0.272727
vt 0.408163 0.363636
vt 0.408163 0.454545
vt 0.408163 0.545455
vt 0.408163 0.636364
vt 0.408163 0.727273
vt 0.408163 0.818182
vt 0.408163 0.909091
vt 0.408163 1.000000
vt 0.428571 0.090909
vt 0.428571 0.181818
vt 0.428571 0.272727
vt 0.428571 0.363636
vt 0.428571 0.454545
vt 0.428571 0.545455
vt 0.428571 0.636364
vt 0.428571 0.727273
vt 0.428571 0.818182
vt 0.428571 0.909091
vt 0.428571 1.000000
vt 0.448980 0.090909
vt 0.448980 0.181818
vt 0.448980 0.272727
vt 0.448980 0.363636
vt 0.448980 0.454545
vt 0.448980 0.545455
vt 0.448980 0.636364
vt 0.448980 0.727273
vt 0.448980 0.818182
vt 0.448980 0.909091
vt 0.448980 1.000000
vt 0.469388 0.090909
vt 0.469388 0.181818
vt 0.469388 0.272727
vt 0.469388 0.363636
vt 0.469388 0.454545
vt 0.469388 0.545455
vt 0.469388 0.636364
vt 0.469388 0.727273
vt 0.469388 0.818182
vt 0.469388 0.909091
vt 0.469388 1.000000
vt 0.489796 0.090909
vt 0.489796 0.181818
vt 0.489796 0.272727
vt 0.489796 0.363636
vt 0.489796 0.454545
vt 0.489796 0.545455
vt 0.489796 0.636364
vt 0.489796 0.727273
vt 0.489796 0.818182
vt 0.489796 0.909091
vt 0.489796 1.000000
vt 0.510204 0.090909
vt 0.510204 0.181818
vt 0.510204 0.272727
vt 0.510204 0.363636
vt 0.510204 0.454545
vt 0.510204 0.545455
vt 0.510204 0.636364
vt 0.510204 0.727273
vt 0.510204 0.818182
vt 0.510204 0.909091
vt 0.510204 1.000000
vt 0.530612 0.090909
vt 0.530612 0.181818
vt 0.530612 0.272727
vt 0.530612 0.363636
vt 0.530612 0.454545
vt 0.530612 0.545455
vt 0.530612 0.636364
vt 0.530612 0.727273
vt 0.530612 0.818182
vt 0.530612 0.909091
vt 0.530612 1.000000
vt 0.551020 0.090909
vt 0.551020 0.181818
vt 0.551020 0.272727
vt 0.551020 0.363636
vt 0.551020 0.454545
vt 0.551020 0.545455
vt 0.551020 0.636364
vt 0.551020 0.727273
vt 0.551020 0.818182
vt 0.551020 0.909091
vt 0.551020 1.000000
vt 0.571429 0.090909
vt 0.571429 0.181818
vt 0.571429 0.272727
vt 0.571429 0.363636
vt 0.571429 0.454545
vt 0.571429 0.545455
vt 0.571429 0.636364
vt 0.571429 0.727273
vt 0.571429 0.818182
vt 0.571429 0.909091
vt 0.571429 1.000000
vt 0.591837 0.090909
vt 0.591837 0.181818
vt 0.591837 0.272727
vt 0.591837 0.363636
vt 0.591837 0.454545
vt 0.591837 0.545455
vt 0.591837 0.636364
vt 0.591837 0.727273
vt 0.591837 0.818182
vt 0.591837 0.909091
vt 0.591837 1.000000
vt 0.612245 0.090909
vt 0.612245 0.181818
vt 0.612245 0.272727
vt 0.612245 0.363636
vt 0.612245 0.454545
vt 0.612245 0.545455
vt 0.612245 0.636364
vt 0.612245 0.727273
vt 0.612245 0.818182
vt 0.612245 0.909091
vt 0.612245 1.000000
vt 0.632653 0.090909
vt 0.632653 0.181818
vt 0.632653 0.272727
vt 0.632653 0.363636
vt 0.632653 0.454545
vt 0.632653 0.545455
vt 0.632653 0.636364
vt 0.632653 0.727273
vt 0.632653 0.818182
vt 0.632653 0.909091
vt 0.632653 1.000000
vt 0.653061 0.090909
vt 0.653061 0.181818
vt 0.653061 0.272727
vt 0.653061 0.363636
vt 0.653061 0.454545
vt 0.653061 0.545455
vt 0.653061 0.636364
vt 0.653061 0.727273
vt 0.653061 0.818182
vt 0.653061 0.909091
vt 0.653061 1.000000
vt 0.673469 0.090909
vt 0.673469 0.181818
vt 0.673469 0.272727
vt 0.673469 0.363636
vt 0.673469 0.454545
vt 0.673469 0.545455
vt 0.673469 0.636364
vt 0.673469 0.727273
vt 0.673469 0.818182
vt 0.673469 0.909091
vt 0.673469 1.000000
vt 0.693878 0.090909
vt 0.693878 0.181818
vt 0.693878 0.272727
vt 0.693878 0.363636
vt 0.693878 0.454545
vt 0.693878 0.545455
vt 0.693878 0.636364
vt 0.693878 0.727273
vt 0.693878 0.818182
vt 0.693878 0.909091
vt 0.693878 1.000000
vt 0.714286 0.090909
vt 0.714286 0.181818
vt 0.714286 0.272727
vt 0.714286 0.363636
vt 0.714286 0.454545
vt 0.714286 0.545455
vt 0.714286 0.636364
vt 0.714286 0.727273
vt 0.714286 0.818182
vt 0.714286 0.909091
vt 0.714286 1.000000
vt 0.734694 0.090909
vt 0.734694 0.181818
vt 0.734694 0.272727
vt 0.734694 0.363636
vt 0.734694 0.454545
vt 0.734694 0.545455
vt 0.734694 0.636364
vt 0.734694 0.727273
vt 0.734694 0.818182
vt 0.734694 0.909091
vt 0.734694 1.000000
vt 0.755102 0.090909
vt 0.755102 0.181818
vt 0.755102 0.272727
vt 0.755102 0.363636
vt 0.755102 0.454545
vt 0.755102 0.545455
vt 0.755102 0.636364
vt 0.755102 0.727273
vt 0.755102 0.818182
vt 0.755102 0.909091
vt 0.755102 1.000000
vt 0.775510 0.090909
vt 0.775510 0.181818
vt 0.775510 0.272727
vt 0.775510 0.363636
vt 0.775510 0.454545
vt 0.775510 0.545455
vt 0.775510 0.636364
vt 0.775510 0.727273
vt 0.775510 0.818182
vt 0.775510 0.909091
vt 0.775510 1.000000
vt 0.795918 0.090909
vt 0.795918 0.181818
vt 0.795918 0.272727
vt 0.795918 0.363636
vt 0.795918 0.454545
vt 0.795918 0.545455
vt 0.795918 0.636364
vt 0.795918 0.727273
vt 0.795918 0.818182
vt 0.795918 0.909091
vt 0.795918 1.000000
vt 0.816327 0.090909
vt 0.816327 0.181818
vt 0.816327 0.272727
vt 0.816327 0.363636
vt 0.816327 0.454545
vt 0.816327 0.545455
vt 0.816327 0.636364
vt 0.816327 0.727273
vt 0.816327 0.818182
vt 0.816327 0.909091
vt 0.816327 1.000000
vt 0.836735 0.090909
vt 0.836735 0.181818
vt 0.836735 0.272727
vt 0.836735 0.363636
vt 0.836735 0.454545
vt 0.836735 0.545455
vt 0.836735 0.636364
vt 0.836735 0.727273
vt 0.836735 0.818182
vt 0.836735 0.909091
vt 0.836735 1.000000
vt 0.857143 0.090909
vt 0.857143 0.181818
vt 0.857143 0.272727
vt 0.857143 0.363636
vt 0.857143 0.454545
vt 0.857143 0.545455
vt 0.857143 0.636364
vt 0.857143 0.727273
vt 0.857143 0.818182
vt 0.857143 0.909091
vt 0.857143 1.000000
vt 0.877551 0.090909
vt 0.877551 0.181818
vt 0.877551 0.272727
vt 0.877551 0.363636
vt 0.877551 0.454545
vt 0.877551 0.545455
vt 0.877551 0.636364
vt 0.877551 0.727273
vt 0.877551 0.818182
vt 0.877551 0.909091
vt 0.877551 1.000000
vt 0.897959 0.090909
vt 0.897959 0.181818
vt 0.897959 0.272727
vt 0.897959 0.363636
vt 0.897959 0.454545
vt 0.897959 0.545455
vt 0.897959 0.636364
vt 0.897959 0.727273
vt 0.897959 0.818182
vt 0.897959 0.909091
vt 0.897959 1.000000
vt 0.918367 0.090909
vt 0.918367 0.181818
vt 0.918367 0.272727
vt 0.918367 0.363636
vt 0.918367 0.454545
vt 0.918367 0.545455
vt 0.918367 0.636364
vt 0.918367 0.727273
vt 0.918367 0.818182
vt 0.918367 0.909091
vt 0.918367 1.000000
vt 0.938776 0.090909
vt 0.938776 0.181818
vt 0.938776 0.272727
vt 0.938776 0.363636
vt 0.938776 0.454545
vt 0.938776 0.545455
vt 0.938776 0.636364
vt 0.938776 0.727273
vt 0.938776 0.818182
vt 0.938776 0.909091
vt 0.938776 1.000000
vt 0.959184 0.090909
vt 0.959184 0.181818
vt 0.959184 0.272727
vt 0.959184 0.363636
vt 0.959184 0.454545
vt 0.959184 0.545455
vt 0.959184 0.636364
vt 0.959184 0.727273
vt 0.959184 0.818182
vt 0.959184 0.909091
vt 0.959184 1.000000
vt 0.979592 0.090909
vt 0.979592 0.181818
vt 0.979592 0.272727
vt 0.979592 0.363636
vt 0.979592 0.454545
vt 0.979592 0.545455
vt 0.979592 0.636364
vt 0.979592 0.727273
vt 0.979592 0.818182
vt 0.979592 0.909091
vt 0.979592 1.000000
vt 0.250000 0.090909
vt 0.250000 0.181818
vt 0.250000 0.272727
vt 0.250000 0.363636
vt 0.250000 0.454545
vt 0.250000 0.545455
vt 0.250000 0.636364
vt 0.250000 0.727273
vt 0.250000 0.818182
vt 0.250000 0.909091
vt 0.250000 1.000000
vt 0.750000 0.090909
vt 0.750000 0.181818
vt 0.750000 0.272727
vt 0.750000 0.363636
vt 0.750000 0.454545
vt 0.750000 0.545455
vt 0.750000 0.636364
vt 0.750000 0.727273
vt 0.750000 0.818182
vt 0.750000 0.909091
vt 0.750000 1.000000
vt 0.020833 0.090909
vt 0.020833 0.000000
vt 0.020833 0.181818
vt 0.020833 0.272727
vt 0.020833 0.363636
vt 0.020833 0.454545
vt 0.020833 0.545455
vt 0.020833 0.636364
vt 0.020833 0.727273
vt 0.020833 0.818182
vt 0.020833 0.909091
vt 0.020833 1.000000
vt 0.041667 0.090909
vt 0.041667 0.000000
vt 0.041667 0.181818
vt 0.041667 0.272727
vt 0.041667 0.363636
vt 0.041667 0.454545
vt 0.041667 0.545455
vt 0.041667 0.636364
vt 0.041667 0.727273
vt 0.041667 0.818182
vt 0.041667 0.909091
vt 0.041667 1.000000
vt 0.062500 0.090909
vt 0.062500 0.000000
vt 0.062500 0.181818
vt 0.062500 0.272727
vt 0.062500 0.363636
vt 0.062500 0.454545
vt 0.062500 0.545455
vt 0.062500 0.636364
vt 0.062500 0.727273
vt 0.062500 0.818182
vt 0.062500 0.909091
vt 0.062500 1.000000
vt 0.083333 0.090909
vt 0.083333 0.000000
vt 0.083333 0.181818
vt 0.083333 0.272727
vt 0.083333 0.363636
vt 0.083333 0.454545
vt 0.083333 0.545455
vt 0.083333 0.636364
vt 0.083333 0.727273
vt 0.083333 0.818182
vt 0.083333 0.909091
vt 0.083333 1.000000
vt 0.104167 0.090909
vt 0.104167 0.000000
vt 0.104167 0.181818
vt 0.104167 0.272727
vt 0.104167 0.363636
vt 0.104167 0.454545
vt 0.104167 0.545455
vt 0.104167 0.636364
vt 0.104167 0.727273
vt 0.104167 0.818182
vt 0.104167 0.909091
vt 0.104167 1.000000
vt 0.125000 0.090909
vt 0.125000 0.181818
vt 0.125000 0.272727
vt 0.125000 0.363636
vt 0.125000 0.454545
vt 0.125000 0.545455
vt 0.125000 0.636364
vt 0.125000 0.727273
vt 0.125000 0.818182
vt 0.125000 0.909091
vt 0.125000 1.000000
vt 0.145833 0.090909
vt 0.145833 0.000000
vt 0.145833 0.181818
vt 0.145833 0.272727
vt 0.145833 0.363636
vt 0.145833 0.454545
vt 0.145833 0.545455
vt 0.145833 0.636364
vt 0.145833 0.727273
vt 0.145833 0.818182
vt 0.145833 0.909091
vt 0.145833 1.000000
vt 0.166667 0.090909
vt 0.166667 0.181818
vt 0.166667 0.272727
vt 0.166667 0.363636
vt 0.166667 0.454545
vt 0.166667 0.545455
vt 0.166667 0.636364
vt 0.166667 0.727273
vt 0.166667 0.818182
vt 0.166667 0.909091
vt 0.166667 1.000000
vt 0.187500 0.090909
vt 0.187500 0.000000
vt 0.187500 0.181818
vt 0.187500 0.272727
vt 0.187500 0.363636
vt 0.187500 0.454545
vt 0.187500 0.545455
vt 0.187500 0.636364
vt 0.187500 0.727273
vt 0.187500 0.818182
vt 0.187500 0.909091
vt 0.187500 1.000000
vt 0.208333 0.090909
vt 0.208333 0.000000
vt 0.208333 0.181818
vt 0.208333 0.272727
vt 0.208333 0.363636
vt 0.208333 0.454545
vt 0.208333 0.545455
vt 0.208333 0.636364
vt 0.208333 0.727273
vt 0.208333 0.818182
vt 0.208333 0.909091
vt 0.208333 1.000000
vt 0.229167 0.090909
vt 0.229167 0.000000
vt 0.229167 0.181818
vt 0.229167 0.272727
vt 0.229167 0.363636
vt 0.229167 0.454545
vt 0.229167 0.545455
vt 0.229167 0.636364
vt 0.229167 0.727273
vt 0.229167 0.818182
vt 0.229167 0.909091
vt 0.229167 1.000000
vt 0.270833 0.090909
vt 0.270833 0.000000
vt 0.270833 0.181818
vt 0.270833 0.272727
vt 0.270833 0.363636
vt 0.270833 0.454545
vt 0.270833 0.545455
vt 0.270833 0.636364
vt 0.270833 0.727273
vt 0.270833 0.818182
vt 0.270833 0.909091
vt 0.270833 1.000000
vt 0.291667 0.090909
vt 0.291667 0.000000
vt 0.291667 0.181818
vt 0.291667 0.272727
vt 0.291667 0.363636
vt 0.291667 0.454545
vt 0.291667 0.545455
vt 0.291667 0.636364
vt 0.291667 0.727273
vt 0.291667 0.818182
vt 0.291667 0.909091
vt 0.291667 1.000000
vt 0.312500 0.090909
vt 0.312500 0.000000
vt 0.312500 0.181818
vt 0.312500 0.272727
vt 0.312500 0.363636
vt 0.312500 0.454545
vt 0.312500 0.545455
vt 0.312500 0.636364
vt 0.312500 0.727273
vt 0.312500 0.818182
vt 0.312500 0.909091
vt 0.312500 1.000000
vt 0.354167 0.090909
vt 0.354167 0.000000
vt 0.354167 0.181818
vt 0.354167 0.272727
vt 0.354167 0.363636
vt 0.354167 0.454545
vt 0.354167 0.545455
vt 0.354167 0.636364
vt 0.354167 0.727273
vt 0.354167 0.818182
vt 0.354167 0.909091
vt 0.354167 1.000000
vt 0.375000 0.090909
vt 0.375000 0.181818
vt 0.375000 0.272727
vt 0.375000 0.363636
vt 0.375000 0.454545
vt 0.375000 0.545455
vt 0.375000 0.636364
vt 0.375000 0.727273
vt 0.375000 0.818182
vt 0.375000 0.909091
vt 0.375000 1.000000
vt 0.395833 0.090909
vt 0.395833 0.000000
vt 0.395833 0.181818
vt 0.395833 0.272727
vt 0.395833 0.363636
vt 0.395833 0.454545
vt 0.395833 0.545455
vt 0.395833 0.636364
vt 0.395833 0.727273
vt 0.395833 0.818182
vt 0.395833 0.909091
vt 0.395833 1.000000
vt 0.416667 0.090909
vt 0.416667 0.000000
vt 0.416667 0.181818
vt 0.416667 0.272727
vt 0.416667 0.363636
vt 0.416667 0.454545
vt 0.416667 0.545455
vt 0.416667 0.636364
vt 0.416667 0.727273
vt 0.416667 0.818182
vt 0.416667 0.909091
vt 0.416667 1.000000
vt 0.437500 0.090909
vt 0.437500 0.000000
vt 0.437500 0.181818
vt 0.437500 0.272727
vt 0.437500 0.363636
vt 0.437500 0.454545
vt 0.437500 0.545455
vt 0.437500 0.636364
vt 0.437500 0.727273
vt 0.437500 0.818182
vt 0.437500 0.909091
vt 0.437500 1.000000
vt 0.458333 0.090909
vt 0.458333 0.000000
vt 0.458333 0.181818
vt 0.458333 0.272727
vt 0.458333 0.363636
vt 0.458333 0.454545
vt 0.458333 0.545455
vt 0.458333 0.636364
vt 0.458333 0.727273
vt 0.458333 0.818182
vt 0.458333 0.909091
vt 0.458333 1.000000
vt 0.479167 0.090909
vt 0.479167 0.000000
vt 0.479167 0.181818
vt 0.479167 0.272727
vt 0.479167 0.363636
vt 0.479167 0.454545
vt 0.479167 0.545455
vt 0.479167 0.636364
vt 0.479167 0.727273
vt 0.479167 0.818182
vt 0.479167 0.909091
vt 0.479167 1.000000
vt 0.520833 0.090909
vt 0.520833 0.000000
vt 0.520833 0.181818
vt 0.520833 0.272727
vt 0.520833 0.363636
vt 0.520833 0.454545
vt 0.520833 0.545455
vt 0.520833 0.636364
vt 0.520833 0.727273
vt 0.520833 0.818182
vt 0.520833 0.909091
vt 0.520833 1.000000
vt 0.541667 0.090909
vt 0.541667 0.000000
vt 0.541667 0.181818
vt 0.541667 0.272727
vt 0.541667 0.363636
vt 0.541667 0.454545
vt 0.541667 0.545455
vt 0.541667 0.636364
vt 0.541667 0.727273
vt 0.541667 0.818182
vt 0.541667 0.909091
vt 0.541667 1.000000
vt 0.562500 0.090909
vt 0.562500 0.000000
vt 0.562500 0.181818
vt 0.562500 0.272727
vt 0.562500 0.363636
vt 0.562500 0.454545
vt 0.562500 0.545455
vt 0.562500 0.636364
vt 0.562500 0.727273
vt 0.562500 0.818182
vt 0.562500 0.909091
vt 0.562500 1.000000
vt 0.583333 0.090909
vt 0.583333 0.000000
vt 0.583333 0.181818
vt 0.583333 0.272727
vt 0.583333 0.363636
vt 0.583333 0.454545
vt 0.583333 0.545455
vt 0.583333 0.636364
vt 0.583333 0.727273
vt 0.583333 0.818182
vt 0.583333 0.909091
vt 0.583333 1.000000
vt 0.604167 0.090909
vt 0.604167 0.000000
vt 0.604167 0.181818
vt 0.604167 0.272727
vt 0.604167 0.363636
vt 0.604167 0.454545
vt 0.604167 0.545455
vt 0.604167 0.636364
vt 0.604167 0.727273
vt 0.604167 0.818182
vt 0.604167 0.909091
vt 0.604167 1.000000
vt 0.625000 0.090909
vt 0.625000 0.181818
vt 0.625000 0.272727
vt 0.625000 0.363636
vt 0.625000 0.454545
vt 0.625000 0.545455
vt 0.625000 0.636364
vt 0.625000 0.727273
vt 0.625000 0.818182
vt 0.625000 0.909091
vt 0.625000 1.000000
vt 0.645833 0.090909
vt 0.645833 0.000000
vt 0.645833 0.181818
vt 0.645833 0.272727
vt 0.645833 0.363636
vt 0.645833 0.454545
vt 0.645833 0.545455
vt 0.645833 0.636364
vt 0.645833 0.727273
vt 0.645833 0.818182
vt 0.645833 0.909091
vt 0.645833 1.000000
vt 0.687500 0.090909
vt 0.687500 0.000000
vt 0.687500 0.181818
vt 0.687500 0.272727
vt 0.687500 0.363636
vt 0.687500 0.454545
vt 0.687500 0.545455
vt 0.687500 0.636364
vt 0.687500 0.727273
vt 0.687500 0.818182
vt 0.687500 0.909091
vt 0.687500 1.000000
vt 0.708333 0.090909
vt 0.708333 0.000000
vt 0.708333 0.181818
vt 0.708333 0.272727
vt 0.708333 0.363636
vt 0.708333 0.454545
vt 0.708333 0.545455
vt 0.708333 0.636364
vt 0.708333 0.727273
vt 0.708333 0.818182
vt 0.708333 0.909091
vt 0.708333 1.000000
vt 0.729167 0.090909
vt 0.729167 0.000000
vt 0.729167 0.181818
vt 0.729167 0.272727
vt 0.729167 0.363636
vt 0.729167 0.454545
vt 0.729167 0.545455
vt 0.729167 0.636364
vt 0.729167 0.727273
vt 0.729167 0.818182
vt 0.729167 0.909091
vt 0.729167 1.000000
vt 0.770833 0.090909
vt 0.770833 0.000000
vt 0.770833 0.181818
vt 0.770833 0.272727
vt 0.770833 0.363636
vt 0.770833 0.454545
vt 0.770833 0.545455
vt 0.770833 0.636364
vt 0.770833 0.727273
vt 0.770833 0.818182
vt 0.770833 0.909091
vt 0.770833 1.000000
vt 0.791667 0.090909
vt 0.791667 0.000000
vt 0.791667 0.181818
vt 0.791667 0.272727
vt 0.791667 0.363636
vt 0.791667 0.454545
vt 0.791667 0.545455
vt 0.791667 0.636364
vt 0.791667 0.727273
vt 0.791667 0.818182
vt 0.791667 0.909091
vt 0.791667 1.000000
vt 0.812500 0.090909
vt 0.812500 0.000000
vt 0.812500 0.181818
vt 0.812500 0.272727
vt 0.812500 0.363636
vt 0.812500 0.454545
vt 0.812500 0.545455
vt 0.812500 0.636364
vt 0.812500 0.727273
vt 0.812500 0.818182
vt 0.812500 0.909091
vt 0.812500 1.000000
vt 0.833333 0.090909
vt 0.833333 0.181818
vt 0.833333 0.272727
vt 0.833333 0.363636
vt 0.833333 0.454545
vt 0.833333 0.545455
vt 0.833333 0.636364
vt 0.833333 0.727273
vt 0.833333 0.818182
vt 0.833333 0.909091
vt 0.833333 1.000000
vt 0.854167 0.090909
vt 0.854167 0.000000
vt 0.854167 0.181818
vt 0.854167 0.272727
vt 0.854167 0.363636
vt 0.854167 0.454545
vt 0.854167 0.545455
vt 0.854167 0.636364
vt 0.854167 0.727273
vt 0.854167 0.818182
vt 0.854167 0.909091
vt 0.854167 1.000000
vt 0.875000 0.090909
vt 0.875000 0.181818
vt 0.875000 0.272727
vt 0.875000 0.363636
vt 0.875000 0.454545
vt 0.875000 0.545455
vt 0.875000 0.636364
vt 0.875000 0.727273
vt 0.875000 0.818182
vt 0.875000 0.909091
vt 0.875000 1.000000
vt 0.895833 0.090909
vt 0.895833 0.000000
vt 0.895833 0.181818
vt 0.895833 0.272727
vt 0.895833 0.363636
vt 0.895833 0.454545
vt 0.895833 0.545455
vt 0.895833 0.636364
vt 0.895833 0.727273
vt 0.895833 0.818182
vt 0.895833 0.909091
vt 0.895833 1.000000
vt 0.916667 0.090909
vt 0.916667 0.000000
vt 0.916667 0.181818
vt 0.916667 0.272727
vt 0.916667 0.363636
vt 0.916667 0.454545
vt 0.916667 0.545455
vt 0.916667 0.636364
vt 0.916667 0.727273
vt 0.916667 0.818182
vt 0.916667 0.909091
vt 0.916667 1.000000
vt 0.937500 0.090909
vt 0.937500 0.000000
vt 0.937500 0.181818
vt 0.937500 0.272727
vt 0.937500 0.363636
vt 0.937500 0.454545
vt 0.937500 0.545455
vt 0.937500 0.636364
vt 0.937500 0.727273
vt 0.937500 0.818182
vt 0.937500 0.909091
vt 0.937500 1.000000
vt 0.958333 0.090909
vt 0.958333 0.000000
vt 0.958333 0.181818
vt 0.958333 0.272727
vt 0.958333 0.363636
vt 0.958333 0.454545
vt 0.958333 0.545455
vt 0.958333 0.636364
vt 0.958333 0.727273
vt 0.958333 0.818182
vt 0.958333 0.909091
vt 0.958333 1.000000
vt 0.979167 0.090909
vt 0.979167 0.000000
vt 0.979167 0.181818
vt 0.979167 0.272727
vt 0.979167 0.363636
vt 0.979167 0.454545
vt 0.979167 0.545455
vt 0.979167 0.636364
vt 0.979167 0.727273
vt 0.979167 0.818182
vt 0.979167 0.909091
vt 0.979167 1.000000
vt 0.018182 0.090909
vt 0.018182 0.000000
vt 0.018182 0.181818
vt 0.018182 0.272727
vt 0.018182 0.363636
vt 0.018182 0.454545
vt 0.018182 0.545455
vt 0.018182 0.636364
vt 0.018182 0.727273
vt 0.018182 0.818182
vt 0.018182 0.909091
vt 0.018182 1.000000
vt 0.036364 0.090909
vt 0.036364 0.000000
vt 0.036364 0.181818
vt 0.036364 0.272727
vt 0.036364 0.363636
vt 0.036364 0.454545
vt 0.036364 0.545455
vt 0.036364 0.636364
vt 0.036364 0.727273
vt 0.036364 0.818182
vt 0.036364 0.909091
vt 0.036364 1.000000
vt 0.054545 0.090909
vt 0.054545 0.000000
vt 0.054545 0.181818
vt 0.054545 0.272727
vt 0.054545 0.363636
vt 0.054545 0.454545
vt 0.054545 0.545455
vt 0.054545 0.636364
vt 0.054545 0.727273
vt 0.054545 0.818182
vt 0.054545 0.909091
vt 0.054545 1.000000
vt 0.072727 0.090909
vt 0.072727 0.000000
vt 0.072727 0.181818
vt 0.072727 0.272727
vt 0.072727 0.363636
vt 0.072727 0.454545
vt 0.072727 0.545455
vt 0.072727 0.636364
vt 0.072727 0.727273
vt 0.072727 0.818182
vt 0.072727 0.909091
vt 0.072727 1.000000
vt 0.090909 0.090909
vt 0.090909 0.181818
vt 0.090909 0.272727
vt 0.090909 0.363636
vt 0.090909 0.454545
vt 0.090909 0.545455
vt 0.090909 0.636364
vt 0.090909 0.727273
vt 0.090909 0.818182
vt 0.090909 0.909091
vt 0.090909 1.000000
vt 0.109091 0.090909
vt 0.109091 0.000000
vt 0.109091 0.181818
vt 0.109091 0.272727
vt 0.109091 0.363636
vt 0.109091 0.454545
vt 0.109091 0.545455
vt 0.109091 0.636364
vt 0.109091 0.727273
vt 0.109091 0.818182
vt 0.109091 0.909091
vt 0.109091 1.000000
vt 0.127273 0.090909
vt 0.127273 0.000000
vt 0.127273 0.181818
vt 0.127273 0.272727
vt 0.127273 0.363636
vt 0.127273 0.454545
vt 0.127273 0.545455
vt 0.127273 0.636364
vt 0.127273 0.727273
vt 0.127273 0.818182
vt 0.127273 0.909091
vt 0.127273 1.000000
vt 0.145455 0.090909
vt 0.145455 0.000000
vt 0.145455 0.181818
vt 0.145455 0.272727
vt 0.145455 0.363636
vt 0.145455 0.454545
vt 0.145455 0.545455
vt 0.145455 0.636364
vt 0.145455 0.727273
vt 0.145455 0.818182
vt 0.145455 0.909091
vt 0.145455 1.000000
vt 0.163636 0.090909
vt 0.163636 0.000000
vt 0.163636 0.181818
vt 0.163636 0.272727
vt 0.163636 0.363636
vt 0.163636 0.454545
vt 0.163636 0.545455
vt 0.163636 0.636364
vt 0.163636 0.727273
vt 0.163636 0.818182
vt 0.163636 0.909091
vt 0.163636 1.000000
vt 0.181818 0.090909
vt 0.181818 0.181818
vt 0.181818 0.272727
vt 0.181818 0.363636
vt 0.181818 0.454545
vt 0.181818 0.545455
vt 0.181818 0.636364
vt 0.181818 0.727273
vt 0.181818 0.818182
vt 0.181818 0.909091
vt 0.181818 1.000000
vt 0.218182 0.090909
vt 0.218182 0.000000
vt 0.218182 0.181818
vt 0.218182 0.272727
vt 0.218182 0.363636
vt 0.218182 0.454545
vt 0.218182 0.545455
vt 0.218182 0.636364
vt 0.218182 0.727273
vt 0.218182 0.818182
vt 0.218182 0.909091
vt 0.218182 1.000000
vt 0.236364 0.090909
vt 0.236364 0.000000
vt 0.236364 0.181818
vt 0.236364 0.272727
vt 0.236364 0.363636
vt 0.236364 0.454545
vt 0.236364 0.545455
vt 0.236364 0.636364
vt 0.236364 0.727273
vt 0.236364 0.818182
vt 0.236364 0.909091
vt 0.236364 1.000000
vt 0.254545 0.090909
vt 0.254545 0.000000
vt 0.254545 0.181818
vt 0.254545 0.272727
vt 0.254545 0.363636
vt 0.254545 0.454545
vt 0.254545 0.545455
vt 0.254545 0.636364
vt 0.254545 0.727273
vt 0.254545 0.818182
vt 0.254545 0.909091
vt 0.254545 1.000000
vt 0.272727 0.090909
vt 0.272727 0.181818
vt 0.272727 0.272727
vt 0.272727 0.363636
vt 0.272727 0.454545
vt 0.272727 0.545455
vt 0.272727 0.636364
vt 0.272727 0.727273
vt 0.272727 0.818182
vt 0.272727 0.909091
vt 0.272727 1.000000
vt 0.290909 0.090909
vt 0.290909 0.000000
vt 0.290909 0.181818
vt 0.290909 0.272727
vt 0.290909 0.363636
vt 0.290909 0.454545
vt 0.290909 0.545455
vt 0.290909 0.636364
vt 0.290909 0.727273
vt 0.290909 0.818182
vt 0.290909 0.909091
vt 0.290909 1.000000
vt 0.309091 0.090909
vt 0.309091 0.000000
vt 0.309091 0.181818
vt 0.309091 0.272727
vt 0.309091 0.363636
vt 0.309091 0.454545
vt 0.309091 0.545455
vt 0.309091 0.636364
vt 0.309091 0.727273
vt 0.309091 0.818182
vt 0.309091 0.909091
vt 0.309091 1.000000
vt 0.327273 0.090909
vt 0.327273 0.000000
vt 0.327273 0.181818
vt 0.327273 0.272727
vt 0.327273 0.363636
vt 0.327273 0.454545
vt 0.327273 0.545455
vt 0.327273 0.636364
vt 0.327273 0.727273
vt 0.327273 0.818182
vt 0.327273 0.909091
vt 0.327273 1.000000
vt 0.345455 0.090909
vt 0.345455 0.000000
vt 0.345455 0.181818
vt 0.345455 0.272727
vt 0.345455 0.363636
vt 0.345455 0.454545
vt 0.345455 0.545455
vt 0.345455 0.636364
vt 0.345455 0.727273
vt 0.345455 0.818182
vt 0.345455 0.909091
vt 0.345455 1.000000
vt 0.363636 0.090909
vt 0.363636 0.181818
vt 0.363636 0.272727
vt 0.363636 0.363636
vt 0.363636 0.454545
vt 0.363636 0.545455
vt 0.363636 0.636364
vt 0.363636 0.727273
vt 0.363636 0.818182
vt 0.363636 0.909091
vt 0.363636 1.000000
vt 0.381818 0.090909
vt 0.381818 0.000000
vt 0.381818 0.181818
vt 0.381818 0.272727
vt 0.381818 0.363636
vt 0.381818 0.454545
vt 0.381818 0.545455
vt 0.381818 0.636364
vt 0.381818 0.727273
vt 0.381818 0.818182
vt 0.381818 0.909091
vt 0.381818 1.000000
vt 0.418182 0.090909
vt 0.418182 0.000000
vt 0.418182 0.181818
vt 0.418182 0.272727
vt 0.418182 0.363636
vt 0.418182 0.454545
vt 0.418182 0.545455
vt 0.418182 0.636364
vt 0.418182 0.727273
vt 0.418182 0.818182
vt 0.418182 0.909091
vt 0.418182 1.000000
vt 0.436364 0.090909
vt 0.436364 0.000000
vt 0.436364 0.181818
vt 0.436364 0.272727
vt 0.436364 0.363636
vt 0.436364 0.454545
vt 0.436364 0.545455
vt 0.436364 0.636364
vt 0.436364 0.727273
vt 0.436364 0.818182
vt 0.436364 0.909091
vt 0.436364 1.000000
vt 0.454545 0.090909
vt 0.454545 0.181818
vt 0.454545 0.272727
vt 0.454545 0.363636
vt 0.454545 0.454545
vt 0.454545 0.545455
vt 0.454545 0.636364
vt 0.454545 0.727273
vt 0.454545 0.818182
vt 0.454545 0.909091
vt 0.454545 1.000000
vt 0.472727 0.090909
vt 0.472727 0.000000
vt 0.472727 0.181818
vt 0.472727 0.272727
vt 0.472727 0.363636
vt 0.472727 0.454545
vt 0.472727 0.545455
vt 0.472727 0.636364
vt 0.472727 0.727273
vt 0.472727 0.818182
vt 0.472727 0.909091
vt 0.472727 1.000000
vt 0.490909 0.090909
vt 0.490909 0.000000
vt 0.490909 0.181818
vt 0.490909 0.272727
vt 0.490909 0.363636
vt 0.490909 0.454545
vt 0.490909 0.545455
vt 0.490909 0.636364
vt 0.490909 0.727273
vt 0.490909 0.818182
vt 0.490909 0.909091
vt 0.490909 1.000000
vt 0.509091 0.090909
vt 0.509091 0.000000
vt 0.509091 0.181818
vt 0.509091 0.272727
vt 0.509091 0.363636
vt 0.509091 0.454545
vt 0.509091 0.545455
vt 0.509091 0.636364
vt 0.509091 0.727273
vt 0.509091 0.818182
vt 0.509091 0.909091
vt 0.509091 1.000000
vt 0.527273 0.090909
vt 0.527273 0.000000
vt 0.527273 0.181818
vt 0.527273 0.272727
vt 0.527273 0.363636
vt 0.527273 0.454545
vt 0.527273 0.545455
vt 0.527273 0.636364
vt 0.527273 0.727273
vt 0.527273 0.818182
vt 0.527273 0.909091
vt 0.527273 1.000000
vt 0.545455 0.090909
vt 0.545455 0.181818
vt 0.545455 0.272727
vt 0.545455 0.363636
vt 0.545455 0.454545
vt 0.545455 0.545455
vt 0.545455 0.636364
vt 0.545455 0.727273
vt 0.545455 0.818182
vt 0.545455 0.909091
vt 0.545455 1.000000
vt 0.563636 0.090909
vt 0.563636 0.000000
vt 0.563636 0.181818
vt 0.563636 0.272727
vt 0.563636 0.363636
vt 0.563636 0.454545
vt 0.563636 0.545455
vt 0.563636 0.636364
vt 0.563636 0.727273
vt 0.563636 0.818182
vt 0.563636 0.909091
vt 0.563636 1.000000
vt 0.581818 0.090909
vt 0.581818 0.000000
vt 0.581818 0.181818
vt 0.581818 0.272727
vt 0.581818 0.363636
vt 0.581818 0.454545
vt 0.581818 0.545455
vt 0.581818 0.636364
vt 0.581818 0.727273
vt 0.581818 0.818182
vt 0.581818 0.909091
vt 0.581818 1.000000
vt 0.618182 0.090909
vt 0.618182 0.000000
vt 0.618182 0.181818
vt 0.618182 0.272727
vt 0.618182 0.363636
vt 0.618182 0.454545
vt 0.618182 0.545455
vt 0.618182 0.636364
vt 0.618182 0.727273
vt 0.618182 0.818182
vt 0.618182 0.909091
vt 0.618182 1.000000
vt 0.636364 0.090909
vt 0.636364 0.181818
vt 0.636364 0.272727
vt 0.636364 0.363636
vt 0.636364 0.454545
vt 0.636364 0.545455
vt 0.636364 0.636364
vt 0.636364 0.727273
vt 0.636364 0.818182
vt 0.636364 0.909091
vt 0.636364 1.000000
vt 0.654545 0.090909
vt 0.654545 0.000000
vt 0.654545 0.181818
vt 0.654545 0.272727
vt 0.654545 0.363636
vt 0.654545 0.454545
vt 0.654545 0.545455
vt 0.654545 0.636364
vt 0.654545 0.727273
vt 0.654545 0.818182
vt 0.654545 0.909091
vt 0.654545 1.000000
vt 0.672727 0.090909
vt 0.672727 0.000000
vt 0.672727 0.181818
vt 0.672727 0.272727
vt 0.672727 0.363636
vt 0.672727 0.454545
vt 0.672727 0.545455
vt 0.672727 0.636364
vt 0.672727 0.727273
vt 0.672727 0.818182
vt 0.672727 0.909091
vt 0.672727 1.000000
vt 0.690909 0.090909
vt 0.690909 0.000000
vt 0.690909 0.181818
vt 0.690909 0.272727
vt 0.690909 0.363636
vt 0.690909 0.454545
vt 0.690909 0.545455
vt 0.690909 0.636364
vt 0.690909 0.727273
vt 0.690909 0.818182
vt 0.690909 0.909091
vt 0.690909 1.000000
vt 0.709091 0.090909
vt 0.709091 0.000000
vt 0.709091 0.181818
vt 0.709091 0.272727
vt 0.709091 0.363636
vt 0.709091 0.454545
vt 0.709091 0.545455
vt 0.709091 0.636364
vt 0.709091 0.727273
vt 0.709091 0.818182
vt 0.709091 0.909091
vt 0.709091 1.000000
vt 0.727273 0.090909
vt 0.727273 0.181818
vt 0.727273 0.272727
vt 0.727273 0.363636
vt 0.727273 0.454545
vt 0.727273 0.545455
vt 0.727273 0.636364
vt 0.727273 0.727273
vt 0.727273 0.818182
vt 0.727273 0.909091
vt 0.727273 1.000000
vt 0.745455 0.090909
vt 0.745455 0.000000
vt 0.745455 0.181818
vt 0.745455 0.272727
vt 0.745455 0.363636
vt 0.745455 0.454545
vt 0.745455 0.545455
vt 0.745455 0.636364
vt 0.745455 0.727273
vt 0.745455 0.818182
vt 0.745455 0.909091
vt 0.745455 1.000000
vt 0.763636 0.090909
vt 0.763636 0.000000
vt 0.763636 0.181818
vt 0.763636 0.272727
vt 0.763636 0.363636
vt 0.763636 0.454545
vt 0.763636 0.545455
vt 0.763636 0.636364
vt 0.763636 0.727273
vt 0.763636 0.818182
vt 0.763636 0.909091
vt 0.763636 1.000000
vt 0.781818 0.090909
vt 0.781818 0.000000
vt 0.781818 0.181818
vt 0.781818 0.272727
vt 0.781818 0.363636
vt 0.781818 0.454545
vt 0.781818 0.545455
vt 0.781818 0.636364
vt 0.781818 0.727273
vt 0.781818 0.818182
vt 0.781818 0.909091
vt 0.781818 1.000000
vt 0.818182 0.090909
vt 0.818182 0.181818
vt 0.818182 0.272727
vt 0.818182 0.363636
vt 0.818182 0.454545
vt 0.818182 0.545455
vt 0.818182 0.636364
vt 0.818182 0.727273
vt 0.818182 0.818182
vt 0.818182 0.909091
vt 0.818182 1.000000
vt 0.836364 0.090909
vt 0.836364 0.000000
vt 0.836364 0.181818
vt 0.836364 0.272727
vt 0.836364 0.363636
vt 0.836364 0.454545
vt 0.836364 0.545455
vt 0.836364 0.636364
vt 0.836364 0.727273
vt 0.836364 0.818182
vt 0.836364 0.909091
vt 0.836364 1.000000
vt 0.854545 0.090909
vt 0.854545 0.000000
vt 0.854545 0.181818
vt 0.854545 0.272727
vt 0.854545 0.363636
vt 0.854545 0.454545
vt 0.854545 0.545455
vt 0.854545 0.636364
vt 0.854545 0.727273
vt 0.854545 0.818182
vt 0.854545 0.909091
vt 0.854545 1.000000
vt 0.872727 0.090909
vt 0.872727 0.000000
vt 0.872727 0.181818
vt 0.872727 0.272727
vt 0.872727 0.363636
vt 0.872727 0.454545
vt 0.872727 0.545455
vt 0.872727 0.636364
vt 0.872727 0.727273
vt 0.872727 0.818182
vt 0.872727 0.909091
vt 0.872727 1.000000
vt 0.890909 0.090909
vt 0.890909 0.000000
vt 0.890909 0.181818
vt 0.890909 0.272727
vt 0.890909 0.363636
vt 0.890909 0.454545
vt 0.890909 0.545455
vt 0.890909 0.636364
vt 0.890909 0.727273
vt 0.890909 0.818182
vt 0.890909 0.909091
vt 0.890909 1.000000
vt 0.909091 0.090909
vt 0.909091 0.181818
vt 0.909091 0.272727
vt 0.909091 0.363636
vt 0.909091 0.454545
vt 0.909091 0.545455
vt 0.909091 0.636364
vt 0.909091 0.727273
vt 0.909091 0.818182
vt 0.909091 0.909091
vt 0.909091 1.000000
vt 0.927273 0.090909
vt 0.927273 0.000000
vt 0.927273 0.181818
vt 0.927273 0.272727
vt 0.927273 0.363636
vt 0.927273 0.454545
vt 0.927273 0.545455
vt 0.927273 0.636364
vt 0.927273 0.727273
vt 0.927273 0.818182
vt 0.927273 0.909091
vt 0.927273 1.000000
vt 0.945455 0.090909
vt 0.945455 0.000000
vt 0.945455 0.181818
vt 0.945455 0.272727
vt 0.945455 0.363636
vt 0.945455 0.454545
vt 0.945455 0.545455
vt 0.945455 0.636364
vt 0.945455 0.727273
vt 0.945455 0.818182
vt 0.945455 0.909091
vt 0.945455 1.000000
vt 0.963636 0.090909
vt 0.963636 0.000000
vt 0.963636 0.181818
vt 0.963636 0.272727
vt 0.963636 0.363636
vt 0.963636 0.454545
vt 0.963636 0.545455
vt 0.963636 0.636364
vt 0.963636 0.727273
vt 0.963636 0.818182
vt 0.963636 0.909091
vt 0.963636 1.000000
vt 0.981818 0.090909
vt 0.981818 0.000000
vt 0.981818 0.181818
vt 0.981818 0.272727
vt 0.981818 0.363636
vt 0.981818 0.454545
vt 0.981818 0.545455
vt 0.981818 0.636364
vt 0.981818 0.727273
vt 0.981818 0.818182
vt 0.981818 0.909091
vt 0.981818 1.000000
vt 0.017241 0.090909
vt 0.017241 0.000000
vt 0.017241 0.181818
vt 0.017241 0.272727
vt 0.017241 0.363636
vt 0.017241 0.454545
vt 0.017241 0.545455
vt 0.017241 0.636364
vt 0.017241 0.727273
vt 0.017241 0.818182
vt 0.017241 0.909091
vt 0.017241 1.000000
vt 0.034483 0.090909
vt 0.034483 0.000000
vt 0.034483 0.181818
vt 0.034483 0.272727
vt 0.034483 0.363636
vt 0.034483 0.454545
vt 0.034483 0.545455
vt 0.034483 0.636364
vt 0.034483 0.727273
vt 0.034483 0.818182
vt 0.034483 0.909091
vt 0.034483 1.000000
vt 0.051724 0.090909
vt 0.051724 0.000000
vt 0.051724 0.181818
vt 0.051724 0.272727
vt 0.051724 0.363636
vt 0.051724 0.454545
vt 0.051724 0.545455
vt 0.051724 0.636364
vt 0.051724 0.727273
vt 0.051724 0.818182
vt 0.051724 0.909091
vt 0.051724 1.000000
vt 0.068966 0.090909
vt 0.068966 0.000000
vt 0.068966 0.181818
vt 0.068966 0.272727
vt 0.068966 0.363636
vt 0.068966 0.454545
vt 0.068966 0.545455
vt 0.068966 0.636364
vt 0.068966 0.727273
vt 0.068966 0.818182
vt 0.068966 0.909091
vt 0.068966 1.000000
vt 0.086207 0.090909
vt 0.086207 0.000000
vt 0.086207 0.181818
vt 0.086207 0.272727
vt 0.086207 0.363636
vt 0.086207 0.454545
vt 0.086207 0.545455
vt 0.086207 0.636364
vt 0.086207 0.727273
vt 0.086207 0.818182
vt 0.086207 0.909091
vt 0.086207 1.000000
vt 0.103448 0.090909
vt 0.103448 0.000000
vt 0.103448 0.181818
vt 0.103448 0.272727
vt 0.103448 0.363636
vt 0.103448 0.454545
vt 0.103448 0.545455
vt 0.103448 0.636364
vt 0.103448 0.727273
vt 0.103448 0.818182
vt 0.103448 0.909091
vt 0.103448 1.000000
vt 0.120690 0.090909
vt 0.120690 0.000000
vt 0.120690 0.181818
vt 0.120690 0.272727
vt 0.120690 0.363636
vt 0.120690 0.454545
vt 0.120690 0.545455
vt 0.120690 0.636364
vt 0.120690 0.727273
vt 0.120690 0.818182
vt 0.120690 0.909091
vt 0.120690 1.000000
vt 0.137931 0.090909
vt 0.137931 0.000000
vt 0.137931 0.181818
vt 0.137931 0.272727
vt 0.137931 0.363636
vt 0.137931 0.454545
vt 0.137931 0.545455
vt 0.137931 0.636364
vt 0.137931 0.727273
vt 0.137931 0.818182
vt 0.137931 0.909091
vt 0.137931 1.000000
vt 0.155172 0.090909
vt 0.155172 0.000000
vt 0.155172 0.181818
vt 0.155172 0.272727
vt 0.155172 0.363636
vt 0.155172 0.454545
vt 0.155172 0.545455
vt 0.155172 0.636364
vt 0.155172 0.727273
vt 0.155172 0.818182
vt 0.155172 0.909091
vt 0.155172 1.000000
vt 0.172414 0.090909
vt 0.172414 0.000000
vt 0.172414 0.181818
vt 0.172414 0.272727
vt 0.172414 0.363636
vt 0.172414 0.454545
vt 0.172414 0.545455
vt 0.172414 0.636364
vt 0.172414 0.727273
vt 0.172414 0.818182
vt 0.172414 0.909091
vt 0.172414 1.000000
vt 0.189655 0.090909
vt 0.189655 0.000000
vt 0.189655 0.181818
vt 0.189655 0.272727
vt 0.189655 0.363636
vt 0.189655 0.454545
vt 0.189655 0.545455
vt 0.189655 0.636364
vt 0.189655 0.727273
vt 0.189655 0.818182
vt 0.189655 0.909091
vt 0.189655 1.000000
vt 0.206897 0.090909
vt 0.206897 0.000000
vt 0.206897 0.181818
vt 0.206897 0.272727
vt 0.206897 0.363636
vt 0.206897 0.454545
vt 0.206897 0.545455
vt 0.206897 0.636364
vt 0.206897 0.727273
vt 0.206897 0.818182
vt 0.206897 0.909091
vt 0.206897 1.000000
vt 0.224138 0.090909
vt 0.224138 0.000000
vt 0.224138 0.181818
vt 0.224138 0.272727
vt 0.224138 0.363636
vt 0.224138 0.454545
vt 0.224138 0.545455
vt 0.224138 0.636364
vt 0.224138 0.727273
vt 0.224138 0.818182
vt 0.224138 0.909091
vt 0.224138 1.000000
vt 0.241379 0.090909
vt 0.241379 0.000000
vt 0.241379 0.181818
vt 0.241379 0.272727
vt 0.241379 0.363636
vt 0.241379 0.454545
vt 0.241379 0.545455
vt 0.241379 0.636364
vt 0.241379 0.727273
vt 0.241379 0.818182
vt 0.241379 0.909091
vt 0.241379 1.000000
vt 0.258621 0.090909
vt 0.258621 0.000000
vt 0.258621 0.181818
vt 0.258621 0.272727
vt 0.258621 0.363636
vt 0.258621 0.454545
vt 0.258621 0.545455
vt 0.258621 0.636364
vt 0.258621 0.727273
vt 0.258621 0.818182
vt 0.258621 0.909091
vt 0.258621 1.000000
vt 0.275862 0.090909
vt 0.275862 0.000000
vt 0.275862 0.181818
vt 0.275862 0.272727
vt 0.275862 0.363636
vt 0.275862 0.454545
vt 0.275862 0.545455
vt 0.275862 0.636364
vt 0.275862 0.727273
vt 0.275862 0.818182
vt 0.275862 0.909091
vt 0.275862 1.000000
vt 0.293103 0.090909
vt 0.293103 0.000000
vt 0.293103 0.181818
vt 0.293103 0.272727
vt 0.293103 0.363636
vt 0.293103 0.454545
vt 0.293103 0.545455
vt 0.293103 0.636364
vt 0.293103 0.727273
vt 0.293103 0.818182
vt 0.293103 0.909091
vt 0.293103 1.000000
vt 0.310345 0.090909
vt 0.310345 0.000000
vt 0.310345 0.181818
vt 0.310345 0.272727
vt 0.310345 0.363636
vt 0.310345 0.454545
vt 0.310345 0.545455
vt 0.310345 0.636364
vt 0.310345 0.727273
vt 0.310345 0.818182
vt 0.310345 0.909091
vt 0.310345 1.000000
vt 0.327586 0.090909
vt 0.327586 0.000000
vt 0.327586 0.181818
vt 0.327586 0.272727
vt 0.327586 0.363636
vt 0.327586 0.454545
vt 0.327586 0.545455
vt 0.327586 0.636364
vt 0.327586 0.727273
vt 0.327586 0.818182
vt 0.327586 0.909091
vt 0.327586 1.000000
vt 0.344828 0.090909
vt 0.344828 0.000000
vt 0.344828 0.181818
vt 0.344828 0.272727
vt 0.344828 0.363636
vt 0.344828 0.454545
vt 0.344828 0.545455
vt 0.344828 0.636364
vt 0.344828 0.727273
vt 0.344828 0.818182
vt 0.344828 0.909091
vt 0.344828 1.000000
vt 0.362069 0.090909
vt 0.362069 0.000000
vt 0.362069 0.181818
vt 0.362069 0.272727
vt 0.362069 0.363636
vt 0.362069 0.454545
vt 0.362069 0.545455
vt 0.362069 0.636364
vt 0.362069 0.727273
vt 0.362069 0.818182
vt 0.362069 0.909091
vt 0.362069 1.000000
vt 0.379310 0.090909
vt 0.379310 0.000000
vt 0.379310 0.181818
vt 0.379310 0.272727
vt 0.379310 0.363636
vt 0.379310 0.454545
vt 0.379310 0.545455
vt 0.379310 0.636364
vt 0.379310 0.727273
vt 0.379310 0.818182
vt 0.379310 0.909091
vt 0.379310 1.000000
vt 0.396552 0.090909
vt 0.396552 0.000000
vt 0.396552 0.181818
vt 0.396552 0.272727
vt 0.396552 0.363636
vt 0.396552 0.454545
vt 0.396552 0.545455
vt 0.396552 0.636364
vt 0.396552 0.727273
vt 0.396552 0.818182
vt 0.396552 0.909091
vt 0.396552 1.000000
vt 0.413793 0.090909
vt 0.413793 0.000000
vt 0.413793 0.181818
vt 0.413793 0.272727
vt 0.413793 0.363636
vt 0.413793 0.454545
vt 0.413793 0.545455
vt 0.413793 0.636364
vt 0.413793 0.727273
vt 0.413793 0.818182
vt 0.413793 0.909091
vt 0.413793 1.000000
vt 0.431034 0.090909
vt 0.431034 0.000000
vt 0.431034 0.181818
vt 0.431034 0.272727
vt 0.431034 0.363636
vt 0.431034 0.454545
vt 0.431034 0.545455
vt 0.431034 0.636364
vt 0.431034 0.727273
vt 0.431034 0.818182
vt 0.431034 0.909091
vt 0.431034 1.000000
vt 0.448276 0.090909
vt 0.448276 0.000000
vt 0.448276 0.181818
vt 0.448276 0.272727
vt 0.448276 0.363636
vt 0.448276 0.454545
vt 0.448276 0.545455
vt 0.448276 0.636364
vt 0.448276 0.727273
vt 0.448276 0.818182
vt 0.448276 0.909091
vt 0.448276 1.000000
vt 0.465517 0.090909
vt 0.465517 0.000000
vt 0.465517 0.181818
vt 0.465517 0.272727
vt 0.465517 0.363636
vt 0.465517 0.454545
vt 0.465517 0.545455
vt 0.465517 0.636364
vt 0.465517 0.727273
vt 0.465517 0.818182
vt 0.465517 0.909091
vt 0.465517 1.000000
vt 0.482759 0.090909
vt 0.482759 0.000000
vt 0.482759 0.181818
vt 0.482759 0.272727
vt 0.482759 0.363636
vt 0.482759 0.454545
vt 0.482759 0.545455
vt 0.482759 0.636364
vt 0.482759 0.727273
vt 0.482759 0.818182
vt 0.482759 0.909091
vt 0.482759 1.000000
vt 0.517241 0.090909
vt 0.517241 0.000000
vt 0.517241 0.181818
vt 0.517241 0.272727
vt 0.517241 0.363636
vt 0.517241 0.454545
vt 0.517241 0.545455
vt 0.517241 0.636364
vt 0.517241 0.727273
vt 0.517241 0.818182
vt 0.517241 0.909091
vt 0.517241 1.000000
vt 0.534483 0.090909
vt 0.534483 0.000000
vt 0.534483 0.181818
vt 0.534483 0.272727
vt 0.534483 0.363636
vt 0.534483 0.454545
vt 0.534483 0.545455
vt 0.534483 0.636364
vt 0.534483 0.727273
vt 0.534483 0.818182
vt 0.534483 0.909091
vt 0.534483 1.000000
vt 0.551724 0.090909
vt 0.551724 0.000000
vt 0.551724 0.181818
vt 0.551724 0.272727
vt 0.551724 0.363636
vt 0.551724 0.454545
vt 0.551724 0.545455
vt 0.551724 0.636364
vt 0.551724 0.727273
vt 0.551724 0.818182
vt 0.551724 0.909091
vt 0.551724 1.000000
vt 0.568965 0.090909
vt 0.568965 0.000000
vt 0.568965 0.181818
vt 0.568965 0.272727
vt 0.568965 0.363636
vt 0.568965 0.454545
vt 0.568965 0.545455
vt 0.568965 0.636364
vt 0.568965 0.727273
vt 0.568965 0.818182
vt 0.568965 0.909091
vt 0.568965 1.000000
vt 0.586207 0.090909
vt 0.586207 0.000000
vt 0.586207 0.181818
vt 0.586207 0.272727
vt 0.586207 0.363636
vt 0.586207 0.454545
vt 0.586207 0.545455
vt 0.586207 0.636364
vt 0.586207 0.727273
vt 0.586207 0.818182
vt 0.586207 0.909091
vt 0.586207 1.000000
vt 0.603448 0.090909
vt 0.603448 0.000000
vt 0.603448 0.181818
vt 0.603448 0.272727
vt 0.603448 0.363636
vt 0.603448 0.454545
vt 0.603448 0.545455
vt 0.603448 0.636364
vt 0.603448 0.727273
vt 0.603448 0.818182
vt 0.603448 0.909091
vt 0.603448 1.000000
vt 0.620690 0.090909
vt 0.620690 0.000000
vt 0.620690 0.181818
vt 0.620690 0.272727
vt 0.620690 0.363636
vt 0.620690 0.454545
vt 0.620690 0.545455
vt 0.620690 0.636364
vt 0.620690 0.727273
vt 0.620690 0.818182
vt 0.620690 0.909091
vt 0.620690 1.000000
vt 0.637931 0.090909
vt 0.637931 0.000000
vt 0.637931 0.181818
vt 0.637931 0.272727
vt 0.637931 0.363636
vt 0.637931 0.454545
vt 0.637931 0.545455
vt 0.637931 0.636364
vt 0.637931 0.727273
vt 0.637931 0.818182
vt 0.637931 0.909091
vt 0.637931 1.000000
vt 0.655172 0.090909
vt 0.655172 0.000000
vt 0.655172 0.181818
vt 0.655172 0.272727
vt 0.655172 0.363636
vt 0.655172 0.454545
vt 0.655172 0.545455
vt 0.655172 0.636364
vt 0.655172 0.727273
vt 0.655172 0.818182
vt 0.655172 0.909091
vt 0.655172 1.000000
vt 0.672414 0.090909
vt 0.672414 0.000000
vt 0.672414 0.181818
vt 0.672414 0.272727
vt 0.672414 0.363636
vt 0.672414 0.454545
vt 0.672414 0.545455
vt 0.672414 0.636364
vt 0.672414 0.727273
vt 0.672414 0.818182
vt 0.672414 0.909091
vt 0.672414 1.000000
vt 0.689655 0.090909
vt 0.689655 0.000000
vt 0.689655 0.181818
vt 0.689655 0.272727
vt 0.689655 0.363636
vt 0.689655 0.454545
vt 0.689655 0.545455
vt 0.689655 0.636364
vt 0.689655 0.727273
vt 0.689655 0.818182
vt 0.689655 0.909091
vt 0.689655 1.000000
vt 0.706897 0.090909
vt 0.706897 0.000000
vt 0.706897 0.181818
vt 0.706897 0.272727
vt 0.706897 0.363636
vt 0.706897 0.454545
vt 0.706897 0.545455
vt 0.706897 0.636364
vt 0.706897 0.727273
vt 0.706897 0.818182
vt 0.706897 0.909091
vt 0.706897 1.000000
vt 0.724138 0.090909
vt 0.724138 0.000000
vt 0.724138 0.181818
vt 0.724138 0.272727
vt 0.724138 0.363636
vt 0.724138 0.454545
vt 0.724138 0.545455
vt 0.724138 0.636364
vt 0.724138 0.727273
vt 0.724138 0.818182
vt 0.724138 0.909091
vt 0.724138 1.000000
vt 0.741379 0.090909
vt 0.741379 0.000000
vt 0.741379 0.181818
vt 0.741379 0.272727
vt 0.741379 0.363636
vt 0.741379 0.454545
vt 0.741379 0.545455
vt 0.741379 0.636364
vt 0.741379 0.727273
vt 0.741379 0.818182
vt 0.741379 0.909091
vt 0.741379 1.000000
vt 0.758621 0.090909
vt 0.758621 0.000000
vt 0.758621 0.181818
vt 0.758621 0.272727
vt 0.758621 0.363636
vt 0.758621 0.454545
vt 0.758621 0.545455
vt 0.758621 0.636364
vt 0.758621 0.727273
vt 0.758621 0.818182
vt 0.758621 0.909091
vt 0.758621 1.000000
vt 0.775862 0.090909
vt 0.775862 0.000000
vt 0.775862 0.181818
vt 0.775862 0.272727
vt 0.775862 0.363636
vt 0.775862 0.454545
vt 0.775862 0.545455
vt 0.775862 0.636364
vt 0.775862 0.727273
vt 0.775862 0.818182
vt 0.775862 0.909091
vt 0.775862 1.000000
vt 0.793103 0.090909
vt 0.793103 0.000000
vt 0.793103 0.181818
vt 0.793103 0.272727
vt 0.793103 0.363636
vt 0.793103 0.454545
vt 0.793103 0.545455
vt 0.793103 0.636364
vt 0.793103 0.727273
vt 0.793103 0.818182
vt 0.793103 0.909091
vt 0.793103 1.000000
vt 0.810345 0.090909
vt 0.810345 0.000000
vt 0.810345 0.181818
vt 0.810345 0.272727
vt 0.810345 0.363636
vt 0.810345 0.454545
vt 0.810345 0.545455
vt 0.810345 0.636364
vt 0.810345 0.727273
vt 0.810345 0.818182
vt 0.810345 0.909091
vt 0.810345 1.000000
vt 0.827586 0.090909
vt 0.827586 0.000000
vt 0.827586 0.181818
vt 0.827586 0.272727
vt 0.827586 0.363636
vt 0.827586 0.454545
vt 0.827586 0.545455
vt 0.827586 0.636364
vt 0.827586 0.727273
vt 0.827586 0.818182
vt 0.827586 0.909091
vt 0.827586 1.000000
vt 0.844828 0.090909
vt 0.844828 0.000000
vt 0.844828 0.181818
vt 0.844828 0.272727
vt 0.844828 0.363636
vt 0.844828 0.454545
vt 0.844828 0.545455
vt 0.844828 0.636364
vt 0.844828 0.727273
vt 0.844828 0.818182
vt 0.844828 0.909091
vt 0.844828 1.000000
vt 0.862069 0.090909
vt 0.862069 0.000000
vt 0.862069 0.181818
vt 0.862069 0.272727
vt 0.862069 0.363636
vt 0.862069 0.454545
vt 0.862069 0.545455
vt 0.862069 0.636364
vt 0.862069 0.727273
vt 0.862069 0.818182
vt 0.862069 0.909091
vt 0.862069 1.000000
vt 0.879310 0.090909
vt 0.879310 0.000000
vt 0.879310 0.181818
vt 0.879310 0.272727
vt 0.879310 0.363636
vt 0.879310 0.454545
vt 0.879310 0.545455
vt 0.879310 0.636364
vt 0.879310 0.727273
vt 0.879310 0.818182
vt 0.879310 0.909091
vt 0.879310 1.000000
vt 0.896552 0.090909
vt 0.896552 0.000000
vt 0.896552 0.181818
vt 0.896552 0.272727
vt 0.896552 0.363636
vt 0.896552 0.454545
vt 0.896552 0.545455
vt 0.896552 0.636364
vt 0.896552 0.727273
vt 0.896552 0.818182
vt 0.896552 0.909091
vt 0.896552 1.000000
vt 0.913793 0.090909
vt 0.913793 0.000000
vt 0.913793 0.181818
vt 0.913793 0.272727
vt 0.913793 0.363636
vt 0.913793 0.454545
vt 0.913793 0.545455
vt 0.913793 0.636364
vt 0.913793 0.727273
vt 0.913793 0.818182
vt 0.913793 0.909091
vt 0.913793 1.000000
vt 0.931035 0.090909
vt 0.931035 0.000000
vt 0.931035 0.181818
vt 0.931035 0.272727
vt 0.931035 0.363636
vt 0.931035 0.454545
vt 0.931035 0.545455
vt 0.931035 0.636364
vt 0.931035 0.727273
vt 0.931035 0.818182
vt 0.931035 0.909091
vt 0.931035 1.000000
vt 0.948276 0.090909
vt 0.948276 0.000000
vt 0.948276 0.181818
vt 0.948276 0.272727
vt 0.948276 0.363636
vt 0.948276 0.454545
vt 0.948276 0.545455
vt 0.948276 0.636364
vt 0.948276 0.727273
vt 0.948276 0.818182
vt 0.948276 0.909091
vt 0.948276 1.000000
vt 0.965517 0.090909
vt 0.965517 0.000000
vt 0.965517 0.181818
vt 0.965517 0.272727
vt 0.965517 0.363636
vt 0.965517 0.454545
vt 0.965517 0.545455
vt 0.965517 0.636364
vt 0.965517 0.727273
vt 0.965517 0.818182
vt 0.965517 0.909091
vt 0.965517 1.000000
vt 0.982759 0.090909
vt 0.982759 0.000000
vt 0.982759 0.181818
vt 0.982759 0.272727
vt 0.982759 0.363636
vt 0.982759 0.454545
vt 0.982759 0.545455
vt 0.982759 0.636364
vt 0.982759 0.727273
vt 0.982759 0.818182
vt 0.982759 0.909091
vt 0.982759 1.000000
vt 0.017544 0.090909
vt 0.017544 0.181818
vt 0.017544 0.272727
vt 0.017544 0.363636
vt 0.017544 0.454545
vt 0.017544 0.545455
vt 0.017544 0.636364
vt 0.017544 0.727273
vt 0.017544 0.818182
vt 0.017544 0.909091
vt 0.017544 1.000000
vt 0.035088 0.090909
vt 0.035088 0.181818
vt 0.035088 0.272727
vt 0.035088 0.363636
vt 0.035088 0.454545
vt 0.035088 0.545455
vt 0.035088 0.636364
vt 0.035088 0.727273
vt 0.035088 0.818182
vt 0.035088 0.909091
vt 0.035088 1.000000
vt 0.052632 0.090909
vt 0.052632 0.181818
vt 0.052632 0.272727
vt 0.052632 0.363636
vt 0.052632 0.454545
vt 0.052632 0.545455
vt 0.052632 0.636364
vt 0.052632 0.727273
vt 0.052632 0.818182
vt 0.052632 0.909091
vt 0.052632 1.000000
vt 0.070175 0.090909
vt 0.070175 0.181818
vt 0.070175 0.272727
vt 0.070175 0.363636
vt 0.070175 0.454545
vt 0.070175 0.545455
vt 0.070175 0.636364
vt 0.070175 0.727273
vt 0.070175 0.818182
vt 0.070175 0.909091
vt 0.070175 1.000000
vt 0.087719 0.090909
vt 0.087719 0.181818
vt 0.087719 0.272727
vt 0.087719 0.363636
vt 0.087719 0.454545
vt 0.087719 0.545455
vt 0.087719 0.636364
vt 0.087719 0.727273
vt 0.087719 0.818182
vt 0.087719 0.909091
vt 0.087719 1.000000
vt 0.105263 0.090909
vt 0.105263 0.181818
vt 0.105263 0.272727
vt 0.105263 0.363636
vt 0.105263 0.454545
vt 0.105263 0.545455
vt 0.105263 0.636364
vt 0.105263 0.727273
vt 0.105263 0.818182
vt 0.105263 0.909091
vt 0.105263 1.000000
vt 0.122807 0.090909
vt 0.122807 0.181818
vt 0.122807 0.272727
vt 0.122807 0.363636
vt 0.122807 0.454545
vt 0.122807 0.545455
vt 0.122807 0.636364
vt 0.122807 0.727273
vt 0.122807 0.818182
vt 0.122807 0.909091
vt 0.122807 1.000000
vt 0.140351 0.090909
vt 0.140351 0.181818
vt 0.140351 0.272727
vt 0.140351 0.363636
vt 0.140351 0.454545
vt 0.140351 0.545455
vt 0.140351 0.636364
vt 0.140351 0.727273
vt 0.140351 0.818182
vt 0.140351 0.909091
vt 0.140351 1.000000
vt 0.157895 0.090909
vt 0.157895 0.181818
vt 0.157895 0.272727
vt 0.157895 0.363636
vt 0.157895 0.454545
vt 0.157895 0.545455
vt 0.157895 0.636364
vt 0.157895 0.727273
vt 0.157895 0.818182
vt 0.157895 0.909091
vt 0.157895 1.000000
vt 0.175439 0.090909
vt 0.175439 0.181818
vt 0.175439 0.272727
vt 0.175439 0.363636
vt 0.175439 0.454545
vt 0.175439 0.545455
vt 0.175439 0.636364
vt 0.175439 0.727273
vt 0.175439 0.818182
vt 0.175439 0.909091
vt 0.175439 1.000000
vt 0.192982 0.090909
vt 0.192982 0.181818
vt 0.192982 0.272727
vt 0.192982 0.363636
vt 0.192982 0.454545
vt 0.192982 0.545455
vt 0.192982 0.636364
vt 0.192982 0.727273
vt 0.192982 0.818182
vt 0.192982 0.909091
vt 0.192982 1.000000
vt 0.210526 0.090909
vt 0.210526 0.181818
vt 0.210526 0.272727
vt 0.210526 0.363636
vt 0.210526 0.454545
vt 0.210526 0.545455
vt 0.210526 0.636364
vt 0.210526 0.727273
vt 0.210526 0.818182
vt 0.210526 0.909091
vt 0.210526 1.000000
vt 0.228070 0.090909
vt 0.228070 0.181818
vt 0.228070 0.272727
vt 0.228070 0.363636
vt 0.228070 0.454545
vt 0.228070 0.545455
vt 0.228070 0.636364
vt 0.228070 0.727273
vt 0.228070 0.818182
vt 0.228070 0.909091
vt 0.228070 1.000000
vt 0.245614 0.090909
vt 0.245614 0.181818
vt 0.245614 0.272727
vt 0.245614 0.363636
vt 0.245614 0.454545
vt 0.245614 0.545455
vt 0.245614 0.636364
vt 0.245614 0.727273
vt 0.245614 0.818182
vt 0.245614 0.909091
vt 0.245614 1.000000
vt 0.263158 0.090909
vt 0.263158 0.181818
vt 0.263158 0.272727
vt 0.263158 0.363636
vt 0.263158 0.454545
vt 0.263158 0.545455
vt 0.263158 0.636364
vt 0.263158 0.727273
vt 0.263158 0.818182
vt 0.263158 0.909091
vt 0.263158 1.000000
vt 0.280702 0.090909
vt 0.280702 0.181818
vt 0.280702 0.272727
vt 0.280702 0.363636
vt 0.280702 0.454545
vt 0.280702 0.545455
vt 0.280702 0.636364
vt 0.280702 0.727273
vt 0.280702 0.818182
vt 0.280702 0.909091
vt 0.280702 1.000000
vt 0.298246 0.090909
vt 0.298246 0.181818
vt 0.298246 0.272727
vt 0.298246 0.363636
vt 0.298246 0.454545
vt 0.298246 0.545455
vt 0.298246 0.636364
vt 0.298246 0.727273
vt 0.298246 0.818182
vt 0.298246 0.909091
vt 0.298246 1.000000
vt 0.315789 0.090909
vt 0.315789 0.181818
vt 0.315789 0.272727
vt 0.315789 0.363636
vt 0.315789 0.454545
vt 0.315789 0.545455
vt 0.315789 0.636364
vt 0.315789 0.727273
vt 0.315789 0.818182
vt 0.315789 0.909091
vt 0.315789 1.000000
vt 0.350877 0.090909
vt 0.350877 0.181818
vt 0.350877 0.272727
vt 0.350877 0.363636
vt 0.350877 0.454545
vt 0.350877 0.545455
vt 0.350877 0.636364
vt 0.350877 0.727273
vt 0.350877 0.818182
vt 0.350877 0.909091
vt 0.350877 1.000000
vt 0.368421 0.090909
vt 0.368421 0.181818
vt 0.368421 0.272727
vt 0.368421 0.363636
vt 0.368421 0.454545
vt 0.368421 0.545455
vt 0.368421 0.636364
vt 0.368421 0.727273
vt 0.368421 0.818182
vt 0.368421 0.909091
vt 0.368421 1.000000
vt 0.385965 0.090909
vt 0.385965 0.181818
vt 0.385965 0.272727
vt 0.385965 0.363636
vt 0.385965 0.454545
vt 0.385965 0.545455
vt 0.385965 0.636364
vt 0.385965 0.727273
vt 0.385965 0.818182
vt 0.385965 0.909091
vt 0.385965 1.000000
vt 0.403509 0.090909
vt 0.403509 0.181818
vt 0.403509 0.272727
vt 0.403509 0.363636
vt 0.403509 0.454545
vt 0.403509 0.545455
vt 0.403509 0.636364
vt 0.403509 0.727273
vt 0.403509 0.818182
vt 0.403509 0.909091
vt 0.403509 1.000000
vt 0.421053 0.090909
vt 0.421053 0.181818
vt 0.421053 0.272727
vt 0.421053 0.363636
vt 0.421053 0.454545
vt 0.421053 0.545455
vt 0.421053 0.636364
vt 0.421053 0.727273
vt 0.421053 0.818182
vt 0.421053 0.909091
vt 0.421053 1.000000
vt 0.438596 0.090909
vt 0.438596 0.181818
vt 0.438596 0.272727
vt 0.438596 0.363636
vt 0.438596 0.454545
vt 0.438596 0.545455
vt 0.438596 0.636364
vt 0.438596 0.727273
vt 0.438596 0.818182
vt 0.438596 0.909091
vt 0.438596 1.000000
vt 0.456140 0.090909
vt 0.456140 0.181818
vt 0.456140 0.272727
vt 0.456140 0.363636
vt 0.456140 0.454545
vt 0.456140 0.545455
vt 0.456140 0.636364
vt 0.456140 0.727273
vt 0.456140 0.818182
vt 0.456140 0.909091
vt 0.456140 1.000000
vt 0.473684 0.090909
vt 0.473684 0.181818
vt 0.473684 0.272727
vt 0.473684 0.363636
vt 0.473684 0.454545
vt 0.473684 0.545455
vt 0.473684 0.636364
vt 0.473684 0.727273
vt 0.473684 0.818182
vt 0.473684 0.909091
vt 0.473684 1.000000
vt 0.491228 0.090909
vt 0.491228 0.181818
vt 0.491228 0.272727
vt 0.491228 0.363636
vt 0.491228 0.454545
vt 0.491228 0.545455
vt 0.491228 0.636364
vt 0.491228 0.727273
vt 0.491228 0.818182
vt 0.491228 0.909091
vt 0.491228 1.000000
vt 0.508772 0.090909
vt 0.508772 0.181818
vt 0.508772 0.272727
vt 0.508772 0.363636
vt 0.508772 0.454545
vt 0.508772 0.545455
vt 0.508772 0.636364
vt 0.508772 0.727273
vt 0.508772 0.818182
vt 0.508772 0.909091
vt 0.508772 1.000000
vt 0.526316 0.090909
vt 0.526316 0.181818
vt 0.526316 0.272727
vt 0.526316 0.363636
vt 0.526316 0.454545
vt 0.526316 0.545455
vt 0.526316 0.636364
vt 0.526316 0.727273
vt 0.526316 0.818182
vt 0.526316 0.909091
vt 0.526316 1.000000
vt 0.543860 0.090909
vt 0.543860 0.181818
vt 0.543860 0.272727
vt 0.543860 0.363636
vt 0.543860 0.454545
vt 0.543860 0.545455
vt 0.543860 0.636364
vt 0.543860 0.727273
vt 0.543860 0.818182
vt 0.543860 0.909091
vt 0.543860 1.000000
vt 0.561404 0.090909
vt 0.561404 0.181818
vt 0.561404 0.272727
vt 0.561404 0.363636
vt 0.561404 0.454545
vt 0.561404 0.545455
vt 0.561404 0.636364
vt 0.561404 0.727273
vt 0.561404 0.818182
vt 0.561404 0.909091
vt 0.561404 1.000000
vt 0.578947 0.090909
vt 0.578947 0.181818
vt 0.578947 0.272727
vt 0.578947 0.363636
vt 0.578947 0.454545
vt 0.578947 0.545455
vt 0.578947 0.636364
vt 0.578947 0.727273
vt 0.578947 0.818182
vt 0.578947 0.909091
vt 0.578947 1.000000
vt 0.596491 0.090909
vt 0.596491 0.181818
vt 0.596491 0.272727
vt 0.596491 0.363636
vt 0.596491 0.454545
vt 0.596491 0.545455
vt 0.596491 0.636364
vt 0.596491 0.727273
vt 0.596491 0.818182
vt 0.596491 0.909091
vt 0.596491 1.000000
vt 0.614035 0.090909
vt 0.614035 0.181818
vt 0.614035 0.272727
vt 0.614035 0.363636
vt 0.614035 0.454545
vt 0.614035 0.545455
vt 0.614035 0.636364
vt 0.614035 0.727273
vt 0.614035 0.818182
vt 0.614035 0.909091
vt 0.614035 1.000000
vt 0.631579 0.090909
vt 0.631579 0.181818
vt 0.631579 0.272727
vt 0.631579 0.363636
vt 0.631579 0.454545
vt 0.631579 0.545455
vt 0.631579 0.636364
vt 0.631579 0.727273
vt 0.631579 0.818182
vt 0.631579 0.909091
vt 0.631579 1.000000
vt 0.649123 0.090909
vt 0.649123 0.181818
vt 0.649123 0.272727
vt 0.649123 0.363636
vt 0.649123 0.454545
vt 0.649123 0.545455
vt 0.649123 0.636364
vt 0.649123 0.727273
vt 0.649123 0.818182
vt 0.649123 0.909091
vt 0.649123 1.000000
vt 0.684211 0.090909
vt 0.684211 0.181818
vt 0.684211 0.272727
vt 0.684211 0.363636
vt 0.684211 0.454545
vt 0.684211 0.545455
vt 0.684211 0.636364
vt 0.684211 0.727273
vt 0.684211 0.818182
vt 0.684211 0.909091
vt 0.684211 1.000000
vt 0.701754 0.090909
vt 0.701754 0.181818
vt 0.701754 0.272727
vt 0.701754 0.363636
vt 0.701754 0.454545
vt 0.701754 0.545455
vt 0.701754 0.636364
vt 0.701754 0.727273
vt 0.701754 0.818182
vt 0.701754 0.909091
vt 0.701754 1.000000
vt 0.719298 0.090909
vt 0.719298 0.181818
vt 0.719298 0.272727
vt 0.719298 0.363636
vt 0.719298 0.454545
vt 0.719298 0.545455
vt 0.719298 0.636364
vt 0.719298 0.727273
vt 0.719298 0.818182
vt 0.719298 0.909091
vt 0.719298 1.000000
vt 0.736842 0.090909
vt 0.736842 0.181818
vt 0.736842 0.272727
vt 0.736842 0.363636
vt 0.736842 0.454545
vt 0.736842 0.545455
vt 0.736842 0.636364
vt 0.736842 0.727273
vt 0.736842 0.818182
vt 0.736842 0.909091
vt 0.736842 1.000000
vt 0.754386 0.090909
vt 0.754386 0.181818
vt 0.754386 0.272727
vt 0.754386 0.363636
vt 0.754386 0.454545
vt 0.754386 0.545455
vt 0.754386 0.636364
vt 0.754386 0.727273
vt 0.754386 0.818182
vt 0.754386 0.909091
vt 0.754386 1.000000
vt 0.771930 0.090909
vt 0.771930 0.181818
vt 0.771930 0.272727
vt 0.771930 0.363636
vt 0.771930 0.454545
vt 0.771930 0.545455
vt 0.771930 0.636364
vt 0.771930 0.727273
vt 0.771930 0.818182
vt 0.771930 0.909091
vt 0.771930 1.000000
vt 0.789474 0.090909
vt 0.789474 0.181818
vt 0.789474 0.272727
vt 0.789474 0.363636
vt 0.789474 0.454545
vt 0.789474 0.545455
vt 0.789474 0.636364
vt 0.789474 0.727273
vt 0.789474 0.818182
vt 0.789474 0.909091
vt 0.789474 1.000000
vt 0.807018 0.090909
vt 0.807018 0.181818
vt 0.807018 0.272727
vt 0.807018 0.363636
vt 0.807018 0.454545
vt 0.807018 0.545455
vt 0.807018 0.636364
vt 0.807018 0.727273
vt 0.807018 0.818182
vt 0.807018 0.909091
vt 0.807018 1.000000
vt 0.824561 0.090909
vt 0.824561 0.181818
vt 0.824561 0.272727
vt 0.824561 0.363636
vt 0.824561 0.454545
vt 0.824561 0.545455
vt 0.824561 0.636364
vt 0.824561 0.727273
vt 0.824561 0.818182
vt 0.824561 0.909091
vt 0.824561 1.000000
vt 0.842105 0.090909
vt 0.842105 0.181818
vt 0.842105 0.272727
vt 0.842105 0.363636
vt 0.842105 0.454545
vt 0.842105 0.545455
vt 0.842105 0.636364
vt 0.842105 0.727273
vt 0.842105 0.818182
vt 0.842105 0.909091
vt 0.842105 1.000000
vt 0.859649 0.090909
vt 0.859649 0.181818
vt 0.859649 0.272727
vt 0.859649 0.363636
vt 0.859649 0.454545
vt 0.859649 0.545455
vt 0.859649 0.636364
vt 0.859649 0.727273
vt 0.859649 0.818182
vt 0.859649 0.909091
vt 0.859649 1.000000
vt 0.877193 0.090909
vt 0.877193 0.181818
vt 0.877193 0.272727
vt 0.877193 0.363636
vt 0.877193 0.454545
vt 0.877193 0.545455
vt 0.877193 0.636364
vt 0.877193 0.727273
vt 0.877193 0.818182
vt 0.877193 0.909091
vt 0.877193 1.000000
vt 0.894737 0.090909
vt 0.894737 0.181818
vt 0.894737 0.272727
vt 0.894737 0.363636
vt 0.894737 0.454545
vt 0.894737 0.545455
vt 0.894737 0.636364
vt 0.894737 0.727273
vt 0.894737 0.818182
vt 0.894737 0.909091
vt 0.894737 1.000000
vt 0.912281 0.090909
vt 0.912281 0.181818
vt 0.912281 0.272727
vt 0.912281 0.363636
vt 0.912281 0.454545
vt 0.912281 0.545455
vt 0.912281 0.636364
vt 0.912281 0.727273
vt 0.912281 0.818182
vt 0.912281 0.909091
vt 0.912281 1.000000
vt 0.929825 0.090909
vt 0.929825 0.181818
vt 0.929825 0.272727
vt 0.929825 0.363636
vt 0.929825 0.454545
vt 0.929825 0.545455
vt 0.929825 0.636364
vt 0.929825 0.727273
vt 0.929825 0.818182
vt 0.929825 0.909091
vt 0.929825 1.000000
vt 0.947368 0.090909
vt 0.947368 0.181818
vt 0.947368 0.272727
vt 0.947368 0.363636
vt 0.947368 0.454545
vt 0.947368 0.545455
vt 0.947368 0.636364
vt 0.947368 0.727273
vt 0.947368 0.818182
vt 0.947368 0.909091
vt 0.947368 1.000000
vt 0.964912 0.090909
vt 0.964912 0.181818
vt 0.964912 0.272727
vt 0.964912 0.363636
vt 0.964912 0.454545
vt 0.964912 0.545455
vt 0.964912 0.636364
vt 0.964912 0.727273
vt 0.964912 0.818182
vt 0.964912 0.909091
vt 0.964912 1.000000
vt 0.982456 0.090909
vt 0.982456 0.181818
vt 0.982456 0.272727
vt 0.982456 0.363636
vt 0.982456 0.454545
vt 0.982456 0.545455
vt 0.982456 0.636364
vt 0.982456 0.727273
vt 0.982456 0.818182
vt 0.982456 0.909091
vt 0.982456 1.000000
s 1
usemtl マテリアル
f 54/1/1 56/2/1 55/3/1
f 54/1/1 57/4/1 56/2/1
f 12/5/1 14/6/1 13/7/1
f 11/8/1 14/6/1 12/5/1
f 11/8/1 15/9/1 14/6/1
f 10/10/1 15/9/1 11/8/1
f 9/11/1 15/9/1 10/10/1
f 9/11/1 16/12/1 15/9/1
f 8/13/1 16/12/1 9/11/1
f 8/13/1 17/14/1 16/12/1
f 7/15/1 17/14/1 8/13/1
f 6/16/1 17/14/1 7/15/1
f 6/16/1 18/17/1 17/14/1
f 5/18/1 18/17/1 6/16/1
f 4/19/1 18/17/1 5/18/1
f 4/19/1 19/20/1 18/17/1
f 3/21/1 19/20/1 4/19/1
f 3/21/1 20/22/1 19/20/1
f 2/23/1 20/22/1 3/21/1
f 1/24/1 20/22/1 2/23/1
f 1/24/1 40/25/1 20/22/1
f 40/25/1 21/26/1 20/22/1
f 54/1/1 1/24/1 57/4/1
f 54/1/1 52/27/1 1/24/1
f 52/27/1 51/28/1 1/24/1
f 51/28/1 50/29/1 1/24/1
f 50/29/1 49/30/1 1/24/1
f 49/30/1 48/31/1 1/24/1
f 48/31/1 47/32/1 1/24/1
f 47/32/1 46/33/1 1/24/1
f 46/33/1 45/34/1 1/24/1
f 45/34/1 44/35/1 1/24/1
f 44/35/1 43/36/1 1/24/1
f 43/36/1 42/37/1 1/24/1
f 42/37/1 41/38/1 1/24/1
f 41/38/1 40/25/1 1/24/1
f 39/39/1 21/26/1 40/25/1
f 38/40/1 21/26/1 39/39/1
f 37/41/1 21/26/1 38/40/1
f 36/42/1 21/26/1 37/41/1
f 36/42/1 22/43/1 21/26/1
f 35/44/1 22/43/1 36/42/1
f 34/45/1 22/43/1 35/44/1
f 33/46/1 22/43/1 34/45/1
f 33/46/1 23/47/1 22/43/1
f 32/48/1 23/47/1 33/46/1
f 31/49/1 23/47/1 32/48/1
f 31/49/1 24/50/1 23/47/1
f 30/51/1 24/50/1 31/49/1
f 54/1/1 53/52/1 52/27/1
f 29/53/1 24/50/1 30/51/1
f 29/53/1 25/54/1 24/50/1
f 28/55/1 25/54/1 29/53/1
f 27/56/1 25/54/1 28/55/1
f 27/56/1 26/57/1 25/54/1
f 113/58/1 115/4/1 114/59/1
f 113/58/1 58/24/1 115/4/1
f 113/58/1 59/60/1 58/24/1
f 112/61/1 59/60/1 113/58/1
s 0
f 111/62/1 59/60/1 112/61/1
s 1
f 110/63/1 60/64/1 111/62/1
s 0
f 60/64/1 59/60/1 111/62/1
s 1
f 110/63/1 61/65/1 60/64/1
f 110/63/1 62/66/1 61/65/1
f 109/67/1 62/66/1 110/63/1
f 109/67/1 63/68/1 62/66/1
f 109/67/1 64/69/1 63/68/1
f 108/70/1 64/69/1 109/67/1
f 108/70/1 65/71/1 64/69/1
f 84/72/1 86/73/1 85/74/1
f 83/75/1 86/73/1 84/72/1
f 108/70/1 66/76/1 65/71/1
f 82/77/1 86/73/1 83/75/1
f 107/78/1 66/76/1 108/70/1
f 107/78/1 67/79/1 66/76/1
f 81/80/1 86/73/1 82/77/1
f 80/81/1 86/73/1 81/80/1
f 107/78/1 68/82/1 67/79/1
f 79/83/1 86/73/1 80/81/1
f 107/78/1 69/84/1 68/82/1
f 78/85/1 86/73/1 79/83/1
f 107/78/1 70/86/1 69/84/1
f 77/87/1 86/73/1 78/85/1
f 106/88/1 70/86/1 107/78/1
f 76/89/1 86/73/1 77/87/1
f 106/88/1 71/90/1 70/86/1
f 75/91/1 86/73/1 76/89/1
f 106/88/1 72/92/1 71/90/1
f 74/93/1 86/73/1 75/91/1
f 106/88/1 73/94/1 72/92/1
f 73/94/1 86/73/1 74/93/1
f 106/88/1 86/73/1 73/94/1
f 105/95/1 86/73/1 106/88/1
f 104/96/1 86/73/1 105/95/1
f 103/97/1 86/73/1 104/96/1
f 103/97/1 87/98/1 86/73/1
f 102/99/1 87/98/1 103/97/1
f 102/99/1 88/100/1 87/98/1
f 102/99/1 89/101/1 88/100/1
f 101/102/1 89/101/1 102/99/1
f 101/102/1 90/103/1 89/101/1
f 101/102/1 91/104/1 90/103/1
f 101/102/1 92/105/1 91/104/1
f 100/106/1 92/105/1 101/102/1
f 100/106/1 93/107/1 92/105/1
f 100/106/1 94/108/1 93/107/1
f 99/109/1 94/108/1 100/106/1
f 99/109/1 95/110/1 94/108/1
f 99/109/1 96/111/1 95/110/1
f 98/112/1 96/111/1 99/109/1
f 98/112/1 97/113/1 96/111/1
f 128/114/1 130/115/1 129/116/1
f 128/114/1 131/117/1 130/115/1
f 127/118/1 131/117/1 128/114/1
f 127/118/1 132/119/1 131/117/1
f 126/120/1 132/119/1 127/118/1
f 126/120/1 133/121/1 132/119/1
f 126/120/1 134/87/1 133/121/1
f 125/122/1 134/87/1 126/120/1
f 125/122/1 135/123/1 134/87/1
f 168/124/1 170/4/1 169/125/1
f 168/124/1 116/24/1 170/4/1
f 124/126/1 135/123/1 125/122/1
f 124/126/1 136/127/1 135/123/1
f 124/126/1 137/128/1 136/127/1
f 123/129/1 137/128/1 124/126/1
f 123/129/1 138/130/1 137/128/1
f 122/131/1 138/130/1 123/129/1
f 122/131/1 139/132/1 138/130/1
f 122/131/1 140/133/1 139/132/1
f 121/134/1 140/133/1 122/131/1
f 121/134/1 141/135/1 140/133/1
f 120/136/1 141/135/1 121/134/1
f 120/136/1 151/137/1 141/135/1
f 151/137/1 150/138/1 141/135/1
f 150/138/1 149/139/1 141/135/1
f 149/139/1 148/140/1 141/135/1
f 148/140/1 147/141/1 141/135/1
f 147/141/1 146/142/1 141/135/1
f 146/142/1 145/143/1 141/135/1
f 145/143/1 144/144/1 141/135/1
f 144/144/1 143/53/1 141/135/1
f 143/53/1 142/145/1 141/135/1
f 119/146/1 153/147/1 120/136/1
f 153/147/1 152/111/1 120/136/1
f 152/111/1 151/137/1 120/136/1
f 118/148/1 155/149/1 119/146/1
f 155/149/1 154/150/1 119/146/1
f 154/150/1 153/147/1 119/146/1
f 118/148/1 156/151/1 155/149/1
f 118/148/1 157/152/1 156/151/1
f 117/153/1 157/152/1 118/148/1
f 117/153/1 158/154/1 157/152/1
f 117/153/1 159/155/1 158/154/1
f 168/124/1 117/153/1 116/24/1
f 168/124/1 163/156/1 117/153/1
f 163/156/1 162/157/1 117/153/1
f 162/157/1 161/158/1 117/153/1
f 161/158/1 160/159/1 117/153/1
f 160/159/1 159/155/1 117/153/1
f 168/124/1 164/160/1 163/156/1
f 168/124/1 165/161/1 164/160/1
f 168/124/1 166/162/1 165/161/1
f 168/124/1 167/163/1 166/162/1
f 219/164/1 221/165/1 220/166/1
f 219/164/1 222/4/1 221/165/1
f 193/167/1 195/168/1 194/169/1
f 193/167/1 196/170/1 195/168/1
f 192/171/1 196/170/1 193/167/1
f 192/171/1 197/172/1 196/170/1
f 191/173/1 197/172/1 192/171/1
f 191/173/1 198/174/1 197/172/1
f 190/175/1 198/174/1 191/173/1
f 190/175/1 199/176/1 198/174/1
f 189/177/1 199/176/1 190/175/1
f 189/177/1 200/178/1 199/176/1
f 188/87/1 200/178/1 189/177/1
f 188/87/1 201/179/1 200/178/1
f 187/180/1 201/179/1 188/87/1
f 187/180/1 202/181/1 201/179/1
f 186/182/1 202/181/1 187/180/1
f 186/182/1 203/183/1 202/181/1
f 185/184/1 203/183/1 186/182/1
f 185/184/1 204/185/1 203/183/1
f 184/186/1 204/185/1 185/184/1
f 184/186/1 205/111/1 204/185/1
f 183/187/1 205/111/1 184/186/1
f 183/187/1 206/188/1 205/111/1
f 182/189/1 206/188/1 183/187/1
f 181/190/1 206/188/1 182/189/1
f 181/190/1 207/191/1 206/188/1
f 181/190/1 208/192/1 207/191/1
f 180/193/1 208/192/1 181/190/1
f 180/193/1 209/194/1 208/192/1
f 179/195/1 209/194/1 180/193/1
f 179/195/1 210/196/1 209/194/1
f 178/197/1 210/196/1 179/195/1
f 178/197/1 211/198/1 210/196/1
f 177/199/1 211/198/1 178/197/1
f 177/199/1 212/200/1 211/198/1
f 176/201/1 212/200/1 177/199/1
f 176/201/1 213/202/1 212/200/1
f 175/203/1 213/202/1 176/201/1
f 175/203/1 214/204/1 213/202/1
f 174/205/1 214/204/1 175/203/1
f 174/205/1 215/206/1 214/204/1
f 173/207/1 215/206/1 174/205/1
f 173/207/1 216/208/1 215/206/1
f 172/209/1 216/208/1 173/207/1
f 172/209/1 217/210/1 216/208/1
f 171/24/1 217/210/1 172/209/1
f 171/24/1 218/211/1 217/210/1
f 270/212/1 272/213/1 271/214/1
f 270/212/1 273/215/1 272/213/1
f 233/216/1 235/217/1 234/131/1
f 232/218/1 235/217/1 233/216/1
f 231/219/1 235/217/1 232/218/1
f 231/219/1 236/220/1 235/217/1
f 230/221/1 236/220/1 231/219/1
f 229/222/1 236/220/1 230/221/1
f 228/223/1 236/220/1 229/222/1
f 228/223/1 237/224/1 236/220/1
f 227/225/1 237/224/1 228/223/1
f 226/226/1 237/224/1 227/225/1
f 226/226/1 238/227/1 237/224/1
f 225/228/1 238/227/1 226/226/1
f 224/229/1 238/227/1 225/228/1
f 223/24/1 238/227/1 224/229/1
f 223/24/1 239/230/1 238/227/1
f 273/215/1 239/230/1 223/24/1
f 270/212/1 321/231/1 273/215/1
f 321/231/1 320/232/1 273/215/1
f 320/232/1 319/233/1 273/215/1
f 319/233/1 318/234/1 273/215/1
f 318/234/1 317/235/1 273/215/1
f 317/235/1 316/236/1 273/215/1
f 316/236/1 315/237/1 273/215/1
f 315/237/1 314/238/1 273/215/1
f 314/238/1 313/239/1 273/215/1
f 313/239/1 312/240/1 273/215/1
f 312/240/1 239/230/1 273/215/1
f 312/240/1 311/160/1 239/230/1
f 311/160/1 240/241/1 239/230/1
f 311/160/1 310/242/1 240/241/1
f 310/242/1 309/243/1 240/241/1
f 309/243/1 241/244/1 240/241/1
f 308/245/1 241/244/1 309/243/1
f 307/246/1 241/244/1 308/245/1
f 307/246/1 242/247/1 241/244/1
f 306/248/1 242/247/1 307/246/1
f 305/249/1 242/247/1 306/248/1
f 304/250/1 242/247/1 305/249/1
f 304/250/1 243/251/1 242/247/1
f 303/252/1 243/251/1 304/250/1
f 302/253/1 243/251/1 303/252/1
f 270/212/1 322/4/1 321/231/1
f 302/253/1 244/254/1 243/251/1
f 301/255/1 244/254/1 302/253/1
f 300/154/1 244/254/1 301/255/1
f 300/154/1 245/114/1 244/254/1
f 299/256/1 245/114/1 300/154/1
f 298/257/1 245/114/1 299/256/1
f 298/257/1 246/258/1 245/114/1
f 297/259/1 246/258/1 298/257/1
f 297/259/1 247/260/1 246/258/1
f 296/261/1 247/260/1 297/259/1
f 295/262/1 247/260/1 296/261/1
f 295/262/1 248/263/1 247/260/1
f 294/264/1 248/263/1 295/262/1
f 294/264/1 249/265/1 248/263/1
f 293/266/1 249/265/1 294/264/1
f 292/267/1 249/265/1 293/266/1
f 292/267/1 250/268/1 249/265/1
f 291/269/1 250/268/1 292/267/1
f 290/270/1 250/268/1 291/269/1
f 289/111/1 250/268/1 290/270/1
f 289/111/1 251/271/1 250/268/1
f 288/272/1 251/271/1 289/111/1
f 270/212/1 274/273/1 322/4/1
f 270/212/1 275/274/1 274/273/1
f 287/275/1 251/271/1 288/272/1
f 270/212/1 276/276/1 275/274/1
f 270/212/1 277/277/1 276/276/1
f 270/212/1 278/142/1 277/277/1
f 270/212/1 279/278/1 278/142/1
f 286/279/1 251/271/1 287/275/1
f 270/212/1 280/280/1 279/278/1
f 286/279/1 252/281/1 251/271/1
f 270/212/1 281/282/1 280/280/1
f 270/212/1 282/283/1 281/282/1
f 285/284/1 252/281/1 286/279/1
f 270/212/1 283/285/1 282/283/1
f 270/212/1 284/286/1 283/285/1
f 270/212/1 285/284/1 284/286/1
f 270/212/1 252/281/1 285/284/1
f 270/212/1 253/287/1 252/281/1
f 270/212/1 254/288/1 253/287/1
f 269/289/1 254/288/1 270/212/1
f 269/289/1 255/290/1 254/288/1
f 268/291/1 255/290/1 269/289/1
f 267/133/1 255/290/1 268/291/1
f 266/292/1 255/290/1 267/133/1
f 266/292/1 256/87/1 255/290/1
f 265/293/1 256/87/1 266/292/1
f 264/294/1 256/87/1 265/293/1
f 263/295/1 256/87/1 264/294/1
f 263/295/1 257/296/1 256/87/1
f 262/297/1 257/296/1 263/295/1
f 261/298/1 257/296/1 262/297/1
f 260/299/1 257/296/1 261/298/1
f 260/299/1 258/300/1 257/296/1
f 259/301/1 258/300/1 260/299/1
f 357/302/1 359/303/1 358/26/1
f 357/302/1 360/304/1 359/303/1
f 356/305/1 360/304/1 357/302/1
f 356/305/1 361/306/1 360/304/1
f 355/307/1 361/306/1 356/305/1
f 355/307/1 362/308/1 361/306/1
f 354/309/1 362/308/1 355/307/1
f 354/309/1 363/310/1 362/308/1
f 353/311/1 363/310/1 354/309/1
f 353/311/1 364/312/1 363/310/1
f 352/313/1 364/312/1 353/311/1
f 352/313/1 365/54/1 364/312/1
f 351/14/1 408/314/1 352/313/1
f 408/314/1 365/54/1 352/313/1
f 351/14/1 409/315/1 408/314/1
f 407/30/1 365/54/1 408/314/1
f 351/14/1 410/316/1 409/315/1
f 406/317/1 365/54/1 407/30/1
f 351/14/1 411/318/1 410/316/1
f 405/319/1 365/54/1 406/317/1
f 405/319/1 366/320/1 365/54/1
f 351/14/1 412/321/1 411/318/1
f 350/322/1 412/321/1 351/14/1
f 404/323/1 366/320/1 405/319/1
f 350/322/1 413/324/1 412/321/1
f 403/325/1 366/320/1 404/323/1
f 350/322/1 414/52/1 413/324/1
f 402/326/1 366/320/1 403/325/1
f 350/322/1 415/327/1 414/52/1
f 401/328/1 366/320/1 402/326/1
f 349/329/1 415/327/1 350/322/1
f 401/328/1 367/330/1 366/320/1
f 349/329/1 416/331/1 415/327/1
f 400/34/1 367/330/1 401/328/1
f 349/329/1 417/332/1 416/331/1
f 399/333/1 367/330/1 400/34/1
f 348/334/1 417/332/1 349/329/1
f 399/333/1 368/335/1 367/330/1
f 348/334/1 418/336/1 417/332/1
f 398/337/1 368/335/1 399/333/1
f 348/334/1 419/338/1 418/336/1
f 397/339/1 368/335/1 398/337/1
f 347/340/1 419/338/1 348/334/1
f 347/340/1 420/341/1 419/338/1
f 397/339/1 369/342/1 368/335/1
f 421/4/1 369/342/1 397/339/1
f 347/340/1 421/4/1 420/341/1
f 347/340/1 369/342/1 421/4/1
f 346/343/1 369/342/1 347/340/1
f 346/343/1 370/344/1 369/342/1
f 345/345/1 371/346/1 346/343/1
f 371/346/1 370/344/1 346/343/1
f 345/345/1 372/53/1 371/346/1
f 344/7/1 372/53/1 345/345/1
f 344/7/1 373/347/1 372/53/1
f 344/7/1 374/348/1 373/347/1
f 343/349/1 374/348/1 344/7/1
f 343/349/1 375/350/1 374/348/1
f 342/351/1 375/350/1 343/349/1
f 342/351/1 376/352/1 375/350/1
f 394/353/1 396/354/1 395/355/1
f 342/351/1 377/356/1 376/352/1
f 393/38/1 396/354/1 394/353/1
f 392/357/1 396/354/1 393/38/1
f 341/358/1 377/356/1 342/351/1
f 341/358/1 378/359/1 377/356/1
f 391/360/1 396/354/1 392/357/1
f 390/361/1 396/354/1 391/360/1
f 341/358/1 379/46/1 378/359/1
f 389/362/1 396/354/1 390/361/1
f 341/358/1 380/363/1 379/46/1
f 388/364/1 396/354/1 389/362/1
f 340/365/1 380/363/1 341/358/1
f 387/366/1 396/354/1 388/364/1
f 340/365/1 381/367/1 380/363/1
f 386/41/1 396/354/1 387/366/1
f 340/365/1 382/368/1 381/367/1
f 385/369/1 396/354/1 386/41/1
f 384/370/1 396/354/1 385/369/1
f 340/365/1 383/371/1 382/368/1
f 383/371/1 396/354/1 384/370/1
f 340/365/1 396/354/1 383/371/1
f 339/372/1 396/354/1 340/365/1
f 339/372/1 323/24/1 396/354/1
f 338/373/1 323/24/1 339/372/1
f 338/373/1 324/374/1 323/24/1
f 338/373/1 325/375/1 324/374/1
f 337/11/1 325/375/1 338/373/1
f 337/11/1 326/376/1 325/375/1
f 337/11/1 327/377/1 326/376/1
f 336/378/1 327/377/1 337/11/1
f 336/378/1 328/379/1 327/377/1
f 336/378/1 329/380/1 328/379/1
f 335/381/1 329/380/1 336/378/1
f 335/381/1 330/18/1 329/380/1
f 335/381/1 331/382/1 330/18/1
f 335/381/1 332/383/1 331/382/1
f 334/384/1 332/383/1 335/381/1
f 334/384/1 333/385/1 332/383/1
f 486/386/1 514/387/1 487/388/1
f 514/387/1 488/389/1 487/388/1
f 514/387/1 422/24/1 488/389/1
f 514/387/1 423/390/1 422/24/1
f 514/387/1 424/391/1 423/390/1
f 514/387/1 425/392/1 424/391/1
f 514/387/1 426/393/1 425/392/1
f 514/387/1 427/394/1 426/393/1
f 514/387/1 428/395/1 427/394/1
f 514/387/1 513/396/1 428/395/1
f 513/396/1 429/397/1 428/395/1
f 486/386/1 515/4/1 514/387/1
f 512/398/1 429/397/1 513/396/1
f 511/399/1 429/397/1 512/398/1
f 510/400/1 429/397/1 511/399/1
f 510/400/1 430/401/1 429/397/1
f 509/402/1 430/401/1 510/400/1
f 508/403/1 430/401/1 509/402/1
f 507/404/1 430/401/1 508/403/1
f 507/404/1 431/405/1 430/401/1
f 506/406/1 431/405/1 507/404/1
f 505/407/1 431/405/1 506/406/1
f 504/408/1 431/405/1 505/407/1
f 504/408/1 432/409/1 431/405/1
f 503/410/1 432/409/1 504/408/1
f 502/411/1 432/409/1 503/410/1
f 502/411/1 433/412/1 432/409/1
f 501/413/1 433/412/1 502/411/1
f 500/414/1 433/412/1 501/413/1
f 500/414/1 434/415/1 433/412/1
f 499/416/1 434/415/1 500/414/1
f 499/416/1 435/417/1 434/415/1
f 498/418/1 435/417/1 499/416/1
f 497/419/1 435/417/1 498/418/1
f 497/419/1 436/420/1 435/417/1
f 496/421/1 436/420/1 497/419/1
f 496/421/1 437/422/1 436/420/1
f 495/423/1 437/422/1 496/421/1
f 495/423/1 438/424/1 437/422/1
f 494/425/1 438/424/1 495/423/1
f 493/426/1 438/424/1 494/425/1
f 493/426/1 439/427/1 438/424/1
f 492/428/1 439/427/1 493/426/1
f 491/429/1 439/427/1 492/428/1
f 491/429/1 440/430/1 439/427/1
f 490/431/1 440/430/1 491/429/1
f 489/432/1 440/430/1 490/431/1
f 486/386/1 484/111/1 515/4/1
f 484/111/1 489/432/1 515/4/1
f 484/111/1 440/430/1 489/432/1
f 484/111/1 441/433/1 440/430/1
f 484/111/1 442/434/1 441/433/1
f 484/111/1 443/435/1 442/434/1
f 484/111/1 444/436/1 443/435/1
f 484/111/1 445/437/1 444/436/1
f 484/111/1 446/438/1 445/437/1
f 484/111/1 447/439/1 446/438/1
f 484/111/1 483/440/1 447/439/1
f 483/440/1 482/441/1 447/439/1
f 482/441/1 448/442/1 447/439/1
f 486/386/1 485/443/1 484/111/1
f 481/444/1 448/442/1 482/441/1
f 480/445/1 448/442/1 481/444/1
f 479/446/1 448/442/1 480/445/1
f 479/446/1 449/447/1 448/442/1
f 478/448/1 449/447/1 479/446/1
f 477/449/1 449/447/1 478/448/1
f 477/449/1 450/450/1 449/447/1
f 476/451/1 450/450/1 477/449/1
f 476/451/1 451/452/1 450/450/1
f 475/453/1 451/452/1 476/451/1
f 475/453/1 452/454/1 451/452/1
f 474/455/1 452/454/1 475/453/1
f 474/455/1 453/87/1 452/454/1
f 473/456/1 453/87/1 474/455/1
f 473/456/1 454/457/1 453/87/1
f 472/458/1 454/457/1 473/456/1
f 472/458/1 455/459/1 454/457/1
f 472/458/1 456/460/1 455/459/1
f 471/461/1 456/460/1 472/458/1
f 471/461/1 457/462/1 456/460/1
f 470/463/1 457/462/1 471/461/1
f 470/463/1 458/464/1 457/462/1
f 470/463/1 459/465/1 458/464/1
f 470/463/1 460/466/1 459/465/1
f 470/463/1 461/467/1 460/466/1
f 470/463/1 462/468/1 461/467/1
f 470/463/1 463/469/1 462/468/1
f 470/463/1 464/470/1 463/469/1
f 470/463/1 465/471/1 464/470/1
f 470/463/1 466/472/1 465/471/1
f 470/463/1 467/473/1 466/472/1
f 470/463/1 468/474/1 467/473/1
f 470/463/1 469/475/1 468/474/1
f 569/1/2 570/3/2 571/2/2
f 569/1/2 571/2/2 572/4/2
f 527/5/2 528/7/2 529/6/2
f 526/8/2 527/5/2 529/6/2
f 526/8/2 529/6/2 530/9/2
f 525/10/2 526/8/2 530/9/2
f 524/11/2 525/10/2 530/9/2
f 524/11/2 530/9/2 531/12/2
f 523/13/2 524/11/2 531/12/2
f 523/13/2 531/12/2 532/14/2
f 522/15/2 523/13/2 532/14/2
f 521/16/2 522/15/2 532/14/2
f 521/16/2 532/14/2 533/17/2
f 520/18/2 521/16/2 533/17/2
f 519/19/2 520/18/2 533/17/2
f 519/19/2 533/17/2 534/20/2
f 518/21/2 519/19/2 534/20/2
f 518/21/2 534/20/2 535/22/2
f 517/23/2 518/21/2 535/22/2
f 516/24/2 517/23/2 535/22/2
f 516/24/2 535/22/2 555/25/2
f 555/25/2 535/22/2 536/26/2
f 569/1/2 572/4/2 516/24/2
f 569/1/2 516/24/2 567/27/2
f 567/27/2 516/24/2 566/28/2
f 566/28/2 516/24/2 565/29/2
f 565/29/2 516/24/2 564/30/2
f 564/30/2 516/24/2 563/31/2
f 563/31/2 516/24/2 562/32/2
f 562/32/2 516/24/2 561/33/2
f 561/33/2 516/24/2 560/34/2
f 560/34/2 516/24/2 559/35/2
f 559/35/2 516/24/2 558/36/2
f 558/36/2 516/24/2 557/37/2
f 557/37/2 516/24/2 556/38/2
f 556/38/2 516/24/2 555/25/2
f 554/39/2 555/25/2 536/26/2
f 553/40/2 554/39/2 536/26/2
f 552/41/2 553/40/2 536/26/2
f 551/42/2 552/41/2 536/26/2
f 551/42/2 536/26/2 537/43/2
f 550/44/2 551/42/2 537/43/2
f 549/45/2 550/44/2 537/43/2
f 548/46/2 549/45/2 537/43/2
f 548/46/2 537/43/2 538/47/2
f 547/48/2 548/46/2 538/47/2
f 546/49/2 547/48/2 538/47/2
f 546/49/2 538/47/2 539/50/2
f 545/51/2 546/49/2 539/50/2
f 569/1/2 567/27/2 568/52/2
f 544/53/2 545/51/2 539/50/2
f 544/53/2 539/50/2 540/54/2
f 543/55/2 544/53/2 540/54/2
f 542/56/2 543/55/2 540/54/2
f 542/56/2 540/54/2 541/57/2
f 628/58/2 629/59/2 630/4/2
f 628/58/2 630/4/2 573/24/2
f 628/58/2 573/24/2 574/60/2
f 627/61/2 628/58/2 574/60/2
s 0
f 626/62/1 627/61/1 574/60/1
s 1
f 625/63/2 626/62/2 575/64/2
s 0
f 575/64/1 626/62/1 574/60/1
s 1
f 625/63/2 575/64/2 576/65/2
f 625/63/2 576/65/2 577/66/2
f 624/67/2 625/63/2 577/66/2
f 624/67/2 577/66/2 578/68/2
f 624/67/2 578/68/2 579/69/2
f 623/70/2 624/67/2 579/69/2
f 623/70/2 579/69/2 580/71/2
f 599/72/2 600/74/2 601/73/2
f 598/75/2 599/72/2 601/73/2
f 623/70/2 580/71/2 581/76/2
f 597/77/2 598/75/2 601/73/2
f 622/78/2 623/70/2 581/76/2
f 622/78/2 581/76/2 582/79/2
f 596/80/2 597/77/2 601/73/2
f 595/81/2 596/80/2 601/73/2
f 622/78/2 582/79/2 583/82/2
f 594/83/2 595/81/2 601/73/2
f 622/78/2 583/82/2 584/84/2
f 593/85/2 594/83/2 601/73/2
f 622/78/2 584/84/2 585/86/2
f 592/87/2 593/85/2 601/73/2
f 621/88/2 622/78/2 585/86/2
f 591/89/2 592/87/2 601/73/2
f 621/88/2 585/86/2 586/90/2
f 590/91/2 591/89/2 601/73/2
f 621/88/2 586/90/2 587/92/2
f 589/93/2 590/91/2 601/73/2
f 621/88/2 587/92/2 588/94/2
f 588/94/2 589/93/2 601/73/2
f 621/88/2 588/94/2 601/73/2
f 620/95/2 621/88/2 601/73/2
f 619/96/2 620/95/2 601/73/2
f 618/97/2 619/96/2 601/73/2
f 618/97/2 601/73/2 602/98/2
f 617/99/2 618/97/2 602/98/2
f 617/99/2 602/98/2 603/100/2
f 617/99/2 603/100/2 604/101/2
f 616/102/2 617/99/2 604/101/2
f 616/102/2 604/101/2 605/103/2
f 616/102/2 605/103/2 606/104/2
f 616/102/2 606/104/2 607/105/2
f 615/106/2 616/102/2 607/105/2
f 615/106/2 607/105/2 608/107/2
f 615/106/2 608/107/2 609/108/2
f 614/109/2 615/106/2 609/108/2
f 614/109/2 609/108/2 610/110/2
f 614/109/2 610/110/2 611/111/2
f 613/112/2 614/109/2 611/111/2
f 613/112/2 611/111/2 612/113/2
f 643/114/2 644/116/2 645/115/2
f 643/114/2 645/115/2 646/117/2
f 642/118/2 643/114/2 646/117/2
f 642/118/2 646/117/2 647/119/2
f 641/120/2 642/118/2 647/119/2
f 641/120/2 647/119/2 648/121/2
f 641/120/2 648/121/2 649/87/2
f 640/122/2 641/120/2 649/87/2
f 640/122/2 649/87/2 650/123/2
f 683/124/2 684/125/2 685/4/2
f 683/124/2 685/4/2 631/24/2
f 639/126/2 640/122/2 650/123/2
f 639/126/2 650/123/2 651/127/2
f 639/126/2 651/127/2 652/128/2
f 638/129/2 639/126/2 652/128/2
f 638/129/2 652/128/2 653/130/2
f 637/131/2 638/129/2 653/130/2
f 637/131/2 653/130/2 654/132/2
f 637/131/2 654/132/2 655/133/2
f 636/134/2 637/131/2 655/133/2
f 636/134/2 655/133/2 656/135/2
f 635/136/2 636/134/2 656/135/2
f 635/136/2 656/135/2 666/137/2
f 666/137/2 656/135/2 665/138/2
f 665/138/2 656/135/2 664/139/2
f 664/139/2 656/135/2 663/140/2
f 663/140/2 656/135/2 662/141/2
f 662/141/2 656/135/2 661/142/2
f 661/142/2 656/135/2 660/143/2
f 660/143/2 656/135/2 659/144/2
f 659/144/2 656/135/2 658/53/2
f 658/53/2 656/135/2 657/145/2
f 634/146/2 635/136/2 668/147/2
f 668/147/2 635/136/2 667/111/2
f 667/111/2 635/136/2 666/137/2
f 633/148/2 634/146/2 670/149/2
f 670/149/2 634/146/2 669/150/2
f 669/150/2 634/146/2 668/147/2
f 633/148/2 670/149/2 671/151/2
f 633/148/2 671/151/2 672/152/2
f 632/153/2 633/148/2 672/152/2
f 632/153/2 672/152/2 673/154/2
f 632/153/2 673/154/2 674/155/2
f 683/124/2 631/24/2 632/153/2
f 683/124/2 632/153/2 678/156/2
f 678/156/2 632/153/2 677/157/2
f 677/157/2 632/153/2 676/158/2
f 676/158/2 632/153/2 675/159/2
f 675/159/2 632/153/2 674/155/2
f 683/124/2 678/156/2 679/160/2
f 683/124/2 679/160/2 680/161/2
f 683/124/2 680/161/2 681/162/2
f 683/124/2 681/162/2 682/163/2
f 734/164/2 735/166/2 736/165/2
f 734/164/2 736/165/2 737/4/2
f 708/167/2 709/169/2 710/168/2
f 708/167/2 710/168/2 711/170/2
f 707/171/2 708/167/2 711/170/2
f 707/171/2 711/170/2 712/172/2
f 706/173/2 707/171/2 712/172/2
f 706/173/2 712/172/2 713/174/2
f 705/175/2 706/173/2 713/174/2
f 705/175/2 713/174/2 714/176/2
f 704/177/2 705/175/2 714/176/2
f 704/177/2 714/176/2 715/178/2
f 703/87/2 704/177/2 715/178/2
f 703/87/2 715/178/2 716/179/2
f 702/180/2 703/87/2 716/179/2
f 702/180/2 716/179/2 717/181/2
f 701/182/2 702/180/2 717/181/2
f 701/182/2 717/181/2 718/183/2
f 700/184/2 701/182/2 718/183/2
f 700/184/2 718/183/2 719/185/2
f 699/186/2 700/184/2 719/185/2
f 699/186/2 719/185/2 720/111/2
f 698/187/2 699/186/2 720/111/2
f 698/187/2 720/111/2 721/188/2
f 697/189/2 698/187/2 721/188/2
f 696/190/2 697/189/2 721/188/2
f 696/190/2 721/188/2 722/191/2
f 696/190/2 722/191/2 723/192/2
f 695/193/2 696/190/2 723/192/2
f 695/193/2 723/192/2 724/194/2
f 694/195/2 695/193/2 724/194/2
f 694/195/2 724/194/2 725/196/2
f 693/197/2 694/195/2 725/196/2
f 693/197/2 725/196/2 726/198/2
f 692/199/2 693/197/2 726/198/2
f 692/199/2 726/198/2 727/200/2
f 691/201/2 692/199/2 727/200/2
f 691/201/2 727/200/2 728/202/2
f 690/203/2 691/201/2 728/202/2
f 690/203/2 728/202/2 729/204/2
f 689/205/2 690/203/2 729/204/2
f 689/205/2 729/204/2 730/206/2
f 688/207/2 689/205/2 730/206/2
f 688/207/2 730/206/2 731/208/2
f 687/209/2 688/207/2 731/208/2
f 687/209/2 731/208/2 732/210/2
f 686/24/2 687/209/2 732/210/2
f 686/24/2 732/210/2 733/211/2
f 785/212/2 786/214/2 787/213/2
f 785/212/2 787/213/2 788/215/2
f 748/216/2 749/131/2 750/217/2
f 747/218/2 748/216/2 750/217/2
f 746/219/2 747/218/2 750/217/2
f 746/219/2 750/217/2 751/220/2
f 745/221/2 746/219/2 751/220/2
f 744/222/2 745/221/2 751/220/2
f 743/223/2 744/222/2 751/220/2
f 743/223/2 751/220/2 752/224/2
f 742/225/2 743/223/2 752/224/2
f 741/226/2 742/225/2 752/224/2
f 741/226/2 752/224/2 753/227/2
f 740/228/2 741/226/2 753/227/2
f 739/229/2 740/228/2 753/227/2
f 738/24/2 739/229/2 753/227/2
f 738/24/2 753/227/2 754/230/2
f 788/215/2 738/24/2 754/230/2
f 785/212/2 788/215/2 836/231/2
f 836/231/2 788/215/2 835/232/2
f 835/232/2 788/215/2 834/233/2
f 834/233/2 788/215/2 833/234/2
f 833/234/2 788/215/2 832/235/2
f 832/235/2 788/215/2 831/236/2
f 831/236/2 788/215/2 830/237/2
f 830/237/2 788/215/2 829/238/2
f 829/238/2 788/215/2 828/239/2
f 828/239/2 788/215/2 827/240/2
f 827/240/2 788/215/2 754/230/2
f 827/240/2 754/230/2 826/160/2
f 826/160/2 754/230/2 755/241/2
f 826/160/2 755/241/2 825/242/2
f 825/242/2 755/241/2 824/243/2
f 824/243/2 755/241/2 756/244/2
f 823/245/2 824/243/2 756/244/2
f 822/246/2 823/245/2 756/244/2
f 822/246/2 756/244/2 757/247/2
f 821/248/2 822/246/2 757/247/2
f 820/249/2 821/248/2 757/247/2
f 819/250/2 820/249/2 757/247/2
f 819/250/2 757/247/2 758/251/2
f 818/252/2 819/250/2 758/251/2
f 817/253/2 818/252/2 758/251/2
f 785/212/2 836/231/2 837/4/2
f 817/253/2 758/251/2 759/254/2
f 816/255/2 817/253/2 759/254/2
f 815/154/2 816/255/2 759/254/2
f 815/154/2 759/254/2 760/114/2
f 814/256/2 815/154/2 760/114/2
f 813/257/2 814/256/2 760/114/2
f 813/257/2 760/114/2 761/258/2
f 812/259/2 813/257/2 761/258/2
f 812/259/2 761/258/2 762/260/2
f 811/261/2 812/259/2 762/260/2
f 810/262/2 811/261/2 762/260/2
f 810/262/2 762/260/2 763/263/2
f 809/264/2 810/262/2 763/263/2
f 809/264/2 763/263/2 764/265/2
f 808/266/2 809/264/2 764/265/2
f 807/267/2 808/266/2 764/265/2
f 807/267/2 764/265/2 765/268/2
f 806/269/2 807/267/2 765/268/2
f 805/270/2 806/269/2 765/268/2
f 804/111/2 805/270/2 765/268/2
f 804/111/2 765/268/2 766/271/2
f 803/272/2 804/111/2 766/271/2
f 785/212/2 837/4/2 789/273/2
f 785/212/2 789/273/2 790/274/2
f 802/275/2 803/272/2 766/271/2
f 785/212/2 790/274/2 791/276/2
f 785/212/2 791/276/2 792/277/2
f 785/212/2 792/277/2 793/142/2
f 785/212/2 793/142/2 794/278/2
f 801/279/2 802/275/2 766/271/2
f 785/212/2 794/278/2 795/280/2
f 801/279/2 766/271/2 767/281/2
f 785/212/2 795/280/2 796/282/2
f 785/212/2 796/282/2 797/283/2
f 800/284/2 801/279/2 767/281/2
f 785/212/2 797/283/2 798/285/2
f 785/212/2 798/285/2 799/286/2
f 785/212/2 799/286/2 800/284/2
f 785/212/2 800/284/2 767/281/2
f 785/212/2 767/281/2 768/287/2
f 785/212/2 768/287/2 769/288/2
f 784/289/2 785/212/2 769/288/2
f 784/289/2 769/288/2 770/290/2
f 783/291/2 784/289/2 770/290/2
f 782/133/2 783/291/2 770/290/2
f 781/292/2 782/133/2 770/290/2
f 781/292/2 770/290/2 771/87/2
f 780/293/2 781/292/2 771/87/2
f 779/294/2 780/293/2 771/87/2
f 778/295/2 779/294/2 771/87/2
f 778/295/2 771/87/2 772/296/2
f 777/297/2 778/295/2 772/296/2
f 776/298/2 777/297/2 772/296/2
f 775/299/2 776/298/2 772/296/2
f 775/299/2 772/296/2 773/300/2
f 774/301/2 775/299/2 773/300/2
f 872/302/2 873/26/2 874/303/2
f 872/302/2 874/303/2 875/304/2
f 871/305/2 872/302/2 875/304/2
f 871/305/2 875/304/2 876/306/2
f 870/307/2 871/305/2 876/306/2
f 870/307/2 876/306/2 877/308/2
f 869/309/2 870/307/2 877/308/2
f 869/309/2 877/308/2 878/310/2
f 868/311/2 869/309/2 878/310/2
f 868/311/2 878/310/2 879/312/2
f 867/313/2 868/311/2 879/312/2
f 867/313/2 879/312/2 880/54/2
f 866/14/2 867/313/2 923/314/2
f 923/314/2 867/313/2 880/54/2
f 866/14/2 923/314/2 924/315/2
f 922/30/2 923/314/2 880/54/2
f 866/14/2 924/315/2 925/316/2
f 921/317/2 922/30/2 880/54/2
f 866/14/2 925/316/2 926/318/2
f 920/319/2 921/317/2 880/54/2
f 920/319/2 880/54/2 881/320/2
f 866/14/2 926/318/2 927/321/2
f 865/322/2 866/14/2 927/321/2
f 919/323/2 920/319/2 881/320/2
f 865/322/2 927/321/2 928/324/2
f 918/325/2 919/323/2 881/320/2
f 865/322/2 928/324/2 929/52/2
f 917/326/2 918/325/2 881/320/2
f 865/322/2 929/52/2 930/327/2
f 916/328/2 917/326/2 881/320/2
f 864/329/2 865/322/2 930/327/2
f 916/328/2 881/320/2 882/330/2
f 864/329/2 930/327/2 931/331/2
f 915/34/2 916/328/2 882/330/2
f 864/329/2 931/331/2 932/332/2
f 914/333/2 915/34/2 882/330/2
f 863/334/2 864/329/2 932/332/2
f 914/333/2 882/330/2 883/335/2
f 863/334/2 932/332/2 933/336/2
f 913/337/2 914/333/2 883/335/2
f 863/334/2 933/336/2 934/338/2
f 912/339/2 913/337/2 883/335/2
f 862/340/2 863/334/2 934/338/2
f 862/340/2 934/338/2 935/341/2
f 912/339/2 883/335/2 884/342/2
f 936/4/2 912/339/2 884/342/2
f 862/340/2 935/341/2 936/4/2
f 862/340/2 936/4/2 884/342/2
f 861/343/2 862/340/2 884/342/2
f 861/343/2 884/342/2 885/344/2
f 860/345/2 861/343/2 886/346/2
f 886/346/2 861/343/2 885/344/2
f 860/345/2 886/346/2 887/53/2
f 859/7/2 860/345/2 887/53/2
f 859/7/2 887/53/2 888/347/2
f 859/7/2 888/347/2 889/348/2
f 858/349/2 859/7/2 889/348/2
f 858/349/2 889/348/2 890/350/2
f 857/351/2 858/349/2 890/350/2
f 857/351/2 890/350/2 891/352/2
f 909/353/2 910/355/2 911/354/2
f 857/351/2 891/352/2 892/356/2
f 908/38/2 909/353/2 911/354/2
f 907/357/2 908/38/2 911/354/2
f 856/358/2 857/351/2 892/356/2
f 856/358/2 892/356/2 893/359/2
f 906/360/2 907/357/2 911/354/2
f 905/361/2 906/360/2 911/354/2
f 856/358/2 893/359/2 894/46/2
f 904/362/2 905/361/2 911/354/2
f 856/358/2 894/46/2 895/363/2
f 903/364/2 904/362/2 911/354/2
f 855/365/2 856/358/2 895/363/2
f 902/366/2 903/364/2 911/354/2
f 855/365/2 895/363/2 896/367/2
f 901/41/2 902/366/2 911/354/2
f 855/365/2 896/367/2 897/368/2
f 900/369/2 901/41/2 911/354/2
f 899/370/2 900/369/2 911/354/2
f 855/365/2 897/368/2 898/371/2
f 898/371/2 899/370/2 911/354/2
f 855/365/2 898/371/2 911/354/2
f 854/372/2 855/365/2 911/354/2
f 854/372/2 911/354/2 838/24/2
f 853/373/2 854/372/2 838/24/2
f 853/373/2 838/24/2 839/374/2
f 853/373/2 839/374/2 840/375/2
f 852/11/2 853/373/2 840/375/2
f 852/11/2 840/375/2 841/376/2
f 852/11/2 841/376/2 842/377/2
f 851/378/2 852/11/2 842/377/2
f 851/378/2 842/377/2 843/379/2
f 851/378/2 843/379/2 844/380/2
f 850/381/2 851/378/2 844/380/2
f 850/381/2 844/380/2 845/18/2
f 850/381/2 845/18/2 846/382/2
f 850/381/2 846/382/2 847/383/2
f 849/384/2 850/381/2 847/383/2
f 849/384/2 847/383/2 848/385/2
f 1001/386/2 1002/388/2 1029/387/2
f 1029/387/2 1002/388/2 1003/389/2
f 1029/387/2 1003/389/2 937/24/2
f 1029/387/2 937/24/2 938/390/2
f 1029/387/2 938/390/2 939/391/2
f 1029/387/2 939/391/2 940/392/2
f 1029/387/2 940/392/2 941/393/2
f 1029/387/2 941/393/2 942/394/2
f 1029/387/2 942/394/2 943/395/2
f 1029/387/2 943/395/2 1028/396/2
f 1028/396/2 943/395/2 944/397/2
f 1001/386/2 1029/387/2 1030/4/2
f 1027/398/2 1028/396/2 944/397/2
f 1026/399/2 1027/398/2 944/397/2
f 1025/400/2 1026/399/2 944/397/2
f 1025/400/2 944/397/2 945/401/2
f 1024/402/2 1025/400/2 945/401/2
f 1023/403/2 1024/402/2 945/401/2
f 1022/404/2 1023/403/2 945/401/2
f 1022/404/2 945/401/2 946/405/2
f 1021/406/2 1022/404/2 946/405/2
f 1020/407/2 1021/406/2 946/405/2
f 1019/408/2 1020/407/2 946/405/2
f 1019/408/2 946/405/2 947/409/2
f 1018/410/2 1019/408/2 947/409/2
f 1017/411/2 1018/410/2 947/409/2
f 1017/411/2 947/409/2 948/412/2
f 1016/413/2 1017/411/2 948/412/2
f 1015/414/2 1016/413/2 948/412/2
f 1015/414/2 948/412/2 949/415/2
f 1014/416/2 1015/414/2 949/415/2
f 1014/416/2 949/415/2 950/417/2
f 1013/418/2 1014/416/2 950/417/2
f 1012/419/2 1013/418/2 950/417/2
f 1012/419/2 950/417/2 951/420/2
f 1011/421/2 1012/419/2 951/420/2
f 1011/421/2 951/420/2 952/422/2
f 1010/423/2 1011/421/2 952/422/2
f 1010/423/2 952/422/2 953/424/2
f 1009/425/2 1010/423/2 953/424/2
f 1008/426/2 1009/425/2 953/424/2
f 1008/426/2 953/424/2 954/427/2
f 1007/428/2 1008/426/2 954/427/2
f 1006/429/2 1007/428/2 954/427/2
f 1006/429/2 954/427/2 955/430/2
f 1005/431/2 1006/429/2 955/430/2
f 1004/432/2 1005/431/2 955/430/2
f 1001/386/2 1030/4/2 999/111/2
f 999/111/2 1030/4/2 1004/432/2
f 999/111/2 1004/432/2 955/430/2
f 999/111/2 955/430/2 956/433/2
f 999/111/2 956/433/2 957/434/2
f 999/111/2 957/434/2 958/435/2
f 999/111/2 958/435/2 959/436/2
f 999/111/2 959/436/2 960/437/2
f 999/111/2 960/437/2 961/438/2
f 999/111/2 961/438/2 962/439/2
f 999/111/2 962/439/2 998/440/2
f 998/440/2 962/439/2 997/441/2
f 997/441/2 962/439/2 963/442/2
f 1001/386/2 999/111/2 1000/443/2
f 996/444/2 997/441/2 963/442/2
f 995/445/2 996/444/2 963/442/2
f 994/446/2 995/445/2 963/442/2
f 994/446/2 963/442/2 964/447/2
f 993/448/2 994/446/2 964/447/2
f 992/449/2 993/448/2 964/447/2
f 992/449/2 964/447/2 965/450/2
f 991/451/2 992/449/2 965/450/2
f 991/451/2 965/450/2 966/452/2
f 990/453/2 991/451/2 966/452/2
f 990/453/2 966/452/2 967/454/2
f 989/455/2 990/453/2 967/454/2
f 989/455/2 967/454/2 968/87/2
f 988/456/2 989/455/2 968/87/2
f 988/456/2 968/87/2 969/457/2
f 987/458/2 988/456/2 969/457/2
f 987/458/2 969/457/2 970/459/2
f 987/458/2 970/459/2 971/460/2
f 986/461/2 987/458/2 971/460/2
f 986/461/2 971/460/2 972/462/2
f 985/463/2 986/461/2 972/462/2
f 985/463/2 972/462/2 973/464/2
f 985/463/2 973/464/2 974/465/2
f 985/463/2 974/465/2 975/466/2
f 985/463/2 975/466/2 976/467/2
f 985/463/2 976/467/2 977/468/2
f 985/463/2 977/468/2 978/469/2
f 985/463/2 978/469/2 979/470/2
f 985/463/2 979/470/2 980/471/2
f 985/463/2 980/471/2 981/472/2
f 985/463/2 981/472/2 982/473/2
f 985/463/2 982/473/2 983/474/2
f 985/463/2 983/474/2 984/475/2
f 1032/476/3 1044/477/4 1043/478/5 1031/24/6
f 1033/479/7 1045/480/8 1044/477/4 1032/476/3
f 1034/481/9 1046/482/10 1045/480/8 1033/479/7
f 1035/483/11 1047/484/12 1046/482/10 1034/481/9
f 1036/485/13 1048/486/14 1047/484/12 1035/483/11
f 1037/487/15 1049/488/16 1048/486/14 1036/485/13
f 1038/489/17 1050/490/18 1049/488/16 1037/487/15
f 1039/491/19 1051/492/20 1050/490/18 1038/489/17
f 1040/493/21 1052/494/22 1051/492/20 1039/491/19
f 1041/495/23 1053/496/24 1052/494/22 1040/493/21
f 1042/497/25 1054/498/26 1053/496/24 1041/495/23
f 1044/477/4 1056/499/27 1055/500/28 1043/478/5
f 1045/480/8 1057/501/29 1056/499/27 1044/477/4
f 1046/482/10 1058/502/30 1057/501/29 1045/480/8
f 1047/484/12 1059/503/31 1058/502/30 1046/482/10
f 1048/486/14 1060/504/32 1059/503/31 1047/484/12
f 1049/488/16 1061/505/33 1060/504/32 1048/486/14
f 1050/490/18 1062/506/34 1061/505/33 1049/488/16
f 1051/492/20 1063/507/35 1062/506/34 1050/490/18
f 1052/494/22 1064/508/36 1063/507/35 1051/492/20
f 1053/496/24 1065/509/37 1064/508/36 1052/494/22
f 1054/498/26 1066/510/38 1065/509/37 1053/496/24
f 1056/499/27 1068/511/39 1067/512/40 1055/500/28
f 1057/501/29 1069/513/41 1068/511/39 1056/499/27
f 1058/502/30 1070/514/42 1069/513/41 1057/501/29
f 1059/503/31 1071/515/43 1070/514/42 1058/502/30
f 1060/504/32 1072/516/44 1071/515/43 1059/503/31
f 1061/505/33 1073/517/45 1072/516/44 1060/504/32
f 1062/506/34 1074/518/46 1073/517/45 1061/505/33
f 1063/507/35 1075/519/47 1074/518/46 1062/506/34
f 1064/508/36 1076/520/48 1075/519/47 1063/507/35
f 1065/509/37 1077/521/49 1076/520/48 1064/508/36
f 1066/510/38 1078/522/50 1077/521/49 1065/509/37
f 1068/511/39 1080/523/51 1079/524/52 1067/512/40
f 1069/513/41 1081/525/53 1080/523/51 1068/511/39
f 1070/514/42 1082/526/54 1081/525/53 1069/513/41
f 1071/515/43 1083/527/55 1082/526/54 1070/514/42
f 1072/516/44 1084/528/56 1083/527/55 1071/515/43
f 1073/517/45 1085/529/57 1084/528/56 1072/516/44
f 1074/518/46 1086/530/58 1085/529/57 1073/517/45
f 1075/519/47 1087/531/59 1086/530/58 1074/518/46
f 1076/520/48 1088/532/60 1087/531/59 1075/519/47
f 1077/521/49 1089/533/61 1088/532/60 1076/520/48
f 1078/522/50 1090/534/62 1089/533/61 1077/521/49
f 1080/523/51 1092/535/63 1091/536/64 1079/524/52
f 1081/525/53 1093/537/65 1092/535/63 1080/523/51
f 1082/526/54 1094/538/66 1093/537/65 1081/525/53
f 1083/527/55 1095/539/67 1094/538/66 1082/526/54
f 1084/528/56 1096/540/68 1095/539/67 1083/527/55
f 1085/529/57 1097/541/69 1096/540/68 1084/528/56
f 1086/530/58 1098/542/70 1097/541/69 1085/529/57
f 1087/531/59 1099/543/71 1098/542/70 1086/530/58
f 1088/532/60 1100/544/72 1099/543/71 1087/531/59
f 1089/533/61 1101/545/73 1100/544/72 1088/532/60
f 1090/534/62 1102/546/74 1101/545/73 1089/533/61
f 1092/535/63 1104/547/75 1103/548/76 1091/536/64
f 1093/537/65 1105/549/77 1104/547/75 1092/535/63
f 1094/538/66 1106/550/78 1105/549/77 1093/537/65
f 1095/539/67 1107/551/79 1106/550/78 1094/538/66
f 1096/540/68 1108/552/80 1107/551/79 1095/539/67
f 1097/541/69 1109/553/81 1108/552/80 1096/540/68
f 1098/542/70 1110/554/82 1109/553/81 1097/541/69
f 1099/543/71 1111/555/83 1110/554/82 1098/542/70
f 1100/544/72 1112/556/84 1111/555/83 1099/543/71
f 1101/545/73 1113/557/85 1112/556/84 1100/544/72
f 1102/546/74 1114/558/86 1113/557/85 1101/545/73
f 1104/547/75 1116/559/87 1115/560/88 1103/548/76
f 1105/549/77 1117/561/89 1116/559/87 1104/547/75
f 1106/550/78 1118/562/90 1117/561/89 1105/549/77
f 1107/551/79 1119/563/91 1118/562/90 1106/550/78
f 1108/552/80 1120/564/92 1119/563/91 1107/551/79
f 1109/553/81 1121/565/93 1120/564/92 1108/552/80
f 1110/554/82 1122/566/94 1121/565/93 1109/553/81
f 1111/555/83 1123/567/95 1122/566/94 1110/554/82
f 1112/556/84 1124/568/96 1123/567/95 1111/555/83
f 1113/557/85 1125/569/97 1124/568/96 1112/556/84
f 1114/558/86 1126/570/98 1125/569/97 1113/557/85
f 1116/559/87 1128/571/99 1127/572/100 1115/560/88
f 1117/561/89 1129/573/101 1128/571/99 1116/559/87
f 1118/562/90 1130/574/102 1129/573/101 1117/561/89
f 1119/563/91 1131/575/103 1130/574/102 1118/562/90
f 1120/564/92 1132/576/104 1131/575/103 1119/563/91
f 1121/565/93 1133/577/105 1132/576/104 1120/564/92
f 1122/566/94 1134/578/106 1133/577/105 1121/565/93
f 1123/567/95 1135/579/107 1134/578/106 1122/566/94
f 1124/568/96 1136/580/108 1135/579/107 1123/567/95
f 1125/569/97 1137/581/109 1136/580/108 1124/568/96
f 1126/570/98 1138/582/110 1137/581/109 1125/569/97
f 1128/571/99 1140/583/111 1139/584/112 1127/572/100
f 1129/573/101 1141/585/113 1140/583/111 1128/571/99
f 1130/574/102 1142/586/114 1141/585/113 1129/573/101
f 1131/575/103 1143/587/115 1142/586/114 1130/574/102
f 1132/576/104 1144/588/116 1143/587/115 1131/575/103
f 1133/577/105 1145/589/117 1144/588/116 1132/576/104
f 1134/578/106 1146/590/118 1145/589/117 1133/577/105
f 1135/579/107 1147/591/119 1146/590/118 1134/578/106
f 1136/580/108 1148/592/120 1147/591/119 1135/579/107
f 1137/581/109 1149/593/121 1148/592/120 1136/580/108
f 1138/582/110 1150/594/122 1149/593/121 1137/581/109
f 1140/583/111 1152/595/123 1151/596/124 1139/584/112
f 1141/585/113 1153/597/125 1152/595/123 1140/583/111
f 1142/586/114 1154/598/126 1153/597/125 1141/585/113
f 1143/587/115 1155/599/127 1154/598/126 1142/586/114
f 1144/588/116 1156/600/128 1155/599/127 1143/587/115
f 1145/589/117 1157/601/129 1156/600/128 1144/588/116
f 1146/590/118 1158/602/130 1157/601/129 1145/589/117
f 1147/591/119 1159/603/131 1158/602/130 1146/590/118
f 1148/592/120 1160/604/132 1159/603/131 1147/591/119
f 1149/593/121 1161/605/133 1160/604/132 1148/592/120
f 1150/594/122 1162/606/134 1161/605/133 1149/593/121
f 1152/595/123 1164/607/135 1163/608/136 1151/596/124
f 1153/597/125 1165/609/137 1164/607/135 1152/595/123
f 1154/598/126 1166/610/138 1165/609/137 1153/597/125
f 1155/599/127 1167/611/139 1166/610/138 1154/598/126
f 1156/600/128 1168/612/140 1167/611/139 1155/599/127
f 1157/601/129 1169/613/141 1168/612/140 1156/600/128
f 1158/602/130 1170/614/142 1169/613/141 1157/601/129
f 1159/603/131 1171/615/143 1170/614/142 1158/602/130
f 1160/604/132 1172/616/144 1171/615/143 1159/603/131
f 1161/605/133 1173/617/145 1172/616/144 1160/604/132
f 1162/606/134 1174/618/146 1173/617/145 1161/605/133
f 1164/607/135 1176/619/147 1175/620/148 1163/608/136
f 1165/609/137 1177/621/149 1176/619/147 1164/607/135
f 1166/610/138 1178/622/150 1177/621/149 1165/609/137
f 1167/611/139 1179/623/151 1178/622/150 1166/610/138
f 1168/612/140 1180/624/152 1179/623/151 1167/611/139
f 1169/613/141 1181/625/153 1180/624/152 1168/612/140
f 1170/614/142 1182/626/154 1181/625/153 1169/613/141
f 1171/615/143 1183/627/155 1182/626/154 1170/614/142
f 1172/616/144 1184/628/156 1183/627/155 1171/615/143
f 1173/617/145 1185/629/157 1184/628/156 1172/616/144
f 1174/618/146 1186/630/158 1185/629/157 1173/617/145
f 1176/619/147 1188/631/159 1187/632/160 1175/620/148
f 1177/621/149 1189/633/161 1188/631/159 1176/619/147
f 1178/622/150 1190/634/162 1189/633/161 1177/621/149
f 1179/623/151 1191/635/163 1190/634/162 1178/622/150
f 1180/624/152 1192/636/164 1191/635/163 1179/623/151
f 1181/625/153 1193/637/165 1192/636/164 1180/624/152
f 1182/626/154 1194/638/166 1193/637/165 1181/625/153
f 1183/627/155 1195/639/167 1194/638/166 1182/626/154
f 1184/628/156 1196/640/168 1195/639/167 1183/627/155
f 1185/629/157 1197/641/169 1196/640/168 1184/628/156
f 1186/630/158 1198/642/170 1197/641/169 1185/629/157
f 1188/631/159 1200/643/171 1199/644/172 1187/632/160
f 1189/633/161 1201/645/173 1200/643/171 1188/631/159
f 1190/634/162 1202/646/174 1201/645/173 1189/633/161
f 1191/635/163 1203/647/175 1202/646/174 1190/634/162
f 1192/636/164 1204/648/176 1203/647/175 1191/635/163
f 1193/637/165 1205/649/177 1204/648/176 1192/636/164
f 1194/638/166 1206/650/178 1205/649/177 1193/637/165
f 1195/639/167 1207/651/179 1206/650/178 1194/638/166
f 1196/640/168 1208/652/180 1207/651/179 1195/639/167
f 1197/641/169 1209/653/181 1208/652/180 1196/640/168
f 1198/642/170 1210/654/182 1209/653/181 1197/641/169
f 1200/643/171 1212/655/183 1211/656/184 1199/644/172
f 1201/645/173 1213/657/185 1212/655/183 1200/643/171
f 1202/646/174 1214/658/186 1213/657/185 1201/645/173
f 1203/647/175 1215/659/187 1214/658/186 1202/646/174
f 1204/648/176 1216/660/188 1215/659/187 1203/647/175
f 1205/649/177 1217/661/189 1216/660/188 1204/648/176
f 1206/650/178 1218/662/190 1217/661/189 1205/649/177
f 1207/651/179 1219/663/191 1218/662/190 1206/650/178
f 1208/652/180 1220/664/192 1219/663/191 1207/651/179
f 1209/653/181 1221/665/193 1220/664/192 1208/652/180
f 1210/654/182 1222/666/194 1221/665/193 1209/653/181
f 1212/655/183 1224/667/195 1223/668/196 1211/656/184
f 1213/657/185 1225/669/197 1224/667/195 1212/655/183
f 1214/658/186 1226/670/198 1225/669/197 1213/657/185
f 1215/659/187 1227/671/199 1226/670/198 1214/658/186
f 1216/660/188 1228/672/200 1227/671/199 1215/659/187
f 1217/661/189 1229/673/201 1228/672/200 1216/660/188
f 1218/662/190 1230/674/202 1229/673/201 1217/661/189
f 1219/663/191 1231/675/203 1230/674/202 1218/662/190
f 1220/664/192 1232/676/204 1231/675/203 1219/663/191
f 1221/665/193 1233/677/205 1232/676/204 1220/664/192
f 1222/666/194 1234/678/206 1233/677/205 1221/665/193
f 1224/667/195 1236/679/207 1235/680/208 1223/668/196
f 1225/669/197 1237/681/209 1236/679/207 1224/667/195
f 1226/670/198 1238/682/210 1237/681/209 1225/669/197
f 1227/671/199 1239/683/211 1238/682/210 1226/670/198
f 1228/672/200 1240/684/212 1239/683/211 1227/671/199
f 1229/673/201 1241/685/213 1240/684/212 1228/672/200
f 1230/674/202 1242/686/214 1241/685/213 1229/673/201
f 1231/675/203 1243/687/215 1242/686/214 1230/674/202
f 1232/676/204 1244/688/216 1243/687/215 1231/675/203
f 1233/677/205 1245/689/217 1244/688/216 1232/676/204
f 1234/678/206 1246/690/218 1245/689/217 1233/677/205
f 1236/679/207 1248/691/219 1247/692/220 1235/680/208
f 1237/681/209 1249/693/221 1248/691/219 1236/679/207
f 1238/682/210 1250/694/222 1249/693/221 1237/681/209
f 1239/683/211 1251/695/223 1250/694/222 1238/682/210
f 1240/684/212 1252/696/224 1251/695/223 1239/683/211
f 1241/685/213 1253/697/225 1252/696/224 1240/684/212
f 1242/686/214 1254/698/226 1253/697/225 1241/685/213
f 1243/687/215 1255/699/227 1254/698/226 1242/686/214
f 1244/688/216 1256/700/228 1255/699/227 1243/687/215
f 1245/689/217 1257/701/229 1256/700/228 1244/688/216
f 1246/690/218 1258/702/230 1257/701/229 1245/689/217
f 1248/691/219 1260/703/231 1259/704/232 1247/692/220
f 1249/693/221 1261/705/233 1260/703/231 1248/691/219
f 1250/694/222 1262/706/234 1261/705/233 1249/693/221
f 1251/695/223 1263/707/235 1262/706/234 1250/694/222
f 1252/696/224 1264/708/236 1263/707/235 1251/695/223
f 1253/697/225 1265/709/237 1264/708/236 1252/696/224
f 1254/698/226 1266/710/238 1265/709/237 1253/697/225
f 1255/699/227 1267/711/239 1266/710/238 1254/698/226
f 1256/700/228 1268/712/240 1267/711/239 1255/699/227
f 1257/701/229 1269/713/241 1268/712/240 1256/700/228
f 1258/702/230 1270/714/242 1269/713/241 1257/701/229
f 1260/703/231 1272/715/243 1271/716/244 1259/704/232
f 1261/705/233 1273/717/245 1272/715/243 1260/703/231
f 1262/706/234 1274/718/246 1273/717/245 1261/705/233
f 1263/707/235 1275/719/247 1274/718/246 1262/706/234
f 1264/708/236 1276/720/248 1275/719/247 1263/707/235
f 1265/709/237 1277/721/249 1276/720/248 1264/708/236
f 1266/710/238 1278/722/250 1277/721/249 1265/709/237
f 1267/711/239 1279/723/251 1278/722/250 1266/710/238
f 1268/712/240 1280/724/252 1279/723/251 1267/711/239
f 1269/713/241 1281/725/253 1280/724/252 1268/712/240
f 1270/714/242 1282/726/254 1281/725/253 1269/713/241
f 1272/715/243 1284/727/255 1283/728/256 1271/716/244
f 1273/717/245 1285/729/257 1284/727/255 1272/715/243
f 1274/718/246 1286/730/258 1285/729/257 1273/717/245
f 1275/719/247 1287/731/259 1286/730/258 1274/718/246
f 1276/720/248 1288/732/260 1287/731/259 1275/719/247
f 1277/721/249 1289/733/261 1288/732/260 1276/720/248
f 1278/722/250 1290/734/262 1289/733/261 1277/721/249
f 1279/723/251 1291/735/263 1290/734/262 1278/722/250
f 1280/724/252 1292/736/264 1291/735/263 1279/723/251
f 1281/725/253 1293/737/265 1292/736/264 1280/724/252
f 1282/726/254 1294/738/266 1293/737/265 1281/725/253
f 1284/727/255 1296/739/267 1295/740/268 1283/728/256
f 1285/729/257 1297/741/269 1296/739/267 1284/727/255
f 1286/730/258 1298/742/270 1297/741/269 1285/729/257
f 1287/731/259 1299/743/271 1298/742/270 1286/730/258
f 1288/732/260 1300/744/272 1299/743/271 1287/731/259
f 1289/733/261 1301/745/273 1300/744/272 1288/732/260
f 1290/734/262 1302/746/274 1301/745/273 1289/733/261
f 1291/735/263 1303/747/275 1302/746/274 1290/734/262
f 1292/736/264 1304/748/276 1303/747/275 1291/735/263
f 1293/737/265 1305/749/277 1304/748/276 1292/736/264
f 1294/738/266 1306/750/278 1305/749/277 1293/737/265
f 1296/739/267 1308/751/279 1307/752/280 1295/740/268
f 1297/741/269 1309/753/281 1308/751/279 1296/739/267
f 1298/742/270 1310/754/282 1309/753/281 1297/741/269
f 1299/743/271 1311/755/283 1310/754/282 1298/742/270
f 1300/744/272 1312/756/284 1311/755/283 1299/743/271
f 1301/745/273 1313/757/285 1312/756/284 1300/744/272
f 1302/746/274 1314/758/286 1313/757/285 1301/745/273
f 1303/747/275 1315/759/287 1314/758/286 1302/746/274
f 1304/748/276 1316/760/288 1315/759/287 1303/747/275
f 1305/749/277 1317/761/289 1316/760/288 1304/748/276
f 1306/750/278 1318/762/290 1317/761/289 1305/749/277
f 1308/751/279 1320/763/291 1319/764/292 1307/752/280
f 1309/753/281 1321/765/293 1320/763/291 1308/751/279
f 1310/754/282 1322/766/294 1321/765/293 1309/753/281
f 1311/755/283 1323/767/295 1322/766/294 1310/754/282
f 1312/756/284 1324/768/296 1323/767/295 1311/755/283
f 1313/757/285 1325/769/297 1324/768/296 1312/756/284
f 1314/758/286 1326/770/298 1325/769/297 1313/757/285
f 1315/759/287 1327/771/299 1326/770/298 1314/758/286
f 1316/760/288 1328/772/300 1327/771/299 1315/759/287
f 1317/761/289 1329/773/301 1328/772/300 1316/760/288
f 1318/762/290 1330/774/302 1329/773/301 1317/761/289
f 1320/763/291 1332/775/303 1331/776/304 1319/764/292
f 1321/765/293 1333/777/305 1332/775/303 1320/763/291
f 1322/766/294 1334/778/306 1333/777/305 1321/765/293
f 1323/767/295 1335/779/307 1334/778/306 1322/766/294
f 1324/768/296 1336/780/308 1335/779/307 1323/767/295
f 1325/769/297 1337/781/309 1336/780/308 1324/768/296
f 1326/770/298 1338/782/310 1337/781/309 1325/769/297
f 1327/771/299 1339/783/311 1338/782/310 1326/770/298
f 1328/772/300 1340/784/312 1339/783/311 1327/771/299
f 1329/773/301 1341/785/313 1340/784/312 1328/772/300
f 1330/774/302 1342/786/314 1341/785/313 1329/773/301
f 1332/775/303 1344/787/315 1343/788/316 1331/776/304
f 1333/777/305 1345/789/317 1344/787/315 1332/775/303
f 1334/778/306 1346/790/318 1345/789/317 1333/777/305
f 1335/779/307 1347/791/319 1346/790/318 1334/778/306
f 1336/780/308 1348/792/320 1347/791/319 1335/779/307
f 1337/781/309 1349/793/321 1348/792/320 1336/780/308
f 1338/782/310 1350/794/322 1349/793/321 1337/781/309
f 1339/783/311 1351/795/323 1350/794/322 1338/782/310
f 1340/784/312 1352/796/324 1351/795/323 1339/783/311
f 1341/785/313 1353/797/325 1352/796/324 1340/784/312
f 1342/786/314 1354/798/326 1353/797/325 1341/785/313
f 1344/787/315 1356/799/327 1355/800/328 1343/788/316
f 1345/789/317 1357/801/329 1356/799/327 1344/787/315
f 1346/790/318 1358/802/330 1357/801/329 1345/789/317
f 1347/791/319 1359/803/331 1358/802/330 1346/790/318
f 1348/792/320 1360/804/332 1359/803/331 1347/791/319
f 1349/793/321 1361/805/333 1360/804/332 1348/792/320
f 1350/794/322 1362/806/334 1361/805/333 1349/793/321
f 1351/795/323 1363/807/335 1362/806/334 1350/794/322
f 1352/796/324 1364/808/336 1363/807/335 1351/795/323
f 1353/797/325 1365/809/337 1364/808/336 1352/796/324
f 1354/798/326 1366/810/338 1365/809/337 1353/797/325
f 1356/799/327 1368/811/339 1367/812/340 1355/800/328
f 1357/801/329 1369/813/341 1368/811/339 1356/799/327
f 1358/802/330 1370/814/342 1369/813/341 1357/801/329
f 1359/803/331 1371/815/343 1370/814/342 1358/802/330
f 1360/804/332 1372/816/344 1371/815/343 1359/803/331
f 1361/805/333 1373/817/345 1372/816/344 1360/804/332
f 1362/806/334 1374/818/346 1373/817/345 1361/805/333
f 1363/807/335 1375/819/347 1374/818/346 1362/806/334
f 1364/808/336 1376/820/348 1375/819/347 1363/807/335
f 1365/809/337 1377/821/349 1376/820/348 1364/808/336
f 1366/810/338 1378/822/350 1377/821/349 1365/809/337
f 1368/811/339 1380/823/351 1379/824/352 1367/812/340
f 1369/813/341 1381/825/353 1380/823/351 1368/811/339
f 1370/814/342 1382/826/354 1381/825/353 1369/813/341
f 1371/815/343 1383/827/355 1382/826/354 1370/814/342
f 1372/816/344 1384/828/356 1383/827/355 1371/815/343
f 1373/817/345 1385/829/357 1384/828/356 1372/816/344
f 1374/818/346 1386/830/358 1385/829/357 1373/817/345
f 1375/819/347 1387/831/359 1386/830/358 1374/818/346
f 1376/820/348 1388/832/360 1387/831/359 1375/819/347
f 1377/821/349 1389/833/361 1388/832/360 1376/820/348
f 1378/822/350 1390/834/362 1389/833/361 1377/821/349
f 1380/823/351 1392/835/363 1391/836/364 1379/824/352
f 1381/825/353 1393/837/365 1392/835/363 1380/823/351
f 1382/826/354 1394/838/366 1393/837/365 1381/825/353
f 1383/827/355 1395/839/367 1394/838/366 1382/826/354
f 1384/828/356 1396/840/368 1395/839/367 1383/827/355
f 1385/829/357 1397/841/369 1396/840/368 1384/828/356
f 1386/830/358 1398/842/370 1397/841/369 1385/829/357
f 1387/831/359 1399/843/371 1398/842/370 1386/830/358
f 1388/832/360 1400/844/372 1399/843/371 1387/831/359
f 1389/833/361 1401/845/373 1400/844/372 1388/832/360
f 1390/834/362 1402/846/374 1401/845/373 1389/833/361
f 1392/835/363 1404/847/375 1403/848/376 1391/836/364
f 1393/837/365 1405/849/377 1404/847/375 1392/835/363
f 1394/838/366 1406/850/378 1405/849/377 1393/837/365
f 1395/839/367 1407/851/379 1406/850/378 1394/838/366
f 1396/840/368 1408/852/380 1407/851/379 1395/839/367
f 1397/841/369 1409/853/381 1408/852/380 1396/840/368
f 1398/842/370 1410/854/382 1409/853/381 1397/841/369
f 1399/843/371 1411/855/383 1410/854/382 1398/842/370
f 1400/844/372 1412/856/384 1411/855/383 1399/843/371
f 1401/845/373 1413/857/385 1412/856/384 1400/844/372
f 1402/846/374 1414/858/386 1413/857/385 1401/845/373
f 1404/847/375 1416/859/387 1415/860/388 1403/848/376
f 1405/849/377 1417/861/389 1416/859/387 1404/847/375
f 1406/850/378 1418/862/390 1417/861/389 1405/849/377
f 1407/851/379 1419/863/391 1418/862/390 1406/850/378
f 1408/852/380 1420/864/392 1419/863/391 1407/851/379
f 1409/853/381 1421/865/393 1420/864/392 1408/852/380
f 1410/854/382 1422/866/394 1421/865/393 1409/853/381
f 1411/855/383 1423/867/395 1422/866/394 1410/854/382
f 1412/856/384 1424/868/396 1423/867/395 1411/855/383
f 1413/857/385 1425/869/397 1424/868/396 1412/856/384
f 1414/858/386 1426/870/398 1425/869/397 1413/857/385
f 1416/859/387 1428/871/399 1427/872/400 1415/860/388
f 1417/861/389 1429/873/401 1428/871/399 1416/859/387
f 1418/862/390 1430/874/402 1429/873/401 1417/861/389
f 1419/863/391 1431/875/403 1430/874/402 1418/862/390
f 1420/864/392 1432/876/404 1431/875/403 1419/863/391
f 1421/865/393 1433/877/405 1432/876/404 1420/864/392
f 1422/866/394 1434/878/406 1433/877/405 1421/865/393
f 1423/867/395 1435/879/407 1434/878/406 1422/866/394
f 1424/868/396 1436/880/408 1435/879/407 1423/867/395
f 1425/869/397 1437/881/409 1436/880/408 1424/868/396
f 1426/870/398 1438/882/410 1437/881/409 1425/869/397
f 1428/871/399 1440/883/411 1439/884/412 1427/872/400
f 1429/873/401 1441/885/413 1440/883/411 1428/871/399
f 1430/874/402 1442/886/414 1441/885/413 1429/873/401
f 1431/875/403 1443/887/415 1442/886/414 1430/874/402
f 1432/876/404 1444/888/416 1443/887/415 1431/875/403
f 1433/877/405 1445/889/417 1444/888/416 1432/876/404
f 1434/878/406 1446/890/418 1445/889/417 1433/877/405
f 1435/879/407 1447/891/419 1446/890/418 1434/878/406
f 1436/880/408 1448/892/420 1447/891/419 1435/879/407
f 1437/881/409 1449/893/421 1448/892/420 1436/880/408
f 1438/882/410 1450/894/422 1449/893/421 1437/881/409
f 1440/883/411 1452/895/423 1451/896/424 1439/884/412
f 1441/885/413 1453/897/425 1452/895/423 1440/883/411
f 1442/886/414 1454/898/426 1453/897/425 1441/885/413
f 1443/887/415 1455/899/427 1454/898/426 1442/886/414
f 1444/888/416 1456/900/428 1455/899/427 1443/887/415
f 1445/889/417 1457/901/429 1456/900/428 1444/888/416
f 1446/890/418 1458/902/430 1457/901/429 1445/889/417
f 1447/891/419 1459/903/431 1458/902/430 1446/890/418
f 1448/892/420 1460/904/432 1459/903/431 1447/891/419
f 1449/893/421 1461/905/433 1460/904/432 1448/892/420
f 1450/894/422 1462/906/434 1461/905/433 1449/893/421
f 1452/895/423 1464/907/435 1463/908/436 1451/896/424
f 1453/897/425 1465/909/437 1464/907/435 1452/895/423
f 1454/898/426 1466/910/438 1465/909/437 1453/897/425
f 1455/899/427 1467/911/439 1466/910/438 1454/898/426
f 1456/900/428 1468/912/440 1467/911/439 1455/899/427
f 1457/901/429 1469/913/441 1468/912/440 1456/900/428
f 1458/902/430 1470/914/442 1469/913/441 1457/901/429
f 1459/903/431 1471/915/443 1470/914/442 1458/902/430
f 1460/904/432 1472/916/444 1471/915/443 1459/903/431
f 1461/905/433 1473/917/445 1472/916/444 1460/904/432
f 1462/906/434 1474/918/446 1473/917/445 1461/905/433
f 1464/907/435 1476/919/447 1475/920/448 1463/908/436
f 1465/909/437 1477/921/449 1476/919/447 1464/907/435
f 1466/910/438 1478/922/450 1477/921/449 1465/909/437
f 1467/911/439 1479/923/451 1478/922/450 1466/910/438
f 1468/912/440 1480/924/452 1479/923/451 1467/911/439
f 1469/913/441 1481/925/453 1480/924/452 1468/912/440
f 1470/914/442 1482/926/454 1481/925/453 1469/913/441
f 1471/915/443 1483/927/455 1482/926/454 1470/914/442
f 1472/916/444 1484/928/456 1483/927/455 1471/915/443
f 1473/917/445 1485/929/457 1484/928/456 1472/916/444
f 1474/918/446 1486/930/398 1485/929/457 1473/917/445
f 1476/919/447 1488/931/458 1487/932/459 1475/920/448
f 1477/921/449 1489/933/460 1488/931/458 1476/919/447
f 1478/922/450 1490/934/461 1489/933/460 1477/921/449
f 1479/923/451 1491/935/462 1490/934/461 1478/922/450
f 1480/924/452 1492/936/463 1491/935/462 1479/923/451
f 1481/925/453 1493/937/464 1492/936/463 1480/924/452
f 1482/926/454 1494/938/465 1493/937/464 1481/925/453
f 1483/927/455 1495/939/466 1494/938/465 1482/926/454
f 1484/928/456 1496/940/467 1495/939/466 1483/927/455
f 1485/929/457 1497/941/468 1496/940/467 1484/928/456
f 1486/930/398 1498/942/469 1497/941/468 1485/929/457
f 1488/931/458 1500/943/470 1499/944/376 1487/932/459
f 1489/933/460 1501/945/471 1500/943/470 1488/931/458
f 1490/934/461 1502/946/472 1501/945/471 1489/933/460
f 1491/935/462 1503/947/473 1502/946/472 1490/934/461
f 1492/936/463 1504/948/474 1503/947/473 1491/935/462
f 1493/937/464 1505/949/475 1504/948/474 1492/936/463
f 1494/938/465 1506/950/476 1505/949/475 1493/937/464
f 1495/939/466 1507/951/477 1506/950/476 1494/938/465
f 1496/940/467 1508/952/478 1507/951/477 1495/939/466
f 1497/941/468 1509/953/479 1508/952/478 1496/940/467
f 1498/942/469 1510/954/480 1509/953/479 1497/941/468
f 1500/943/470 1512/955/481 1511/956/482 1499/944/376
f 1501/945/471 1513/957/483 1512/955/481 1500/943/470
f 1502/946/472 1514/958/484 1513/957/483 1501/945/471
f 1503/947/473 1515/959/485 1514/958/484 1502/946/472
f 1504/948/474 1516/960/486 1515/959/485 1503/947/473
f 1505/949/475 1517/961/487 1516/960/486 1504/948/474
f 1506/950/476 1518/962/488 1517/961/487 1505/949/475
f 1507/951/477 1519/963/489 1518/962/488 1506/950/476
f 1508/952/478 1520/964/490 1519/963/489 1507/951/477
f 1509/953/479 1521/965/491 1520/964/490 1508/952/478
f 1510/954/480 1522/966/492 1521/965/491 1509/953/479
f 1512/955/481 1524/967/493 1523/968/494 1511/956/482
f 1513/957/483 1525/969/495 1524/967/493 1512/955/481
f 1514/958/484 1526/970/496 1525/969/495 1513/957/483
f 1515/959/485 1527/971/497 1526/970/496 1514/958/484
f 1516/960/486 1528/972/498 1527/971/497 1515/959/485
f 1517/961/487 1529/973/499 1528/972/498 1516/960/486
f 1518/962/488 1530/974/500 1529/973/499 1517/961/487
f 1519/963/489 1531/975/501 1530/974/500 1518/962/488
f 1520/964/490 1532/976/502 1531/975/501 1519/963/489
f 1521/965/491 1533/977/503 1532/976/502 1520/964/490
f 1522/966/492 1534/978/504 1533/977/503 1521/965/491
f 1524/967/493 1536/979/505 1535/980/364 1523/968/494
f 1525/969/495 1537/981/506 1536/979/505 1524/967/493
f 1526/970/496 1538/982/507 1537/981/506 1525/969/495
f 1527/971/497 1539/983/508 1538/982/507 1526/970/496
f 1528/972/498 1540/984/509 1539/983/508 1527/971/497
f 1529/973/499 1541/985/510 1540/984/509 1528/972/498
f 1530/974/500 1542/986/511 1541/985/510 1529/973/499
f 1531/975/501 1543/987/512 1542/986/511 1530/974/500
f 1532/976/502 1544/988/513 1543/987/512 1531/975/501
f 1533/977/503 1545/989/514 1544/988/513 1532/976/502
f 1534/978/504 1546/990/374 1545/989/514 1533/977/503
f 1536/979/505 1548/991/515 1547/992/516 1535/980/364
f 1537/981/506 1549/993/517 1548/991/515 1536/979/505
f 1538/982/507 1550/994/518 1549/993/517 1537/981/506
f 1539/983/508 1551/995/519 1550/994/518 1538/982/507
f 1540/984/509 1552/996/520 1551/995/519 1539/983/508
f 1541/985/510 1553/997/521 1552/996/520 1540/984/509
f 1542/986/511 1554/998/522 1553/997/521 1541/985/510
f 1543/987/512 1555/999/523 1554/998/522 1542/986/511
f 1544/988/513 1556/1000/524 1555/999/523 1543/987/512
f 1545/989/514 1557/1001/525 1556/1000/524 1544/988/513
f 1546/990/374 1558/1002/526 1557/1001/525 1545/989/514
f 1548/991/515 1560/1003/527 1559/1004/528 1547/992/516
f 1549/993/517 1561/1005/529 1560/1003/527 1548/991/515
f 1550/994/518 1562/1006/530 1561/1005/529 1549/993/517
f 1551/995/519 1563/1007/531 1562/1006/530 1550/994/518
f 1552/996/520 1564/1008/532 1563/1007/531 1551/995/519
f 1553/997/521 1565/1009/533 1564/1008/532 1552/996/520
f 1554/998/522 1566/1010/534 1565/1009/533 1553/997/521
f 1555/999/523 1567/1011/535 1566/1010/534 1554/998/522
f 1556/1000/524 1568/1012/536 1567/1011/535 1555/999/523
f 1557/1001/525 1569/1013/537 1568/1012/536 1556/1000/524
f 1558/1002/526 1570/1014/538 1569/1013/537 1557/1001/525
f 1560/1003/527 1572/1015/539 1571/1016/540 1559/1004/528
f 1561/1005/529 1573/1017/541 1572/1015/539 1560/1003/527
f 1562/1006/530 1574/1018/542 1573/1017/541 1561/1005/529
f 1563/1007/531 1575/1019/543 1574/1018/542 1562/1006/530
f 1564/1008/532 1576/1020/544 1575/1019/543 1563/1007/531
f 1565/1009/533 1577/1021/545 1576/1020/544 1564/1008/532
f 1566/1010/534 1578/1022/546 1577/1021/545 1565/1009/533
f 1567/1011/535 1579/1023/547 1578/1022/546 1566/1010/534
f 1568/1012/536 1580/1024/548 1579/1023/547 1567/1011/535
f 1569/1013/537 1581/1025/549 1580/1024/548 1568/1012/536
f 1570/1014/538 1582/1026/550 1581/1025/549 1569/1013/537
f 1572/1015/539 1584/1027/551 1583/1028/552 1571/1016/540
f 1573/1017/541 1585/1029/553 1584/1027/551 1572/1015/539
f 1574/1018/542 1586/1030/554 1585/1029/553 1573/1017/541
f 1575/1019/543 1587/1031/555 1586/1030/554 1574/1018/542
f 1576/1020/544 1588/1032/556 1587/1031/555 1575/1019/543
f 1577/1021/545 1589/1033/557 1588/1032/556 1576/1020/544
f 1578/1022/546 1590/1034/558 1589/1033/557 1577/1021/545
f 1579/1023/547 1591/1035/559 1590/1034/558 1578/1022/546
f 1580/1024/548 1592/1036/560 1591/1035/559 1579/1023/547
f 1581/1025/549 1593/1037/561 1592/1036/560 1580/1024/548
f 1582/1026/550 1594/1038/562 1593/1037/561 1581/1025/549
f 1584/1027/551 1596/1039/563 1595/1040/564 1583/1028/552
f 1585/1029/553 1597/1041/565 1596/1039/563 1584/1027/551
f 1586/1030/554 1598/1042/566 1597/1041/565 1585/1029/553
f 1587/1031/555 1599/1043/567 1598/1042/566 1586/1030/554
f 1588/1032/556 1600/1044/568 1599/1043/567 1587/1031/555
f 1589/1033/557 1601/1045/569 1600/1044/568 1588/1032/556
f 1590/1034/558 1602/1046/570 1601/1045/569 1589/1033/557
f 1591/1035/559 1603/1047/571 1602/1046/570 1590/1034/558
f 1592/1036/560 1604/1048/572 1603/1047/571 1591/1035/559
f 1593/1037/561 1605/1049/573 1604/1048/572 1592/1036/560
f 1594/1038/562 1606/1050/574 1605/1049/573 1593/1037/561
f 1596/1039/563 1608/1051/575 1607/1052/576 1595/1040/564
f 1597/1041/565 1609/1053/577 1608/1051/575 1596/1039/563
f 1598/1042/566 1610/1054/578 1609/1053/577 1597/1041/565
f 1599/1043/567 1611/1055/579 1610/1054/578 1598/1042/566
f 1600/1044/568 1612/1056/580 1611/1055/579 1599/1043/567
f 1601/1045/569 1613/1057/581 1612/1056/580 1600/1044/568
f 1602/1046/570 1614/1058/582 1613/1057/581 1601/1045/569
f 1603/1047/571 1615/1059/583 1614/1058/582 1602/1046/570
f 1604/1048/572 1616/1060/584 1615/1059/583 1603/1047/571
f 1605/1049/573 1617/1061/585 1616/1060/584 1604/1048/572
f 1606/1050/574 1618/1062/586 1617/1061/585 1605/1049/573
f 1608/1051/575 1620/1063/587 1619/1064/588 1607/1052/576
f 1609/1053/577 1621/1065/589 1620/1063/587 1608/1051/575
f 1610/1054/578 1622/1066/590 1621/1065/589 1609/1053/577
f 1611/1055/579 1623/1067/591 1622/1066/590 1610/1054/578
f 1612/1056/580 1624/1068/592 1623/1067/591 1611/1055/579
f 1613/1057/581 1625/1069/593 1624/1068/592 1612/1056/580
f 1614/1058/582 1626/1070/594 1625/1069/593 1613/1057/581
f 1615/1059/583 1627/1071/595 1626/1070/594 1614/1058/582
f 1616/1060/584 1628/1072/596 1627/1071/595 1615/1059/583
f 1617/1061/585 1629/1073/597 1628/1072/596 1616/1060/584
f 1618/1062/586 1630/1074/598 1629/1073/597 1617/1061/585
f 1620/1063/587 1632/1075/599 1631/1076/600 1619/1064/588
f 1621/1065/589 1633/1077/601 1632/1075/599 1620/1063/587
f 1622/1066/590 1634/1078/602 1633/1077/601 1621/1065/589
f 1623/1067/591 1635/1079/603 1634/1078/602 1622/1066/590
f 1624/1068/592 1636/1080/604 1635/1079/603 1623/1067/591
f 1625/1069/593 1637/1081/605 1636/1080/604 1624/1068/592
f 1626/1070/594 1638/1082/606 1637/1081/605 1625/1069/593
f 1627/1071/595 1639/1083/607 1638/1082/606 1626/1070/594
f 1628/1072/596 1640/1084/608 1639/1083/607 1627/1071/595
f 1629/1073/597 1641/1085/609 1640/1084/608 1628/1072/596
f 1630/1074/598 1642/1086/610 1641/1085/609 1629/1073/597
f 1632/1075/599 1644/1087/611 1643/1088/612 1631/1076/600
f 1633/1077/601 1645/1089/613 1644/1087/611 1632/1075/599
f 1634/1078/602 1646/1090/614 1645/1089/613 1633/1077/601
f 1635/1079/603 1647/1091/615 1646/1090/614 1634/1078/602
f 1636/1080/604 1648/1092/616 1647/1091/615 1635/1079/603
f 1637/1081/605 1649/1093/617 1648/1092/616 1636/1080/604
f 1638/1082/606 1650/1094/618 1649/1093/617 1637/1081/605
f 1639/1083/607 1651/1095/619 1650/1094/618 1638/1082/606
f 1640/1084/608 1652/1096/620 1651/1095/619 1639/1083/607
f 1641/1085/609 1653/1097/621 1652/1096/620 1640/1084/608
f 1642/1086/610 1654/1098/622 1653/1097/621 1641/1085/609
f 1644/1087/611 1656/1099/623 1655/1100/624 1643/1088/612
f 1645/1089/613 1657/1101/625 1656/1099/623 1644/1087/611
f 1646/1090/614 1658/1102/626 1657/1101/625 1645/1089/613
f 1647/1091/615 1659/1103/627 1658/1102/626 1646/1090/614
f 1648/1092/616 1660/1104/628 1659/1103/627 1647/1091/615
f 1649/1093/617 1661/1105/629 1660/1104/628 1648/1092/616
f 1650/1094/618 1662/1106/630 1661/1105/629 1649/1093/617
f 1651/1095/619 1663/1107/631 1662/1106/630 1650/1094/618
f 1652/1096/620 1664/1108/632 1663/1107/631 1651/1095/619
f 1653/1097/621 1665/1109/633 1664/1108/632 1652/1096/620
f 1654/1098/622 1666/1110/634 1665/1109/633 1653/1097/621
f 1656/1099/623 1668/1111/635 1667/1112/636 1655/1100/624
f 1657/1101/625 1669/1113/637 1668/1111/635 1656/1099/623
f 1658/1102/626 1670/1114/638 1669/1113/637 1657/1101/625
f 1659/1103/627 1671/1115/639 1670/1114/638 1658/1102/626
f 1660/1104/628 1672/1116/640 1671/1115/639 1659/1103/627
f 1661/1105/629 1673/1117/641 1672/1116/640 1660/1104/628
f 1662/1106/630 1674/1118/642 1673/1117/641 1661/1105/629
f 1663/1107/631 1675/1119/643 1674/1118/642 1662/1106/630
f 1664/1108/632 1676/1120/644 1675/1119/643 1663/1107/631
f 1665/1109/633 1677/1121/645 1676/1120/644 1664/1108/632
f 1666/1110/634 1678/1122/646 1677/1121/645 1665/1109/633
f 1668/1111/635 1680/1123/647 1679/1124/648 1667/1112/636
f 1669/1113/637 1681/1125/649 1680/1123/647 1668/1111/635
f 1670/1114/638 1682/1126/650 1681/1125/649 1669/1113/637
f 1671/1115/639 1683/1127/651 1682/1126/650 1670/1114/638
f 1672/1116/640 1684/1128/652 1683/1127/651 1671/1115/639
f 1673/1117/641 1685/1129/653 1684/1128/652 1672/1116/640
f 1674/1118/642 1686/1130/654 1685/1129/653 1673/1117/641
f 1675/1119/643 1687/1131/655 1686/1130/654 1674/1118/642
f 1676/1120/644 1688/1132/656 1687/1131/655 1675/1119/643
f 1677/1121/645 1689/1133/657 1688/1132/656 1676/1120/644
f 1678/1122/646 1690/1134/658 1689/1133/657 1677/1121/645
f 1680/1123/647 1692/1135/659 1691/1136/660 1679/1124/648
f 1681/1125/649 1693/1137/661 1692/1135/659 1680/1123/647
f 1682/1126/650 1694/1138/662 1693/1137/661 1681/1125/649
f 1683/1127/651 1695/1139/663 1694/1138/662 1682/1126/650
f 1684/1128/652 1696/1140/664 1695/1139/663 1683/1127/651
f 1685/1129/653 1697/1141/665 1696/1140/664 1684/1128/652
f 1686/1130/654 1698/1142/666 1697/1141/665 1685/1129/653
f 1687/1131/655 1699/1143/667 1698/1142/666 1686/1130/654
f 1688/1132/656 1700/1144/668 1699/1143/667 1687/1131/655
f 1689/1133/657 1701/1145/669 1700/1144/668 1688/1132/656
f 1690/1134/658 1702/1146/670 1701/1145/669 1689/1133/657
f 1692/1135/659 1704/1147/671 1703/1148/672 1691/1136/660
f 1693/1137/661 1705/1149/673 1704/1147/671 1692/1135/659
f 1694/1138/662 1706/1150/674 1705/1149/673 1693/1137/661
f 1695/1139/663 1707/1151/675 1706/1150/674 1694/1138/662
f 1696/1140/664 1708/1152/676 1707/1151/675 1695/1139/663
f 1697/1141/665 1709/1153/677 1708/1152/676 1696/1140/664
f 1698/1142/666 1710/1154/678 1709/1153/677 1697/1141/665
f 1699/1143/667 1711/1155/679 1710/1154/678 1698/1142/666
f 1700/1144/668 1712/1156/680 1711/1155/679 1699/1143/667
f 1701/1145/669 1713/1157/681 1712/1156/680 1700/1144/668
f 1702/1146/670 1714/1158/682 1713/1157/681 1701/1145/669
f 1704/1147/671 1716/1159/683 1715/1160/684 1703/1148/672
f 1705/1149/673 1717/1161/685 1716/1159/683 1704/1147/671
f 1706/1150/674 1718/1162/686 1717/1161/685 1705/1149/673
f 1707/1151/675 1719/1163/687 1718/1162/686 1706/1150/674
f 1708/1152/676 1720/1164/688 1719/1163/687 1707/1151/675
f 1709/1153/677 1721/1165/689 1720/1164/688 1708/1152/676
f 1710/1154/678 1722/1166/690 1721/1165/689 1709/1153/677
f 1711/1155/679 1723/1167/691 1722/1166/690 1710/1154/678
f 1712/1156/680 1724/1168/692 1723/1167/691 1711/1155/679
f 1713/1157/681 1725/1169/693 1724/1168/692 1712/1156/680
f 1714/1158/682 1726/1170/694 1725/1169/693 1713/1157/681
f 1716/1159/683 1728/1171/695 1727/1172/696 1715/1160/684
f 1717/1161/685 1729/1173/697 1728/1171/695 1716/1159/683
f 1718/1162/686 1730/1174/698 1729/1173/697 1717/1161/685
f 1719/1163/687 1731/1175/699 1730/1174/698 1718/1162/686
f 1720/1164/688 1732/1176/700 1731/1175/699 1719/1163/687
f 1721/1165/689 1733/1177/701 1732/1176/700 1720/1164/688
f 1722/1166/690 1734/1178/702 1733/1177/701 1721/1165/689
f 1723/1167/691 1735/1179/703 1734/1178/702 1722/1166/690
f 1724/1168/692 1736/1180/704 1735/1179/703 1723/1167/691
f 1725/1169/693 1737/1181/705 1736/1180/704 1724/1168/692
f 1726/1170/694 1738/1182/706 1737/1181/705 1725/1169/693
f 1728/1171/695 1740/1183/707 1739/1184/708 1727/1172/696
f 1729/1173/697 1741/1185/709 1740/1183/707 1728/1171/695
f 1730/1174/698 1742/1186/710 1741/1185/709 1729/1173/697
f 1731/1175/699 1743/1187/711 1742/1186/710 1730/1174/698
f 1732/1176/700 1744/1188/712 1743/1187/711 1731/1175/699
f 1733/1177/701 1745/1189/713 1744/1188/712 1732/1176/700
f 1734/1178/702 1746/1190/714 1745/1189/713 1733/1177/701
f 1735/1179/703 1747/1191/715 1746/1190/714 1734/1178/702
f 1736/1180/704 1748/1192/716 1747/1191/715 1735/1179/703
f 1737/1181/705 1749/1193/717 1748/1192/716 1736/1180/704
f 1738/1182/706 1750/1194/718 1749/1193/717 1737/1181/705
f 1740/1183/707 1752/1195/719 1751/1196/720 1739/1184/708
f 1741/1185/709 1753/1197/721 1752/1195/719 1740/1183/707
f 1742/1186/710 1754/1198/722 1753/1197/721 1741/1185/709
f 1743/1187/711 1755/1199/723 1754/1198/722 1742/1186/710
f 1744/1188/712 1756/1200/724 1755/1199/723 1743/1187/711
f 1745/1189/713 1757/1201/725 1756/1200/724 1744/1188/712
f 1746/1190/714 1758/1202/726 1757/1201/725 1745/1189/713
f 1747/1191/715 1759/1203/727 1758/1202/726 1746/1190/714
f 1748/1192/716 1760/1204/728 1759/1203/727 1747/1191/715
f 1749/1193/717 1761/1205/729 1760/1204/728 1748/1192/716
f 1750/1194/718 1762/1206/730 1761/1205/729 1749/1193/717
f 1752/1195/719 1764/1207/731 1763/1208/732 1751/1196/720
f 1753/1197/721 1765/1209/733 1764/1207/731 1752/1195/719
f 1754/1198/722 1766/1210/734 1765/1209/733 1753/1197/721
f 1755/1199/723 1767/1211/735 1766/1210/734 1754/1198/722
f 1756/1200/724 1768/1212/736 1767/1211/735 1755/1199/723
f 1757/1201/725 1769/1213/737 1768/1212/736 1756/1200/724
f 1758/1202/726 1770/1214/738 1769/1213/737 1757/1201/725
f 1759/1203/727 1771/1215/739 1770/1214/738 1758/1202/726
f 1760/1204/728 1772/1216/740 1771/1215/739 1759/1203/727
f 1761/1205/729 1773/1217/741 1772/1216/740 1760/1204/728
f 1762/1206/730 1774/1218/742 1773/1217/741 1761/1205/729
f 1764/1207/731 1776/1219/743 1775/1220/744 1763/1208/732
f 1765/1209/733 1777/1221/745 1776/1219/743 1764/1207/731
f 1766/1210/734 1778/1222/746 1777/1221/745 1765/1209/733
f 1767/1211/735 1779/1223/747 1778/1222/746 1766/1210/734
f 1768/1212/736 1780/1224/748 1779/1223/747 1767/1211/735
f 1769/1213/737 1781/1225/749 1780/1224/748 1768/1212/736
f 1770/1214/738 1782/1226/750 1781/1225/749 1769/1213/737
f 1771/1215/739 1783/1227/751 1782/1226/750 1770/1214/738
f 1772/1216/740 1784/1228/752 1783/1227/751 1771/1215/739
f 1773/1217/741 1785/1229/753 1784/1228/752 1772/1216/740
f 1774/1218/742 1786/1230/754 1785/1229/753 1773/1217/741
f 1776/1219/743 1788/1231/755 1787/1232/744 1775/1220/744
f 1777/1221/745 1789/1233/756 1788/1231/755 1776/1219/743
f 1778/1222/746 1790/1234/757 1789/1233/756 1777/1221/745
f 1779/1223/747 1791/1235/758 1790/1234/757 1778/1222/746
f 1780/1224/748 1792/1236/759 1791/1235/758 1779/1223/747
f 1781/1225/749 1793/1237/760 1792/1236/759 1780/1224/748
f 1782/1226/750 1794/1238/761 1793/1237/760 1781/1225/749
f 1783/1227/751 1795/1239/762 1794/1238/761 1782/1226/750
f 1784/1228/752 1796/1240/763 1795/1239/762 1783/1227/751
f 1785/1229/753 1797/1241/764 1796/1240/763 1784/1228/752
f 1786/1230/754 1798/1242/765 1797/1241/764 1785/1229/753
f 1788/1231/755 1800/1243/766 1799/1244/767 1787/1232/744
f 1789/1233/756 1801/1245/768 1800/1243/766 1788/1231/755
f 1790/1234/757 1802/1246/769 1801/1245/768 1789/1233/756
f 1791/1235/758 1803/1247/770 1802/1246/769 1790/1234/757
f 1792/1236/759 1804/1248/771 1803/1247/770 1791/1235/758
f 1793/1237/760 1805/1249/772 1804/1248/771 1792/1236/759
f 1794/1238/761 1806/1250/773 1805/1249/772 1793/1237/760
f 1795/1239/762 1807/1251/774 1806/1250/773 1794/1238/761
f 1796/1240/763 1808/1252/775 1807/1251/774 1795/1239/762
f 1797/1241/764 1809/1253/776 1808/1252/775 1796/1240/763
f 1798/1242/765 1810/1254/777 1809/1253/776 1797/1241/764
f 1800/1243/766 1812/1255/778 1811/1256/779 1799/1244/767
f 1801/1245/768 1813/1257/780 1812/1255/778 1800/1243/766
f 1802/1246/769 1814/1258/781 1813/1257/780 1801/1245/768
f 1803/1247/770 1815/1259/782 1814/1258/781 1802/1246/769
f 1804/1248/771 1816/1260/783 1815/1259/782 1803/1247/770
f 1805/1249/772 1817/1261/784 1816/1260/783 1804/1248/771
f 1806/1250/773 1818/1262/785 1817/1261/784 1805/1249/772
f 1807/1251/774 1819/1263/786 1818/1262/785 1806/1250/773
f 1808/1252/775 1820/1264/787 1819/1263/786 1807/1251/774
f 1809/1253/776 1821/1265/788 1820/1264/787 1808/1252/775
f 1810/1254/777 1822/1266/789 1821/1265/788 1809/1253/776
f 1812/1255/778 1824/1267/790 1823/1268/791 1811/1256/779
f 1813/1257/780 1825/1269/792 1824/1267/790 1812/1255/778
f 1814/1258/781 1826/1270/793 1825/1269/792 1813/1257/780
f 1815/1259/782 1827/1271/794 1826/1270/793 1814/1258/781
f 1816/1260/783 1828/1272/795 1827/1271/794 1815/1259/782
f 1817/1261/784 1829/1273/796 1828/1272/795 1816/1260/783
f 1818/1262/785 1830/1274/797 1829/1273/796 1817/1261/784
f 1819/1263/786 1831/1275/798 1830/1274/797 1818/1262/785
f 1820/1264/787 1832/1276/799 1831/1275/798 1819/1263/786
f 1821/1265/788 1833/1277/800 1832/1276/799 1820/1264/787
f 1822/1266/789 1834/1278/801 1833/1277/800 1821/1265/788
f 1824/1267/790 1032/1279/3 1031/4/6 1823/1268/791
f 1825/1269/792 1033/1280/7 1032/1279/3 1824/1267/790
f 1826/1270/793 1034/1281/9 1033/1280/7 1825/1269/792
f 1827/1271/794 1035/1282/11 1034/1281/9 1826/1270/793
f 1828/1272/795 1036/1283/13 1035/1282/11 1827/1271/794
f 1829/1273/796 1037/1284/15 1036/1283/13 1828/1272/795
f 1830/1274/797 1038/1285/17 1037/1284/15 1829/1273/796
f 1831/1275/798 1039/1286/19 1038/1285/17 1830/1274/797
f 1832/1276/799 1040/1287/21 1039/1286/19 1831/1275/798
f 1833/1277/800 1041/1288/23 1040/1287/21 1832/1276/799
f 1834/1278/801 1042/1289/25 1041/1288/23 1833/1277/800
f 1836/476/802 1848/1290/803 1847/148/804 1835/24/805
f 1837/479/806 1849/1291/807 1848/1290/803 1836/476/802
f 1838/481/808 1850/1292/809 1849/1291/807 1837/479/806
f 1839/483/810 1851/1293/811 1850/1292/809 1838/481/808
f 1840/485/812 1852/1294/813 1851/1293/811 1839/483/810
f 1841/487/814 1853/1295/815 1852/1294/813 1840/485/812
f 1842/489/816 1854/1296/817 1853/1295/815 1841/487/814
f 1843/491/818 1855/1297/819 1854/1296/817 1842/489/816
f 1844/493/820 1856/1298/821 1855/1297/819 1843/491/818
f 1845/495/822 1857/1299/823 1856/1298/821 1844/493/820
f 1846/497/824 1858/1300/825 1857/1299/823 1845/495/822
f 1848/1290/803 1860/1301/826 1859/136/827 1847/148/804
f 1849/1291/807 1861/1302/828 1860/1301/826 1848/1290/803
f 1850/1292/809 1862/1303/829 1861/1302/828 1849/1291/807
f 1851/1293/811 1863/1304/830 1862/1303/829 1850/1292/809
f 1852/1294/813 1864/1305/831 1863/1304/830 1851/1293/811
f 1853/1295/815 1865/1306/832 1864/1305/831 1852/1294/813
f 1854/1296/817 1866/1307/833 1865/1306/832 1853/1295/815
f 1855/1297/819 1867/1308/834 1866/1307/833 1854/1296/817
f 1856/1298/821 1868/1309/835 1867/1308/834 1855/1297/819
f 1857/1299/823 1869/1310/836 1868/1309/835 1856/1298/821
f 1858/1300/825 1870/1311/837 1869/1310/836 1857/1299/823
f 1860/1301/826 1872/1312/838 1871/131/839 1859/136/827
f 1861/1302/828 1873/1313/840 1872/1312/838 1860/1301/826
f 1862/1303/829 1874/1314/841 1873/1313/840 1861/1302/828
f 1863/1304/830 1875/1315/842 1874/1314/841 1862/1303/829
f 1864/1305/831 1876/1316/843 1875/1315/842 1863/1304/830
f 1865/1306/832 1877/1317/844 1876/1316/843 1864/1305/831
f 1866/1307/833 1878/1318/845 1877/1317/844 1865/1306/832
f 1867/1308/834 1879/1319/846 1878/1318/845 1866/1307/833
f 1868/1309/835 1880/1320/847 1879/1319/846 1867/1308/834
f 1869/1310/836 1881/1321/848 1880/1320/847 1868/1309/835
f 1870/1311/837 1882/1322/849 1881/1321/848 1869/1310/836
f 1872/1312/838 1884/1323/850 1883/126/851 1871/131/839
f 1873/1313/840 1885/1324/852 1884/1323/850 1872/1312/838
f 1874/1314/841 1886/1325/853 1885/1324/852 1873/1313/840
f 1875/1315/842 1887/1326/854 1886/1325/853 1874/1314/841
f 1876/1316/843 1888/1327/855 1887/1326/854 1875/1315/842
f 1877/1317/844 1889/1328/856 1888/1327/855 1876/1316/843
f 1878/1318/845 1890/1329/857 1889/1328/856 1877/1317/844
f 1879/1319/846 1891/1330/858 1890/1329/857 1878/1318/845
f 1880/1320/847 1892/1331/859 1891/1330/858 1879/1319/846
f 1881/1321/848 1893/1332/860 1892/1331/859 1880/1320/847
f 1882/1322/849 1894/1333/861 1893/1332/860 1881/1321/848
f 1884/1323/850 1896/1334/862 1895/120/863 1883/126/851
f 1885/1324/852 1897/1335/864 1896/1334/862 1884/1323/850
f 1886/1325/853 1898/1336/865 1897/1335/864 1885/1324/852
f 1887/1326/854 1899/1337/866 1898/1336/865 1886/1325/853
f 1888/1327/855 1900/1338/867 1899/1337/866 1887/1326/854
f 1889/1328/856 1901/1339/868 1900/1338/867 1888/1327/855
f 1890/1329/857 1902/1340/869 1901/1339/868 1889/1328/856
f 1891/1330/858 1903/1341/870 1902/1340/869 1890/1329/857
f 1892/1331/859 1904/1342/871 1903/1341/870 1891/1330/858
f 1893/1332/860 1905/1343/872 1904/1342/871 1892/1331/859
f 1894/1333/861 1906/1344/873 1905/1343/872 1893/1332/860
f 1896/1334/862 1908/1345/874 1907/114/875 1895/120/863
f 1897/1335/864 1909/1346/876 1908/1345/874 1896/1334/862
f 1898/1336/865 1910/1347/877 1909/1346/876 1897/1335/864
f 1899/1337/866 1911/1348/878 1910/1347/877 1898/1336/865
f 1900/1338/867 1912/1349/879 1911/1348/878 1899/1337/866
f 1901/1339/868 1913/1350/880 1912/1349/879 1900/1338/867
f 1902/1340/869 1914/1351/881 1913/1350/880 1901/1339/868
f 1903/1341/870 1915/1352/882 1914/1351/881 1902/1340/869
f 1904/1342/871 1916/1353/883 1915/1352/882 1903/1341/870
f 1905/1343/872 1917/1354/884 1916/1353/883 1904/1342/871
f 1906/1344/873 1918/1355/885 1917/1354/884 1905/1343/872
f 1908/1345/874 1920/1356/886 1919/115/887 1907/114/875
f 1909/1346/876 1921/1357/888 1920/1356/886 1908/1345/874
f 1910/1347/877 1922/1358/889 1921/1357/888 1909/1346/876
f 1911/1348/878 1923/1359/890 1922/1358/889 1910/1347/877
f 1912/1349/879 1924/1360/891 1923/1359/890 1911/1348/878
f 1913/1350/880 1925/1361/892 1924/1360/891 1912/1349/879
f 1914/1351/881 1926/1362/893 1925/1361/892 1913/1350/880
f 1915/1352/882 1927/1363/894 1926/1362/893 1914/1351/881
f 1916/1353/883 1928/1364/895 1927/1363/894 1915/1352/882
f 1917/1354/884 1929/1365/896 1928/1364/895 1916/1353/883
f 1918/1355/885 1930/1366/897 1929/1365/896 1917/1354/884
f 1920/1356/886 1932/1367/898 1931/119/899 1919/115/887
f 1921/1357/888 1933/1368/900 1932/1367/898 1920/1356/886
f 1922/1358/889 1934/1369/901 1933/1368/900 1921/1357/888
f 1923/1359/890 1935/1370/902 1934/1369/901 1922/1358/889
f 1924/1360/891 1936/1371/903 1935/1370/902 1923/1359/890
f 1925/1361/892 1937/1372/904 1936/1371/903 1924/1360/891
f 1926/1362/893 1938/1373/905 1937/1372/904 1925/1361/892
f 1927/1363/894 1939/1374/906 1938/1373/905 1926/1362/893
f 1928/1364/895 1940/1375/907 1939/1374/906 1927/1363/894
f 1929/1365/896 1941/1376/908 1940/1375/907 1928/1364/895
f 1930/1366/897 1942/1377/909 1941/1376/908 1929/1365/896
f 1932/1367/898 1944/1378/910 1943/87/911 1931/119/899
f 1933/1368/900 1945/1379/912 1944/1378/910 1932/1367/898
f 1934/1369/901 1946/1380/913 1945/1379/912 1933/1368/900
f 1935/1370/902 1947/1381/914 1946/1380/913 1934/1369/901
f 1936/1371/903 1948/1382/915 1947/1381/914 1935/1370/902
f 1937/1372/904 1949/1383/916 1948/1382/915 1936/1371/903
f 1938/1373/905 1950/1384/917 1949/1383/916 1937/1372/904
f 1939/1374/906 1951/1385/918 1950/1384/917 1938/1373/905
f 1940/1375/907 1952/1386/919 1951/1385/918 1939/1374/906
f 1941/1376/908 1953/1387/920 1952/1386/919 1940/1375/907
f 1942/1377/909 1954/1388/921 1953/1387/920 1941/1376/908
f 1944/1378/910 1956/1389/922 1955/127/923 1943/87/911
f 1945/1379/912 1957/1390/924 1956/1389/922 1944/1378/910
f 1946/1380/913 1958/1391/925 1957/1390/924 1945/1379/912
f 1947/1381/914 1959/1392/926 1958/1391/925 1946/1380/913
f 1948/1382/915 1960/1393/927 1959/1392/926 1947/1381/914
f 1949/1383/916 1961/1394/928 1960/1393/927 1948/1382/915
f 1950/1384/917 1962/1395/929 1961/1394/928 1949/1383/916
f 1951/1385/918 1963/1396/930 1962/1395/929 1950/1384/917
f 1952/1386/919 1964/1397/931 1963/1396/930 1951/1385/918
f 1953/1387/920 1965/1398/932 1964/1397/931 1952/1386/919
f 1954/1388/921 1966/1399/933 1965/1398/932 1953/1387/920
f 1956/1389/922 1968/1400/934 1967/130/935 1955/127/923
f 1957/1390/924 1969/1401/936 1968/1400/934 1956/1389/922
f 1958/1391/925 1970/1402/937 1969/1401/936 1957/1390/924
f 1959/1392/926 1971/1403/938 1970/1402/937 1958/1391/925
f 1960/1393/927 1972/1404/939 1971/1403/938 1959/1392/926
f 1961/1394/928 1973/1405/940 1972/1404/939 1960/1393/927
f 1962/1395/929 1974/1406/941 1973/1405/940 1961/1394/928
f 1963/1396/930 1975/1407/942 1974/1406/941 1962/1395/929
f 1964/1397/931 1976/1408/943 1975/1407/942 1963/1396/930
f 1965/1398/932 1977/1409/944 1976/1408/943 1964/1397/931
f 1966/1399/933 1978/1410/945 1977/1409/944 1965/1398/932
f 1968/1400/934 1980/1411/946 1979/133/947 1967/130/935
f 1969/1401/936 1981/1412/948 1980/1411/946 1968/1400/934
f 1970/1402/937 1982/1413/949 1981/1412/948 1969/1401/936
f 1971/1403/938 1983/1414/950 1982/1413/949 1970/1402/937
f 1972/1404/939 1984/1415/951 1983/1414/950 1971/1403/938
f 1973/1405/940 1985/1416/952 1984/1415/951 1972/1404/939
f 1974/1406/941 1986/1417/953 1985/1416/952 1973/1405/940
f 1975/1407/942 1987/1418/954 1986/1417/953 1974/1406/941
f 1976/1408/943 1988/1419/955 1987/1418/954 1975/1407/942
f 1977/1409/944 1989/1420/956 1988/1419/955 1976/1408/943
f 1978/1410/945 1990/1421/957 1989/1420/956 1977/1409/944
f 1980/1411/946 1992/1422/958 1991/145/959 1979/133/947
f 1981/1412/948 1993/1423/960 1992/1422/958 1980/1411/946
f 1982/1413/949 1994/1424/961 1993/1423/960 1981/1412/948
f 1983/1414/950 1995/1425/962 1994/1424/961 1982/1413/949
f 1984/1415/951 1996/1426/963 1995/1425/962 1983/1414/950
f 1985/1416/952 1997/1427/964 1996/1426/963 1984/1415/951
f 1986/1417/953 1998/1428/965 1997/1427/964 1985/1416/952
f 1987/1418/954 1999/1429/966 1998/1428/965 1986/1417/953
f 1988/1419/955 2000/1430/967 1999/1429/966 1987/1418/954
f 1989/1420/956 2001/1431/968 2000/1430/967 1988/1419/955
f 1990/1421/957 2002/1432/969 2001/1431/968 1989/1420/956
f 1992/1422/958 2004/1433/970 2003/144/971 1991/145/959
f 1993/1423/960 2005/1434/972 2004/1433/970 1992/1422/958
f 1994/1424/961 2006/1435/973 2005/1434/972 1993/1423/960
f 1995/1425/962 2007/1436/974 2006/1435/973 1994/1424/961
f 1996/1426/963 2008/1437/975 2007/1436/974 1995/1425/962
f 1997/1427/964 2009/1438/976 2008/1437/975 1996/1426/963
f 1998/1428/965 2010/1439/977 2009/1438/976 1997/1427/964
f 1999/1429/966 2011/1440/978 2010/1439/977 1998/1428/965
f 2000/1430/967 2012/1441/979 2011/1440/978 1999/1429/966
f 2001/1431/968 2013/1442/980 2012/1441/979 2000/1430/967
f 2002/1432/969 2014/1443/981 2013/1442/980 2001/1431/968
f 2004/1433/970 2016/1444/982 2015/142/983 2003/144/971
f 2005/1434/972 2017/1445/984 2016/1444/982 2004/1433/970
f 2006/1435/973 2018/1446/985 2017/1445/984 2005/1434/972
f 2007/1436/974 2019/1447/986 2018/1446/985 2006/1435/973
f 2008/1437/975 2020/1448/987 2019/1447/986 2007/1436/974
f 2009/1438/976 2021/1449/988 2020/1448/987 2008/1437/975
f 2010/1439/977 2022/1450/989 2021/1449/988 2009/1438/976
f 2011/1440/978 2023/1451/990 2022/1450/989 2010/1439/977
f 2012/1441/979 2024/1452/991 2023/1451/990 2011/1440/978
f 2013/1442/980 2025/1453/992 2024/1452/991 2012/1441/979
f 2014/1443/981 2026/1454/993 2025/1453/992 2013/1442/980
f 2016/1444/982 2028/1455/994 2027/140/995 2015/142/983
f 2017/1445/984 2029/1456/996 2028/1455/994 2016/1444/982
f 2018/1446/985 2030/1457/997 2029/1456/996 2017/1445/984
f 2019/1447/986 2031/1458/998 2030/1457/997 2018/1446/985
f 2020/1448/987 2032/1459/999 2031/1458/998 2019/1447/986
f 2021/1449/988 2033/1460/1000 2032/1459/999 2020/1448/987
f 2022/1450/989 2034/1461/1001 2033/1460/1000 2021/1449/988
f 2023/1451/990 2035/1462/1002 2034/1461/1001 2022/1450/989
f 2024/1452/991 2036/1463/1003 2035/1462/1002 2023/1451/990
f 2025/1453/992 2037/1464/1004 2036/1463/1003 2024/1452/991
f 2026/1454/993 2038/1465/1005 2037/1464/1004 2025/1453/992
f 2028/1455/994 2040/1466/1006 2039/138/1007 2027/140/995
f 2029/1456/996 2041/1467/1008 2040/1466/1006 2028/1455/994
f 2030/1457/997 2042/1468/1009 2041/1467/1008 2029/1456/996
f 2031/1458/998 2043/1469/1010 2042/1468/1009 2030/1457/997
f 2032/1459/999 2044/1470/1011 2043/1469/1010 2031/1458/998
f 2033/1460/1000 2045/1471/1012 2044/1470/1011 2032/1459/999
f 2034/1461/1001 2046/1472/1013 2045/1471/1012 2033/1460/1000
f 2035/1462/1002 2047/1473/1014 2046/1472/1013 2034/1461/1001
f 2036/1463/1003 2048/1474/1015 2047/1473/1014 2035/1462/1002
f 2037/1464/1004 2049/1475/1016 2048/1474/1015 2036/1463/1003
f 2038/1465/1005 2050/1476/1017 2049/1475/1016 2037/1464/1004
f 2040/1466/1006 2052/1477/1018 2051/111/1019 2039/138/1007
f 2041/1467/1008 2053/1478/1020 2052/1477/1018 2040/1466/1006
f 2042/1468/1009 2054/1479/1021 2053/1478/1020 2041/1467/1008
f 2043/1469/1010 2055/1480/1022 2054/1479/1021 2042/1468/1009
f 2044/1470/1011 2056/1481/1023 2055/1480/1022 2043/1469/1010
f 2045/1471/1012 2057/1482/1024 2056/1481/1023 2044/1470/1011
f 2046/1472/1013 2058/1483/1025 2057/1482/1024 2045/1471/1012
f 2047/1473/1014 2059/1484/1026 2058/1483/1025 2046/1472/1013
f 2048/1474/1015 2060/1485/1027 2059/1484/1026 2047/1473/1014
f 2049/1475/1016 2061/1486/1028 2060/1485/1027 2048/1474/1015
f 2050/1476/1017 2062/1487/1029 2061/1486/1028 2049/1475/1016
f 2052/1477/1018 2064/1488/1030 2063/150/1031 2051/111/1019
f 2053/1478/1020 2065/1489/1032 2064/1488/1030 2052/1477/1018
f 2054/1479/1021 2066/1490/1033 2065/1489/1032 2053/1478/1020
f 2055/1480/1022 2067/1491/1034 2066/1490/1033 2054/1479/1021
f 2056/1481/1023 2068/1492/1035 2067/1491/1034 2055/1480/1022
f 2057/1482/1024 2069/1493/1036 2068/1492/1035 2056/1481/1023
f 2058/1483/1025 2070/1494/1037 2069/1493/1036 2057/1482/1024
f 2059/1484/1026 2071/1495/1038 2070/1494/1037 2058/1483/1025
f 2060/1485/1027 2072/1496/1039 2071/1495/1038 2059/1484/1026
f 2061/1486/1028 2073/1497/1040 2072/1496/1039 2060/1485/1027
f 2062/1487/1029 2074/1498/1041 2073/1497/1040 2061/1486/1028
f 2064/1488/1030 2076/1499/1042 2075/151/1043 2063/150/1031
f 2065/1489/1032 2077/1500/1044 2076/1499/1042 2064/1488/1030
f 2066/1490/1033 2078/1501/1045 2077/1500/1044 2065/1489/1032
f 2067/1491/1034 2079/1502/1046 2078/1501/1045 2066/1490/1033
f 2068/1492/1035 2080/1503/1047 2079/1502/1046 2067/1491/1034
f 2069/1493/1036 2081/1504/1048 2080/1503/1047 2068/1492/1035
f 2070/1494/1037 2082/1505/1049 2081/1504/1048 2069/1493/1036
f 2071/1495/1038 2083/1506/1050 2082/1505/1049 2070/1494/1037
f 2072/1496/1039 2084/1507/1051 2083/1506/1050 2071/1495/1038
f 2073/1497/1040 2085/1508/1052 2084/1507/1051 2072/1496/1039
f 2074/1498/1041 2086/1509/1053 2085/1508/1052 2073/1497/1040
f 2076/1499/1042 2088/1510/1054 2087/154/1055 2075/151/1043
f 2077/1500/1044 2089/1511/1056 2088/1510/1054 2076/1499/1042
f 2078/1501/1045 2090/1512/1057 2089/1511/1056 2077/1500/1044
f 2079/1502/1046 2091/1513/1058 2090/1512/1057 2078/1501/1045
f 2080/1503/1047 2092/1514/1059 2091/1513/1058 2079/1502/1046
f 2081/1504/1048 2093/1515/1060 2092/1514/1059 2080/1503/1047
f 2082/1505/1049 2094/1516/1061 2093/1515/1060 2081/1504/1048
f 2083/1506/1050 2095/1517/1062 2094/1516/1061 2082/1505/1049
f 2084/1507/1051 2096/1518/1063 2095/1517/1062 2083/1506/1050
f 2085/1508/1052 2097/1519/1064 2096/1518/1063 2084/1507/1051
f 2086/1509/1053 2098/1520/1065 2097/1519/1064 2085/1508/1052
f 2088/1510/1054 2100/1521/1066 2099/159/1067 2087/154/1055
f 2089/1511/1056 2101/1522/1068 2100/1521/1066 2088/1510/1054
f 2090/1512/1057 2102/1523/1069 2101/1522/1068 2089/1511/1056
f 2091/1513/1058 2103/1524/1070 2102/1523/1069 2090/1512/1057
f 2092/1514/1059 2104/1525/1071 2103/1524/1070 2091/1513/1058
f 2093/1515/1060 2105/1526/1072 2104/1525/1071 2092/1514/1059
f 2094/1516/1061 2106/1527/1073 2105/1526/1072 2093/1515/1060
f 2095/1517/1062 2107/1528/1074 2106/1527/1073 2094/1516/1061
f 2096/1518/1063 2108/1529/1075 2107/1528/1074 2095/1517/1062
f 2097/1519/1064 2109/1530/1076 2108/1529/1075 2096/1518/1063
f 2098/1520/1065 2110/1531/1077 2109/1530/1076 2097/1519/1064
f 2100/1521/1066 2112/1532/1078 2111/157/1079 2099/159/1067
f 2101/1522/1068 2113/1533/1080 2112/1532/1078 2100/1521/1066
f 2102/1523/1069 2114/1534/1081 2113/1533/1080 2101/1522/1068
f 2103/1524/1070 2115/1535/1082 2114/1534/1081 2102/1523/1069
f 2104/1525/1071 2116/1536/1083 2115/1535/1082 2103/1524/1070
f 2105/1526/1072 2117/1537/1084 2116/1536/1083 2104/1525/1071
f 2106/1527/1073 2118/1538/1085 2117/1537/1084 2105/1526/1072
f 2107/1528/1074 2119/1539/1086 2118/1538/1085 2106/1527/1073
f 2108/1529/1075 2120/1540/1087 2119/1539/1086 2107/1528/1074
f 2109/1530/1076 2121/1541/1088 2120/1540/1087 2108/1529/1075
f 2110/1531/1077 2122/1542/1089 2121/1541/1088 2109/1530/1076
f 2112/1532/1078 2124/1543/1090 2123/160/1091 2111/157/1079
f 2113/1533/1080 2125/1544/1092 2124/1543/1090 2112/1532/1078
f 2114/1534/1081 2126/1545/1093 2125/1544/1092 2113/1533/1080
f 2115/1535/1082 2127/1546/1094 2126/1545/1093 2114/1534/1081
f 2116/1536/1083 2128/1547/1095 2127/1546/1094 2115/1535/1082
f 2117/1537/1084 2129/1548/1096 2128/1547/1095 2116/1536/1083
f 2118/1538/1085 2130/1549/1097 2129/1548/1096 2117/1537/1084
f 2119/1539/1086 2131/1550/1098 2130/1549/1097 2118/1538/1085
f 2120/1540/1087 2132/1551/1099 2131/1550/1098 2119/1539/1086
f 2121/1541/1088 2133/1552/1100 2132/1551/1099 2120/1540/1087
f 2122/1542/1089 2134/1553/1101 2133/1552/1100 2121/1541/1088
f 2124/1543/1090 2136/1554/743 2135/162/744 2123/160/1091
f 2125/1544/1092 2137/1555/745 2136/1554/743 2124/1543/1090
f 2126/1545/1093 2138/1556/746 2137/1555/745 2125/1544/1092
f 2127/1546/1094 2139/1557/747 2138/1556/746 2126/1545/1093
f 2128/1547/1095 2140/1558/748 2139/1557/747 2127/1546/1094
f 2129/1548/1096 2141/1559/1102 2140/1558/748 2128/1547/1095
f 2130/1549/1097 2142/1560/750 2141/1559/1102 2129/1548/1096
f 2131/1550/1098 2143/1561/751 2142/1560/750 2130/1549/1097
f 2132/1551/1099 2144/1562/752 2143/1561/751 2131/1550/1098
f 2133/1552/1100 2145/1563/753 2144/1562/752 2132/1551/1099
f 2134/1553/1101 2146/1564/754 2145/1563/753 2133/1552/1100
f 2136/1554/743 2148/1565/1103 2147/124/1104 2135/162/744
f 2137/1555/745 2149/1566/1105 2148/1565/1103 2136/1554/743
f 2138/1556/746 2150/1567/1106 2149/1566/1105 2137/1555/745
f 2139/1557/747 2151/1568/1107 2150/1567/1106 2138/1556/746
f 2140/1558/748 2152/1569/1108 2151/1568/1107 2139/1557/747
f 2141/1559/1102 2153/1570/1109 2152/1569/1108 2140/1558/748
f 2142/1560/750 2154/1571/1110 2153/1570/1109 2141/1559/1102
f 2143/1561/751 2155/1572/1111 2154/1571/1110 2142/1560/750
f 2144/1562/752 2156/1573/1112 2155/1572/1111 2143/1561/751
f 2145/1563/753 2157/1574/1113 2156/1573/1112 2144/1562/752
f 2146/1564/754 2158/1575/1114 2157/1574/1113 2145/1563/753
f 2148/1565/1103 1836/1279/802 1835/4/805 2147/124/1104
f 2149/1566/1105 1837/1280/806 1836/1279/802 2148/1565/1103
f 2150/1567/1106 1838/1281/808 1837/1280/806 2149/1566/1105
f 2151/1568/1107 1839/1282/810 1838/1281/808 2150/1567/1106
f 2152/1569/1108 1840/1283/812 1839/1282/810 2151/1568/1107
f 2153/1570/1109 1841/1284/814 1840/1283/812 2152/1569/1108
f 2154/1571/1110 1842/1285/816 1841/1284/814 2153/1570/1109
f 2155/1572/1111 1843/1286/818 1842/1285/816 2154/1571/1110
f 2156/1573/1112 1844/1287/820 1843/1286/818 2155/1572/1111
f 2157/1574/1113 1845/1288/822 1844/1287/820 2156/1573/1112
f 2158/1575/1114 1846/1289/824 1845/1288/822 2157/1574/1113
f 2160/476/1115 2172/1576/1116 2171/1577/1117 2159/24/1118
f 2161/479/1119 2173/1578/1120 2172/1576/1116 2160/476/1115
f 2162/481/1121 2174/1579/1122 2173/1578/1120 2161/479/1119
f 2163/483/1123 2175/1580/1124 2174/1579/1122 2162/481/1121
f 2164/485/1125 2176/1581/1126 2175/1580/1124 2163/483/1123
f 2165/487/1127 2177/1582/1128 2176/1581/1126 2164/485/1125
f 2166/489/1129 2178/1583/1130 2177/1582/1128 2165/487/1127
f 2167/491/1131 2179/1584/1132 2178/1583/1130 2166/489/1129
f 2168/493/1133 2180/1585/1134 2179/1584/1132 2167/491/1131
f 2169/495/1135 2181/1586/1136 2180/1585/1134 2168/493/1133
f 2170/497/1137 2182/1587/1138 2181/1586/1136 2169/495/1135
f 2172/1576/1116 2184/1588/1139 2183/1589/1140 2171/1577/1117
f 2173/1578/1120 2185/1590/1141 2184/1588/1139 2172/1576/1116
f 2174/1579/1122 2186/1591/1142 2185/1590/1141 2173/1578/1120
f 2175/1580/1124 2187/1592/1143 2186/1591/1142 2174/1579/1122
f 2176/1581/1126 2188/1593/1144 2187/1592/1143 2175/1580/1124
f 2177/1582/1128 2189/1594/1145 2188/1593/1144 2176/1581/1126
f 2178/1583/1130 2190/1595/1146 2189/1594/1145 2177/1582/1128
f 2179/1584/1132 2191/1596/1147 2190/1595/1146 2178/1583/1130
f 2180/1585/1134 2192/1597/1148 2191/1596/1147 2179/1584/1132
f 2181/1586/1136 2193/1598/1149 2192/1597/1148 2180/1585/1134
f 2182/1587/1138 2194/1599/1150 2193/1598/1149 2181/1586/1136
f 2184/1588/1139 2196/1600/1151 2195/1601/1152 2183/1589/1140
f 2185/1590/1141 2197/1602/1153 2196/1600/1151 2184/1588/1139
f 2186/1591/1142 2198/1603/1154 2197/1602/1153 2185/1590/1141
f 2187/1592/1143 2199/1604/1155 2198/1603/1154 2186/1591/1142
f 2188/1593/1144 2200/1605/1156 2199/1604/1155 2187/1592/1143
f 2189/1594/1145 2201/1606/1157 2200/1605/1156 2188/1593/1144
f 2190/1595/1146 2202/1607/1158 2201/1606/1157 2189/1594/1145
f 2191/1596/1147 2203/1608/1159 2202/1607/1158 2190/1595/1146
f 2192/1597/1148 2204/1609/1160 2203/1608/1159 2191/1596/1147
f 2193/1598/1149 2205/1610/1161 2204/1609/1160 2192/1597/1148
f 2194/1599/1150 2206/1611/1162 2205/1610/1161 2193/1598/1149
f 2196/1600/1151 2208/1612/1163 2207/1613/1164 2195/1601/1152
f 2197/1602/1153 2209/1614/1165 2208/1612/1163 2196/1600/1151
f 2198/1603/1154 2210/1615/1166 2209/1614/1165 2197/1602/1153
f 2199/1604/1155 2211/1616/1167 2210/1615/1166 2198/1603/1154
f 2200/1605/1156 2212/1617/1168 2211/1616/1167 2199/1604/1155
f 2201/1606/1157 2213/1618/1169 2212/1617/1168 2200/1605/1156
f 2202/1607/1158 2214/1619/1170 2213/1618/1169 2201/1606/1157
f 2203/1608/1159 2215/1620/1171 2214/1619/1170 2202/1607/1158
f 2204/1609/1160 2216/1621/1172 2215/1620/1171 2203/1608/1159
f 2205/1610/1161 2217/1622/1173 2216/1621/1172 2204/1609/1160
f 2206/1611/1162 2218/1623/1174 2217/1622/1173 2205/1610/1161
f 2208/1612/1163 2220/1624/1175 2219/1625/1176 2207/1613/1164
f 2209/1614/1165 2221/1626/1177 2220/1624/1175 2208/1612/1163
f 2210/1615/1166 2222/1627/1178 2221/1626/1177 2209/1614/1165
f 2211/1616/1167 2223/1628/1179 2222/1627/1178 2210/1615/1166
f 2212/1617/1168 2224/1629/1180 2223/1628/1179 2211/1616/1167
f 2213/1618/1169 2225/1630/1181 2224/1629/1180 2212/1617/1168
f 2214/1619/1170 2226/1631/1182 2225/1630/1181 2213/1618/1169
f 2215/1620/1171 2227/1632/1183 2226/1631/1182 2214/1619/1170
f 2216/1621/1172 2228/1633/1184 2227/1632/1183 2215/1620/1171
f 2217/1622/1173 2229/1634/1185 2228/1633/1184 2216/1621/1172
f 2218/1623/1174 2230/1635/1186 2229/1634/1185 2217/1622/1173
f 2220/1624/1175 2232/1636/1187 2231/1637/1188 2219/1625/1176
f 2221/1626/1177 2233/1638/1189 2232/1636/1187 2220/1624/1175
f 2222/1627/1178 2234/1639/1190 2233/1638/1189 2221/1626/1177
f 2223/1628/1179 2235/1640/1191 2234/1639/1190 2222/1627/1178
f 2224/1629/1180 2236/1641/1192 2235/1640/1191 2223/1628/1179
f 2225/1630/1181 2237/1642/1193 2236/1641/1192 2224/1629/1180
f 2226/1631/1182 2238/1643/1194 2237/1642/1193 2225/1630/1181
f 2227/1632/1183 2239/1644/1195 2238/1643/1194 2226/1631/1182
f 2228/1633/1184 2240/1645/1196 2239/1644/1195 2227/1632/1183
f 2229/1634/1185 2241/1646/1197 2240/1645/1196 2228/1633/1184
f 2230/1635/1186 2242/1647/1198 2241/1646/1197 2229/1634/1185
f 2232/1636/1187 2244/1648/1199 2243/1649/1200 2231/1637/1188
f 2233/1638/1189 2245/1650/1201 2244/1648/1199 2232/1636/1187
f 2234/1639/1190 2246/1651/1202 2245/1650/1201 2233/1638/1189
f 2235/1640/1191 2247/1652/1203 2246/1651/1202 2234/1639/1190
f 2236/1641/1192 2248/1653/1204 2247/1652/1203 2235/1640/1191
f 2237/1642/1193 2249/1654/1205 2248/1653/1204 2236/1641/1192
f 2238/1643/1194 2250/1655/1206 2249/1654/1205 2237/1642/1193
f 2239/1644/1195 2251/1656/1207 2250/1655/1206 2238/1643/1194
f 2240/1645/1196 2252/1657/1208 2251/1656/1207 2239/1644/1195
f 2241/1646/1197 2253/1658/1209 2252/1657/1208 2240/1645/1196
f 2242/1647/1198 2254/1659/1210 2253/1658/1209 2241/1646/1197
f 2244/1648/1199 2256/1660/1211 2255/1661/1212 2243/1649/1200
f 2245/1650/1201 2257/1662/1213 2256/1660/1211 2244/1648/1199
f 2246/1651/1202 2258/1663/1214 2257/1662/1213 2245/1650/1201
f 2247/1652/1203 2259/1664/1215 2258/1663/1214 2246/1651/1202
f 2248/1653/1204 2260/1665/1216 2259/1664/1215 2247/1652/1203
f 2249/1654/1205 2261/1666/1217 2260/1665/1216 2248/1653/1204
f 2250/1655/1206 2262/1667/1218 2261/1666/1217 2249/1654/1205
f 2251/1656/1207 2263/1668/1219 2262/1667/1218 2250/1655/1206
f 2252/1657/1208 2264/1669/1220 2263/1668/1219 2251/1656/1207
f 2253/1658/1209 2265/1670/1221 2264/1669/1220 2252/1657/1208
f 2254/1659/1210 2266/1671/1222 2265/1670/1221 2253/1658/1209
f 2256/1660/1211 2268/1672/1223 2267/1673/1224 2255/1661/1212
f 2257/1662/1213 2269/1674/1225 2268/1672/1223 2256/1660/1211
f 2258/1663/1214 2270/1675/1226 2269/1674/1225 2257/1662/1213
f 2259/1664/1215 2271/1676/1227 2270/1675/1226 2258/1663/1214
f 2260/1665/1216 2272/1677/1228 2271/1676/1227 2259/1664/1215
f 2261/1666/1217 2273/1678/1229 2272/1677/1228 2260/1665/1216
f 2262/1667/1218 2274/1679/1230 2273/1678/1229 2261/1666/1217
f 2263/1668/1219 2275/1680/1231 2274/1679/1230 2262/1667/1218
f 2264/1669/1220 2276/1681/1232 2275/1680/1231 2263/1668/1219
f 2265/1670/1221 2277/1682/1233 2276/1681/1232 2264/1669/1220
f 2266/1671/1222 2278/1683/1234 2277/1682/1233 2265/1670/1221
f 2268/1672/1223 2280/1684/1235 2279/1685/1236 2267/1673/1224
f 2269/1674/1225 2281/1686/1237 2280/1684/1235 2268/1672/1223
f 2270/1675/1226 2282/1687/1238 2281/1686/1237 2269/1674/1225
f 2271/1676/1227 2283/1688/1239 2282/1687/1238 2270/1675/1226
f 2272/1677/1228 2284/1689/1240 2283/1688/1239 2271/1676/1227
f 2273/1678/1229 2285/1690/1241 2284/1689/1240 2272/1677/1228
f 2274/1679/1230 2286/1691/1242 2285/1690/1241 2273/1678/1229
f 2275/1680/1231 2287/1692/1243 2286/1691/1242 2274/1679/1230
f 2276/1681/1232 2288/1693/1244 2287/1692/1243 2275/1680/1231
f 2277/1682/1233 2289/1694/1245 2288/1693/1244 2276/1681/1232
f 2278/1683/1234 2290/1695/1246 2289/1694/1245 2277/1682/1233
f 2280/1684/1235 2292/1696/1247 2291/1697/1248 2279/1685/1236
f 2281/1686/1237 2293/1698/1249 2292/1696/1247 2280/1684/1235
f 2282/1687/1238 2294/1699/1250 2293/1698/1249 2281/1686/1237
f 2283/1688/1239 2295/1700/1251 2294/1699/1250 2282/1687/1238
f 2284/1689/1240 2296/1701/1252 2295/1700/1251 2283/1688/1239
f 2285/1690/1241 2297/1702/1253 2296/1701/1252 2284/1689/1240
f 2286/1691/1242 2298/1703/1254 2297/1702/1253 2285/1690/1241
f 2287/1692/1243 2299/1704/1255 2298/1703/1254 2286/1691/1242
f 2288/1693/1244 2300/1705/1256 2299/1704/1255 2287/1692/1243
f 2289/1694/1245 2301/1706/1257 2300/1705/1256 2288/1693/1244
f 2290/1695/1246 2302/1707/1258 2301/1706/1257 2289/1694/1245
f 2292/1696/1247 2304/1708/1259 2303/1709/1260 2291/1697/1248
f 2293/1698/1249 2305/1710/1261 2304/1708/1259 2292/1696/1247
f 2294/1699/1250 2306/1711/1262 2305/1710/1261 2293/1698/1249
f 2295/1700/1251 2307/1712/1263 2306/1711/1262 2294/1699/1250
f 2296/1701/1252 2308/1713/1264 2307/1712/1263 2295/1700/1251
f 2297/1702/1253 2309/1714/1265 2308/1713/1264 2296/1701/1252
f 2298/1703/1254 2310/1715/1266 2309/1714/1265 2297/1702/1253
f 2299/1704/1255 2311/1716/1267 2310/1715/1266 2298/1703/1254
f 2300/1705/1256 2312/1717/1268 2311/1716/1267 2299/1704/1255
f 2301/1706/1257 2313/1718/1269 2312/1717/1268 2300/1705/1256
f 2302/1707/1258 2314/1719/1270 2313/1718/1269 2301/1706/1257
f 2304/1708/1259 2316/1720/1271 2315/1721/1272 2303/1709/1260
f 2305/1710/1261 2317/1722/1273 2316/1720/1271 2304/1708/1259
f 2306/1711/1262 2318/1723/1274 2317/1722/1273 2305/1710/1261
f 2307/1712/1263 2319/1724/1275 2318/1723/1274 2306/1711/1262
f 2308/1713/1264 2320/1725/1276 2319/1724/1275 2307/1712/1263
f 2309/1714/1265 2321/1726/1277 2320/1725/1276 2308/1713/1264
f 2310/1715/1266 2322/1727/1278 2321/1726/1277 2309/1714/1265
f 2311/1716/1267 2323/1728/1279 2322/1727/1278 2310/1715/1266
f 2312/1717/1268 2324/1729/1280 2323/1728/1279 2311/1716/1267
f 2313/1718/1269 2325/1730/1281 2324/1729/1280 2312/1717/1268
f 2314/1719/1270 2326/1731/1282 2325/1730/1281 2313/1718/1269
f 2316/1720/1271 2328/1732/1283 2327/1733/1284 2315/1721/1272
f 2317/1722/1273 2329/1734/1285 2328/1732/1283 2316/1720/1271
f 2318/1723/1274 2330/1735/1286 2329/1734/1285 2317/1722/1273
f 2319/1724/1275 2331/1736/1287 2330/1735/1286 2318/1723/1274
f 2320/1725/1276 2332/1737/1288 2331/1736/1287 2319/1724/1275
f 2321/1726/1277 2333/1738/1289 2332/1737/1288 2320/1725/1276
f 2322/1727/1278 2334/1739/1290 2333/1738/1289 2321/1726/1277
f 2323/1728/1279 2335/1740/1291 2334/1739/1290 2322/1727/1278
f 2324/1729/1280 2336/1741/1292 2335/1740/1291 2323/1728/1279
f 2325/1730/1281 2337/1742/1293 2336/1741/1292 2324/1729/1280
f 2326/1731/1282 2338/1743/1294 2337/1742/1293 2325/1730/1281
f 2328/1732/1283 2340/1744/1295 2339/1745/1296 2327/1733/1284
f 2329/1734/1285 2341/1746/1297 2340/1744/1295 2328/1732/1283
f 2330/1735/1286 2342/1747/1298 2341/1746/1297 2329/1734/1285
f 2331/1736/1287 2343/1748/1299 2342/1747/1298 2330/1735/1286
f 2332/1737/1288 2344/1749/1300 2343/1748/1299 2331/1736/1287
f 2333/1738/1289 2345/1750/1301 2344/1749/1300 2332/1737/1288
f 2334/1739/1290 2346/1751/1302 2345/1750/1301 2333/1738/1289
f 2335/1740/1291 2347/1752/1303 2346/1751/1302 2334/1739/1290
f 2336/1741/1292 2348/1753/1304 2347/1752/1303 2335/1740/1291
f 2337/1742/1293 2349/1754/1305 2348/1753/1304 2336/1741/1292
f 2338/1743/1294 2350/1755/1306 2349/1754/1305 2337/1742/1293
f 2340/1744/1295 2352/1756/1307 2351/1757/1308 2339/1745/1296
f 2341/1746/1297 2353/1758/1309 2352/1756/1307 2340/1744/1295
f 2342/1747/1298 2354/1759/1310 2353/1758/1309 2341/1746/1297
f 2343/1748/1299 2355/1760/1311 2354/1759/1310 2342/1747/1298
f 2344/1749/1300 2356/1761/1312 2355/1760/1311 2343/1748/1299
f 2345/1750/1301 2357/1762/1313 2356/1761/1312 2344/1749/1300
f 2346/1751/1302 2358/1763/1314 2357/1762/1313 2345/1750/1301
f 2347/1752/1303 2359/1764/1315 2358/1763/1314 2346/1751/1302
f 2348/1753/1304 2360/1765/1316 2359/1764/1315 2347/1752/1303
f 2349/1754/1305 2361/1766/1317 2360/1765/1316 2348/1753/1304
f 2350/1755/1306 2362/1767/1318 2361/1766/1317 2349/1754/1305
f 2352/1756/1307 2364/1768/1319 2363/1769/1320 2351/1757/1308
f 2353/1758/1309 2365/1770/1321 2364/1768/1319 2352/1756/1307
f 2354/1759/1310 2366/1771/1322 2365/1770/1321 2353/1758/1309
f 2355/1760/1311 2367/1772/1323 2366/1771/1322 2354/1759/1310
f 2356/1761/1312 2368/1773/1324 2367/1772/1323 2355/1760/1311
f 2357/1762/1313 2369/1774/1325 2368/1773/1324 2356/1761/1312
f 2358/1763/1314 2370/1775/1326 2369/1774/1325 2357/1762/1313
f 2359/1764/1315 2371/1776/1327 2370/1775/1326 2358/1763/1314
f 2360/1765/1316 2372/1777/1328 2371/1776/1327 2359/1764/1315
f 2361/1766/1317 2373/1778/1329 2372/1777/1328 2360/1765/1316
f 2362/1767/1318 2374/1779/1330 2373/1778/1329 2361/1766/1317
f 2364/1768/1319 2376/1780/1331 2375/1781/1332 2363/1769/1320
f 2365/1770/1321 2377/1782/1333 2376/1780/1331 2364/1768/1319
f 2366/1771/1322 2378/1783/1334 2377/1782/1333 2365/1770/1321
f 2367/1772/1323 2379/1784/1335 2378/1783/1334 2366/1771/1322
f 2368/1773/1324 2380/1785/1336 2379/1784/1335 2367/1772/1323
f 2369/1774/1325 2381/1786/1337 2380/1785/1336 2368/1773/1324
f 2370/1775/1326 2382/1787/1338 2381/1786/1337 2369/1774/1325
f 2371/1776/1327 2383/1788/1339 2382/1787/1338 2370/1775/1326
f 2372/1777/1328 2384/1789/1340 2383/1788/1339 2371/1776/1327
f 2373/1778/1329 2385/1790/1341 2384/1789/1340 2372/1777/1328
f 2374/1779/1330 2386/1791/1342 2385/1790/1341 2373/1778/1329
f 2376/1780/1331 2388/1792/1343 2387/1793/1344 2375/1781/1332
f 2377/1782/1333 2389/1794/1345 2388/1792/1343 2376/1780/1331
f 2378/1783/1334 2390/1795/1346 2389/1794/1345 2377/1782/1333
f 2379/1784/1335 2391/1796/1347 2390/1795/1346 2378/1783/1334
f 2380/1785/1336 2392/1797/1348 2391/1796/1347 2379/1784/1335
f 2381/1786/1337 2393/1798/1349 2392/1797/1348 2380/1785/1336
f 2382/1787/1338 2394/1799/1350 2393/1798/1349 2381/1786/1337
f 2383/1788/1339 2395/1800/1351 2394/1799/1350 2382/1787/1338
f 2384/1789/1340 2396/1801/1352 2395/1800/1351 2383/1788/1339
f 2385/1790/1341 2397/1802/1353 2396/1801/1352 2384/1789/1340
f 2386/1791/1342 2398/1803/1354 2397/1802/1353 2385/1790/1341
f 2388/1792/1343 2400/1804/1355 2399/1805/1356 2387/1793/1344
f 2389/1794/1345 2401/1806/1357 2400/1804/1355 2388/1792/1343
f 2390/1795/1346 2402/1807/1358 2401/1806/1357 2389/1794/1345
f 2391/1796/1347 2403/1808/1359 2402/1807/1358 2390/1795/1346
f 2392/1797/1348 2404/1809/1360 2403/1808/1359 2391/1796/1347
f 2393/1798/1349 2405/1810/1361 2404/1809/1360 2392/1797/1348
f 2394/1799/1350 2406/1811/1362 2405/1810/1361 2393/1798/1349
f 2395/1800/1351 2407/1812/1363 2406/1811/1362 2394/1799/1350
f 2396/1801/1352 2408/1813/1364 2407/1812/1363 2395/1800/1351
f 2397/1802/1353 2409/1814/1365 2408/1813/1364 2396/1801/1352
f 2398/1803/1354 2410/1815/1366 2409/1814/1365 2397/1802/1353
f 2400/1804/1355 2412/1816/1367 2411/1817/1368 2399/1805/1356
f 2401/1806/1357 2413/1818/1369 2412/1816/1367 2400/1804/1355
f 2402/1807/1358 2414/1819/1370 2413/1818/1369 2401/1806/1357
f 2403/1808/1359 2415/1820/1371 2414/1819/1370 2402/1807/1358
f 2404/1809/1360 2416/1821/1372 2415/1820/1371 2403/1808/1359
f 2405/1810/1361 2417/1822/1373 2416/1821/1372 2404/1809/1360
f 2406/1811/1362 2418/1823/1374 2417/1822/1373 2405/1810/1361
f 2407/1812/1363 2419/1824/1375 2418/1823/1374 2406/1811/1362
f 2408/1813/1364 2420/1825/1376 2419/1824/1375 2407/1812/1363
f 2409/1814/1365 2421/1826/1377 2420/1825/1376 2408/1813/1364
f 2410/1815/1366 2422/1827/1378 2421/1826/1377 2409/1814/1365
f 2412/1816/1367 2424/1828/1379 2423/1829/1380 2411/1817/1368
f 2413/1818/1369 2425/1830/1381 2424/1828/1379 2412/1816/1367
f 2414/1819/1370 2426/1831/1382 2425/1830/1381 2413/1818/1369
f 2415/1820/1371 2427/1832/1383 2426/1831/1382 2414/1819/1370
f 2416/1821/1372 2428/1833/1384 2427/1832/1383 2415/1820/1371
f 2417/1822/1373 2429/1834/1385 2428/1833/1384 2416/1821/1372
f 2418/1823/1374 2430/1835/1386 2429/1834/1385 2417/1822/1373
f 2419/1824/1375 2431/1836/1387 2430/1835/1386 2418/1823/1374
f 2420/1825/1376 2432/1837/1388 2431/1836/1387 2419/1824/1375
f 2421/1826/1377 2433/1838/1389 2432/1837/1388 2420/1825/1376
f 2422/1827/1378 2434/1839/1390 2433/1838/1389 2421/1826/1377
f 2424/1828/1379 2436/1840/1391 2435/1841/1392 2423/1829/1380
f 2425/1830/1381 2437/1842/1393 2436/1840/1391 2424/1828/1379
f 2426/1831/1382 2438/1843/1394 2437/1842/1393 2425/1830/1381
f 2427/1832/1383 2439/1844/1395 2438/1843/1394 2426/1831/1382
f 2428/1833/1384 2440/1845/1396 2439/1844/1395 2427/1832/1383
f 2429/1834/1385 2441/1846/1397 2440/1845/1396 2428/1833/1384
f 2430/1835/1386 2442/1847/1398 2441/1846/1397 2429/1834/1385
f 2431/1836/1387 2443/1848/1399 2442/1847/1398 2430/1835/1386
f 2432/1837/1388 2444/1849/1400 2443/1848/1399 2431/1836/1387
f 2433/1838/1389 2445/1850/1401 2444/1849/1400 2432/1837/1388
f 2434/1839/1390 2446/1851/1402 2445/1850/1401 2433/1838/1389
f 2436/1840/1391 2448/1852/1403 2447/1853/1404 2435/1841/1392
f 2437/1842/1393 2449/1854/1405 2448/1852/1403 2436/1840/1391
f 2438/1843/1394 2450/1855/1406 2449/1854/1405 2437/1842/1393
f 2439/1844/1395 2451/1856/1407 2450/1855/1406 2438/1843/1394
f 2440/1845/1396 2452/1857/1408 2451/1856/1407 2439/1844/1395
f 2441/1846/1397 2453/1858/1409 2452/1857/1408 2440/1845/1396
f 2442/1847/1398 2454/1859/1410 2453/1858/1409 2441/1846/1397
f 2443/1848/1399 2455/1860/1411 2454/1859/1410 2442/1847/1398
f 2444/1849/1400 2456/1861/1412 2455/1860/1411 2443/1848/1399
f 2445/1850/1401 2457/1862/1413 2456/1861/1412 2444/1849/1400
f 2446/1851/1402 2458/1863/1414 2457/1862/1413 2445/1850/1401
f 2448/1852/1403 2460/1864/1415 2459/1865/1416 2447/1853/1404
f 2449/1854/1405 2461/1866/1417 2460/1864/1415 2448/1852/1403
f 2450/1855/1406 2462/1867/1418 2461/1866/1417 2449/1854/1405
f 2451/1856/1407 2463/1868/1419 2462/1867/1418 2450/1855/1406
f 2452/1857/1408 2464/1869/1420 2463/1868/1419 2451/1856/1407
f 2453/1858/1409 2465/1870/1421 2464/1869/1420 2452/1857/1408
f 2454/1859/1410 2466/1871/1422 2465/1870/1421 2453/1858/1409
f 2455/1860/1411 2467/1872/1423 2466/1871/1422 2454/1859/1410
f 2456/1861/1412 2468/1873/1424 2467/1872/1423 2455/1860/1411
f 2457/1862/1413 2469/1874/1425 2468/1873/1424 2456/1861/1412
f 2458/1863/1414 2470/1875/1426 2469/1874/1425 2457/1862/1413
f 2460/1864/1415 2472/1876/1427 2471/1877/1428 2459/1865/1416
f 2461/1866/1417 2473/1878/1429 2472/1876/1427 2460/1864/1415
f 2462/1867/1418 2474/1879/1430 2473/1878/1429 2461/1866/1417
f 2463/1868/1419 2475/1880/1431 2474/1879/1430 2462/1867/1418
f 2464/1869/1420 2476/1881/1432 2475/1880/1431 2463/1868/1419
f 2465/1870/1421 2477/1882/1433 2476/1881/1432 2464/1869/1420
f 2466/1871/1422 2478/1883/1434 2477/1882/1433 2465/1870/1421
f 2467/1872/1423 2479/1884/1435 2478/1883/1434 2466/1871/1422
f 2468/1873/1424 2480/1885/1436 2479/1884/1435 2467/1872/1423
f 2469/1874/1425 2481/1886/1437 2480/1885/1436 2468/1873/1424
f 2470/1875/1426 2482/1887/1438 2481/1886/1437 2469/1874/1425
f 2472/1876/1427 2484/1888/1439 2483/1889/1440 2471/1877/1428
f 2473/1878/1429 2485/1890/1441 2484/1888/1439 2472/1876/1427
f 2474/1879/1430 2486/1891/1442 2485/1890/1441 2473/1878/1429
f 2475/1880/1431 2487/1892/1443 2486/1891/1442 2474/1879/1430
f 2476/1881/1432 2488/1893/1444 2487/1892/1443 2475/1880/1431
f 2477/1882/1433 2489/1894/1445 2488/1893/1444 2476/1881/1432
f 2478/1883/1434 2490/1895/1446 2489/1894/1445 2477/1882/1433
f 2479/1884/1435 2491/1896/1447 2490/1895/1446 2478/1883/1434
f 2480/1885/1436 2492/1897/1448 2491/1896/1447 2479/1884/1435
f 2481/1886/1437 2493/1898/1449 2492/1897/1448 2480/1885/1436
f 2482/1887/1438 2494/1899/1450 2493/1898/1449 2481/1886/1437
f 2484/1888/1439 2496/1900/1451 2495/1901/1452 2483/1889/1440
f 2485/1890/1441 2497/1902/1453 2496/1900/1451 2484/1888/1439
f 2486/1891/1442 2498/1903/1454 2497/1902/1453 2485/1890/1441
f 2487/1892/1443 2499/1904/1455 2498/1903/1454 2486/1891/1442
f 2488/1893/1444 2500/1905/1456 2499/1904/1455 2487/1892/1443
f 2489/1894/1445 2501/1906/1457 2500/1905/1456 2488/1893/1444
f 2490/1895/1446 2502/1907/1458 2501/1906/1457 2489/1894/1445
f 2491/1896/1447 2503/1908/1459 2502/1907/1458 2490/1895/1446
f 2492/1897/1448 2504/1909/1460 2503/1908/1459 2491/1896/1447
f 2493/1898/1449 2505/1910/1461 2504/1909/1460 2492/1897/1448
f 2494/1899/1450 2506/1911/1462 2505/1910/1461 2493/1898/1449
f 2496/1900/1451 2508/1912/1463 2507/1913/1464 2495/1901/1452
f 2497/1902/1453 2509/1914/1465 2508/1912/1463 2496/1900/1451
f 2498/1903/1454 2510/1915/1466 2509/1914/1465 2497/1902/1453
f 2499/1904/1455 2511/1916/1467 2510/1915/1466 2498/1903/1454
f 2500/1905/1456 2512/1917/1468 2511/1916/1467 2499/1904/1455
f 2501/1906/1457 2513/1918/1469 2512/1917/1468 2500/1905/1456
f 2502/1907/1458 2514/1919/1470 2513/1918/1469 2501/1906/1457
f 2503/1908/1459 2515/1920/1471 2514/1919/1470 2502/1907/1458
f 2504/1909/1460 2516/1921/1472 2515/1920/1471 2503/1908/1459
f 2505/1910/1461 2517/1922/1473 2516/1921/1472 2504/1909/1460
f 2506/1911/1462 2518/1923/1474 2517/1922/1473 2505/1910/1461
f 2508/1912/1463 2520/1924/1475 2519/1925/1476 2507/1913/1464
f 2509/1914/1465 2521/1926/1477 2520/1924/1475 2508/1912/1463
f 2510/1915/1466 2522/1927/1478 2521/1926/1477 2509/1914/1465
f 2511/1916/1467 2523/1928/1479 2522/1927/1478 2510/1915/1466
f 2512/1917/1468 2524/1929/1480 2523/1928/1479 2511/1916/1467
f 2513/1918/1469 2525/1930/1481 2524/1929/1480 2512/1917/1468
f 2514/1919/1470 2526/1931/1482 2525/1930/1481 2513/1918/1469
f 2515/1920/1471 2527/1932/1483 2526/1931/1482 2514/1919/1470
f 2516/1921/1472 2528/1933/1484 2527/1932/1483 2515/1920/1471
f 2517/1922/1473 2529/1934/1485 2528/1933/1484 2516/1921/1472
f 2518/1923/1474 2530/1935/1486 2529/1934/1485 2517/1922/1473
f 2520/1924/1475 2532/1936/1487 2531/1937/1488 2519/1925/1476
f 2521/1926/1477 2533/1938/1489 2532/1936/1487 2520/1924/1475
f 2522/1927/1478 2534/1939/1490 2533/1938/1489 2521/1926/1477
f 2523/1928/1479 2535/1940/1491 2534/1939/1490 2522/1927/1478
f 2524/1929/1480 2536/1941/1492 2535/1940/1491 2523/1928/1479
f 2525/1930/1481 2537/1942/1493 2536/1941/1492 2524/1929/1480
f 2526/1931/1482 2538/1943/1494 2537/1942/1493 2525/1930/1481
f 2527/1932/1483 2539/1944/1495 2538/1943/1494 2526/1931/1482
f 2528/1933/1484 2540/1945/1496 2539/1944/1495 2527/1932/1483
f 2529/1934/1485 2541/1946/1497 2540/1945/1496 2528/1933/1484
f 2530/1935/1486 2542/1947/1498 2541/1946/1497 2529/1934/1485
f 2532/1936/1487 2544/1948/1499 2543/1949/1500 2531/1937/1488
f 2533/1938/1489 2545/1950/1501 2544/1948/1499 2532/1936/1487
f 2534/1939/1490 2546/1951/1502 2545/1950/1501 2533/1938/1489
f 2535/1940/1491 2547/1952/1503 2546/1951/1502 2534/1939/1490
f 2536/1941/1492 2548/1953/1504 2547/1952/1503 2535/1940/1491
f 2537/1942/1493 2549/1954/1505 2548/1953/1504 2536/1941/1492
f 2538/1943/1494 2550/1955/1506 2549/1954/1505 2537/1942/1493
f 2539/1944/1495 2551/1956/1507 2550/1955/1506 2538/1943/1494
f 2540/1945/1496 2552/1957/1508 2551/1956/1507 2539/1944/1495
f 2541/1946/1497 2553/1958/1509 2552/1957/1508 2540/1945/1496
f 2542/1947/1498 2554/1959/1510 2553/1958/1509 2541/1946/1497
f 2544/1948/1499 2556/1960/1511 2555/1961/1512 2543/1949/1500
f 2545/1950/1501 2557/1962/1513 2556/1960/1511 2544/1948/1499
f 2546/1951/1502 2558/1963/1514 2557/1962/1513 2545/1950/1501
f 2547/1952/1503 2559/1964/1515 2558/1963/1514 2546/1951/1502
f 2548/1953/1504 2560/1965/1516 2559/1964/1515 2547/1952/1503
f 2549/1954/1505 2561/1966/1517 2560/1965/1516 2548/1953/1504
f 2550/1955/1506 2562/1967/1518 2561/1966/1517 2549/1954/1505
f 2551/1956/1507 2563/1968/1519 2562/1967/1518 2550/1955/1506
f 2552/1957/1508 2564/1969/1520 2563/1968/1519 2551/1956/1507
f 2553/1958/1509 2565/1970/1521 2564/1969/1520 2552/1957/1508
f 2554/1959/1510 2566/1971/1522 2565/1970/1521 2553/1958/1509
f 2556/1960/1511 2568/1972/1523 2567/1973/1524 2555/1961/1512
f 2557/1962/1513 2569/1974/1525 2568/1972/1523 2556/1960/1511
f 2558/1963/1514 2570/1975/1526 2569/1974/1525 2557/1962/1513
f 2559/1964/1515 2571/1976/1527 2570/1975/1526 2558/1963/1514
f 2560/1965/1516 2572/1977/1528 2571/1976/1527 2559/1964/1515
f 2561/1966/1517 2573/1978/1529 2572/1977/1528 2560/1965/1516
f 2562/1967/1518 2574/1979/1530 2573/1978/1529 2561/1966/1517
f 2563/1968/1519 2575/1980/1531 2574/1979/1530 2562/1967/1518
f 2564/1969/1520 2576/1981/1532 2575/1980/1531 2563/1968/1519
f 2565/1970/1521 2577/1982/1533 2576/1981/1532 2564/1969/1520
f 2566/1971/1522 2578/1983/1534 2577/1982/1533 2565/1970/1521
f 2568/1972/1523 2580/1984/1535 2579/1985/1536 2567/1973/1524
f 2569/1974/1525 2581/1986/1537 2580/1984/1535 2568/1972/1523
f 2570/1975/1526 2582/1987/1538 2581/1986/1537 2569/1974/1525
f 2571/1976/1527 2583/1988/1539 2582/1987/1538 2570/1975/1526
f 2572/1977/1528 2584/1989/1540 2583/1988/1539 2571/1976/1527
f 2573/1978/1529 2585/1990/1541 2584/1989/1540 2572/1977/1528
f 2574/1979/1530 2586/1991/1542 2585/1990/1541 2573/1978/1529
f 2575/1980/1531 2587/1992/1543 2586/1991/1542 2574/1979/1530
f 2576/1981/1532 2588/1993/1544 2587/1992/1543 2575/1980/1531
f 2577/1982/1533 2589/1994/1545 2588/1993/1544 2576/1981/1532
f 2578/1983/1534 2590/1995/1546 2589/1994/1545 2577/1982/1533
f 2580/1984/1535 2592/1996/1547 2591/1997/1548 2579/1985/1536
f 2581/1986/1537 2593/1998/1549 2592/1996/1547 2580/1984/1535
f 2582/1987/1538 2594/1999/1550 2593/1998/1549 2581/1986/1537
f 2583/1988/1539 2595/2000/1551 2594/1999/1550 2582/1987/1538
f 2584/1989/1540 2596/2001/1552 2595/2000/1551 2583/1988/1539
f 2585/1990/1541 2597/2002/1553 2596/2001/1552 2584/1989/1540
f 2586/1991/1542 2598/2003/1554 2597/2002/1553 2585/1990/1541
f 2587/1992/1543 2599/2004/1555 2598/2003/1554 2586/1991/1542
f 2588/1993/1544 2600/2005/1556 2599/2004/1555 2587/1992/1543
f 2589/1994/1545 2601/2006/1557 2600/2005/1556 2588/1993/1544
f 2590/1995/1546 2602/2007/1558 2601/2006/1557 2589/1994/1545
f 2592/1996/1547 2604/2008/1559 2603/53/1560 2591/1997/1548
f 2593/1998/1549 2605/2009/1561 2604/2008/1559 2592/1996/1547
f 2594/1999/1550 2606/2010/1562 2605/2009/1561 2593/1998/1549
f 2595/2000/1551 2607/2011/1563 2606/2010/1562 2594/1999/1550
f 2596/2001/1552 2608/2012/1564 2607/2011/1563 2595/2000/1551
f 2597/2002/1553 2609/2013/1565 2608/2012/1564 2596/2001/1552
f 2598/2003/1554 2610/2014/1566 2609/2013/1565 2597/2002/1553
f 2599/2004/1555 2611/2015/1567 2610/2014/1566 2598/2003/1554
f 2600/2005/1556 2612/2016/1568 2611/2015/1567 2599/2004/1555
f 2601/2006/1557 2613/2017/1569 2612/2016/1568 2600/2005/1556
f 2602/2007/1558 2614/2018/1570 2613/2017/1569 2601/2006/1557
f 2604/2008/1559 2616/2019/1571 2615/2020/1572 2603/53/1560
f 2605/2009/1561 2617/2021/1573 2616/2019/1571 2604/2008/1559
f 2606/2010/1562 2618/2022/1574 2617/2021/1573 2605/2009/1561
f 2607/2011/1563 2619/2023/1575 2618/2022/1574 2606/2010/1562
f 2608/2012/1564 2620/2024/1576 2619/2023/1575 2607/2011/1563
f 2609/2013/1565 2621/2025/1577 2620/2024/1576 2608/2012/1564
f 2610/2014/1566 2622/2026/1578 2621/2025/1577 2609/2013/1565
f 2611/2015/1567 2623/2027/1579 2622/2026/1578 2610/2014/1566
f 2612/2016/1568 2624/2028/1580 2623/2027/1579 2611/2015/1567
f 2613/2017/1569 2625/2029/1581 2624/2028/1580 2612/2016/1568
f 2614/2018/1570 2626/2030/1582 2625/2029/1581 2613/2017/1569
f 2616/2019/1571 2628/2031/1583 2627/2032/1584 2615/2020/1572
f 2617/2021/1573 2629/2033/1585 2628/2031/1583 2616/2019/1571
f 2618/2022/1574 2630/2034/1586 2629/2033/1585 2617/2021/1573
f 2619/2023/1575 2631/2035/1587 2630/2034/1586 2618/2022/1574
f 2620/2024/1576 2632/2036/1588 2631/2035/1587 2619/2023/1575
f 2621/2025/1577 2633/2037/1589 2632/2036/1588 2620/2024/1576
f 2622/2026/1578 2634/2038/1590 2633/2037/1589 2621/2025/1577
f 2623/2027/1579 2635/2039/1591 2634/2038/1590 2622/2026/1578
f 2624/2028/1580 2636/2040/1592 2635/2039/1591 2623/2027/1579
f 2625/2029/1581 2637/2041/1593 2636/2040/1592 2624/2028/1580
f 2626/2030/1582 2638/2042/1594 2637/2041/1593 2625/2029/1581
f 2628/2031/1583 2640/2043/1595 2639/2044/1596 2627/2032/1584
f 2629/2033/1585 2641/2045/1597 2640/2043/1595 2628/2031/1583
f 2630/2034/1586 2642/2046/1598 2641/2045/1597 2629/2033/1585
f 2631/2035/1587 2643/2047/1599 2642/2046/1598 2630/2034/1586
f 2632/2036/1588 2644/2048/1600 2643/2047/1599 2631/2035/1587
f 2633/2037/1589 2645/2049/1601 2644/2048/1600 2632/2036/1588
f 2634/2038/1590 2646/2050/1602 2645/2049/1601 2633/2037/1589
f 2635/2039/1591 2647/2051/1603 2646/2050/1602 2634/2038/1590
f 2636/2040/1592 2648/2052/1604 2647/2051/1603 2635/2039/1591
f 2637/2041/1593 2649/2053/1605 2648/2052/1604 2636/2040/1592
f 2638/2042/1594 2650/2054/1606 2649/2053/1605 2637/2041/1593
f 2640/2043/1595 2652/2055/1607 2651/2056/1608 2639/2044/1596
f 2641/2045/1597 2653/2057/1609 2652/2055/1607 2640/2043/1595
f 2642/2046/1598 2654/2058/1610 2653/2057/1609 2641/2045/1597
f 2643/2047/1599 2655/2059/1611 2654/2058/1610 2642/2046/1598
f 2644/2048/1600 2656/2060/1612 2655/2059/1611 2643/2047/1599
f 2645/2049/1601 2657/2061/1613 2656/2060/1612 2644/2048/1600
f 2646/2050/1602 2658/2062/1614 2657/2061/1613 2645/2049/1601
f 2647/2051/1603 2659/2063/1615 2658/2062/1614 2646/2050/1602
f 2648/2052/1604 2660/2064/1616 2659/2063/1615 2647/2051/1603
f 2649/2053/1605 2661/2065/1617 2660/2064/1616 2648/2052/1604
f 2650/2054/1606 2662/2066/1618 2661/2065/1617 2649/2053/1605
f 2652/2055/1607 2664/2067/1619 2663/2068/1620 2651/2056/1608
f 2653/2057/1609 2665/2069/1621 2664/2067/1619 2652/2055/1607
f 2654/2058/1610 2666/2070/1622 2665/2069/1621 2653/2057/1609
f 2655/2059/1611 2667/2071/1623 2666/2070/1622 2654/2058/1610
f 2656/2060/1612 2668/2072/1624 2667/2071/1623 2655/2059/1611
f 2657/2061/1613 2669/2073/1625 2668/2072/1624 2656/2060/1612
f 2658/2062/1614 2670/2074/1626 2669/2073/1625 2657/2061/1613
f 2659/2063/1615 2671/2075/1627 2670/2074/1626 2658/2062/1614
f 2660/2064/1616 2672/2076/1628 2671/2075/1627 2659/2063/1615
f 2661/2065/1617 2673/2077/1629 2672/2076/1628 2660/2064/1616
f 2662/2066/1618 2674/2078/1630 2673/2077/1629 2661/2065/1617
f 2664/2067/1619 2676/2079/1631 2675/2080/1632 2663/2068/1620
f 2665/2069/1621 2677/2081/1633 2676/2079/1631 2664/2067/1619
f 2666/2070/1622 2678/2082/1634 2677/2081/1633 2665/2069/1621
f 2667/2071/1623 2679/2083/1635 2678/2082/1634 2666/2070/1622
f 2668/2072/1624 2680/2084/1636 2679/2083/1635 2667/2071/1623
f 2669/2073/1625 2681/2085/1637 2680/2084/1636 2668/2072/1624
f 2670/2074/1626 2682/2086/1638 2681/2085/1637 2669/2073/1625
f 2671/2075/1627 2683/2087/1639 2682/2086/1638 2670/2074/1626
f 2672/2076/1628 2684/2088/1640 2683/2087/1639 2671/2075/1627
f 2673/2077/1629 2685/2089/1641 2684/2088/1640 2672/2076/1628
f 2674/2078/1630 2686/2090/1642 2685/2089/1641 2673/2077/1629
f 2676/2079/1631 2688/2091/1643 2687/2092/1644 2675/2080/1632
f 2677/2081/1633 2689/2093/1645 2688/2091/1643 2676/2079/1631
f 2678/2082/1634 2690/2094/1646 2689/2093/1645 2677/2081/1633
f 2679/2083/1635 2691/2095/1647 2690/2094/1646 2678/2082/1634
f 2680/2084/1636 2692/2096/1648 2691/2095/1647 2679/2083/1635
f 2681/2085/1637 2693/2097/1649 2692/2096/1648 2680/2084/1636
f 2682/2086/1638 2694/2098/1650 2693/2097/1649 2681/2085/1637
f 2683/2087/1639 2695/2099/1651 2694/2098/1650 2682/2086/1638
f 2684/2088/1640 2696/2100/1652 2695/2099/1651 2683/2087/1639
f 2685/2089/1641 2697/2101/1653 2696/2100/1652 2684/2088/1640
f 2686/2090/1642 2698/2102/1654 2697/2101/1653 2685/2089/1641
f 2688/2091/1643 2700/2103/1655 2699/2104/1656 2687/2092/1644
f 2689/2093/1645 2701/2105/1657 2700/2103/1655 2688/2091/1643
f 2690/2094/1646 2702/2106/1658 2701/2105/1657 2689/2093/1645
f 2691/2095/1647 2703/2107/1659 2702/2106/1658 2690/2094/1646
f 2692/2096/1648 2704/2108/1660 2703/2107/1659 2691/2095/1647
f 2693/2097/1649 2705/2109/1661 2704/2108/1660 2692/2096/1648
f 2694/2098/1650 2706/2110/1662 2705/2109/1661 2693/2097/1649
f 2695/2099/1651 2707/2111/1663 2706/2110/1662 2694/2098/1650
f 2696/2100/1652 2708/2112/1664 2707/2111/1663 2695/2099/1651
f 2697/2101/1653 2709/2113/1665 2708/2112/1664 2696/2100/1652
f 2698/2102/1654 2710/2114/1666 2709/2113/1665 2697/2101/1653
f 2700/2103/1655 2712/2115/1667 2711/2116/1668 2699/2104/1656
f 2701/2105/1657 2713/2117/1669 2712/2115/1667 2700/2103/1655
f 2702/2106/1658 2714/2118/1670 2713/2117/1669 2701/2105/1657
f 2703/2107/1659 2715/2119/1671 2714/2118/1670 2702/2106/1658
f 2704/2108/1660 2716/2120/1672 2715/2119/1671 2703/2107/1659
f 2705/2109/1661 2717/2121/1673 2716/2120/1672 2704/2108/1660
f 2706/2110/1662 2718/2122/1674 2717/2121/1673 2705/2109/1661
f 2707/2111/1663 2719/2123/1675 2718/2122/1674 2706/2110/1662
f 2708/2112/1664 2720/2124/1676 2719/2123/1675 2707/2111/1663
f 2709/2113/1665 2721/2125/1677 2720/2124/1676 2708/2112/1664
f 2710/2114/1666 2722/2126/1678 2721/2125/1677 2709/2113/1665
f 2712/2115/1667 2724/2127/1679 2723/2128/1680 2711/2116/1668
f 2713/2117/1669 2725/2129/1681 2724/2127/1679 2712/2115/1667
f 2714/2118/1670 2726/2130/1682 2725/2129/1681 2713/2117/1669
f 2715/2119/1671 2727/2131/1683 2726/2130/1682 2714/2118/1670
f 2716/2120/1672 2728/2132/1684 2727/2131/1683 2715/2119/1671
f 2717/2121/1673 2729/2133/1685 2728/2132/1684 2716/2120/1672
f 2718/2122/1674 2730/2134/1686 2729/2133/1685 2717/2121/1673
f 2719/2123/1675 2731/2135/1687 2730/2134/1686 2718/2122/1674
f 2720/2124/1676 2732/2136/1688 2731/2135/1687 2719/2123/1675
f 2721/2125/1677 2733/2137/1689 2732/2136/1688 2720/2124/1676
f 2722/2126/1678 2734/2138/1690 2733/2137/1689 2721/2125/1677
f 2724/2127/1679 2736/2139/1691 2735/2140/1692 2723/2128/1680
f 2725/2129/1681 2737/2141/1693 2736/2139/1691 2724/2127/1679
f 2726/2130/1682 2738/2142/1694 2737/2141/1693 2725/2129/1681
f 2727/2131/1683 2739/2143/1695 2738/2142/1694 2726/2130/1682
f 2728/2132/1684 2740/2144/1696 2739/2143/1695 2727/2131/1683
f 2729/2133/1685 2741/2145/1697 2740/2144/1696 2728/2132/1684
f 2730/2134/1686 2742/2146/1698 2741/2145/1697 2729/2133/1685
f 2731/2135/1687 2743/2147/1699 2742/2146/1698 2730/2134/1686
f 2732/2136/1688 2744/2148/1700 2743/2147/1699 2731/2135/1687
f 2733/2137/1689 2745/2149/1701 2744/2148/1700 2732/2136/1688
f 2734/2138/1690 2746/2150/1702 2745/2149/1701 2733/2137/1689
f 2736/2139/1691 2748/2151/1703 2747/2152/1704 2735/2140/1692
f 2737/2141/1693 2749/2153/1705 2748/2151/1703 2736/2139/1691
f 2738/2142/1694 2750/2154/1706 2749/2153/1705 2737/2141/1693
f 2739/2143/1695 2751/2155/1707 2750/2154/1706 2738/2142/1694
f 2740/2144/1696 2752/2156/1708 2751/2155/1707 2739/2143/1695
f 2741/2145/1697 2753/2157/1709 2752/2156/1708 2740/2144/1696
f 2742/2146/1698 2754/2158/1710 2753/2157/1709 2741/2145/1697
f 2743/2147/1699 2755/2159/1711 2754/2158/1710 2742/2146/1698
f 2744/2148/1700 2756/2160/1712 2755/2159/1711 2743/2147/1699
f 2745/2149/1701 2757/2161/1713 2756/2160/1712 2744/2148/1700
f 2746/2150/1702 2758/2162/1714 2757/2161/1713 2745/2149/1701
f 2748/2151/1703 2760/2163/1715 2759/2164/1716 2747/2152/1704
f 2749/2153/1705 2761/2165/1717 2760/2163/1715 2748/2151/1703
f 2750/2154/1706 2762/2166/1718 2761/2165/1717 2749/2153/1705
f 2751/2155/1707 2763/2167/1719 2762/2166/1718 2750/2154/1706
f 2752/2156/1708 2764/2168/1720 2763/2167/1719 2751/2155/1707
f 2753/2157/1709 2765/2169/1721 2764/2168/1720 2752/2156/1708
f 2754/2158/1710 2766/2170/1722 2765/2169/1721 2753/2157/1709
f 2755/2159/1711 2767/2171/1723 2766/2170/1722 2754/2158/1710
f 2756/2160/1712 2768/2172/1724 2767/2171/1723 2755/2159/1711
f 2757/2161/1713 2769/2173/1725 2768/2172/1724 2756/2160/1712
f 2758/2162/1714 2770/2174/1726 2769/2173/1725 2757/2161/1713
f 2760/2163/1715 2772/2175/1727 2771/2176/1728 2759/2164/1716
f 2761/2165/1717 2773/2177/1729 2772/2175/1727 2760/2163/1715
f 2762/2166/1718 2774/2178/1730 2773/2177/1729 2761/2165/1717
f 2763/2167/1719 2775/2179/1731 2774/2178/1730 2762/2166/1718
f 2764/2168/1720 2776/2180/1732 2775/2179/1731 2763/2167/1719
f 2765/2169/1721 2777/2181/1733 2776/2180/1732 2764/2168/1720
f 2766/2170/1722 2778/2182/1734 2777/2181/1733 2765/2169/1721
f 2767/2171/1723 2779/2183/1735 2778/2182/1734 2766/2170/1722
f 2768/2172/1724 2780/2184/1736 2779/2183/1735 2767/2171/1723
f 2769/2173/1725 2781/2185/1737 2780/2184/1736 2768/2172/1724
f 2770/2174/1726 2782/2186/1738 2781/2185/1737 2769/2173/1725
f 2772/2175/1727 2784/2187/1739 2783/2188/1740 2771/2176/1728
f 2773/2177/1729 2785/2189/1741 2784/2187/1739 2772/2175/1727
f 2774/2178/1730 2786/2190/1742 2785/2189/1741 2773/2177/1729
f 2775/2179/1731 2787/2191/1743 2786/2190/1742 2774/2178/1730
f 2776/2180/1732 2788/2192/1744 2787/2191/1743 2775/2179/1731
f 2777/2181/1733 2789/2193/1745 2788/2192/1744 2776/2180/1732
f 2778/2182/1734 2790/2194/1746 2789/2193/1745 2777/2181/1733
f 2779/2183/1735 2791/2195/1747 2790/2194/1746 2778/2182/1734
f 2780/2184/1736 2792/2196/1748 2791/2195/1747 2779/2183/1735
f 2781/2185/1737 2793/2197/1749 2792/2196/1748 2780/2184/1736
f 2782/2186/1738 2794/2198/1750 2793/2197/1749 2781/2185/1737
f 2784/2187/1739 2796/2199/1751 2795/2200/1752 2783/2188/1740
f 2785/2189/1741 2797/2201/1753 2796/2199/1751 2784/2187/1739
f 2786/2190/1742 2798/2202/1754 2797/2201/1753 2785/2189/1741
f 2787/2191/1743 2799/2203/1755 2798/2202/1754 2786/2190/1742
f 2788/2192/1744 2800/2204/1756 2799/2203/1755 2787/2191/1743
f 2789/2193/1745 2801/2205/1757 2800/2204/1756 2788/2192/1744
f 2790/2194/1746 2802/2206/1758 2801/2205/1757 2789/2193/1745
f 2791/2195/1747 2803/2207/1759 2802/2206/1758 2790/2194/1746
f 2792/2196/1748 2804/2208/1760 2803/2207/1759 2791/2195/1747
f 2793/2197/1749 2805/2209/1761 2804/2208/1760 2792/2196/1748
f 2794/2198/1750 2806/2210/1762 2805/2209/1761 2793/2197/1749
f 2796/2199/1751 2808/2211/1763 2807/2212/1764 2795/2200/1752
f 2797/2201/1753 2809/2213/1765 2808/2211/1763 2796/2199/1751
f 2798/2202/1754 2810/2214/1766 2809/2213/1765 2797/2201/1753
f 2799/2203/1755 2811/2215/1767 2810/2214/1766 2798/2202/1754
f 2800/2204/1756 2812/2216/1768 2811/2215/1767 2799/2203/1755
f 2801/2205/1757 2813/2217/1769 2812/2216/1768 2800/2204/1756
f 2802/2206/1758 2814/2218/1770 2813/2217/1769 2801/2205/1757
f 2803/2207/1759 2815/2219/1771 2814/2218/1770 2802/2206/1758
f 2804/2208/1760 2816/2220/1772 2815/2219/1771 2803/2207/1759
f 2805/2209/1761 2817/2221/1773 2816/2220/1772 2804/2208/1760
f 2806/2210/1762 2818/2222/1774 2817/2221/1773 2805/2209/1761
f 2808/2211/1763 2820/2223/1775 2819/2224/1776 2807/2212/1764
f 2809/2213/1765 2821/2225/1777 2820/2223/1775 2808/2211/1763
f 2810/2214/1766 2822/2226/1778 2821/2225/1777 2809/2213/1765
f 2811/2215/1767 2823/2227/1779 2822/2226/1778 2810/2214/1766
f 2812/2216/1768 2824/2228/1780 2823/2227/1779 2811/2215/1767
f 2813/2217/1769 2825/2229/1781 2824/2228/1780 2812/2216/1768
f 2814/2218/1770 2826/2230/1782 2825/2229/1781 2813/2217/1769
f 2815/2219/1771 2827/2231/1783 2826/2230/1782 2814/2218/1770
f 2816/2220/1772 2828/2232/1784 2827/2231/1783 2815/2219/1771
f 2817/2221/1773 2829/2233/1785 2828/2232/1784 2816/2220/1772
f 2818/2222/1774 2830/2234/1786 2829/2233/1785 2817/2221/1773
f 2820/2223/1775 2832/2235/1787 2831/2236/1788 2819/2224/1776
f 2821/2225/1777 2833/2237/1789 2832/2235/1787 2820/2223/1775
f 2822/2226/1778 2834/2238/1790 2833/2237/1789 2821/2225/1777
f 2823/2227/1779 2835/2239/1791 2834/2238/1790 2822/2226/1778
f 2824/2228/1780 2836/2240/1792 2835/2239/1791 2823/2227/1779
f 2825/2229/1781 2837/2241/1793 2836/2240/1792 2824/2228/1780
f 2826/2230/1782 2838/2242/1794 2837/2241/1793 2825/2229/1781
f 2827/2231/1783 2839/2243/1795 2838/2242/1794 2826/2230/1782
f 2828/2232/1784 2840/2244/1796 2839/2243/1795 2827/2231/1783
f 2829/2233/1785 2841/2245/1797 2840/2244/1796 2828/2232/1784
f 2830/2234/1786 2842/2246/1798 2841/2245/1797 2829/2233/1785
f 2832/2235/1787 2844/2247/1799 2843/2248/1800 2831/2236/1788
f 2833/2237/1789 2845/2249/1801 2844/2247/1799 2832/2235/1787
f 2834/2238/1790 2846/2250/1802 2845/2249/1801 2833/2237/1789
f 2835/2239/1791 2847/2251/1803 2846/2250/1802 2834/2238/1790
f 2836/2240/1792 2848/2252/1804 2847/2251/1803 2835/2239/1791
f 2837/2241/1793 2849/2253/1805 2848/2252/1804 2836/2240/1792
f 2838/2242/1794 2850/2254/1806 2849/2253/1805 2837/2241/1793
f 2839/2243/1795 2851/2255/1807 2850/2254/1806 2838/2242/1794
f 2840/2244/1796 2852/2256/1808 2851/2255/1807 2839/2243/1795
f 2841/2245/1797 2853/2257/1809 2852/2256/1808 2840/2244/1796
f 2842/2246/1798 2854/2258/1810 2853/2257/1809 2841/2245/1797
f 2844/2247/1799 2856/2259/1811 2855/2260/1812 2843/2248/1800
f 2845/2249/1801 2857/2261/1813 2856/2259/1811 2844/2247/1799
f 2846/2250/1802 2858/2262/1814 2857/2261/1813 2845/2249/1801
f 2847/2251/1803 2859/2263/1815 2858/2262/1814 2846/2250/1802
f 2848/2252/1804 2860/2264/1816 2859/2263/1815 2847/2251/1803
f 2849/2253/1805 2861/2265/1817 2860/2264/1816 2848/2252/1804
f 2850/2254/1806 2862/2266/1818 2861/2265/1817 2849/2253/1805
f 2851/2255/1807 2863/2267/1819 2862/2266/1818 2850/2254/1806
f 2852/2256/1808 2864/2268/1820 2863/2267/1819 2851/2255/1807
f 2853/2257/1809 2865/2269/1821 2864/2268/1820 2852/2256/1808
f 2854/2258/1810 2866/2270/1822 2865/2269/1821 2853/2257/1809
f 2856/2259/1811 2868/2271/1823 2867/2272/1824 2855/2260/1812
f 2857/2261/1813 2869/2273/1825 2868/2271/1823 2856/2259/1811
f 2858/2262/1814 2870/2274/1826 2869/2273/1825 2857/2261/1813
f 2859/2263/1815 2871/2275/1827 2870/2274/1826 2858/2262/1814
f 2860/2264/1816 2872/2276/1828 2871/2275/1827 2859/2263/1815
f 2861/2265/1817 2873/2277/1829 2872/2276/1828 2860/2264/1816
f 2862/2266/1818 2874/2278/1830 2873/2277/1829 2861/2265/1817
f 2863/2267/1819 2875/2279/1831 2874/2278/1830 2862/2266/1818
f 2864/2268/1820 2876/2280/1832 2875/2279/1831 2863/2267/1819
f 2865/2269/1821 2877/2281/1833 2876/2280/1832 2864/2268/1820
f 2866/2270/1822 2878/2282/1834 2877/2281/1833 2865/2269/1821
f 2868/2271/1823 2880/2283/1835 2879/2284/1836 2867/2272/1824
f 2869/2273/1825 2881/2285/1837 2880/2283/1835 2868/2271/1823
f 2870/2274/1826 2882/2286/1838 2881/2285/1837 2869/2273/1825
f 2871/2275/1827 2883/2287/1839 2882/2286/1838 2870/2274/1826
f 2872/2276/1828 2884/2288/1840 2883/2287/1839 2871/2275/1827
f 2873/2277/1829 2885/2289/1841 2884/2288/1840 2872/2276/1828
f 2874/2278/1830 2886/2290/1842 2885/2289/1841 2873/2277/1829
f 2875/2279/1831 2887/2291/1843 2886/2290/1842 2874/2278/1830
f 2876/2280/1832 2888/2292/1844 2887/2291/1843 2875/2279/1831
f 2877/2281/1833 2889/2293/1845 2888/2292/1844 2876/2280/1832
f 2878/2282/1834 2890/2294/1846 2889/2293/1845 2877/2281/1833
f 2880/2283/1835 2892/2295/1847 2891/2296/1848 2879/2284/1836
f 2881/2285/1837 2893/2297/1849 2892/2295/1847 2880/2283/1835
f 2882/2286/1838 2894/2298/1850 2893/2297/1849 2881/2285/1837
f 2883/2287/1839 2895/2299/1851 2894/2298/1850 2882/2286/1838
f 2884/2288/1840 2896/2300/1852 2895/2299/1851 2883/2287/1839
f 2885/2289/1841 2897/2301/1853 2896/2300/1852 2884/2288/1840
f 2886/2290/1842 2898/2302/1854 2897/2301/1853 2885/2289/1841
f 2887/2291/1843 2899/2303/1855 2898/2302/1854 2886/2290/1842
f 2888/2292/1844 2900/2304/1856 2899/2303/1855 2887/2291/1843
f 2889/2293/1845 2901/2305/1857 2900/2304/1856 2888/2292/1844
f 2890/2294/1846 2902/2306/1858 2901/2305/1857 2889/2293/1845
f 2892/2295/1847 2904/2307/1859 2903/2308/1860 2891/2296/1848
f 2893/2297/1849 2905/2309/1861 2904/2307/1859 2892/2295/1847
f 2894/2298/1850 2906/2310/1862 2905/2309/1861 2893/2297/1849
f 2895/2299/1851 2907/2311/1863 2906/2310/1862 2894/2298/1850
f 2896/2300/1852 2908/2312/1864 2907/2311/1863 2895/2299/1851
f 2897/2301/1853 2909/2313/1865 2908/2312/1864 2896/2300/1852
f 2898/2302/1854 2910/2314/1866 2909/2313/1865 2897/2301/1853
f 2899/2303/1855 2911/2315/1867 2910/2314/1866 2898/2302/1854
f 2900/2304/1856 2912/2316/1868 2911/2315/1867 2899/2303/1855
f 2901/2305/1857 2913/2317/1869 2912/2316/1868 2900/2304/1856
f 2902/2306/1858 2914/2318/1870 2913/2317/1869 2901/2305/1857
f 2904/2307/1859 2916/2319/1871 2915/2320/1872 2903/2308/1860
f 2905/2309/1861 2917/2321/1873 2916/2319/1871 2904/2307/1859
f 2906/2310/1862 2918/2322/1874 2917/2321/1873 2905/2309/1861
f 2907/2311/1863 2919/2323/1875 2918/2322/1874 2906/2310/1862
f 2908/2312/1864 2920/2324/1876 2919/2323/1875 2907/2311/1863
f 2909/2313/1865 2921/2325/1877 2920/2324/1876 2908/2312/1864
f 2910/2314/1866 2922/2326/1878 2921/2325/1877 2909/2313/1865
f 2911/2315/1867 2923/2327/1879 2922/2326/1878 2910/2314/1866
f 2912/2316/1868 2924/2328/1880 2923/2327/1879 2911/2315/1867
f 2913/2317/1869 2925/2329/1881 2924/2328/1880 2912/2316/1868
f 2914/2318/1870 2926/2330/1882 2925/2329/1881 2913/2317/1869
f 2916/2319/1871 2928/2331/1883 2927/2332/1884 2915/2320/1872
f 2917/2321/1873 2929/2333/1885 2928/2331/1883 2916/2319/1871
f 2918/2322/1874 2930/2334/1886 2929/2333/1885 2917/2321/1873
f 2919/2323/1875 2931/2335/1887 2930/2334/1886 2918/2322/1874
f 2920/2324/1876 2932/2336/1888 2931/2335/1887 2919/2323/1875
f 2921/2325/1877 2933/2337/1889 2932/2336/1888 2920/2324/1876
f 2922/2326/1878 2934/2338/1890 2933/2337/1889 2921/2325/1877
f 2923/2327/1879 2935/2339/1891 2934/2338/1890 2922/2326/1878
f 2924/2328/1880 2936/2340/1892 2935/2339/1891 2923/2327/1879
f 2925/2329/1881 2937/2341/1893 2936/2340/1892 2924/2328/1880
f 2926/2330/1882 2938/2342/1894 2937/2341/1893 2925/2329/1881
f 2928/2331/1883 2940/2343/1895 2939/2344/1896 2927/2332/1884
f 2929/2333/1885 2941/2345/1897 2940/2343/1895 2928/2331/1883
f 2930/2334/1886 2942/2346/1898 2941/2345/1897 2929/2333/1885
f 2931/2335/1887 2943/2347/1899 2942/2346/1898 2930/2334/1886
f 2932/2336/1888 2944/2348/1900 2943/2347/1899 2931/2335/1887
f 2933/2337/1889 2945/2349/1901 2944/2348/1900 2932/2336/1888
f 2934/2338/1890 2946/2350/1902 2945/2349/1901 2933/2337/1889
f 2935/2339/1891 2947/2351/1903 2946/2350/1902 2934/2338/1890
f 2936/2340/1892 2948/2352/1904 2947/2351/1903 2935/2339/1891
f 2937/2341/1893 2949/2353/1905 2948/2352/1904 2936/2340/1892
f 2938/2342/1894 2950/2354/1906 2949/2353/1905 2937/2341/1893
f 2940/2343/1895 2952/2355/1907 2951/2356/1908 2939/2344/1896
f 2941/2345/1897 2953/2357/1909 2952/2355/1907 2940/2343/1895
f 2942/2346/1898 2954/2358/1910 2953/2357/1909 2941/2345/1897
f 2943/2347/1899 2955/2359/1911 2954/2358/1910 2942/2346/1898
f 2944/2348/1900 2956/2360/1912 2955/2359/1911 2943/2347/1899
f 2945/2349/1901 2957/2361/1913 2956/2360/1912 2944/2348/1900
f 2946/2350/1902 2958/2362/1914 2957/2361/1913 2945/2349/1901
f 2947/2351/1903 2959/2363/1915 2958/2362/1914 2946/2350/1902
f 2948/2352/1904 2960/2364/1916 2959/2363/1915 2947/2351/1903
f 2949/2353/1905 2961/2365/1917 2960/2364/1916 2948/2352/1904
f 2950/2354/1906 2962/2366/1918 2961/2365/1917 2949/2353/1905
f 2952/2355/1907 2964/2367/1919 2963/2368/1920 2951/2356/1908
f 2953/2357/1909 2965/2369/1921 2964/2367/1919 2952/2355/1907
f 2954/2358/1910 2966/2370/1922 2965/2369/1921 2953/2357/1909
f 2955/2359/1911 2967/2371/1923 2966/2370/1922 2954/2358/1910
f 2956/2360/1912 2968/2372/1924 2967/2371/1923 2955/2359/1911
f 2957/2361/1913 2969/2373/1925 2968/2372/1924 2956/2360/1912
f 2958/2362/1914 2970/2374/1926 2969/2373/1925 2957/2361/1913
f 2959/2363/1915 2971/2375/1927 2970/2374/1926 2958/2362/1914
f 2960/2364/1916 2972/2376/1928 2971/2375/1927 2959/2363/1915
f 2961/2365/1917 2973/2377/1929 2972/2376/1928 2960/2364/1916
f 2962/2366/1918 2974/2378/1930 2973/2377/1929 2961/2365/1917
f 2964/2367/1919 2976/2379/1931 2975/2380/1932 2963/2368/1920
f 2965/2369/1921 2977/2381/1933 2976/2379/1931 2964/2367/1919
f 2966/2370/1922 2978/2382/1934 2977/2381/1933 2965/2369/1921
f 2967/2371/1923 2979/2383/1935 2978/2382/1934 2966/2370/1922
f 2968/2372/1924 2980/2384/1936 2979/2383/1935 2967/2371/1923
f 2969/2373/1925 2981/2385/1937 2980/2384/1936 2968/2372/1924
f 2970/2374/1926 2982/2386/1938 2981/2385/1937 2969/2373/1925
f 2971/2375/1927 2983/2387/1939 2982/2386/1938 2970/2374/1926
f 2972/2376/1928 2984/2388/1940 2983/2387/1939 2971/2375/1927
f 2973/2377/1929 2985/2389/1941 2984/2388/1940 2972/2376/1928
f 2974/2378/1930 2986/2390/1942 2985/2389/1941 2973/2377/1929
f 2976/2379/1931 2988/2391/1943 2987/2392/1944 2975/2380/1932
f 2977/2381/1933 2989/2393/1945 2988/2391/1943 2976/2379/1931
f 2978/2382/1934 2990/2394/1946 2989/2393/1945 2977/2381/1933
f 2979/2383/1935 2991/2395/1947 2990/2394/1946 2978/2382/1934
f 2980/2384/1936 2992/2396/1948 2991/2395/1947 2979/2383/1935
f 2981/2385/1937 2993/2397/1949 2992/2396/1948 2980/2384/1936
f 2982/2386/1938 2994/2398/1950 2993/2397/1949 2981/2385/1937
f 2983/2387/1939 2995/2399/1951 2994/2398/1950 2982/2386/1938
f 2984/2388/1940 2996/2400/1952 2995/2399/1951 2983/2387/1939
f 2985/2389/1941 2997/2401/1953 2996/2400/1952 2984/2388/1940
f 2986/2390/1942 2998/2402/1954 2997/2401/1953 2985/2389/1941
f 2988/2391/1943 3000/2403/1955 2999/2404/1956 2987/2392/1944
f 2989/2393/1945 3001/2405/1957 3000/2403/1955 2988/2391/1943
f 2990/2394/1946 3002/2406/1958 3001/2405/1957 2989/2393/1945
f 2991/2395/1947 3003/2407/1959 3002/2406/1958 2990/2394/1946
f 2992/2396/1948 3004/2408/1960 3003/2407/1959 2991/2395/1947
f 2993/2397/1949 3005/2409/1961 3004/2408/1960 2992/2396/1948
f 2994/2398/1950 3006/2410/1962 3005/2409/1961 2993/2397/1949
f 2995/2399/1951 3007/2411/1963 3006/2410/1962 2994/2398/1950
f 2996/2400/1952 3008/2412/1964 3007/2411/1963 2995/2399/1951
f 2997/2401/1953 3009/2413/1965 3008/2412/1964 2996/2400/1952
f 2998/2402/1954 3010/2414/1966 3009/2413/1965 2997/2401/1953
f 3000/2403/1955 3012/2415/1967 3011/2416/1968 2999/2404/1956
f 3001/2405/1957 3013/2417/1969 3012/2415/1967 3000/2403/1955
f 3002/2406/1958 3014/2418/1970 3013/2417/1969 3001/2405/1957
f 3003/2407/1959 3015/2419/1971 3014/2418/1970 3002/2406/1958
f 3004/2408/1960 3016/2420/1972 3015/2419/1971 3003/2407/1959
f 3005/2409/1961 3017/2421/1973 3016/2420/1972 3004/2408/1960
f 3006/2410/1962 3018/2422/1974 3017/2421/1973 3005/2409/1961
f 3007/2411/1963 3019/2423/1975 3018/2422/1974 3006/2410/1962
f 3008/2412/1964 3020/2424/1976 3019/2423/1975 3007/2411/1963
f 3009/2413/1965 3021/2425/1977 3020/2424/1976 3008/2412/1964
f 3010/2414/1966 3022/2426/1978 3021/2425/1977 3009/2413/1965
f 3012/2415/1967 3024/2427/1979 3023/2428/1980 3011/2416/1968
f 3013/2417/1969 3025/2429/1981 3024/2427/1979 3012/2415/1967
f 3014/2418/1970 3026/2430/1982 3025/2429/1981 3013/2417/1969
f 3015/2419/1971 3027/2431/1983 3026/2430/1982 3014/2418/1970
f 3016/2420/1972 3028/2432/1984 3027/2431/1983 3015/2419/1971
f 3017/2421/1973 3029/2433/1985 3028/2432/1984 3016/2420/1972
f 3018/2422/1974 3030/2434/1986 3029/2433/1985 3017/2421/1973
f 3019/2423/1975 3031/2435/1987 3030/2434/1986 3018/2422/1974
f 3020/2424/1976 3032/2436/1988 3031/2435/1987 3019/2423/1975
f 3021/2425/1977 3033/2437/1989 3032/2436/1988 3020/2424/1976
f 3022/2426/1978 3034/2438/1990 3033/2437/1989 3021/2425/1977
f 3024/2427/1979 3036/2439/1991 3035/2440/1992 3023/2428/1980
f 3025/2429/1981 3037/2441/1993 3036/2439/1991 3024/2427/1979
f 3026/2430/1982 3038/2442/1994 3037/2441/1993 3025/2429/1981
f 3027/2431/1983 3039/2443/1995 3038/2442/1994 3026/2430/1982
f 3028/2432/1984 3040/2444/1996 3039/2443/1995 3027/2431/1983
f 3029/2433/1985 3041/2445/1997 3040/2444/1996 3028/2432/1984
f 3030/2434/1986 3042/2446/1998 3041/2445/1997 3029/2433/1985
f 3031/2435/1987 3043/2447/1999 3042/2446/1998 3030/2434/1986
f 3032/2436/1988 3044/2448/2000 3043/2447/1999 3031/2435/1987
f 3033/2437/1989 3045/2449/2001 3044/2448/2000 3032/2436/1988
f 3034/2438/1990 3046/2450/2002 3045/2449/2001 3033/2437/1989
f 3036/2439/1991 2160/1279/1115 2159/4/1118 3035/2440/1992
f 3037/2441/1993 2161/1280/1119 2160/1279/1115 3036/2439/1991
f 3038/2442/1994 2162/1281/1121 2161/1280/1119 3037/2441/1993
f 3039/2443/1995 2163/1282/1123 2162/1281/1121 3038/2442/1994
f 3040/2444/1996 2164/1283/1125 2163/1282/1123 3039/2443/1995
f 3041/2445/1997 2165/1284/1127 2164/1283/1125 3040/2444/1996
f 3042/2446/1998 2166/1285/1129 2165/1284/1127 3041/2445/1997
f 3043/2447/1999 2167/1286/1131 2166/1285/1129 3042/2446/1998
f 3044/2448/2000 2168/1287/1133 2167/1286/1131 3043/2447/1999
f 3045/2449/2001 2169/1288/1135 2168/1287/1133 3044/2448/2000
f 3046/2450/2002 2170/1289/1137 2169/1288/1135 3045/2449/2001
f 3048/476/2003 3060/2451/2004 3059/2452/2005 3047/24/2006
f 3049/479/2007 3061/2453/2008 3060/2451/2004 3048/476/2003
f 3050/481/2009 3062/2454/2010 3061/2453/2008 3049/479/2007
f 3051/483/2011 3063/2455/2012 3062/2454/2010 3050/481/2009
f 3052/485/2013 3064/2456/2014 3063/2455/2012 3051/483/2011
f 3053/487/2015 3065/2457/2016 3064/2456/2014 3052/485/2013
f 3054/489/2017 3066/2458/2018 3065/2457/2016 3053/487/2015
f 3055/491/2019 3067/2459/2020 3066/2458/2018 3054/489/2017
f 3056/493/2021 3068/2460/2022 3067/2459/2020 3055/491/2019
f 3057/495/2023 3069/2461/2024 3068/2460/2022 3056/493/2021
f 3058/497/2025 3070/2462/2026 3069/2461/2024 3057/495/2023
f 3060/2451/2004 3072/2463/2027 3071/2464/2028 3059/2452/2005
f 3061/2453/2008 3073/2465/2029 3072/2463/2027 3060/2451/2004
f 3062/2454/2010 3074/2466/2030 3073/2465/2029 3061/2453/2008
f 3063/2455/2012 3075/2467/2031 3074/2466/2030 3062/2454/2010
f 3064/2456/2014 3076/2468/2032 3075/2467/2031 3063/2455/2012
f 3065/2457/2016 3077/2469/2033 3076/2468/2032 3064/2456/2014
f 3066/2458/2018 3078/2470/2034 3077/2469/2033 3065/2457/2016
f 3067/2459/2020 3079/2471/2035 3078/2470/2034 3066/2458/2018
f 3068/2460/2022 3080/2472/2036 3079/2471/2035 3067/2459/2020
f 3069/2461/2024 3081/2473/2037 3080/2472/2036 3068/2460/2022
f 3070/2462/2026 3082/2474/2038 3081/2473/2037 3069/2461/2024
f 3072/2463/2027 3084/2475/2039 3083/2476/2040 3071/2464/2028
f 3073/2465/2029 3085/2477/2041 3084/2475/2039 3072/2463/2027
f 3074/2466/2030 3086/2478/2042 3085/2477/2041 3073/2465/2029
f 3075/2467/2031 3087/2479/2043 3086/2478/2042 3074/2466/2030
f 3076/2468/2032 3088/2480/2044 3087/2479/2043 3075/2467/2031
f 3077/2469/2033 3089/2481/2045 3088/2480/2044 3076/2468/2032
f 3078/2470/2034 3090/2482/2046 3089/2481/2045 3077/2469/2033
f 3079/2471/2035 3091/2483/2047 3090/2482/2046 3078/2470/2034
f 3080/2472/2036 3092/2484/2048 3091/2483/2047 3079/2471/2035
f 3081/2473/2037 3093/2485/2049 3092/2484/2048 3080/2472/2036
f 3082/2474/2038 3094/2486/2050 3093/2485/2049 3081/2473/2037
f 3084/2475/2039 3096/2487/2051 3095/2488/2052 3083/2476/2040
f 3085/2477/2041 3097/2489/2053 3096/2487/2051 3084/2475/2039
f 3086/2478/2042 3098/2490/2054 3097/2489/2053 3085/2477/2041
f 3087/2479/2043 3099/2491/2055 3098/2490/2054 3086/2478/2042
f 3088/2480/2044 3100/2492/2056 3099/2491/2055 3087/2479/2043
f 3089/2481/2045 3101/2493/2057 3100/2492/2056 3088/2480/2044
f 3090/2482/2046 3102/2494/2058 3101/2493/2057 3089/2481/2045
f 3091/2483/2047 3103/2495/2059 3102/2494/2058 3090/2482/2046
f 3092/2484/2048 3104/2496/2060 3103/2495/2059 3091/2483/2047
f 3093/2485/2049 3105/2497/2061 3104/2496/2060 3092/2484/2048
f 3094/2486/2050 3106/2498/2062 3105/2497/2061 3093/2485/2049
f 3096/2487/2051 3108/2499/2063 3107/2500/2064 3095/2488/2052
f 3097/2489/2053 3109/2501/2065 3108/2499/2063 3096/2487/2051
f 3098/2490/2054 3110/2502/2066 3109/2501/2065 3097/2489/2053
f 3099/2491/2055 3111/2503/2067 3110/2502/2066 3098/2490/2054
f 3100/2492/2056 3112/2504/2068 3111/2503/2067 3099/2491/2055
f 3101/2493/2057 3113/2505/2069 3112/2504/2068 3100/2492/2056
f 3102/2494/2058 3114/2506/2070 3113/2505/2069 3101/2493/2057
f 3103/2495/2059 3115/2507/2071 3114/2506/2070 3102/2494/2058
f 3104/2496/2060 3116/2508/2072 3115/2507/2071 3103/2495/2059
f 3105/2497/2061 3117/2509/2073 3116/2508/2072 3104/2496/2060
f 3106/2498/2062 3118/2510/2074 3117/2509/2073 3105/2497/2061
f 3108/2499/2063 3120/2511/2075 3119/2512/2076 3107/2500/2064
f 3109/2501/2065 3121/2513/2077 3120/2511/2075 3108/2499/2063
f 3110/2502/2066 3122/2514/2078 3121/2513/2077 3109/2501/2065
f 3111/2503/2067 3123/2515/2079 3122/2514/2078 3110/2502/2066
f 3112/2504/2068 3124/2516/2080 3123/2515/2079 3111/2503/2067
f 3113/2505/2069 3125/2517/2081 3124/2516/2080 3112/2504/2068
f 3114/2506/2070 3126/2518/2082 3125/2517/2081 3113/2505/2069
f 3115/2507/2071 3127/2519/2083 3126/2518/2082 3114/2506/2070
f 3116/2508/2072 3128/2520/2084 3127/2519/2083 3115/2507/2071
f 3117/2509/2073 3129/2521/2085 3128/2520/2084 3116/2508/2072
f 3118/2510/2074 3130/2522/2086 3129/2521/2085 3117/2509/2073
f 3120/2511/2075 3132/2523/2087 3131/2524/2088 3119/2512/2076
f 3121/2513/2077 3133/2525/2089 3132/2523/2087 3120/2511/2075
f 3122/2514/2078 3134/2526/2090 3133/2525/2089 3121/2513/2077
f 3123/2515/2079 3135/2527/2091 3134/2526/2090 3122/2514/2078
f 3124/2516/2080 3136/2528/2092 3135/2527/2091 3123/2515/2079
f 3125/2517/2081 3137/2529/2093 3136/2528/2092 3124/2516/2080
f 3126/2518/2082 3138/2530/2094 3137/2529/2093 3125/2517/2081
f 3127/2519/2083 3139/2531/2095 3138/2530/2094 3126/2518/2082
f 3128/2520/2084 3140/2532/2096 3139/2531/2095 3127/2519/2083
f 3129/2521/2085 3141/2533/2097 3140/2532/2096 3128/2520/2084
f 3130/2522/2086 3142/2534/2098 3141/2533/2097 3129/2521/2085
f 3132/2523/2087 3144/2535/2099 3143/2536/2100 3131/2524/2088
f 3133/2525/2089 3145/2537/2101 3144/2535/2099 3132/2523/2087
f 3134/2526/2090 3146/2538/2102 3145/2537/2101 3133/2525/2089
f 3135/2527/2091 3147/2539/2103 3146/2538/2102 3134/2526/2090
f 3136/2528/2092 3148/2540/2104 3147/2539/2103 3135/2527/2091
f 3137/2529/2093 3149/2541/2105 3148/2540/2104 3136/2528/2092
f 3138/2530/2094 3150/2542/2106 3149/2541/2105 3137/2529/2093
f 3139/2531/2095 3151/2543/2107 3150/2542/2106 3138/2530/2094
f 3140/2532/2096 3152/2544/2108 3151/2543/2107 3139/2531/2095
f 3141/2533/2097 3153/2545/2109 3152/2544/2108 3140/2532/2096
f 3142/2534/2098 3154/2546/2110 3153/2545/2109 3141/2533/2097
f 3144/2535/2099 3156/2547/2111 3155/2548/2112 3143/2536/2100
f 3145/2537/2101 3157/2549/2113 3156/2547/2111 3144/2535/2099
f 3146/2538/2102 3158/2550/2114 3157/2549/2113 3145/2537/2101
f 3147/2539/2103 3159/2551/2115 3158/2550/2114 3146/2538/2102
f 3148/2540/2104 3160/2552/2116 3159/2551/2115 3147/2539/2103
f 3149/2541/2105 3161/2553/2117 3160/2552/2116 3148/2540/2104
f 3150/2542/2106 3162/2554/2118 3161/2553/2117 3149/2541/2105
f 3151/2543/2107 3163/2555/2119 3162/2554/2118 3150/2542/2106
f 3152/2544/2108 3164/2556/2120 3163/2555/2119 3151/2543/2107
f 3153/2545/2109 3165/2557/2121 3164/2556/2120 3152/2544/2108
f 3154/2546/2110 3166/2558/2122 3165/2557/2121 3153/2545/2109
f 3156/2547/2111 3168/2559/2123 3167/2560/2124 3155/2548/2112
f 3157/2549/2113 3169/2561/2125 3168/2559/2123 3156/2547/2111
f 3158/2550/2114 3170/2562/2126 3169/2561/2125 3157/2549/2113
f 3159/2551/2115 3171/2563/2127 3170/2562/2126 3158/2550/2114
f 3160/2552/2116 3172/2564/2128 3171/2563/2127 3159/2551/2115
f 3161/2553/2117 3173/2565/2129 3172/2564/2128 3160/2552/2116
f 3162/2554/2118 3174/2566/2130 3173/2565/2129 3161/2553/2117
f 3163/2555/2119 3175/2567/2131 3174/2566/2130 3162/2554/2118
f 3164/2556/2120 3176/2568/2132 3175/2567/2131 3163/2555/2119
f 3165/2557/2121 3177/2569/2133 3176/2568/2132 3164/2556/2120
f 3166/2558/2122 3178/2570/2134 3177/2569/2133 3165/2557/2121
f 3168/2559/2123 3180/2571/2135 3179/2572/2136 3167/2560/2124
f 3169/2561/2125 3181/2573/2137 3180/2571/2135 3168/2559/2123
f 3170/2562/2126 3182/2574/2138 3181/2573/2137 3169/2561/2125
f 3171/2563/2127 3183/2575/2139 3182/2574/2138 3170/2562/2126
f 3172/2564/2128 3184/2576/2140 3183/2575/2139 3171/2563/2127
f 3173/2565/2129 3185/2577/2141 3184/2576/2140 3172/2564/2128
f 3174/2566/2130 3186/2578/2142 3185/2577/2141 3173/2565/2129
f 3175/2567/2131 3187/2579/2143 3186/2578/2142 3174/2566/2130
f 3176/2568/2132 3188/2580/2144 3187/2579/2143 3175/2567/2131
f 3177/2569/2133 3189/2581/2145 3188/2580/2144 3176/2568/2132
f 3178/2570/2134 3190/2582/2146 3189/2581/2145 3177/2569/2133
f 3180/2571/2135 3192/2583/2147 3191/2584/2148 3179/2572/2136
f 3181/2573/2137 3193/2585/2149 3192/2583/2147 3180/2571/2135
f 3182/2574/2138 3194/2586/2150 3193/2585/2149 3181/2573/2137
f 3183/2575/2139 3195/2587/2151 3194/2586/2150 3182/2574/2138
f 3184/2576/2140 3196/2588/2152 3195/2587/2151 3183/2575/2139
f 3185/2577/2141 3197/2589/2153 3196/2588/2152 3184/2576/2140
f 3186/2578/2142 3198/2590/2154 3197/2589/2153 3185/2577/2141
f 3187/2579/2143 3199/2591/2155 3198/2590/2154 3186/2578/2142
f 3188/2580/2144 3200/2592/2156 3199/2591/2155 3187/2579/2143
f 3189/2581/2145 3201/2593/2157 3200/2592/2156 3188/2580/2144
f 3190/2582/2146 3202/2594/2158 3201/2593/2157 3189/2581/2145
f 3192/2583/2147 3204/2595/2159 3203/2596/2160 3191/2584/2148
f 3193/2585/2149 3205/2597/2161 3204/2595/2159 3192/2583/2147
f 3194/2586/2150 3206/2598/2162 3205/2597/2161 3193/2585/2149
f 3195/2587/2151 3207/2599/2163 3206/2598/2162 3194/2586/2150
f 3196/2588/2152 3208/2600/2164 3207/2599/2163 3195/2587/2151
f 3197/2589/2153 3209/2601/2165 3208/2600/2164 3196/2588/2152
f 3198/2590/2154 3210/2602/2166 3209/2601/2165 3197/2589/2153
f 3199/2591/2155 3211/2603/2167 3210/2602/2166 3198/2590/2154
f 3200/2592/2156 3212/2604/2168 3211/2603/2167 3199/2591/2155
f 3201/2593/2157 3213/2605/2169 3212/2604/2168 3200/2592/2156
f 3202/2594/2158 3214/2606/2170 3213/2605/2169 3201/2593/2157
f 3204/2595/2159 3216/2607/2171 3215/2608/2172 3203/2596/2160
f 3205/2597/2161 3217/2609/2173 3216/2607/2171 3204/2595/2159
f 3206/2598/2162 3218/2610/2174 3217/2609/2173 3205/2597/2161
f 3207/2599/2163 3219/2611/2175 3218/2610/2174 3206/2598/2162
f 3208/2600/2164 3220/2612/2176 3219/2611/2175 3207/2599/2163
f 3209/2601/2165 3221/2613/2177 3220/2612/2176 3208/2600/2164
f 3210/2602/2166 3222/2614/2178 3221/2613/2177 3209/2601/2165
f 3211/2603/2167 3223/2615/2179 3222/2614/2178 3210/2602/2166
f 3212/2604/2168 3224/2616/2180 3223/2615/2179 3211/2603/2167
f 3213/2605/2169 3225/2617/2181 3224/2616/2180 3212/2604/2168
f 3214/2606/2170 3226/2618/2182 3225/2617/2181 3213/2605/2169
f 3216/2607/2171 3228/2619/2183 3227/2620/2184 3215/2608/2172
f 3217/2609/2173 3229/2621/2185 3228/2619/2183 3216/2607/2171
f 3218/2610/2174 3230/2622/2186 3229/2621/2185 3217/2609/2173
f 3219/2611/2175 3231/2623/2187 3230/2622/2186 3218/2610/2174
f 3220/2612/2176 3232/2624/2188 3231/2623/2187 3219/2611/2175
f 3221/2613/2177 3233/2625/2189 3232/2624/2188 3220/2612/2176
f 3222/2614/2178 3234/2626/2190 3233/2625/2189 3221/2613/2177
f 3223/2615/2179 3235/2627/2191 3234/2626/2190 3222/2614/2178
f 3224/2616/2180 3236/2628/2192 3235/2627/2191 3223/2615/2179
f 3225/2617/2181 3237/2629/2193 3236/2628/2192 3224/2616/2180
f 3226/2618/2182 3238/2630/2194 3237/2629/2193 3225/2617/2181
f 3228/2619/2183 3240/2631/2195 3239/2632/2196 3227/2620/2184
f 3229/2621/2185 3241/2633/2197 3240/2631/2195 3228/2619/2183
f 3230/2622/2186 3242/2634/2198 3241/2633/2197 3229/2621/2185
f 3231/2623/2187 3243/2635/2199 3242/2634/2198 3230/2622/2186
f 3232/2624/2188 3244/2636/2200 3243/2635/2199 3231/2623/2187
f 3233/2625/2189 3245/2637/2201 3244/2636/2200 3232/2624/2188
f 3234/2626/2190 3246/2638/2202 3245/2637/2201 3233/2625/2189
f 3235/2627/2191 3247/2639/2203 3246/2638/2202 3234/2626/2190
f 3236/2628/2192 3248/2640/2204 3247/2639/2203 3235/2627/2191
f 3237/2629/2193 3249/2641/2205 3248/2640/2204 3236/2628/2192
f 3238/2630/2194 3250/2642/2206 3249/2641/2205 3237/2629/2193
f 3240/2631/2195 3252/2643/2207 3251/2644/2208 3239/2632/2196
f 3241/2633/2197 3253/2645/2209 3252/2643/2207 3240/2631/2195
f 3242/2634/2198 3254/2646/2210 3253/2645/2209 3241/2633/2197
f 3243/2635/2199 3255/2647/2211 3254/2646/2210 3242/2634/2198
f 3244/2636/2200 3256/2648/2212 3255/2647/2211 3243/2635/2199
f 3245/2637/2201 3257/2649/2213 3256/2648/2212 3244/2636/2200
f 3246/2638/2202 3258/2650/2214 3257/2649/2213 3245/2637/2201
f 3247/2639/2203 3259/2651/2215 3258/2650/2214 3246/2638/2202
f 3248/2640/2204 3260/2652/2216 3259/2651/2215 3247/2639/2203
f 3249/2641/2205 3261/2653/2217 3260/2652/2216 3248/2640/2204
f 3250/2642/2206 3262/2654/2218 3261/2653/2217 3249/2641/2205
f 3252/2643/2207 3264/2655/2219 3263/2656/2220 3251/2644/2208
f 3253/2645/2209 3265/2657/2221 3264/2655/2219 3252/2643/2207
f 3254/2646/2210 3266/2658/2222 3265/2657/2221 3253/2645/2209
f 3255/2647/2211 3267/2659/2223 3266/2658/2222 3254/2646/2210
f 3256/2648/2212 3268/2660/2224 3267/2659/2223 3255/2647/2211
f 3257/2649/2213 3269/2661/2225 3268/2660/2224 3256/2648/2212
f 3258/2650/2214 3270/2662/2226 3269/2661/2225 3257/2649/2213
f 3259/2651/2215 3271/2663/2227 3270/2662/2226 3258/2650/2214
f 3260/2652/2216 3272/2664/2228 3271/2663/2227 3259/2651/2215
f 3261/2653/2217 3273/2665/2229 3272/2664/2228 3260/2652/2216
f 3262/2654/2218 3274/2666/2230 3273/2665/2229 3261/2653/2217
f 3264/2655/2219 3276/2667/2231 3275/2668/2232 3263/2656/2220
f 3265/2657/2221 3277/2669/2233 3276/2667/2231 3264/2655/2219
f 3266/2658/2222 3278/2670/2234 3277/2669/2233 3265/2657/2221
f 3267/2659/2223 3279/2671/2235 3278/2670/2234 3266/2658/2222
f 3268/2660/2224 3280/2672/2236 3279/2671/2235 3267/2659/2223
f 3269/2661/2225 3281/2673/2237 3280/2672/2236 3268/2660/2224
f 3270/2662/2226 3282/2674/2238 3281/2673/2237 3269/2661/2225
f 3271/2663/2227 3283/2675/2239 3282/2674/2238 3270/2662/2226
f 3272/2664/2228 3284/2676/2240 3283/2675/2239 3271/2663/2227
f 3273/2665/2229 3285/2677/2241 3284/2676/2240 3272/2664/2228
f 3274/2666/2230 3286/2678/2242 3285/2677/2241 3273/2665/2229
f 3276/2667/2231 3288/2679/2243 3287/2680/2244 3275/2668/2232
f 3277/2669/2233 3289/2681/2245 3288/2679/2243 3276/2667/2231
f 3278/2670/2234 3290/2682/2246 3289/2681/2245 3277/2669/2233
f 3279/2671/2235 3291/2683/2247 3290/2682/2246 3278/2670/2234
f 3280/2672/2236 3292/2684/2248 3291/2683/2247 3279/2671/2235
f 3281/2673/2237 3293/2685/2249 3292/2684/2248 3280/2672/2236
f 3282/2674/2238 3294/2686/2250 3293/2685/2249 3281/2673/2237
f 3283/2675/2239 3295/2687/2251 3294/2686/2250 3282/2674/2238
f 3284/2676/2240 3296/2688/2252 3295/2687/2251 3283/2675/2239
f 3285/2677/2241 3297/2689/2253 3296/2688/2252 3284/2676/2240
f 3286/2678/2242 3298/2690/2254 3297/2689/2253 3285/2677/2241
f 3288/2679/2243 3300/2691/2255 3299/2692/2256 3287/2680/2244
f 3289/2681/2245 3301/2693/2257 3300/2691/2255 3288/2679/2243
f 3290/2682/2246 3302/2694/2258 3301/2693/2257 3289/2681/2245
f 3291/2683/2247 3303/2695/2259 3302/2694/2258 3290/2682/2246
f 3292/2684/2248 3304/2696/2260 3303/2695/2259 3291/2683/2247
f 3293/2685/2249 3305/2697/2261 3304/2696/2260 3292/2684/2248
f 3294/2686/2250 3306/2698/2262 3305/2697/2261 3293/2685/2249
f 3295/2687/2251 3307/2699/2263 3306/2698/2262 3294/2686/2250
f 3296/2688/2252 3308/2700/2264 3307/2699/2263 3295/2687/2251
f 3297/2689/2253 3309/2701/2265 3308/2700/2264 3296/2688/2252
f 3298/2690/2254 3310/2702/2266 3309/2701/2265 3297/2689/2253
f 3300/2691/2255 3312/2703/2267 3311/2704/2268 3299/2692/2256
f 3301/2693/2257 3313/2705/2269 3312/2703/2267 3300/2691/2255
f 3302/2694/2258 3314/2706/2270 3313/2705/2269 3301/2693/2257
f 3303/2695/2259 3315/2707/2271 3314/2706/2270 3302/2694/2258
f 3304/2696/2260 3316/2708/2272 3315/2707/2271 3303/2695/2259
f 3305/2697/2261 3317/2709/2273 3316/2708/2272 3304/2696/2260
f 3306/2698/2262 3318/2710/2274 3317/2709/2273 3305/2697/2261
f 3307/2699/2263 3319/2711/2275 3318/2710/2274 3306/2698/2262
f 3308/2700/2264 3320/2712/2276 3319/2711/2275 3307/2699/2263
f 3309/2701/2265 3321/2713/2277 3320/2712/2276 3308/2700/2264
f 3310/2702/2266 3322/2714/2278 3321/2713/2277 3309/2701/2265
f 3312/2703/2267 3324/2715/2279 3323/2716/2280 3311/2704/2268
f 3313/2705/2269 3325/2717/2281 3324/2715/2279 3312/2703/2267
f 3314/2706/2270 3326/2718/2282 3325/2717/2281 3313/2705/2269
f 3315/2707/2271 3327/2719/2283 3326/2718/2282 3314/2706/2270
f 3316/2708/2272 3328/2720/2284 3327/2719/2283 3315/2707/2271
f 3317/2709/2273 3329/2721/2285 3328/2720/2284 3316/2708/2272
f 3318/2710/2274 3330/2722/2286 3329/2721/2285 3317/2709/2273
f 3319/2711/2275 3331/2723/2287 3330/2722/2286 3318/2710/2274
f 3320/2712/2276 3332/2724/2288 3331/2723/2287 3319/2711/2275
f 3321/2713/2277 3333/2725/2289 3332/2724/2288 3320/2712/2276
f 3322/2714/2278 3334/2726/2290 3333/2725/2289 3321/2713/2277
f 3324/2715/2279 3336/2727/2291 3335/2728/2292 3323/2716/2280
f 3325/2717/2281 3337/2729/2293 3336/2727/2291 3324/2715/2279
f 3326/2718/2282 3338/2730/2294 3337/2729/2293 3325/2717/2281
f 3327/2719/2283 3339/2731/2295 3338/2730/2294 3326/2718/2282
f 3328/2720/2284 3340/2732/2296 3339/2731/2295 3327/2719/2283
f 3329/2721/2285 3341/2733/2297 3340/2732/2296 3328/2720/2284
f 3330/2722/2286 3342/2734/2298 3341/2733/2297 3329/2721/2285
f 3331/2723/2287 3343/2735/2299 3342/2734/2298 3330/2722/2286
f 3332/2724/2288 3344/2736/2300 3343/2735/2299 3331/2723/2287
f 3333/2725/2289 3345/2737/2301 3344/2736/2300 3332/2724/2288
f 3334/2726/2290 3346/2738/2302 3345/2737/2301 3333/2725/2289
f 3336/2727/2291 3048/1279/2003 3047/4/2006 3335/2728/2292
f 3337/2729/2293 3049/1280/2007 3048/1279/2003 3336/2727/2291
f 3338/2730/2294 3050/1281/2009 3049/1280/2007 3337/2729/2293
f 3339/2731/2295 3051/1282/2011 3050/1281/2009 3338/2730/2294
f 3340/2732/2296 3052/1283/2013 3051/1282/2011 3339/2731/2295
f 3341/2733/2297 3053/1284/2015 3052/1283/2013 3340/2732/2296
f 3342/2734/2298 3054/1285/2017 3053/1284/2015 3341/2733/2297
f 3343/2735/2299 3055/1286/2019 3054/1285/2017 3342/2734/2298
f 3344/2736/2300 3056/1287/2021 3055/1286/2019 3343/2735/2299
f 3345/2737/2301 3057/1288/2023 3056/1287/2021 3344/2736/2300
f 3346/2738/2302 3058/1289/2025 3057/1288/2023 3345/2737/2301
f 3348/476/2303 3360/2739/2304 3359/209/2305 3347/24/2306
f 3349/479/2307 3361/2740/2308 3360/2739/2304 3348/476/2303
f 3350/481/2309 3362/2741/2310 3361/2740/2308 3349/479/2307
f 3351/483/2311 3363/2742/2312 3362/2741/2310 3350/481/2309
f 3352/485/2313 3364/2743/2314 3363/2742/2312 3351/483/2311
f 3353/487/2315 3365/2744/2316 3364/2743/2314 3352/485/2313
f 3354/489/2317 3366/2745/2318 3365/2744/2316 3353/487/2315
f 3355/491/2319 3367/2746/2320 3366/2745/2318 3354/489/2317
f 3356/493/2321 3368/2747/2322 3367/2746/2320 3355/491/2319
f 3357/495/2323 3369/2748/2324 3368/2747/2322 3356/493/2321
f 3358/497/2325 3370/2749/2326 3369/2748/2324 3357/495/2323
f 3360/2739/2304 3372/2750/2327 3371/207/2328 3359/209/2305
f 3361/2740/2308 3373/2751/2329 3372/2750/2327 3360/2739/2304
f 3362/2741/2310 3374/2752/2330 3373/2751/2329 3361/2740/2308
f 3363/2742/2312 3375/2753/2331 3374/2752/2330 3362/2741/2310
f 3364/2743/2314 3376/2754/2332 3375/2753/2331 3363/2742/2312
f 3365/2744/2316 3377/2755/2333 3376/2754/2332 3364/2743/2314
f 3366/2745/2318 3378/2756/2334 3377/2755/2333 3365/2744/2316
f 3367/2746/2320 3379/2757/2335 3378/2756/2334 3366/2745/2318
f 3368/2747/2322 3380/2758/2336 3379/2757/2335 3367/2746/2320
f 3369/2748/2324 3381/2759/2337 3380/2758/2336 3368/2747/2322
f 3370/2749/2326 3382/2760/2338 3381/2759/2337 3369/2748/2324
f 3372/2750/2327 3384/2761/2339 3383/205/2340 3371/207/2328
f 3373/2751/2329 3385/2762/2341 3384/2761/2339 3372/2750/2327
f 3374/2752/2330 3386/2763/2342 3385/2762/2341 3373/2751/2329
f 3375/2753/2331 3387/2764/2343 3386/2763/2342 3374/2752/2330
f 3376/2754/2332 3388/2765/2344 3387/2764/2343 3375/2753/2331
f 3377/2755/2333 3389/2766/2345 3388/2765/2344 3376/2754/2332
f 3378/2756/2334 3390/2767/2346 3389/2766/2345 3377/2755/2333
f 3379/2757/2335 3391/2768/2347 3390/2767/2346 3378/2756/2334
f 3380/2758/2336 3392/2769/2348 3391/2768/2347 3379/2757/2335
f 3381/2759/2337 3393/2770/2349 3392/2769/2348 3380/2758/2336
f 3382/2760/2338 3394/2771/2350 3393/2770/2349 3381/2759/2337
f 3384/2761/2339 3396/2772/2351 3395/203/2352 3383/205/2340
f 3385/2762/2341 3397/2773/2353 3396/2772/2351 3384/2761/2339
f 3386/2763/2342 3398/2774/2354 3397/2773/2353 3385/2762/2341
f 3387/2764/2343 3399/2775/2355 3398/2774/2354 3386/2763/2342
f 3388/2765/2344 3400/2776/2356 3399/2775/2355 3387/2764/2343
f 3389/2766/2345 3401/2777/2357 3400/2776/2356 3388/2765/2344
f 3390/2767/2346 3402/2778/2358 3401/2777/2357 3389/2766/2345
f 3391/2768/2347 3403/2779/2359 3402/2778/2358 3390/2767/2346
f 3392/2769/2348 3404/2780/2360 3403/2779/2359 3391/2768/2347
f 3393/2770/2349 3405/2781/2361 3404/2780/2360 3392/2769/2348
f 3394/2771/2350 3406/2782/2362 3405/2781/2361 3393/2770/2349
f 3396/2772/2351 3408/2783/2363 3407/201/2364 3395/203/2352
f 3397/2773/2353 3409/2784/2365 3408/2783/2363 3396/2772/2351
f 3398/2774/2354 3410/2785/2366 3409/2784/2365 3397/2773/2353
f 3399/2775/2355 3411/2786/2367 3410/2785/2366 3398/2774/2354
f 3400/2776/2356 3412/2787/2368 3411/2786/2367 3399/2775/2355
f 3401/2777/2357 3413/2788/2369 3412/2787/2368 3400/2776/2356
f 3402/2778/2358 3414/2789/2370 3413/2788/2369 3401/2777/2357
f 3403/2779/2359 3415/2790/2371 3414/2789/2370 3402/2778/2358
f 3404/2780/2360 3416/2791/2372 3415/2790/2371 3403/2779/2359
f 3405/2781/2361 3417/2792/2373 3416/2791/2372 3404/2780/2360
f 3406/2782/2362 3418/2793/2374 3417/2792/2373 3405/2781/2361
f 3408/2783/2363 3420/2794/2375 3419/199/2376 3407/201/2364
f 3409/2784/2365 3421/2795/2377 3420/2794/2375 3408/2783/2363
f 3410/2785/2366 3422/2796/2378 3421/2795/2377 3409/2784/2365
f 3411/2786/2367 3423/2797/2379 3422/2796/2378 3410/2785/2366
f 3412/2787/2368 3424/2798/2380 3423/2797/2379 3411/2786/2367
f 3413/2788/2369 3425/2799/2381 3424/2798/2380 3412/2787/2368
f 3414/2789/2370 3426/2800/2382 3425/2799/2381 3413/2788/2369
f 3415/2790/2371 3427/2801/2383 3426/2800/2382 3414/2789/2370
f 3416/2791/2372 3428/2802/2384 3427/2801/2383 3415/2790/2371
f 3417/2792/2373 3429/2803/2385 3428/2802/2384 3416/2791/2372
f 3418/2793/2374 3430/2804/2386 3429/2803/2385 3417/2792/2373
f 3420/2794/2375 3432/2805/2387 3431/197/2388 3419/199/2376
f 3421/2795/2377 3433/2806/2389 3432/2805/2387 3420/2794/2375
f 3422/2796/2378 3434/2807/2390 3433/2806/2389 3421/2795/2377
f 3423/2797/2379 3435/2808/2391 3434/2807/2390 3422/2796/2378
f 3424/2798/2380 3436/2809/2392 3435/2808/2391 3423/2797/2379
f 3425/2799/2381 3437/2810/2393 3436/2809/2392 3424/2798/2380
f 3426/2800/2382 3438/2811/2394 3437/2810/2393 3425/2799/2381
f 3427/2801/2383 3439/2812/2395 3438/2811/2394 3426/2800/2382
f 3428/2802/2384 3440/2813/2396 3439/2812/2395 3427/2801/2383
f 3429/2803/2385 3441/2814/2397 3440/2813/2396 3428/2802/2384
f 3430/2804/2386 3442/2815/2398 3441/2814/2397 3429/2803/2385
f 3432/2805/2387 3444/2816/2399 3443/195/2400 3431/197/2388
f 3433/2806/2389 3445/2817/2401 3444/2816/2399 3432/2805/2387
f 3434/2807/2390 3446/2818/2402 3445/2817/2401 3433/2806/2389
f 3435/2808/2391 3447/2819/2403 3446/2818/2402 3434/2807/2390
f 3436/2809/2392 3448/2820/2404 3447/2819/2403 3435/2808/2391
f 3437/2810/2393 3449/2821/2405 3448/2820/2404 3436/2809/2392
f 3438/2811/2394 3450/2822/2406 3449/2821/2405 3437/2810/2393
f 3439/2812/2395 3451/2823/2407 3450/2822/2406 3438/2811/2394
f 3440/2813/2396 3452/2824/2408 3451/2823/2407 3439/2812/2395
f 3441/2814/2397 3453/2825/2409 3452/2824/2408 3440/2813/2396
f 3442/2815/2398 3454/2826/2410 3453/2825/2409 3441/2814/2397
f 3444/2816/2399 3456/2827/2411 3455/193/2412 3443/195/2400
f 3445/2817/2401 3457/2828/2413 3456/2827/2411 3444/2816/2399
f 3446/2818/2402 3458/2829/2414 3457/2828/2413 3445/2817/2401
f 3447/2819/2403 3459/2830/2415 3458/2829/2414 3446/2818/2402
f 3448/2820/2404 3460/2831/2416 3459/2830/2415 3447/2819/2403
f 3449/2821/2405 3461/2832/2417 3460/2831/2416 3448/2820/2404
f 3450/2822/2406 3462/2833/2418 3461/2832/2417 3449/2821/2405
f 3451/2823/2407 3463/2834/2419 3462/2833/2418 3450/2822/2406
f 3452/2824/2408 3464/2835/2420 3463/2834/2419 3451/2823/2407
f 3453/2825/2409 3465/2836/2421 3464/2835/2420 3452/2824/2408
f 3454/2826/2410 3466/2837/2422 3465/2836/2421 3453/2825/2409
f 3456/2827/2411 3468/2838/2423 3467/190/2424 3455/193/2412
f 3457/2828/2413 3469/2839/2425 3468/2838/2423 3456/2827/2411
f 3458/2829/2414 3470/2840/2426 3469/2839/2425 3457/2828/2413
f 3459/2830/2415 3471/2841/2427 3470/2840/2426 3458/2829/2414
f 3460/2831/2416 3472/2842/2428 3471/2841/2427 3459/2830/2415
f 3461/2832/2417 3473/2843/2429 3472/2842/2428 3460/2831/2416
f 3462/2833/2418 3474/2844/2430 3473/2843/2429 3461/2832/2417
f 3463/2834/2419 3475/2845/2431 3474/2844/2430 3462/2833/2418
f 3464/2835/2420 3476/2846/2432 3475/2845/2431 3463/2834/2419
f 3465/2836/2421 3477/2847/2433 3476/2846/2432 3464/2835/2420
f 3466/2837/2422 3478/2848/2434 3477/2847/2433 3465/2836/2421
f 3468/2838/2423 3480/2849/2435 3479/189/2436 3467/190/2424
f 3469/2839/2425 3481/2850/2437 3480/2849/2435 3468/2838/2423
f 3470/2840/2426 3482/2851/2438 3481/2850/2437 3469/2839/2425
f 3471/2841/2427 3483/2852/2439 3482/2851/2438 3470/2840/2426
f 3472/2842/2428 3484/2853/2440 3483/2852/2439 3471/2841/2427
f 3473/2843/2429 3485/2854/2441 3484/2853/2440 3472/2842/2428
f 3474/2844/2430 3486/2855/2442 3485/2854/2441 3473/2843/2429
f 3475/2845/2431 3487/2856/2443 3486/2855/2442 3474/2844/2430
f 3476/2846/2432 3488/2857/2444 3487/2856/2443 3475/2845/2431
f 3477/2847/2433 3489/2858/2445 3488/2857/2444 3476/2846/2432
f 3478/2848/2434 3490/2859/2446 3489/2858/2445 3477/2847/2433
f 3480/2849/2435 3492/2860/2447 3491/187/2448 3479/189/2436
f 3481/2850/2437 3493/2861/2449 3492/2860/2447 3480/2849/2435
f 3482/2851/2438 3494/2862/2450 3493/2861/2449 3481/2850/2437
f 3483/2852/2439 3495/2863/2451 3494/2862/2450 3482/2851/2438
f 3484/2853/2440 3496/2864/2452 3495/2863/2451 3483/2852/2439
f 3485/2854/2441 3497/2865/2453 3496/2864/2452 3484/2853/2440
f 3486/2855/2442 3498/2866/2454 3497/2865/2453 3485/2854/2441
f 3487/2856/2443 3499/2867/2455 3498/2866/2454 3486/2855/2442
f 3488/2857/2444 3500/2868/2456 3499/2867/2455 3487/2856/2443
f 3489/2858/2445 3501/2869/2457 3500/2868/2456 3488/2857/2444
f 3490/2859/2446 3502/2870/2458 3501/2869/2457 3489/2858/2445
f 3492/2860/2447 3504/2871/2459 3503/186/2460 3491/187/2448
f 3493/2861/2449 3505/2872/2461 3504/2871/2459 3492/2860/2447
f 3494/2862/2450 3506/2873/2462 3505/2872/2461 3493/2861/2449
f 3495/2863/2451 3507/2874/2463 3506/2873/2462 3494/2862/2450
f 3496/2864/2452 3508/2875/2464 3507/2874/2463 3495/2863/2451
f 3497/2865/2453 3509/2876/2465 3508/2875/2464 3496/2864/2452
f 3498/2866/2454 3510/2877/2466 3509/2876/2465 3497/2865/2453
f 3499/2867/2455 3511/2878/2467 3510/2877/2466 3498/2866/2454
f 3500/2868/2456 3512/2879/2468 3511/2878/2467 3499/2867/2455
f 3501/2869/2457 3513/2880/2469 3512/2879/2468 3500/2868/2456
f 3502/2870/2458 3514/2881/2470 3513/2880/2469 3501/2869/2457
f 3504/2871/2459 3516/2882/2471 3515/184/2472 3503/186/2460
f 3505/2872/2461 3517/2883/2473 3516/2882/2471 3504/2871/2459
f 3506/2873/2462 3518/2884/2474 3517/2883/2473 3505/2872/2461
f 3507/2874/2463 3519/2885/2475 3518/2884/2474 3506/2873/2462
f 3508/2875/2464 3520/2886/2476 3519/2885/2475 3507/2874/2463
f 3509/2876/2465 3521/2887/2477 3520/2886/2476 3508/2875/2464
f 3510/2877/2466 3522/2888/2478 3521/2887/2477 3509/2876/2465
f 3511/2878/2467 3523/2889/2479 3522/2888/2478 3510/2877/2466
f 3512/2879/2468 3524/2890/2480 3523/2889/2479 3511/2878/2467
f 3513/2880/2469 3525/2891/2481 3524/2890/2480 3512/2879/2468
f 3514/2881/2470 3526/2892/2482 3525/2891/2481 3513/2880/2469
f 3516/2882/2471 3528/2893/2483 3527/182/2484 3515/184/2472
f 3517/2883/2473 3529/2894/2485 3528/2893/2483 3516/2882/2471
f 3518/2884/2474 3530/2895/2486 3529/2894/2485 3517/2883/2473
f 3519/2885/2475 3531/2896/2487 3530/2895/2486 3518/2884/2474
f 3520/2886/2476 3532/2897/2488 3531/2896/2487 3519/2885/2475
f 3521/2887/2477 3533/2898/2489 3532/2897/2488 3520/2886/2476
f 3522/2888/2478 3534/2899/2490 3533/2898/2489 3521/2887/2477
f 3523/2889/2479 3535/2900/2491 3534/2899/2490 3522/2888/2478
f 3524/2890/2480 3536/2901/2492 3535/2900/2491 3523/2889/2479
f 3525/2891/2481 3537/2902/2493 3536/2901/2492 3524/2890/2480
f 3526/2892/2482 3538/2903/2494 3537/2902/2493 3525/2891/2481
f 3528/2893/2483 3540/2904/2495 3539/180/2496 3527/182/2484
f 3529/2894/2485 3541/2905/2497 3540/2904/2495 3528/2893/2483
f 3530/2895/2486 3542/2906/2498 3541/2905/2497 3529/2894/2485
f 3531/2896/2487 3543/2907/2499 3542/2906/2498 3530/2895/2486
f 3532/2897/2488 3544/2908/2500 3543/2907/2499 3531/2896/2487
f 3533/2898/2489 3545/2909/2501 3544/2908/2500 3532/2897/2488
f 3534/2899/2490 3546/2910/2502 3545/2909/2501 3533/2898/2489
f 3535/2900/2491 3547/2911/2503 3546/2910/2502 3534/2899/2490
f 3536/2901/2492 3548/2912/2504 3547/2911/2503 3535/2900/2491
f 3537/2902/2493 3549/2913/2505 3548/2912/2504 3536/2901/2492
f 3538/2903/2494 3550/2914/2506 3549/2913/2505 3537/2902/2493
f 3540/2904/2495 3552/1378/2507 3551/87/2508 3539/180/2496
f 3541/2905/2497 3553/1379/2509 3552/1378/2507 3540/2904/2495
f 3542/2906/2498 3554/1380/2510 3553/1379/2509 3541/2905/2497
f 3543/2907/2499 3555/1381/2511 3554/1380/2510 3542/2906/2498
f 3544/2908/2500 3556/1382/2512 3555/1381/2511 3543/2907/2499
f 3545/2909/2501 3557/1383/2513 3556/1382/2512 3544/2908/2500
f 3546/2910/2502 3558/1384/2514 3557/1383/2513 3545/2909/2501
f 3547/2911/2503 3559/1385/2515 3558/1384/2514 3546/2910/2502
f 3548/2912/2504 3560/1386/2516 3559/1385/2515 3547/2911/2503
f 3549/2913/2505 3561/1387/2517 3560/1386/2516 3548/2912/2504
f 3550/2914/2506 3562/1388/2518 3561/1387/2517 3549/2913/2505
f 3552/1378/2507 3564/2915/2519 3563/177/2520 3551/87/2508
f 3553/1379/2509 3565/2916/2521 3564/2915/2519 3552/1378/2507
f 3554/1380/2510 3566/2917/2522 3565/2916/2521 3553/1379/2509
f 3555/1381/2511 3567/2918/2523 3566/2917/2522 3554/1380/2510
f 3556/1382/2512 3568/2919/2524 3567/2918/2523 3555/1381/2511
f 3557/1383/2513 3569/2920/2525 3568/2919/2524 3556/1382/2512
f 3558/1384/2514 3570/2921/2526 3569/2920/2525 3557/1383/2513
f 3559/1385/2515 3571/2922/2527 3570/2921/2526 3558/1384/2514
f 3560/1386/2516 3572/2923/2528 3571/2922/2527 3559/1385/2515
f 3561/1387/2517 3573/2924/2529 3572/2923/2528 3560/1386/2516
f 3562/1388/2518 3574/2925/2530 3573/2924/2529 3561/1387/2517
f 3564/2915/2519 3576/2926/2531 3575/175/2532 3563/177/2520
f 3565/2916/2521 3577/2927/2533 3576/2926/2531 3564/2915/2519
f 3566/2917/2522 3578/2928/2534 3577/2927/2533 3565/2916/2521
f 3567/2918/2523 3579/2929/2535 3578/2928/2534 3566/2917/2522
f 3568/2919/2524 3580/2930/2536 3579/2929/2535 3567/2918/2523
f 3569/2920/2525 3581/2931/2537 3580/2930/2536 3568/2919/2524
f 3570/2921/2526 3582/2932/2538 3581/2931/2537 3569/2920/2525
f 3571/2922/2527 3583/2933/2539 3582/2932/2538 3570/2921/2526
f 3572/2923/2528 3584/2934/2540 3583/2933/2539 3571/2922/2527
f 3573/2924/2529 3585/2935/2541 3584/2934/2540 3572/2923/2528
f 3574/2925/2530 3586/2936/2542 3585/2935/2541 3573/2924/2529
f 3576/2926/2531 3588/2937/2543 3587/173/2544 3575/175/2532
f 3577/2927/2533 3589/2938/2545 3588/2937/2543 3576/2926/2531
f 3578/2928/2534 3590/2939/2546 3589/2938/2545 3577/2927/2533
f 3579/2929/2535 3591/2940/2547 3590/2939/2546 3578/2928/2534
f 3580/2930/2536 3592/2941/2548 3591/2940/2547 3579/2929/2535
f 3581/2931/2537 3593/2942/2549 3592/2941/2548 3580/2930/2536
f 3582/2932/2538 3594/2943/2550 3593/2942/2549 3581/2931/2537
f 3583/2933/2539 3595/2944/2551 3594/2943/2550 3582/2932/2538
f 3584/2934/2540 3596/2945/2552 3595/2944/2551 3583/2933/2539
f 3585/2935/2541 3597/2946/2553 3596/2945/2552 3584/2934/2540
f 3586/2936/2542 3598/2947/2554 3597/2946/2553 3585/2935/2541
f 3588/2937/2543 3600/2948/2555 3599/171/2556 3587/173/2544
f 3589/2938/2545 3601/2949/2557 3600/2948/2555 3588/2937/2543
f 3590/2939/2546 3602/2950/2558 3601/2949/2557 3589/2938/2545
f 3591/2940/2547 3603/2951/2559 3602/2950/2558 3590/2939/2546
f 3592/2941/2548 3604/2952/2560 3603/2951/2559 3591/2940/2547
f 3593/2942/2549 3605/2953/2561 3604/2952/2560 3592/2941/2548
f 3594/2943/2550 3606/2954/2562 3605/2953/2561 3593/2942/2549
f 3595/2944/2551 3607/2955/2563 3606/2954/2562 3594/2943/2550
f 3596/2945/2552 3608/2956/2564 3607/2955/2563 3595/2944/2551
f 3597/2946/2553 3609/2957/2565 3608/2956/2564 3596/2945/2552
f 3598/2947/2554 3610/2958/2566 3609/2957/2565 3597/2946/2553
f 3600/2948/2555 3612/2959/2567 3611/167/2568 3599/171/2556
f 3601/2949/2557 3613/2960/2569 3612/2959/2567 3600/2948/2555
f 3602/2950/2558 3614/2961/2570 3613/2960/2569 3601/2949/2557
f 3603/2951/2559 3615/2962/2571 3614/2961/2570 3602/2950/2558
f 3604/2952/2560 3616/2963/2572 3615/2962/2571 3603/2951/2559
f 3605/2953/2561 3617/2964/2573 3616/2963/2572 3604/2952/2560
f 3606/2954/2562 3618/2965/2574 3617/2964/2573 3605/2953/2561
f 3607/2955/2563 3619/2966/2575 3618/2965/2574 3606/2954/2562
f 3608/2956/2564 3620/2967/2576 3619/2966/2575 3607/2955/2563
f 3609/2957/2565 3621/2968/2577 3620/2967/2576 3608/2956/2564
f 3610/2958/2566 3622/2969/2578 3621/2968/2577 3609/2957/2565
f 3612/2959/2567 3624/2970/2579 3623/169/2580 3611/167/2568
f 3613/2960/2569 3625/2971/2581 3624/2970/2579 3612/2959/2567
f 3614/2961/2570 3626/2972/2582 3625/2971/2581 3613/2960/2569
f 3615/2962/2571 3627/2973/2583 3626/2972/2582 3614/2961/2570
f 3616/2963/2572 3628/2974/2584 3627/2973/2583 3615/2962/2571
f 3617/2964/2573 3629/2975/2585 3628/2974/2584 3616/2963/2572
f 3618/2965/2574 3630/2976/2586 3629/2975/2585 3617/2964/2573
f 3619/2966/2575 3631/2977/2587 3630/2976/2586 3618/2965/2574
f 3620/2967/2576 3632/2978/2588 3631/2977/2587 3619/2966/2575
f 3621/2968/2577 3633/2979/2589 3632/2978/2588 3620/2967/2576
f 3622/2969/2578 3634/2980/2590 3633/2979/2589 3621/2968/2577
f 3624/2970/2579 3636/2981/2591 3635/168/2592 3623/169/2580
f 3625/2971/2581 3637/2982/2593 3636/2981/2591 3624/2970/2579
f 3626/2972/2582 3638/2983/2594 3637/2982/2593 3625/2971/2581
f 3627/2973/2583 3639/2984/2595 3638/2983/2594 3626/2972/2582
f 3628/2974/2584 3640/2985/2596 3639/2984/2595 3627/2973/2583
f 3629/2975/2585 3641/2986/2597 3640/2985/2596 3628/2974/2584
f 3630/2976/2586 3642/2987/2598 3641/2986/2597 3629/2975/2585
f 3631/2977/2587 3643/2988/2599 3642/2987/2598 3630/2976/2586
f 3632/2978/2588 3644/2989/2600 3643/2988/2599 3631/2977/2587
f 3633/2979/2589 3645/2990/2601 3644/2989/2600 3632/2978/2588
f 3634/2980/2590 3646/2991/2602 3645/2990/2601 3633/2979/2589
f 3636/2981/2591 3648/2992/2603 3647/170/2604 3635/168/2592
f 3637/2982/2593 3649/2993/2605 3648/2992/2603 3636/2981/2591
f 3638/2983/2594 3650/2994/2606 3649/2993/2605 3637/2982/2593
f 3639/2984/2595 3651/2995/2607 3650/2994/2606 3638/2983/2594
f 3640/2985/2596 3652/2996/2608 3651/2995/2607 3639/2984/2595
f 3641/2986/2597 3653/2997/2609 3652/2996/2608 3640/2985/2596
f 3642/2987/2598 3654/2998/2610 3653/2997/2609 3641/2986/2597
f 3643/2988/2599 3655/2999/2611 3654/2998/2610 3642/2987/2598
f 3644/2989/2600 3656/3000/2612 3655/2999/2611 3643/2988/2599
f 3645/2990/2601 3657/3001/2613 3656/3000/2612 3644/2989/2600
f 3646/2991/2602 3658/3002/2614 3657/3001/2613 3645/2990/2601
f 3648/2992/2603 3660/3003/2615 3659/172/2616 3647/170/2604
f 3649/2993/2605 3661/3004/2617 3660/3003/2615 3648/2992/2603
f 3650/2994/2606 3662/3005/2618 3661/3004/2617 3649/2993/2605
f 3651/2995/2607 3663/3006/2619 3662/3005/2618 3650/2994/2606
f 3652/2996/2608 3664/3007/2620 3663/3006/2619 3651/2995/2607
f 3653/2997/2609 3665/3008/2621 3664/3007/2620 3652/2996/2608
f 3654/2998/2610 3666/3009/2622 3665/3008/2621 3653/2997/2609
f 3655/2999/2611 3667/3010/2623 3666/3009/2622 3654/2998/2610
f 3656/3000/2612 3668/3011/2624 3667/3010/2623 3655/2999/2611
f 3657/3001/2613 3669/3012/2625 3668/3011/2624 3656/3000/2612
f 3658/3002/2614 3670/3013/2626 3669/3012/2625 3657/3001/2613
f 3660/3003/2615 3672/3014/2627 3671/174/2628 3659/172/2616
f 3661/3004/2617 3673/3015/2629 3672/3014/2627 3660/3003/2615
f 3662/3005/2618 3674/3016/2630 3673/3015/2629 3661/3004/2617
f 3663/3006/2619 3675/3017/2631 3674/3016/2630 3662/3005/2618
f 3664/3007/2620 3676/3018/2632 3675/3017/2631 3663/3006/2619
f 3665/3008/2621 3677/3019/2633 3676/3018/2632 3664/3007/2620
f 3666/3009/2622 3678/3020/2634 3677/3019/2633 3665/3008/2621
f 3667/3010/2623 3679/3021/2635 3678/3020/2634 3666/3009/2622
f 3668/3011/2624 3680/3022/2636 3679/3021/2635 3667/3010/2623
f 3669/3012/2625 3681/3023/2637 3680/3022/2636 3668/3011/2624
f 3670/3013/2626 3682/3024/2638 3681/3023/2637 3669/3012/2625
f 3672/3014/2627 3684/3025/2639 3683/176/2640 3671/174/2628
f 3673/3015/2629 3685/3026/2641 3684/3025/2639 3672/3014/2627
f 3674/3016/2630 3686/3027/2642 3685/3026/2641 3673/3015/2629
f 3675/3017/2631 3687/3028/2643 3686/3027/2642 3674/3016/2630
f 3676/3018/2632 3688/3029/2644 3687/3028/2643 3675/3017/2631
f 3677/3019/2633 3689/3030/2645 3688/3029/2644 3676/3018/2632
f 3678/3020/2634 3690/3031/2646 3689/3030/2645 3677/3019/2633
f 3679/3021/2635 3691/3032/2647 3690/3031/2646 3678/3020/2634
f 3680/3022/2636 3692/3033/2648 3691/3032/2647 3679/3021/2635
f 3681/3023/2637 3693/3034/2649 3692/3033/2648 3680/3022/2636
f 3682/3024/2638 3694/3035/2650 3693/3034/2649 3681/3023/2637
f 3684/3025/2639 3696/3036/2651 3695/178/2652 3683/176/2640
f 3685/3026/2641 3697/3037/2653 3696/3036/2651 3684/3025/2639
f 3686/3027/2642 3698/3038/2654 3697/3037/2653 3685/3026/2641
f 3687/3028/2643 3699/3039/2655 3698/3038/2654 3686/3027/2642
f 3688/3029/2644 3700/3040/2656 3699/3039/2655 3687/3028/2643
f 3689/3030/2645 3701/3041/2657 3700/3040/2656 3688/3029/2644
f 3690/3031/2646 3702/3042/2658 3701/3041/2657 3689/3030/2645
f 3691/3032/2647 3703/3043/2659 3702/3042/2658 3690/3031/2646
f 3692/3033/2648 3704/3044/2660 3703/3043/2659 3691/3032/2647
f 3693/3034/2649 3705/3045/2661 3704/3044/2660 3692/3033/2648
f 3694/3035/2650 3706/3046/2662 3705/3045/2661 3693/3034/2649
f 3696/3036/2651 3708/3047/2663 3707/179/2664 3695/178/2652
f 3697/3037/2653 3709/3048/2665 3708/3047/2663 3696/3036/2651
f 3698/3038/2654 3710/3049/2666 3709/3048/2665 3697/3037/2653
f 3699/3039/2655 3711/3050/2667 3710/3049/2666 3698/3038/2654
f 3700/3040/2656 3712/3051/2668 3711/3050/2667 3699/3039/2655
f 3701/3041/2657 3713/3052/2669 3712/3051/2668 3700/3040/2656
f 3702/3042/2658 3714/3053/2670 3713/3052/2669 3701/3041/2657
f 3703/3043/2659 3715/3054/2671 3714/3053/2670 3702/3042/2658
f 3704/3044/2660 3716/3055/2672 3715/3054/2671 3703/3043/2659
f 3705/3045/2661 3717/3056/2673 3716/3055/2672 3704/3044/2660
f 3706/3046/2662 3718/3057/2674 3717/3056/2673 3705/3045/2661
f 3708/3047/2663 3720/3058/2675 3719/181/2676 3707/179/2664
f 3709/3048/2665 3721/3059/2677 3720/3058/2675 3708/3047/2663
f 3710/3049/2666 3722/3060/2678 3721/3059/2677 3709/3048/2665
f 3711/3050/2667 3723/3061/2679 3722/3060/2678 3710/3049/2666
f 3712/3051/2668 3724/3062/2680 3723/3061/2679 3711/3050/2667
f 3713/3052/2669 3725/3063/2681 3724/3062/2680 3712/3051/2668
f 3714/3053/2670 3726/3064/2682 3725/3063/2681 3713/3052/2669
f 3715/3054/2671 3727/3065/2683 3726/3064/2682 3714/3053/2670
f 3716/3055/2672 3728/3066/2684 3727/3065/2683 3715/3054/2671
f 3717/3056/2673 3729/3067/2685 3728/3066/2684 3716/3055/2672
f 3718/3057/2674 3730/3068/2686 3729/3067/2685 3717/3056/2673
f 3720/3058/2675 3732/3069/2687 3731/183/2688 3719/181/2676
f 3721/3059/2677 3733/3070/2689 3732/3069/2687 3720/3058/2675
f 3722/3060/2678 3734/3071/2690 3733/3070/2689 3721/3059/2677
f 3723/3061/2679 3735/3072/2691 3734/3071/2690 3722/3060/2678
f 3724/3062/2680 3736/3073/2692 3735/3072/2691 3723/3061/2679
f 3725/3063/2681 3737/3074/2693 3736/3073/2692 3724/3062/2680
f 3726/3064/2682 3738/3075/2694 3737/3074/2693 3725/3063/2681
f 3727/3065/2683 3739/3076/2695 3738/3075/2694 3726/3064/2682
f 3728/3066/2684 3740/3077/2696 3739/3076/2695 3727/3065/2683
f 3729/3067/2685 3741/3078/2697 3740/3077/2696 3728/3066/2684
f 3730/3068/2686 3742/3079/2698 3741/3078/2697 3729/3067/2685
f 3732/3069/2687 3744/3080/2699 3743/185/2700 3731/183/2688
f 3733/3070/2689 3745/3081/2701 3744/3080/2699 3732/3069/2687
f 3734/3071/2690 3746/3082/2702 3745/3081/2701 3733/3070/2689
f 3735/3072/2691 3747/3083/2703 3746/3082/2702 3734/3071/2690
f 3736/3073/2692 3748/3084/2704 3747/3083/2703 3735/3072/2691
f 3737/3074/2693 3749/3085/2705 3748/3084/2704 3736/3073/2692
f 3738/3075/2694 3750/3086/2706 3749/3085/2705 3737/3074/2693
f 3739/3076/2695 3751/3087/2707 3750/3086/2706 3738/3075/2694
f 3740/3077/2696 3752/3088/2708 3751/3087/2707 3739/3076/2695
f 3741/3078/2697 3753/3089/2709 3752/3088/2708 3740/3077/2696
f 3742/3079/2698 3754/3090/2710 3753/3089/2709 3741/3078/2697
f 3744/3080/2699 3756/1477/2711 3755/111/2712 3743/185/2700
f 3745/3081/2701 3757/1478/2713 3756/1477/2711 3744/3080/2699
f 3746/3082/2702 3758/1479/2714 3757/1478/2713 3745/3081/2701
f 3747/3083/2703 3759/1480/2715 3758/1479/2714 3746/3082/2702
f 3748/3084/2704 3760/1481/2716 3759/1480/2715 3747/3083/2703
f 3749/3085/2705 3761/1482/2717 3760/1481/2716 3748/3084/2704
f 3750/3086/2706 3762/1483/2718 3761/1482/2717 3749/3085/2705
f 3751/3087/2707 3763/1484/2719 3762/1483/2718 3750/3086/2706
f 3752/3088/2708 3764/1485/2720 3763/1484/2719 3751/3087/2707
f 3753/3089/2709 3765/1486/2721 3764/1485/2720 3752/3088/2708
f 3754/3090/2710 3766/1487/2722 3765/1486/2721 3753/3089/2709
f 3756/1477/2711 3768/3091/2723 3767/188/2724 3755/111/2712
f 3757/1478/2713 3769/3092/2725 3768/3091/2723 3756/1477/2711
f 3758/1479/2714 3770/3093/2726 3769/3092/2725 3757/1478/2713
f 3759/1480/2715 3771/3094/2727 3770/3093/2726 3758/1479/2714
f 3760/1481/2716 3772/3095/2728 3771/3094/2727 3759/1480/2715
f 3761/1482/2717 3773/3096/2729 3772/3095/2728 3760/1481/2716
f 3762/1483/2718 3774/3097/2730 3773/3096/2729 3761/1482/2717
f 3763/1484/2719 3775/3098/2731 3774/3097/2730 3762/1483/2718
f 3764/1485/2720 3776/3099/2732 3775/3098/2731 3763/1484/2719
f 3765/1486/2721 3777/3100/2733 3776/3099/2732 3764/1485/2720
f 3766/1487/2722 3778/3101/2734 3777/3100/2733 3765/1486/2721
f 3768/3091/2723 3780/3102/2735 3779/191/2736 3767/188/2724
f 3769/3092/2725 3781/3103/2737 3780/3102/2735 3768/3091/2723
f 3770/3093/2726 3782/3104/2738 3781/3103/2737 3769/3092/2725
f 3771/3094/2727 3783/3105/2739 3782/3104/2738 3770/3093/2726
f 3772/3095/2728 3784/3106/2740 3783/3105/2739 3771/3094/2727
f 3773/3096/2729 3785/3107/2741 3784/3106/2740 3772/3095/2728
f 3774/3097/2730 3786/3108/2742 3785/3107/2741 3773/3096/2729
f 3775/3098/2731 3787/3109/2743 3786/3108/2742 3774/3097/2730
f 3776/3099/2732 3788/3110/2744 3787/3109/2743 3775/3098/2731
f 3777/3100/2733 3789/3111/2745 3788/3110/2744 3776/3099/2732
f 3778/3101/2734 3790/3112/2746 3789/3111/2745 3777/3100/2733
f 3780/3102/2735 3792/3113/2747 3791/192/2748 3779/191/2736
f 3781/3103/2737 3793/3114/2749 3792/3113/2747 3780/3102/2735
f 3782/3104/2738 3794/3115/2750 3793/3114/2749 3781/3103/2737
f 3783/3105/2739 3795/3116/2751 3794/3115/2750 3782/3104/2738
f 3784/3106/2740 3796/3117/2752 3795/3116/2751 3783/3105/2739
f 3785/3107/2741 3797/3118/2753 3796/3117/2752 3784/3106/2740
f 3786/3108/2742 3798/3119/2754 3797/3118/2753 3785/3107/2741
f 3787/3109/2743 3799/3120/2755 3798/3119/2754 3786/3108/2742
f 3788/3110/2744 3800/3121/2756 3799/3120/2755 3787/3109/2743
f 3789/3111/2745 3801/3122/2757 3800/3121/2756 3788/3110/2744
f 3790/3112/2746 3802/3123/2758 3801/3122/2757 3789/3111/2745
f 3792/3113/2747 3804/3124/2759 3803/194/2760 3791/192/2748
f 3793/3114/2749 3805/3125/2761 3804/3124/2759 3792/3113/2747
f 3794/3115/2750 3806/3126/2762 3805/3125/2761 3793/3114/2749
f 3795/3116/2751 3807/3127/2763 3806/3126/2762 3794/3115/2750
f 3796/3117/2752 3808/3128/2764 3807/3127/2763 3795/3116/2751
f 3797/3118/2753 3809/3129/2765 3808/3128/2764 3796/3117/2752
f 3798/3119/2754 3810/3130/2766 3809/3129/2765 3797/3118/2753
f 3799/3120/2755 3811/3131/2767 3810/3130/2766 3798/3119/2754
f 3800/3121/2756 3812/3132/2768 3811/3131/2767 3799/3120/2755
f 3801/3122/2757 3813/3133/2769 3812/3132/2768 3800/3121/2756
f 3802/3123/2758 3814/3134/2770 3813/3133/2769 3801/3122/2757
f 3804/3124/2759 3816/3135/2771 3815/196/2772 3803/194/2760
f 3805/3125/2761 3817/3136/2773 3816/3135/2771 3804/3124/2759
f 3806/3126/2762 3818/3137/2774 3817/3136/2773 3805/3125/2761
f 3807/3127/2763 3819/3138/2775 3818/3137/2774 3806/3126/2762
f 3808/3128/2764 3820/3139/2776 3819/3138/2775 3807/3127/2763
f 3809/3129/2765 3821/3140/2777 3820/3139/2776 3808/3128/2764
f 3810/3130/2766 3822/3141/2778 3821/3140/2777 3809/3129/2765
f 3811/3131/2767 3823/3142/2779 3822/3141/2778 3810/3130/2766
f 3812/3132/2768 3824/3143/2780 3823/3142/2779 3811/3131/2767
f 3813/3133/2769 3825/3144/2781 3824/3143/2780 3812/3132/2768
f 3814/3134/2770 3826/3145/2782 3825/3144/2781 3813/3133/2769
f 3816/3135/2771 3828/3146/2783 3827/198/2784 3815/196/2772
f 3817/3136/2773 3829/3147/2785 3828/3146/2783 3816/3135/2771
f 3818/3137/2774 3830/3148/2786 3829/3147/2785 3817/3136/2773
f 3819/3138/2775 3831/3149/2787 3830/3148/2786 3818/3137/2774
f 3820/3139/2776 3832/3150/2788 3831/3149/2787 3819/3138/2775
f 3821/3140/2777 3833/3151/2789 3832/3150/2788 3820/3139/2776
f 3822/3141/2778 3834/3152/2790 3833/3151/2789 3821/3140/2777
f 3823/3142/2779 3835/3153/2791 3834/3152/2790 3822/3141/2778
f 3824/3143/2780 3836/3154/2792 3835/3153/2791 3823/3142/2779
f 3825/3144/2781 3837/3155/2793 3836/3154/2792 3824/3143/2780
f 3826/3145/2782 3838/3156/2794 3837/3155/2793 3825/3144/2781
f 3828/3146/2783 3840/3157/2795 3839/200/2796 3827/198/2784
f 3829/3147/2785 3841/3158/2797 3840/3157/2795 3828/3146/2783
f 3830/3148/2786 3842/3159/2798 3841/3158/2797 3829/3147/2785
f 3831/3149/2787 3843/3160/2799 3842/3159/2798 3830/3148/2786
f 3832/3150/2788 3844/3161/2800 3843/3160/2799 3831/3149/2787
f 3833/3151/2789 3845/3162/2801 3844/3161/2800 3832/3150/2788
f 3834/3152/2790 3846/3163/2802 3845/3162/2801 3833/3151/2789
f 3835/3153/2791 3847/3164/2803 3846/3163/2802 3834/3152/2790
f 3836/3154/2792 3848/3165/2804 3847/3164/2803 3835/3153/2791
f 3837/3155/2793 3849/3166/2805 3848/3165/2804 3836/3154/2792
f 3838/3156/2794 3850/3167/2806 3849/3166/2805 3837/3155/2793
f 3840/3157/2795 3852/3168/2807 3851/202/2808 3839/200/2796
f 3841/3158/2797 3853/3169/2809 3852/3168/2807 3840/3157/2795
f 3842/3159/2798 3854/3170/2810 3853/3169/2809 3841/3158/2797
f 3843/3160/2799 3855/3171/2811 3854/3170/2810 3842/3159/2798
f 3844/3161/2800 3856/3172/2812 3855/3171/2811 3843/3160/2799
f 3845/3162/2801 3857/3173/2813 3856/3172/2812 3844/3161/2800
f 3846/3163/2802 3858/3174/2814 3857/3173/2813 3845/3162/2801
f 3847/3164/2803 3859/3175/2815 3858/3174/2814 3846/3163/2802
f 3848/3165/2804 3860/3176/2816 3859/3175/2815 3847/3164/2803
f 3849/3166/2805 3861/3177/2817 3860/3176/2816 3848/3165/2804
f 3850/3167/2806 3862/3178/2818 3861/3177/2817 3849/3166/2805
f 3852/3168/2807 3864/3179/2819 3863/204/2820 3851/202/2808
f 3853/3169/2809 3865/3180/2821 3864/3179/2819 3852/3168/2807
f 3854/3170/2810 3866/3181/2822 3865/3180/2821 3853/3169/2809
f 3855/3171/2811 3867/3182/2823 3866/3181/2822 3854/3170/2810
f 3856/3172/2812 3868/3183/2824 3867/3182/2823 3855/3171/2811
f 3857/3173/2813 3869/3184/2825 3868/3183/2824 3856/3172/2812
f 3858/3174/2814 3870/3185/2826 3869/3184/2825 3857/3173/2813
f 3859/3175/2815 3871/3186/2827 3870/3185/2826 3858/3174/2814
f 3860/3176/2816 3872/3187/2828 3871/3186/2827 3859/3175/2815
f 3861/3177/2817 3873/3188/2829 3872/3187/2828 3860/3176/2816
f 3862/3178/2818 3874/3189/2830 3873/3188/2829 3861/3177/2817
f 3864/3179/2819 3876/3190/2831 3875/206/2832 3863/204/2820
f 3865/3180/2821 3877/3191/2833 3876/3190/2831 3864/3179/2819
f 3866/3181/2822 3878/3192/2834 3877/3191/2833 3865/3180/2821
f 3867/3182/2823 3879/3193/2835 3878/3192/2834 3866/3181/2822
f 3868/3183/2824 3880/3194/2836 3879/3193/2835 3867/3182/2823
f 3869/3184/2825 3881/3195/2837 3880/3194/2836 3868/3183/2824
f 3870/3185/2826 3882/3196/2838 3881/3195/2837 3869/3184/2825
f 3871/3186/2827 3883/3197/2839 3882/3196/2838 3870/3185/2826
f 3872/3187/2828 3884/3198/2840 3883/3197/2839 3871/3186/2827
f 3873/3188/2829 3885/3199/2841 3884/3198/2840 3872/3187/2828
f 3874/3189/2830 3886/3200/2842 3885/3199/2841 3873/3188/2829
f 3876/3190/2831 3888/3201/2843 3887/208/2844 3875/206/2832
f 3877/3191/2833 3889/3202/2845 3888/3201/2843 3876/3190/2831
f 3878/3192/2834 3890/3203/2846 3889/3202/2845 3877/3191/2833
f 3879/3193/2835 3891/3204/2847 3890/3203/2846 3878/3192/2834
f 3880/3194/2836 3892/3205/2848 3891/3204/2847 3879/3193/2835
f 3881/3195/2837 3893/3206/2849 3892/3205/2848 3880/3194/2836
f 3882/3196/2838 3894/3207/2850 3893/3206/2849 3881/3195/2837
f 3883/3197/2839 3895/3208/2851 3894/3207/2850 3882/3196/2838
f 3884/3198/2840 3896/3209/2852 3895/3208/2851 3883/3197/2839
f 3885/3199/2841 3897/3210/2853 3896/3209/2852 3884/3198/2840
f 3886/3200/2842 3898/3211/2854 3897/3210/2853 3885/3199/2841
f 3888/3201/2843 3900/3212/2855 3899/210/2856 3887/208/2844
f 3889/3202/2845 3901/3213/2857 3900/3212/2855 3888/3201/2843
f 3890/3203/2846 3902/3214/2858 3901/3213/2857 3889/3202/2845
f 3891/3204/2847 3903/3215/2859 3902/3214/2858 3890/3203/2846
f 3892/3205/2848 3904/3216/2860 3903/3215/2859 3891/3204/2847
f 3893/3206/2849 3905/3217/2861 3904/3216/2860 3892/3205/2848
f 3894/3207/2850 3906/3218/2862 3905/3217/2861 3893/3206/2849
f 3895/3208/2851 3907/3219/2863 3906/3218/2862 3894/3207/2850
f 3896/3209/2852 3908/3220/2864 3907/3219/2863 3895/3208/2851
f 3897/3210/2853 3909/3221/2865 3908/3220/2864 3896/3209/2852
f 3898/3211/2854 3910/3222/2866 3909/3221/2865 3897/3210/2853
f 3900/3212/2855 3912/3223/2867 3911/211/2868 3899/210/2856
f 3901/3213/2857 3913/3224/2869 3912/3223/2867 3900/3212/2855
f 3902/3214/2858 3914/3225/2870 3913/3224/2869 3901/3213/2857
f 3903/3215/2859 3915/3226/2871 3914/3225/2870 3902/3214/2858
f 3904/3216/2860 3916/3227/2872 3915/3226/2871 3903/3215/2859
f 3905/3217/2861 3917/3228/2873 3916/3227/2872 3904/3216/2860
f 3906/3218/2862 3918/3229/2874 3917/3228/2873 3905/3217/2861
f 3907/3219/2863 3919/3230/2875 3918/3229/2874 3906/3218/2862
f 3908/3220/2864 3920/3231/2876 3919/3230/2875 3907/3219/2863
f 3909/3221/2865 3921/3232/2877 3920/3231/2876 3908/3220/2864
f 3910/3222/2866 3922/3233/2878 3921/3232/2877 3909/3221/2865
f 3912/3223/2867 3924/3234/778 3923/164/779 3911/211/2868
f 3913/3224/2869 3925/3235/780 3924/3234/778 3912/3223/2867
f 3914/3225/2870 3926/3236/781 3925/3235/780 3913/3224/2869
f 3915/3226/2871 3927/3237/782 3926/3236/781 3914/3225/2870
f 3916/3227/2872 3928/3238/783 3927/3237/782 3915/3226/2871
f 3917/3228/2873 3929/3239/784 3928/3238/783 3916/3227/2872
f 3918/3229/2874 3930/3240/785 3929/3239/784 3917/3228/2873
f 3919/3230/2875 3931/3241/786 3930/3240/785 3918/3229/2874
f 3920/3231/2876 3932/3242/787 3931/3241/786 3919/3230/2875
f 3921/3232/2877 3933/3243/788 3932/3242/787 3920/3231/2876
f 3922/3233/2878 3934/3244/789 3933/3243/788 3921/3232/2877
f 3924/3234/778 3936/3245/2879 3935/166/2880 3923/164/779
f 3925/3235/780 3937/3246/2881 3936/3245/2879 3924/3234/778
f 3926/3236/781 3938/3247/2882 3937/3246/2881 3925/3235/780
f 3927/3237/782 3939/3248/2883 3938/3247/2882 3926/3236/781
f 3928/3238/783 3940/3249/2884 3939/3248/2883 3927/3237/782
f 3929/3239/784 3941/3250/2885 3940/3249/2884 3928/3238/783
f 3930/3240/785 3942/3251/2886 3941/3250/2885 3929/3239/784
f 3931/3241/786 3943/3252/2887 3942/3251/2886 3930/3240/785
f 3932/3242/787 3944/3253/2888 3943/3252/2887 3931/3241/786
f 3933/3243/788 3945/3254/2889 3944/3253/2888 3932/3242/787
f 3934/3244/789 3946/3255/2890 3945/3254/2889 3933/3243/788
f 3936/3245/2879 3948/3256/2891 3947/165/2892 3935/166/2880
f 3937/3246/2881 3949/3257/2893 3948/3256/2891 3936/3245/2879
f 3938/3247/2882 3950/3258/2894 3949/3257/2893 3937/3246/2881
f 3939/3248/2883 3951/3259/2895 3950/3258/2894 3938/3247/2882
f 3940/3249/2884 3952/3260/2896 3951/3259/2895 3939/3248/2883
f 3941/3250/2885 3953/3261/2897 3952/3260/2896 3940/3249/2884
f 3942/3251/2886 3954/3262/2898 3953/3261/2897 3941/3250/2885
f 3943/3252/2887 3955/3263/2899 3954/3262/2898 3942/3251/2886
f 3944/3253/2888 3956/3264/2900 3955/3263/2899 3943/3252/2887
f 3945/3254/2889 3957/3265/2901 3956/3264/2900 3944/3253/2888
f 3946/3255/2890 3958/3266/2902 3957/3265/2901 3945/3254/2889
f 3948/3256/2891 3348/1279/2303 3347/4/2306 3947/165/2892
f 3949/3257/2893 3349/1280/2307 3348/1279/2303 3948/3256/2891
f 3950/3258/2894 3350/1281/2309 3349/1280/2307 3949/3257/2893
f 3951/3259/2895 3351/1282/2311 3350/1281/2309 3950/3258/2894
f 3952/3260/2896 3352/1283/2313 3351/1282/2311 3951/3259/2895
f 3953/3261/2897 3353/1284/2315 3352/1283/2313 3952/3260/2896
f 3954/3262/2898 3354/1285/2317 3353/1284/2315 3953/3261/2897
f 3955/3263/2899 3355/1286/2319 3354/1285/2317 3954/3262/2898
f 3956/3264/2900 3356/1287/2321 3355/1286/2319 3955/3263/2899
f 3957/3265/2901 3357/1288/2323 3356/1287/2321 3956/3264/2900
f 3958/3266/2902 3358/1289/2325 3357/1288/2323 3957/3265/2901
f 3960/476/2903 3972/3267/2904 3971/375/2905 3959/24/2906
f 3961/479/2907 3973/3268/2908 3972/3267/2904 3960/476/2903
f 3962/481/2909 3974/3269/2910 3973/3268/2908 3961/479/2907
f 3963/483/2911 3975/3270/2912 3974/3269/2910 3962/481/2909
f 3964/485/2913 3976/3271/2914 3975/3270/2912 3963/483/2911
f 3965/487/2915 3977/3272/2916 3976/3271/2914 3964/485/2913
f 3966/489/2917 3978/3273/2918 3977/3272/2916 3965/487/2915
f 3967/491/2919 3979/3274/2920 3978/3273/2918 3966/489/2917
f 3968/493/2921 3980/3275/2922 3979/3274/2920 3967/491/2919
f 3969/495/2923 3981/3276/2924 3980/3275/2922 3968/493/2921
f 3970/497/2925 3982/3277/2926 3981/3276/2924 3969/495/2923
f 3972/3267/2904 3984/3278/2927 3983/377/2928 3971/375/2905
f 3973/3268/2908 3985/3279/2929 3984/3278/2927 3972/3267/2904
f 3974/3269/2910 3986/3280/2930 3985/3279/2929 3973/3268/2908
f 3975/3270/2912 3987/3281/2931 3986/3280/2930 3974/3269/2910
f 3976/3271/2914 3988/3282/2932 3987/3281/2931 3975/3270/2912
f 3977/3272/2916 3989/3283/2933 3988/3282/2932 3976/3271/2914
f 3978/3273/2918 3990/3284/2934 3989/3283/2933 3977/3272/2916
f 3979/3274/2920 3991/3285/2935 3990/3284/2934 3978/3273/2918
f 3980/3275/2922 3992/3286/2936 3991/3285/2935 3979/3274/2920
f 3981/3276/2924 3993/3287/2937 3992/3286/2936 3980/3275/2922
f 3982/3277/2926 3994/3288/2938 3993/3287/2937 3981/3276/2924
f 3984/3278/2927 3996/3289/2939 3995/380/2940 3983/377/2928
f 3985/3279/2929 3997/3290/2941 3996/3289/2939 3984/3278/2927
f 3986/3280/2930 3998/3291/2942 3997/3290/2941 3985/3279/2929
f 3987/3281/2931 3999/3292/2943 3998/3291/2942 3986/3280/2930
f 3988/3282/2932 4000/3293/2944 3999/3292/2943 3987/3281/2931
f 3989/3283/2933 4001/3294/2945 4000/3293/2944 3988/3282/2932
f 3990/3284/2934 4002/3295/2946 4001/3294/2945 3989/3283/2933
f 3991/3285/2935 4003/3296/2947 4002/3295/2946 3990/3284/2934
f 3992/3286/2936 4004/3297/2948 4003/3296/2947 3991/3285/2935
f 3993/3287/2937 4005/3298/2949 4004/3297/2948 3992/3286/2936
f 3994/3288/2938 4006/3299/2950 4005/3298/2949 3993/3287/2937
f 3996/3289/2939 4008/3300/2951 4007/382/2952 3995/380/2940
f 3997/3290/2941 4009/3301/2953 4008/3300/2951 3996/3289/2939
f 3998/3291/2942 4010/3302/2954 4009/3301/2953 3997/3290/2941
f 3999/3292/2943 4011/3303/2955 4010/3302/2954 3998/3291/2942
f 4000/3293/2944 4012/3304/2956 4011/3303/2955 3999/3292/2943
f 4001/3294/2945 4013/3305/2957 4012/3304/2956 4000/3293/2944
f 4002/3295/2946 4014/3306/2958 4013/3305/2957 4001/3294/2945
f 4003/3296/2947 4015/3307/2959 4014/3306/2958 4002/3295/2946
f 4004/3297/2948 4016/3308/2960 4015/3307/2959 4003/3296/2947
f 4005/3298/2949 4017/3309/2961 4016/3308/2960 4004/3297/2948
f 4006/3299/2950 4018/3310/2962 4017/3309/2961 4005/3298/2949
f 4008/3300/2951 4020/3311/2963 4019/385/2964 4007/382/2952
f 4009/3301/2953 4021/3312/2965 4020/3311/2963 4008/3300/2951
f 4010/3302/2954 4022/3313/2966 4021/3312/2965 4009/3301/2953
f 4011/3303/2955 4023/3314/2967 4022/3313/2966 4010/3302/2954
f 4012/3304/2956 4024/3315/2968 4023/3314/2967 4011/3303/2955
f 4013/3305/2957 4025/3316/2969 4024/3315/2968 4012/3304/2956
f 4014/3306/2958 4026/3317/2970 4025/3316/2969 4013/3305/2957
f 4015/3307/2959 4027/3318/2971 4026/3317/2970 4014/3306/2958
f 4016/3308/2960 4028/3319/2972 4027/3318/2971 4015/3307/2959
f 4017/3309/2961 4029/3320/2973 4028/3319/2972 4016/3308/2960
f 4018/3310/2962 4030/3321/2974 4029/3320/2973 4017/3309/2961
f 4020/3311/2963 4032/3322/2975 4031/381/2976 4019/385/2964
f 4021/3312/2965 4033/3323/2977 4032/3322/2975 4020/3311/2963
f 4022/3313/2966 4034/3324/2978 4033/3323/2977 4021/3312/2965
f 4023/3314/2967 4035/3325/2979 4034/3324/2978 4022/3313/2966
f 4024/3315/2968 4036/3326/2980 4035/3325/2979 4023/3314/2967
f 4025/3316/2969 4037/3327/2981 4036/3326/2980 4024/3315/2968
f 4026/3317/2970 4038/3328/2982 4037/3327/2981 4025/3316/2969
f 4027/3318/2971 4039/3329/2983 4038/3328/2982 4026/3317/2970
f 4028/3319/2972 4040/3330/2984 4039/3329/2983 4027/3318/2971
f 4029/3320/2973 4041/3331/2985 4040/3330/2984 4028/3319/2972
f 4030/3321/2974 4042/3332/2986 4041/3331/2985 4029/3320/2973
f 4032/3322/2975 4044/3333/2987 4043/11/2988 4031/381/2976
f 4033/3323/2977 4045/3334/2989 4044/3333/2987 4032/3322/2975
f 4034/3324/2978 4046/3335/2990 4045/3334/2989 4033/3323/2977
f 4035/3325/2979 4047/3336/2991 4046/3335/2990 4034/3324/2978
f 4036/3326/2980 4048/3337/2992 4047/3336/2991 4035/3325/2979
f 4037/3327/2981 4049/3338/2993 4048/3337/2992 4036/3326/2980
f 4038/3328/2982 4050/3339/2994 4049/3338/2993 4037/3327/2981
f 4039/3329/2983 4051/3340/2995 4050/3339/2994 4038/3328/2982
f 4040/3330/2984 4052/3341/2996 4051/3340/2995 4039/3329/2983
f 4041/3331/2985 4053/3342/2997 4052/3341/2996 4040/3330/2984
f 4042/3332/2986 4054/3343/2998 4053/3342/2997 4041/3331/2985
f 4044/3333/2987 4056/3344/2999 4055/372/3000 4043/11/2988
f 4045/3334/2989 4057/3345/3001 4056/3344/2999 4044/3333/2987
f 4046/3335/2990 4058/3346/3002 4057/3345/3001 4045/3334/2989
f 4047/3336/2991 4059/3347/3003 4058/3346/3002 4046/3335/2990
f 4048/3337/2992 4060/3348/3004 4059/3347/3003 4047/3336/2991
f 4049/3338/2993 4061/3349/3005 4060/3348/3004 4048/3337/2992
f 4050/3339/2994 4062/3350/3006 4061/3349/3005 4049/3338/2993
f 4051/3340/2995 4063/3351/3007 4062/3350/3006 4050/3339/2994
f 4052/3341/2996 4064/3352/3008 4063/3351/3007 4051/3340/2995
f 4053/3342/2997 4065/3353/3009 4064/3352/3008 4052/3341/2996
f 4054/3343/2998 4066/3354/3010 4065/3353/3009 4053/3342/2997
f 4056/3344/2999 4068/3355/3011 4067/358/3012 4055/372/3000
f 4057/3345/3001 4069/3356/3013 4068/3355/3011 4056/3344/2999
f 4058/3346/3002 4070/3357/3014 4069/3356/3013 4057/3345/3001
f 4059/3347/3003 4071/3358/3015 4070/3357/3014 4058/3346/3002
f 4060/3348/3004 4072/3359/3016 4071/3358/3015 4059/3347/3003
f 4061/3349/3005 4073/3360/3017 4072/3359/3016 4060/3348/3004
f 4062/3350/3006 4074/3361/3018 4073/3360/3017 4061/3349/3005
f 4063/3351/3007 4075/3362/3019 4074/3361/3018 4062/3350/3006
f 4064/3352/3008 4076/3363/3020 4075/3362/3019 4063/3351/3007
f 4065/3353/3009 4077/3364/3021 4076/3363/3020 4064/3352/3008
f 4066/3354/3010 4078/3365/3022 4077/3364/3021 4065/3353/3009
f 4068/3355/3011 4080/3366/3023 4079/349/3024 4067/358/3012
f 4069/3356/3013 4081/3367/3025 4080/3366/3023 4068/3355/3011
f 4070/3357/3014 4082/3368/3026 4081/3367/3025 4069/3356/3013
f 4071/3358/3015 4083/3369/3027 4082/3368/3026 4070/3357/3014
f 4072/3359/3016 4084/3370/3028 4083/3369/3027 4071/3358/3015
f 4073/3360/3017 4085/3371/3029 4084/3370/3028 4072/3359/3016
f 4074/3361/3018 4086/3372/3030 4085/3371/3029 4073/3360/3017
f 4075/3362/3019 4087/3373/3031 4086/3372/3030 4074/3361/3018
f 4076/3363/3020 4088/3374/3032 4087/3373/3031 4075/3362/3019
f 4077/3364/3021 4089/3375/3033 4088/3374/3032 4076/3363/3020
f 4078/3365/3022 4090/3376/3034 4089/3375/3033 4077/3364/3021
f 4080/3366/3023 4092/3377/3035 4091/345/3036 4079/349/3024
f 4081/3367/3025 4093/3378/3037 4092/3377/3035 4080/3366/3023
f 4082/3368/3026 4094/3379/3038 4093/3378/3037 4081/3367/3025
f 4083/3369/3027 4095/3380/3039 4094/3379/3038 4082/3368/3026
f 4084/3370/3028 4096/3381/3040 4095/3380/3039 4083/3369/3027
f 4085/3371/3029 4097/3382/3041 4096/3381/3040 4084/3370/3028
f 4086/3372/3030 4098/3383/3042 4097/3382/3041 4085/3371/3029
f 4087/3373/3031 4099/3384/3043 4098/3383/3042 4086/3372/3030
f 4088/3374/3032 4100/3385/3044 4099/3384/3043 4087/3373/3031
f 4089/3375/3033 4101/3386/3045 4100/3385/3044 4088/3374/3032
f 4090/3376/3034 4102/3387/3046 4101/3386/3045 4089/3375/3033
f 4092/3377/3035 4104/3388/3047 4103/340/3048 4091/345/3036
f 4093/3378/3037 4105/3389/3049 4104/3388/3047 4092/3377/3035
f 4094/3379/3038 4106/3390/3050 4105/3389/3049 4093/3378/3037
f 4095/3380/3039 4107/3391/3051 4106/3390/3050 4094/3379/3038
f 4096/3381/3040 4108/3392/3052 4107/3391/3051 4095/3380/3039
f 4097/3382/3041 4109/3393/3053 4108/3392/3052 4096/3381/3040
f 4098/3383/3042 4110/3394/3054 4109/3393/3053 4097/3382/3041
f 4099/3384/3043 4111/3395/3055 4110/3394/3054 4098/3383/3042
f 4100/3385/3044 4112/3396/3056 4111/3395/3055 4099/3384/3043
f 4101/3386/3045 4113/3397/3057 4112/3396/3056 4100/3385/3044
f 4102/3387/3046 4114/3398/3058 4113/3397/3057 4101/3386/3045
f 4104/3388/3047 4116/3399/3059 4115/329/3060 4103/340/3048
f 4105/3389/3049 4117/3400/3061 4116/3399/3059 4104/3388/3047
f 4106/3390/3050 4118/3401/3062 4117/3400/3061 4105/3389/3049
f 4107/3391/3051 4119/3402/3063 4118/3401/3062 4106/3390/3050
f 4108/3392/3052 4120/3403/3064 4119/3402/3063 4107/3391/3051
f 4109/3393/3053 4121/3404/3065 4120/3403/3064 4108/3392/3052
f 4110/3394/3054 4122/3405/3066 4121/3404/3065 4109/3393/3053
f 4111/3395/3055 4123/3406/3067 4122/3405/3066 4110/3394/3054
f 4112/3396/3056 4124/3407/3068 4123/3406/3067 4111/3395/3055
f 4113/3397/3057 4125/3408/3069 4124/3407/3068 4112/3396/3056
f 4114/3398/3058 4126/3409/3070 4125/3408/3069 4113/3397/3057
f 4116/3399/3059 4128/3410/3071 4127/14/3072 4115/329/3060
f 4117/3400/3061 4129/3411/3073 4128/3410/3071 4116/3399/3059
f 4118/3401/3062 4130/3412/3074 4129/3411/3073 4117/3400/3061
f 4119/3402/3063 4131/3413/3075 4130/3412/3074 4118/3401/3062
f 4120/3403/3064 4132/3414/3076 4131/3413/3075 4119/3402/3063
f 4121/3404/3065 4133/3415/3077 4132/3414/3076 4120/3403/3064
f 4122/3405/3066 4134/3416/3078 4133/3415/3077 4121/3404/3065
f 4123/3406/3067 4135/3417/3079 4134/3416/3078 4122/3405/3066
f 4124/3407/3068 4136/3418/3080 4135/3417/3079 4123/3406/3067
f 4125/3408/3069 4137/3419/3081 4136/3418/3080 4124/3407/3068
f 4126/3409/3070 4138/3420/3082 4137/3419/3081 4125/3408/3069
f 4128/3410/3071 4140/3421/3083 4139/311/1488 4127/14/3072
f 4129/3411/3073 4141/3422/3084 4140/3421/3083 4128/3410/3071
f 4130/3412/3074 4142/3423/3085 4141/3422/3084 4129/3411/3073
f 4131/3413/3075 4143/3424/3086 4142/3423/3085 4130/3412/3074
f 4132/3414/3076 4144/3425/3087 4143/3424/3086 4131/3413/3075
f 4133/3415/3077 4145/3426/3088 4144/3425/3087 4132/3414/3076
f 4134/3416/3078 4146/3427/3089 4145/3426/3088 4133/3415/3077
f 4135/3417/3079 4147/3428/3090 4146/3427/3089 4134/3416/3078
f 4136/3418/3080 4148/3429/3091 4147/3428/3090 4135/3417/3079
f 4137/3419/3081 4149/3430/3092 4148/3429/3091 4136/3418/3080
f 4138/3420/3082 4150/3431/1498 4149/3430/3092 4137/3419/3081
f 4140/3421/3083 4152/3432/3093 4151/307/3094 4139/311/1488
f 4141/3422/3084 4153/3433/3095 4152/3432/3093 4140/3421/3083
f 4142/3423/3085 4154/3434/3096 4153/3433/3095 4141/3422/3084
f 4143/3424/3086 4155/3435/3097 4154/3434/3096 4142/3423/3085
f 4144/3425/3087 4156/3436/3098 4155/3435/3097 4143/3424/3086
f 4145/3426/3088 4157/3437/3099 4156/3436/3098 4144/3425/3087
f 4146/3427/3089 4158/3438/3100 4157/3437/3099 4145/3426/3088
f 4147/3428/3090 4159/3439/3101 4158/3438/3100 4146/3427/3089
f 4148/3429/3091 4160/3440/3102 4159/3439/3101 4147/3428/3090
f 4149/3430/3092 4161/3441/3103 4160/3440/3102 4148/3429/3091
f 4150/3431/1498 4162/3442/3104 4161/3441/3103 4149/3430/3092
f 4152/3432/3093 4164/3443/3105 4163/302/3106 4151/307/3094
f 4153/3433/3095 4165/3444/3107 4164/3443/3105 4152/3432/3093
f 4154/3434/3096 4166/3445/3108 4165/3444/3107 4153/3433/3095
f 4155/3435/3097 4167/3446/3109 4166/3445/3108 4154/3434/3096
f 4156/3436/3098 4168/3447/3110 4167/3446/3109 4155/3435/3097
f 4157/3437/3099 4169/3448/3111 4168/3447/3110 4156/3436/3098
f 4158/3438/3100 4170/3449/3112 4169/3448/3111 4157/3437/3099
f 4159/3439/3101 4171/3450/3113 4170/3449/3112 4158/3438/3100
f 4160/3440/3102 4172/3451/3114 4171/3450/3113 4159/3439/3101
f 4161/3441/3103 4173/3452/3115 4172/3451/3114 4160/3440/3102
f 4162/3442/3104 4174/3453/3116 4173/3452/3115 4161/3441/3103
f 4164/3443/3105 4176/3454/3117 4175/303/3118 4163/302/3106
f 4165/3444/3107 4177/3455/3119 4176/3454/3117 4164/3443/3105
f 4166/3445/3108 4178/3456/3120 4177/3455/3119 4165/3444/3107
f 4167/3446/3109 4179/3457/3121 4178/3456/3120 4166/3445/3108
f 4168/3447/3110 4180/3458/3122 4179/3457/3121 4167/3446/3109
f 4169/3448/3111 4181/3459/3123 4180/3458/3122 4168/3447/3110
f 4170/3449/3112 4182/3460/3124 4181/3459/3123 4169/3448/3111
f 4171/3450/3113 4183/3461/3125 4182/3460/3124 4170/3449/3112
f 4172/3451/3114 4184/3462/3126 4183/3461/3125 4171/3450/3113
f 4173/3452/3115 4185/3463/3127 4184/3462/3126 4172/3451/3114
f 4174/3453/3116 4186/3464/3128 4185/3463/3127 4173/3452/3115
f 4176/3454/3117 4188/3465/3129 4187/306/3130 4175/303/3118
f 4177/3455/3119 4189/3466/3131 4188/3465/3129 4176/3454/3117
f 4178/3456/3120 4190/3467/3132 4189/3466/3131 4177/3455/3119
f 4179/3457/3121 4191/3468/3133 4190/3467/3132 4178/3456/3120
f 4180/3458/3122 4192/3469/3134 4191/3468/3133 4179/3457/3121
f 4181/3459/3123 4193/3470/3135 4192/3469/3134 4180/3458/3122
f 4182/3460/3124 4194/3471/3136 4193/3470/3135 4181/3459/3123
f 4183/3461/3125 4195/3472/3137 4194/3471/3136 4182/3460/3124
f 4184/3462/3126 4196/3473/3138 4195/3472/3137 4183/3461/3125
f 4185/3463/3127 4197/3474/3139 4196/3473/3138 4184/3462/3126
f 4186/3464/3128 4198/3475/3140 4197/3474/3139 4185/3463/3127
f 4188/3465/3129 4200/3476/3141 4199/310/3142 4187/306/3130
f 4189/3466/3131 4201/3477/3143 4200/3476/3141 4188/3465/3129
f 4190/3467/3132 4202/3478/3144 4201/3477/3143 4189/3466/3131
f 4191/3468/3133 4203/3479/3145 4202/3478/3144 4190/3467/3132
f 4192/3469/3134 4204/3480/3146 4203/3479/3145 4191/3468/3133
f 4193/3470/3135 4205/3481/3147 4204/3480/3146 4192/3469/3134
f 4194/3471/3136 4206/3482/3148 4205/3481/3147 4193/3470/3135
f 4195/3472/3137 4207/3483/3149 4206/3482/3148 4194/3471/3136
f 4196/3473/3138 4208/3484/3150 4207/3483/3149 4195/3472/3137
f 4197/3474/3139 4209/3485/3151 4208/3484/3150 4196/3473/3138
f 4198/3475/3140 4210/3486/3152 4209/3485/3151 4197/3474/3139
f 4200/3476/3141 4212/3487/3153 4211/54/3154 4199/310/3142
f 4201/3477/3143 4213/3488/3155 4212/3487/3153 4200/3476/3141
f 4202/3478/3144 4214/3489/3156 4213/3488/3155 4201/3477/3143
f 4203/3479/3145 4215/3490/3157 4214/3489/3156 4202/3478/3144
f 4204/3480/3146 4216/3491/3158 4215/3490/3157 4203/3479/3145
f 4205/3481/3147 4217/3492/3159 4216/3491/3158 4204/3480/3146
f 4206/3482/3148 4218/3493/3160 4217/3492/3159 4205/3481/3147
f 4207/3483/3149 4219/3494/3161 4218/3493/3160 4206/3482/3148
f 4208/3484/3150 4220/3495/3162 4219/3494/3161 4207/3483/3149
f 4209/3485/3151 4221/3496/3163 4220/3495/3162 4208/3484/3150
f 4210/3486/3152 4222/3497/3164 4221/3496/3163 4209/3485/3151
f 4212/3487/3153 4224/3498/3165 4223/330/3166 4211/54/3154
f 4213/3488/3155 4225/3499/3167 4224/3498/3165 4212/3487/3153
f 4214/3489/3156 4226/3500/3168 4225/3499/3167 4213/3488/3155
f 4215/3490/3157 4227/3501/3169 4226/3500/3168 4214/3489/3156
f 4216/3491/3158 4228/3502/3170 4227/3501/3169 4215/3490/3157
f 4217/3492/3159 4229/3503/3171 4228/3502/3170 4216/3491/3158
f 4218/3493/3160 4230/3504/3172 4229/3503/3171 4217/3492/3159
f 4219/3494/3161 4231/3505/3173 4230/3504/3172 4218/3493/3160
f 4220/3495/3162 4232/3506/3174 4231/3505/3173 4219/3494/3161
f 4221/3496/3163 4233/3507/3175 4232/3506/3174 4220/3495/3162
f 4222/3497/3164 4234/3508/3176 4233/3507/3175 4221/3496/3163
f 4224/3498/3165 4236/3509/3177 4235/342/3178 4223/330/3166
f 4225/3499/3167 4237/3510/3179 4236/3509/3177 4224/3498/3165
f 4226/3500/3168 4238/3511/3180 4237/3510/3179 4225/3499/3167
f 4227/3501/3169 4239/3512/3181 4238/3511/3180 4226/3500/3168
f 4228/3502/3170 4240/3513/3182 4239/3512/3181 4227/3501/3169
f 4229/3503/3171 4241/3514/3183 4240/3513/3182 4228/3502/3170
f 4230/3504/3172 4242/3515/3184 4241/3514/3183 4229/3503/3171
f 4231/3505/3173 4243/3516/3185 4242/3515/3184 4230/3504/3172
f 4232/3506/3174 4244/3517/3186 4243/3516/3185 4231/3505/3173
f 4233/3507/3175 4245/3518/3187 4244/3517/3186 4232/3506/3174
f 4234/3508/3176 4246/3519/3188 4245/3518/3187 4233/3507/3175
f 4236/3509/3177 4248/3520/3189 4247/346/3190 4235/342/3178
f 4237/3510/3179 4249/3521/3191 4248/3520/3189 4236/3509/3177
f 4238/3511/3180 4250/3522/3192 4249/3521/3191 4237/3510/3179
f 4239/3512/3181 4251/3523/3193 4250/3522/3192 4238/3511/3180
f 4240/3513/3182 4252/3524/3194 4251/3523/3193 4239/3512/3181
f 4241/3514/3183 4253/3525/3195 4252/3524/3194 4240/3513/3182
f 4242/3515/3184 4254/3526/3196 4253/3525/3195 4241/3514/3183
f 4243/3516/3185 4255/3527/3197 4254/3526/3196 4242/3515/3184
f 4244/3517/3186 4256/3528/3198 4255/3527/3197 4243/3516/3185
f 4245/3518/3187 4257/3529/3199 4256/3528/3198 4244/3517/3186
f 4246/3519/3188 4258/3530/3200 4257/3529/3199 4245/3518/3187
f 4248/3520/3189 4260/3531/3201 4259/347/3202 4247/346/3190
f 4249/3521/3191 4261/3532/3203 4260/3531/3201 4248/3520/3189
f 4250/3522/3192 4262/3533/3204 4261/3532/3203 4249/3521/3191
f 4251/3523/3193 4263/3534/3205 4262/3533/3204 4250/3522/3192
f 4252/3524/3194 4264/3535/3206 4263/3534/3205 4251/3523/3193
f 4253/3525/3195 4265/3536/3207 4264/3535/3206 4252/3524/3194
f 4254/3526/3196 4266/3537/3208 4265/3536/3207 4253/3525/3195
f 4255/3527/3197 4267/3538/3209 4266/3537/3208 4254/3526/3196
f 4256/3528/3198 4268/3539/3210 4267/3538/3209 4255/3527/3197
f 4257/3529/3199 4269/3540/3211 4268/3539/3210 4256/3528/3198
f 4258/3530/3200 4270/3541/3212 4269/3540/3211 4257/3529/3199
f 4260/3531/3201 4272/3542/3213 4271/350/3214 4259/347/3202
f 4261/3532/3203 4273/3543/3215 4272/3542/3213 4260/3531/3201
f 4262/3533/3204 4274/3544/3216 4273/3543/3215 4261/3532/3203
f 4263/3534/3205 4275/3545/3217 4274/3544/3216 4262/3533/3204
f 4264/3535/3206 4276/3546/3218 4275/3545/3217 4263/3534/3205
f 4265/3536/3207 4277/3547/3219 4276/3546/3218 4264/3535/3206
f 4266/3537/3208 4278/3548/3220 4277/3547/3219 4265/3536/3207
f 4267/3538/3209 4279/3549/3221 4278/3548/3220 4266/3537/3208
f 4268/3539/3210 4280/3550/3222 4279/3549/3221 4267/3538/3209
f 4269/3540/3211 4281/3551/3223 4280/3550/3222 4268/3539/3210
f 4270/3541/3212 4282/3552/3224 4281/3551/3223 4269/3540/3211
f 4272/3542/3213 4284/3553/3225 4283/356/3226 4271/350/3214
f 4273/3543/3215 4285/3554/3227 4284/3553/3225 4272/3542/3213
f 4274/3544/3216 4286/3555/3228 4285/3554/3227 4273/3543/3215
f 4275/3545/3217 4287/3556/3229 4286/3555/3228 4274/3544/3216
f 4276/3546/3218 4288/3557/3230 4287/3556/3229 4275/3545/3217
f 4277/3547/3219 4289/3558/3231 4288/3557/3230 4276/3546/3218
f 4278/3548/3220 4290/3559/3232 4289/3558/3231 4277/3547/3219
f 4279/3549/3221 4291/3560/3233 4290/3559/3232 4278/3548/3220
f 4280/3550/3222 4292/3561/3234 4291/3560/3233 4279/3549/3221
f 4281/3551/3223 4293/3562/3235 4292/3561/3234 4280/3550/3222
f 4282/3552/3224 4294/3563/3236 4293/3562/3235 4281/3551/3223
f 4284/3553/3225 4296/3564/3237 4295/46/3238 4283/356/3226
f 4285/3554/3227 4297/3565/3239 4296/3564/3237 4284/3553/3225
f 4286/3555/3228 4298/3566/3240 4297/3565/3239 4285/3554/3227
f 4287/3556/3229 4299/3567/3241 4298/3566/3240 4286/3555/3228
f 4288/3557/3230 4300/3568/3242 4299/3567/3241 4287/3556/3229
f 4289/3558/3231 4301/3569/3243 4300/3568/3242 4288/3557/3230
f 4290/3559/3232 4302/3570/3244 4301/3569/3243 4289/3558/3231
f 4291/3560/3233 4303/3571/3245 4302/3570/3244 4290/3559/3232
f 4292/3561/3234 4304/3572/3246 4303/3571/3245 4291/3560/3233
f 4293/3562/3235 4305/3573/3247 4304/3572/3246 4292/3561/3234
f 4294/3563/3236 4306/3574/3248 4305/3573/3247 4293/3562/3235
f 4296/3564/3237 4308/3575/3249 4307/367/3250 4295/46/3238
f 4297/3565/3239 4309/3576/3251 4308/3575/3249 4296/3564/3237
f 4298/3566/3240 4310/3577/3252 4309/3576/3251 4297/3565/3239
f 4299/3567/3241 4311/3578/3253 4310/3577/3252 4298/3566/3240
f 4300/3568/3242 4312/3579/3254 4311/3578/3253 4299/3567/3241
f 4301/3569/3243 4313/3580/3255 4312/3579/3254 4300/3568/3242
f 4302/3570/3244 4314/3581/3256 4313/3580/3255 4301/3569/3243
f 4303/3571/3245 4315/3582/3257 4314/3581/3256 4302/3570/3244
f 4304/3572/3246 4316/3583/3258 4315/3582/3257 4303/3571/3245
f 4305/3573/3247 4317/3584/3259 4316/3583/3258 4304/3572/3246
f 4306/3574/3248 4318/3585/3260 4317/3584/3259 4305/3573/3247
f 4308/3575/3249 4320/3586/3261 4319/371/3262 4307/367/3250
f 4309/3576/3251 4321/3587/3263 4320/3586/3261 4308/3575/3249
f 4310/3577/3252 4322/3588/3264 4321/3587/3263 4309/3576/3251
f 4311/3578/3253 4323/3589/3265 4322/3588/3264 4310/3577/3252
f 4312/3579/3254 4324/3590/3266 4323/3589/3265 4311/3578/3253
f 4313/3580/3255 4325/3591/3267 4324/3590/3266 4312/3579/3254
f 4314/3581/3256 4326/3592/3268 4325/3591/3267 4313/3580/3255
f 4315/3582/3257 4327/3593/3269 4326/3592/3268 4314/3581/3256
f 4316/3583/3258 4328/3594/3270 4327/3593/3269 4315/3582/3257
f 4317/3584/3259 4329/3595/3271 4328/3594/3270 4316/3583/3258
f 4318/3585/3260 4330/3596/3272 4329/3595/3271 4317/3584/3259
f 4320/3586/3261 4332/3597/3273 4331/369/3274 4319/371/3262
f 4321/3587/3263 4333/3598/3275 4332/3597/3273 4320/3586/3261
f 4322/3588/3264 4334/3599/3276 4333/3598/3275 4321/3587/3263
f 4323/3589/3265 4335/3600/3277 4334/3599/3276 4322/3588/3264
f 4324/3590/3266 4336/3601/3278 4335/3600/3277 4323/3589/3265
f 4325/3591/3267 4337/3602/3279 4336/3601/3278 4324/3590/3266
f 4326/3592/3268 4338/3603/3280 4337/3602/3279 4325/3591/3267
f 4327/3593/3269 4339/3604/3281 4338/3603/3280 4326/3592/3268
f 4328/3594/3270 4340/3605/3282 4339/3604/3281 4327/3593/3269
f 4329/3595/3271 4341/3606/3283 4340/3605/3282 4328/3594/3270
f 4330/3596/3272 4342/3607/3284 4341/3606/3283 4329/3595/3271
f 4332/3597/3273 4344/3608/3285 4343/366/3286 4331/369/3274
f 4333/3598/3275 4345/3609/3287 4344/3608/3285 4332/3597/3273
f 4334/3599/3276 4346/3610/3288 4345/3609/3287 4333/3598/3275
f 4335/3600/3277 4347/3611/3289 4346/3610/3288 4334/3599/3276
f 4336/3601/3278 4348/3612/3290 4347/3611/3289 4335/3600/3277
f 4337/3602/3279 4349/3613/3291 4348/3612/3290 4336/3601/3278
f 4338/3603/3280 4350/3614/3292 4349/3613/3291 4337/3602/3279
f 4339/3604/3281 4351/3615/3293 4350/3614/3292 4338/3603/3280
f 4340/3605/3282 4352/3616/3294 4351/3615/3293 4339/3604/3281
f 4341/3606/3283 4353/3617/3295 4352/3616/3294 4340/3605/3282
f 4342/3607/3284 4354/3618/3296 4353/3617/3295 4341/3606/3283
f 4344/3608/3285 4356/3619/3297 4355/362/3298 4343/366/3286
f 4345/3609/3287 4357/3620/3299 4356/3619/3297 4344/3608/3285
f 4346/3610/3288 4358/3621/3300 4357/3620/3299 4345/3609/3287
f 4347/3611/3289 4359/3622/3301 4358/3621/3300 4346/3610/3288
f 4348/3612/3290 4360/3623/3302 4359/3622/3301 4347/3611/3289
f 4349/3613/3291 4361/3624/3303 4360/3623/3302 4348/3612/3290
f 4350/3614/3292 4362/3625/3304 4361/3624/3303 4349/3613/3291
f 4351/3615/3293 4363/3626/3305 4362/3625/3304 4350/3614/3292
f 4352/3616/3294 4364/3627/3306 4363/3626/3305 4351/3615/3293
f 4353/3617/3295 4365/3628/3307 4364/3627/3306 4352/3616/3294
f 4354/3618/3296 4366/3629/3308 4365/3628/3307 4353/3617/3295
f 4356/3619/3297 4368/3630/3309 4367/360/3310 4355/362/3298
f 4357/3620/3299 4369/3631/3311 4368/3630/3309 4356/3619/3297
f 4358/3621/3300 4370/3632/3312 4369/3631/3311 4357/3620/3299
f 4359/3622/3301 4371/3633/3313 4370/3632/3312 4358/3621/3300
f 4360/3623/3302 4372/3634/3314 4371/3633/3313 4359/3622/3301
f 4361/3624/3303 4373/3635/3315 4372/3634/3314 4360/3623/3302
f 4362/3625/3304 4374/3636/3316 4373/3635/3315 4361/3624/3303
f 4363/3626/3305 4375/3637/3317 4374/3636/3316 4362/3625/3304
f 4364/3627/3306 4376/3638/3318 4375/3637/3317 4363/3626/3305
f 4365/3628/3307 4377/3639/3319 4376/3638/3318 4364/3627/3306
f 4366/3629/3308 4378/3640/3320 4377/3639/3319 4365/3628/3307
f 4368/3630/3309 4380/3641/3321 4379/38/3322 4367/360/3310
f 4369/3631/3311 4381/3642/3323 4380/3641/3321 4368/3630/3309
f 4370/3632/3312 4382/3643/3324 4381/3642/3323 4369/3631/3311
f 4371/3633/3313 4383/3644/3325 4382/3643/3324 4370/3632/3312
f 4372/3634/3314 4384/3645/3326 4383/3644/3325 4371/3633/3313
f 4373/3635/3315 4385/3646/3327 4384/3645/3326 4372/3634/3314
f 4374/3636/3316 4386/3647/3328 4385/3646/3327 4373/3635/3315
f 4375/3637/3317 4387/3648/3329 4386/3647/3328 4374/3636/3316
f 4376/3638/3318 4388/3649/3330 4387/3648/3329 4375/3637/3317
f 4377/3639/3319 4389/3650/3331 4388/3649/3330 4376/3638/3318
f 4378/3640/3320 4390/3651/3332 4389/3650/3331 4377/3639/3319
f 4380/3641/3321 4392/3652/3333 4391/355/3334 4379/38/3322
f 4381/3642/3323 4393/3653/3335 4392/3652/3333 4380/3641/3321
f 4382/3643/3324 4394/3654/3336 4393/3653/3335 4381/3642/3323
f 4383/3644/3325 4395/3655/3337 4394/3654/3336 4382/3643/3324
f 4384/3645/3326 4396/3656/3338 4395/3655/3337 4383/3644/3325
f 4385/3646/3327 4397/3657/3339 4396/3656/3338 4384/3645/3326
f 4386/3647/3328 4398/3658/3340 4397/3657/3339 4385/3646/3327
f 4387/3648/3329 4399/3659/3341 4398/3658/3340 4386/3647/3328
f 4388/3649/3330 4400/3660/3342 4399/3659/3341 4387/3648/3329
f 4389/3650/3331 4401/3661/3343 4400/3660/3342 4388/3649/3330
f 4390/3651/3332 4402/3662/3344 4401/3661/3343 4389/3650/3331
f 4392/3652/3333 4404/3663/3345 4403/339/3346 4391/355/3334
f 4393/3653/3335 4405/3664/3347 4404/3663/3345 4392/3652/3333
f 4394/3654/3336 4406/3665/3348 4405/3664/3347 4393/3653/3335
f 4395/3655/3337 4407/3666/3349 4406/3665/3348 4394/3654/3336
f 4396/3656/3338 4408/3667/3350 4407/3666/3349 4395/3655/3337
f 4397/3657/3339 4409/3668/3351 4408/3667/3350 4396/3656/3338
f 4398/3658/3340 4410/3669/3352 4409/3668/3351 4397/3657/3339
f 4399/3659/3341 4411/3670/3353 4410/3669/3352 4398/3658/3340
f 4400/3660/3342 4412/3671/3354 4411/3670/3353 4399/3659/3341
f 4401/3661/3343 4413/3672/3355 4412/3671/3354 4400/3660/3342
f 4402/3662/3344 4414/3673/3356 4413/3672/3355 4401/3661/3343
f 4404/3663/3345 4416/3674/3357 4415/333/3358 4403/339/3346
f 4405/3664/3347 4417/3675/3359 4416/3674/3357 4404/3663/3345
f 4406/3665/3348 4418/3676/3360 4417/3675/3359 4405/3664/3347
f 4407/3666/3349 4419/3677/3361 4418/3676/3360 4406/3665/3348
f 4408/3667/3350 4420/3678/3362 4419/3677/3361 4407/3666/3349
f 4409/3668/3351 4421/3679/3363 4420/3678/3362 4408/3667/3350
f 4410/3669/3352 4422/3680/3364 4421/3679/3363 4409/3668/3351
f 4411/3670/3353 4423/3681/3365 4422/3680/3364 4410/3669/3352
f 4412/3671/3354 4424/3682/3366 4423/3681/3365 4411/3670/3353
f 4413/3672/3355 4425/3683/3367 4424/3682/3366 4412/3671/3354
f 4414/3673/3356 4426/3684/3368 4425/3683/3367 4413/3672/3355
f 4416/3674/3357 4428/3685/3369 4427/328/3370 4415/333/3358
f 4417/3675/3359 4429/3686/3371 4428/3685/3369 4416/3674/3357
f 4418/3676/3360 4430/3687/3372 4429/3686/3371 4417/3675/3359
f 4419/3677/3361 4431/3688/3373 4430/3687/3372 4418/3676/3360
f 4420/3678/3362 4432/3689/3374 4431/3688/3373 4419/3677/3361
f 4421/3679/3363 4433/3690/3375 4432/3689/3374 4420/3678/3362
f 4422/3680/3364 4434/3691/3376 4433/3690/3375 4421/3679/3363
f 4423/3681/3365 4435/3692/3377 4434/3691/3376 4422/3680/3364
f 4424/3682/3366 4436/3693/3378 4435/3692/3377 4423/3681/3365
f 4425/3683/3367 4437/3694/3379 4436/3693/3378 4424/3682/3366
f 4426/3684/3368 4438/3695/3380 4437/3694/3379 4425/3683/3367
f 4428/3685/3369 4440/3696/3381 4439/325/3382 4427/328/3370
f 4429/3686/3371 4441/3697/3383 4440/3696/3381 4428/3685/3369
f 4430/3687/3372 4442/3698/3384 4441/3697/3383 4429/3686/3371
f 4431/3688/3373 4443/3699/3385 4442/3698/3384 4430/3687/3372
f 4432/3689/3374 4444/3700/3386 4443/3699/3385 4431/3688/3373
f 4433/3690/3375 4445/3701/3387 4444/3700/3386 4432/3689/3374
f 4434/3691/3376 4446/3702/3388 4445/3701/3387 4433/3690/3375
f 4435/3692/3377 4447/3703/3389 4446/3702/3388 4434/3691/3376
f 4436/3693/3378 4448/3704/3390 4447/3703/3389 4435/3692/3377
f 4437/3694/3379 4449/3705/3391 4448/3704/3390 4436/3693/3378
f 4438/3695/3380 4450/3706/3392 4449/3705/3391 4437/3694/3379
f 4440/3696/3381 4452/3707/3393 4451/319/3394 4439/325/3382
f 4441/3697/3383 4453/3708/3395 4452/3707/3393 4440/3696/3381
f 4442/3698/3384 4454/3709/3396 4453/3708/3395 4441/3697/3383
f 4443/3699/3385 4455/3710/3397 4454/3709/3396 4442/3698/3384
f 4444/3700/3386 4456/3711/3398 4455/3710/3397 4443/3699/3385
f 4445/3701/3387 4457/3712/3399 4456/3711/3398 4444/3700/3386
f 4446/3702/3388 4458/3713/3400 4457/3712/3399 4445/3701/3387
f 4447/3703/3389 4459/3714/3401 4458/3713/3400 4446/3702/3388
f 4448/3704/3390 4460/3715/3402 4459/3714/3401 4447/3703/3389
f 4449/3705/3391 4461/3716/3403 4460/3715/3402 4448/3704/3390
f 4450/3706/3392 4462/3717/3404 4461/3716/3403 4449/3705/3391
f 4452/3707/3393 4464/3718/3405 4463/30/3406 4451/319/3394
f 4453/3708/3395 4465/3719/3407 4464/3718/3405 4452/3707/3393
f 4454/3709/3396 4466/3720/3408 4465/3719/3407 4453/3708/3395
f 4455/3710/3397 4467/3721/3409 4466/3720/3408 4454/3709/3396
f 4456/3711/3398 4468/3722/3410 4467/3721/3409 4455/3710/3397
f 4457/3712/3399 4469/3723/3411 4468/3722/3410 4456/3711/3398
f 4458/3713/3400 4470/3724/3412 4469/3723/3411 4457/3712/3399
f 4459/3714/3401 4471/3725/3413 4470/3724/3412 4458/3713/3400
f 4460/3715/3402 4472/3726/3414 4471/3725/3413 4459/3714/3401
f 4461/3716/3403 4473/3727/3415 4472/3726/3414 4460/3715/3402
f 4462/3717/3404 4474/3728/3416 4473/3727/3415 4461/3716/3403
f 4464/3718/3405 4476/3729/3417 4475/315/3418 4463/30/3406
f 4465/3719/3407 4477/3730/3419 4476/3729/3417 4464/3718/3405
f 4466/3720/3408 4478/3731/3420 4477/3730/3419 4465/3719/3407
f 4467/3721/3409 4479/3732/3421 4478/3731/3420 4466/3720/3408
f 4468/3722/3410 4480/3733/3422 4479/3732/3421 4467/3721/3409
f 4469/3723/3411 4481/3734/3423 4480/3733/3422 4468/3722/3410
f 4470/3724/3412 4482/3735/3424 4481/3734/3423 4469/3723/3411
f 4471/3725/3413 4483/3736/3425 4482/3735/3424 4470/3724/3412
f 4472/3726/3414 4484/3737/3426 4483/3736/3425 4471/3725/3413
f 4473/3727/3415 4485/3738/3427 4484/3737/3426 4472/3726/3414
f 4474/3728/3416 4486/3739/3428 4485/3738/3427 4473/3727/3415
f 4476/3729/3417 4488/3740/3429 4487/318/3430 4475/315/3418
f 4477/3730/3419 4489/3741/3431 4488/3740/3429 4476/3729/3417
f 4478/3731/3420 4490/3742/3432 4489/3741/3431 4477/3730/3419
f 4479/3732/3421 4491/3743/3433 4490/3742/3432 4478/3731/3420
f 4480/3733/3422 4492/3744/3434 4491/3743/3433 4479/3732/3421
f 4481/3734/3423 4493/3745/3435 4492/3744/3434 4480/3733/3422
f 4482/3735/3424 4494/3746/3436 4493/3745/3435 4481/3734/3423
f 4483/3736/3425 4495/3747/3437 4494/3746/3436 4482/3735/3424
f 4484/3737/3426 4496/3748/3438 4495/3747/3437 4483/3736/3425
f 4485/3738/3427 4497/3749/3439 4496/3748/3438 4484/3737/3426
f 4486/3739/3428 4498/3750/3440 4497/3749/3439 4485/3738/3427
f 4488/3740/3429 4500/3751/3441 4499/324/3442 4487/318/3430
f 4489/3741/3431 4501/3752/3443 4500/3751/3441 4488/3740/3429
f 4490/3742/3432 4502/3753/3444 4501/3752/3443 4489/3741/3431
f 4491/3743/3433 4503/3754/3445 4502/3753/3444 4490/3742/3432
f 4492/3744/3434 4504/3755/3446 4503/3754/3445 4491/3743/3433
f 4493/3745/3435 4505/3756/3447 4504/3755/3446 4492/3744/3434
f 4494/3746/3436 4506/3757/3448 4505/3756/3447 4493/3745/3435
f 4495/3747/3437 4507/3758/3449 4506/3757/3448 4494/3746/3436
f 4496/3748/3438 4508/3759/3450 4507/3758/3449 4495/3747/3437
f 4497/3749/3439 4509/3760/3451 4508/3759/3450 4496/3748/3438
f 4498/3750/3440 4510/3761/3452 4509/3760/3451 4497/3749/3439
f 4500/3751/3441 4512/3762/3453 4511/327/3454 4499/324/3442
f 4501/3752/3443 4513/3763/3455 4512/3762/3453 4500/3751/3441
f 4502/3753/3444 4514/3764/3456 4513/3763/3455 4501/3752/3443
f 4503/3754/3445 4515/3765/3457 4514/3764/3456 4502/3753/3444
f 4504/3755/3446 4516/3766/3458 4515/3765/3457 4503/3754/3445
f 4505/3756/3447 4517/3767/3459 4516/3766/3458 4504/3755/3446
f 4506/3757/3448 4518/3768/3460 4517/3767/3459 4505/3756/3447
f 4507/3758/3449 4519/3769/3461 4518/3768/3460 4506/3757/3448
f 4508/3759/3450 4520/3770/3462 4519/3769/3461 4507/3758/3449
f 4509/3760/3451 4521/3771/3463 4520/3770/3462 4508/3759/3450
f 4510/3761/3452 4522/3772/3464 4521/3771/3463 4509/3760/3451
f 4512/3762/3453 4524/3773/3465 4523/332/3466 4511/327/3454
f 4513/3763/3455 4525/3774/3467 4524/3773/3465 4512/3762/3453
f 4514/3764/3456 4526/3775/3468 4525/3774/3467 4513/3763/3455
f 4515/3765/3457 4527/3776/3469 4526/3775/3468 4514/3764/3456
f 4516/3766/3458 4528/3777/3470 4527/3776/3469 4515/3765/3457
f 4517/3767/3459 4529/3778/3471 4528/3777/3470 4516/3766/3458
f 4518/3768/3460 4530/3779/3472 4529/3778/3471 4517/3767/3459
f 4519/3769/3461 4531/3780/3473 4530/3779/3472 4518/3768/3460
f 4520/3770/3462 4532/3781/3474 4531/3780/3473 4519/3769/3461
f 4521/3771/3463 4533/3782/3475 4532/3781/3474 4520/3770/3462
f 4522/3772/3464 4534/3783/3476 4533/3782/3475 4521/3771/3463
f 4524/3773/3465 4536/3784/3477 4535/338/3478 4523/332/3466
f 4525/3774/3467 4537/3785/3479 4536/3784/3477 4524/3773/3465
f 4526/3775/3468 4538/3786/3480 4537/3785/3479 4525/3774/3467
f 4527/3776/3469 4539/3787/3481 4538/3786/3480 4526/3775/3468
f 4528/3777/3470 4540/3788/3482 4539/3787/3481 4527/3776/3469
f 4529/3778/3471 4541/3789/3483 4540/3788/3482 4528/3777/3470
f 4530/3779/3472 4542/3790/3484 4541/3789/3483 4529/3778/3471
f 4531/3780/3473 4543/3791/3485 4542/3790/3484 4530/3779/3472
f 4532/3781/3474 4544/3792/3486 4543/3791/3485 4531/3780/3473
f 4533/3782/3475 4545/3793/3487 4544/3792/3486 4532/3781/3474
f 4534/3783/3476 4546/3794/3488 4545/3793/3487 4533/3782/3475
f 4536/3784/3477 3960/1279/2903 3959/4/2906 4535/338/3478
f 4537/3785/3479 3961/1280/2907 3960/1279/2903 4536/3784/3477
f 4538/3786/3480 3962/1281/2909 3961/1280/2907 4537/3785/3479
f 4539/3787/3481 3963/1282/2911 3962/1281/2909 4538/3786/3480
f 4540/3788/3482 3964/1283/2913 3963/1282/2911 4539/3787/3481
f 4541/3789/3483 3965/1284/2915 3964/1283/2913 4540/3788/3482
f 4542/3790/3484 3966/1285/2917 3965/1284/2915 4541/3789/3483
f 4543/3791/3485 3967/1286/2919 3966/1285/2917 4542/3790/3484
f 4544/3792/3486 3968/1287/2921 3967/1286/2919 4543/3791/3485
f 4545/3793/3487 3969/1288/2923 3968/1287/2921 4544/3792/3486
f 4546/3794/3488 3970/1289/2925 3969/1288/2923 4545/3793/3487
f 4548/476/766 4560/3795/778 4559/9/779 4547/24/767
f 4549/479/768 4561/3796/780 4560/3795/778 4548/476/766
f 4550/481/769 4562/3797/781 4561/3796/780 4549/479/768
f 4551/483/770 4563/3798/782 4562/3797/781 4550/481/769
f 4552/485/771 4564/3799/783 4563/3798/782 4551/483/770
f 4553/487/772 4565/3800/3489 4564/3799/783 4552/485/771
f 4554/489/773 4566/3801/785 4565/3800/3489 4553/487/772
f 4555/491/774 4567/3802/786 4566/3801/785 4554/489/773
f 4556/493/775 4568/3803/787 4567/3802/786 4555/491/774
f 4557/495/776 4569/3804/788 4568/3803/787 4556/493/775
f 4558/497/777 4570/3805/789 4569/3804/788 4557/495/776
f 4560/3795/778 4572/2008/3490 4571/53/1104 4559/9/779
f 4561/3796/780 4573/2009/2881 4572/2008/3490 4560/3795/778
f 4562/3797/781 4574/2010/2882 4573/2009/2881 4561/3796/780
f 4563/3798/782 4575/2011/2883 4574/2010/2882 4562/3797/781
f 4564/3799/783 4576/2012/2884 4575/2011/2883 4563/3798/782
f 4565/3800/3489 4577/2013/2885 4576/2012/2884 4564/3799/783
f 4566/3801/785 4578/2014/2886 4577/2013/2885 4565/3800/3489
f 4567/3802/786 4579/2015/2887 4578/2014/2886 4566/3801/785
f 4568/3803/787 4580/2016/2888 4579/2015/2887 4567/3802/786
f 4569/3804/788 4581/2017/2889 4580/2016/2888 4568/3803/787
f 4570/3805/789 4582/2018/2890 4581/2017/2889 4569/3804/788
f 4572/2008/3490 4584/3806/755 4583/36/744 4571/53/1104
f 4573/2009/2881 4585/3807/756 4584/3806/755 4572/2008/3490
f 4574/2010/2882 4586/3808/3491 4585/3807/756 4573/2009/2881
f 4575/2011/2883 4587/3809/758 4586/3808/3491 4574/2010/2882
f 4576/2012/2884 4588/3810/3492 4587/3809/758 4575/2011/2883
f 4577/2013/2885 4589/3811/3493 4588/3810/3492 4576/2012/2884
f 4578/2014/2886 4590/3812/761 4589/3811/3493 4577/2013/2885
f 4579/2015/2887 4591/3813/762 4590/3812/761 4578/2014/2886
f 4580/2016/2888 4592/3814/763 4591/3813/762 4579/2015/2887
f 4581/2017/2889 4593/3815/764 4592/3814/763 4580/2016/2888
f 4582/2018/2890 4594/3816/765 4593/3815/764 4581/2017/2889
f 4584/3806/755 4548/1279/766 4547/4/767 4583/36/744
f 4585/3807/756 4549/1280/768 4548/1279/766 4584/3806/755
f 4586/3808/3491 4550/1281/769 4549/1280/768 4585/3807/756
f 4587/3809/758 4551/1282/770 4550/1281/769 4586/3808/3491
f 4588/3810/3492 4552/1283/771 4551/1282/770 4587/3809/758
f 4589/3811/3493 4553/1284/772 4552/1283/771 4588/3810/3492
f 4590/3812/761 4554/1285/773 4553/1284/772 4589/3811/3493
f 4591/3813/762 4555/1286/774 4554/1285/773 4590/3812/761
f 4592/3814/763 4556/1287/775 4555/1286/774 4591/3813/762
f 4593/3815/764 4557/1288/776 4556/1287/775 4592/3814/763
f 4594/3816/765 4558/1289/777 4557/1288/776 4593/3815/764
f 4596/476/3494 4608/3817/3495 4607/3818/3496 4595/24/3497
f 4597/479/3498 4609/3819/3499 4608/3817/3495 4596/476/3494
f 4598/481/3500 4610/3820/3501 4609/3819/3499 4597/479/3498
f 4599/483/3502 4611/3821/3503 4610/3820/3501 4598/481/3500
f 4600/485/3504 4612/3822/3505 4611/3821/3503 4599/483/3502
f 4601/487/3506 4613/3823/3507 4612/3822/3505 4600/485/3504
f 4602/489/3508 4614/3824/3509 4613/3823/3507 4601/487/3506
f 4603/491/3510 4615/3825/3511 4614/3824/3509 4602/489/3508
f 4604/493/3512 4616/3826/3513 4615/3825/3511 4603/491/3510
f 4605/495/3514 4617/3827/3515 4616/3826/3513 4604/493/3512
f 4606/497/3516 4618/3828/3517 4617/3827/3515 4605/495/3514
f 4608/3817/3495 4620/3829/3518 4619/3830/3519 4607/3818/3496
f 4609/3819/3499 4621/3831/3520 4620/3829/3518 4608/3817/3495
f 4610/3820/3501 4622/3832/3521 4621/3831/3520 4609/3819/3499
f 4611/3821/3503 4623/3833/3522 4622/3832/3521 4610/3820/3501
f 4612/3822/3505 4624/3834/3523 4623/3833/3522 4611/3821/3503
f 4613/3823/3507 4625/3835/3524 4624/3834/3523 4612/3822/3505
f 4614/3824/3509 4626/3836/3525 4625/3835/3524 4613/3823/3507
f 4615/3825/3511 4627/3837/3526 4626/3836/3525 4614/3824/3509
f 4616/3826/3513 4628/3838/3527 4627/3837/3526 4615/3825/3511
f 4617/3827/3515 4629/3839/3528 4628/3838/3527 4616/3826/3513
f 4618/3828/3517 4630/3840/3529 4629/3839/3528 4617/3827/3515
f 4620/3829/3518 4632/3841/3530 4631/3842/3531 4619/3830/3519
f 4621/3831/3520 4633/3843/3532 4632/3841/3530 4620/3829/3518
f 4622/3832/3521 4634/3844/3533 4633/3843/3532 4621/3831/3520
f 4623/3833/3522 4635/3845/3534 4634/3844/3533 4622/3832/3521
f 4624/3834/3523 4636/3846/3535 4635/3845/3534 4623/3833/3522
f 4625/3835/3524 4637/3847/3536 4636/3846/3535 4624/3834/3523
f 4626/3836/3525 4638/3848/3537 4637/3847/3536 4625/3835/3524
f 4627/3837/3526 4639/3849/3538 4638/3848/3537 4626/3836/3525
f 4628/3838/3527 4640/3850/3539 4639/3849/3538 4627/3837/3526
f 4629/3839/3528 4641/3851/3540 4640/3850/3539 4628/3838/3527
f 4630/3840/3529 4642/3852/3541 4641/3851/3540 4629/3839/3528
f 4632/3841/3530 4644/3853/3542 4643/3854/3543 4631/3842/3531
f 4633/3843/3532 4645/3855/3544 4644/3853/3542 4632/3841/3530
f 4634/3844/3533 4646/3856/3545 4645/3855/3544 4633/3843/3532
f 4635/3845/3534 4647/3857/3546 4646/3856/3545 4634/3844/3533
f 4636/3846/3535 4648/3858/3547 4647/3857/3546 4635/3845/3534
f 4637/3847/3536 4649/3859/3548 4648/3858/3547 4636/3846/3535
f 4638/3848/3537 4650/3860/3549 4649/3859/3548 4637/3847/3536
f 4639/3849/3538 4651/3861/3550 4650/3860/3549 4638/3848/3537
f 4640/3850/3539 4652/3862/3551 4651/3861/3550 4639/3849/3538
f 4641/3851/3540 4653/3863/3552 4652/3862/3551 4640/3850/3539
f 4642/3852/3541 4654/3864/3553 4653/3863/3552 4641/3851/3540
f 4644/3853/3542 4656/3865/3554 4655/3866/3555 4643/3854/3543
f 4645/3855/3544 4657/3867/3556 4656/3865/3554 4644/3853/3542
f 4646/3856/3545 4658/3868/3557 4657/3867/3556 4645/3855/3544
f 4647/3857/3546 4659/3869/3558 4658/3868/3557 4646/3856/3545
f 4648/3858/3547 4660/3870/3559 4659/3869/3558 4647/3857/3546
f 4649/3859/3548 4661/3871/3560 4660/3870/3559 4648/3858/3547
f 4650/3860/3549 4662/3872/3561 4661/3871/3560 4649/3859/3548
f 4651/3861/3550 4663/3873/3562 4662/3872/3561 4650/3860/3549
f 4652/3862/3551 4664/3874/3563 4663/3873/3562 4651/3861/3550
f 4653/3863/3552 4665/3875/3564 4664/3874/3563 4652/3862/3551
f 4654/3864/3553 4666/3876/3565 4665/3875/3564 4653/3863/3552
f 4656/3865/3554 4668/3877/3566 4667/13/3567 4655/3866/3555
f 4657/3867/3556 4669/3878/3568 4668/3877/3566 4656/3865/3554
f 4658/3868/3557 4670/3879/3569 4669/3878/3568 4657/3867/3556
f 4659/3869/3558 4671/3880/3570 4670/3879/3569 4658/3868/3557
f 4660/3870/3559 4672/3881/3571 4671/3880/3570 4659/3869/3558
f 4661/3871/3560 4673/3882/3572 4672/3881/3571 4660/3870/3559
f 4662/3872/3561 4674/3883/3573 4673/3882/3572 4661/3871/3560
f 4663/3873/3562 4675/3884/3574 4674/3883/3573 4662/3872/3561
f 4664/3874/3563 4676/3885/3575 4675/3884/3574 4663/3873/3562
f 4665/3875/3564 4677/3886/3576 4676/3885/3575 4664/3874/3563
f 4666/3876/3565 4678/3887/3577 4677/3886/3576 4665/3875/3564
f 4668/3877/3566 4680/3888/3578 4679/3889/3579 4667/13/3567
f 4669/3878/3568 4681/3890/3580 4680/3888/3578 4668/3877/3566
f 4670/3879/3569 4682/3891/3581 4681/3890/3580 4669/3878/3568
f 4671/3880/3570 4683/3892/3582 4682/3891/3581 4670/3879/3569
f 4672/3881/3571 4684/3893/3583 4683/3892/3582 4671/3880/3570
f 4673/3882/3572 4685/3894/3584 4684/3893/3583 4672/3881/3571
f 4674/3883/3573 4686/3895/3585 4685/3894/3584 4673/3882/3572
f 4675/3884/3574 4687/3896/3586 4686/3895/3585 4674/3883/3573
f 4676/3885/3575 4688/3897/3587 4687/3896/3586 4675/3884/3574
f 4677/3886/3576 4689/3898/3588 4688/3897/3587 4676/3885/3575
f 4678/3887/3577 4690/3899/3589 4689/3898/3588 4677/3886/3576
f 4680/3888/3578 4692/3900/3590 4691/122/3591 4679/3889/3579
f 4681/3890/3580 4693/3901/3592 4692/3900/3590 4680/3888/3578
f 4682/3891/3581 4694/3902/3593 4693/3901/3592 4681/3890/3580
f 4683/3892/3582 4695/3903/3594 4694/3902/3593 4682/3891/3581
f 4684/3893/3583 4696/3904/3595 4695/3903/3594 4683/3892/3582
f 4685/3894/3584 4697/3905/3596 4696/3904/3595 4684/3893/3583
f 4686/3895/3585 4698/3906/3597 4697/3905/3596 4685/3894/3584
f 4687/3896/3586 4699/3907/3598 4698/3906/3597 4686/3895/3585
f 4688/3897/3587 4700/3908/3599 4699/3907/3598 4687/3896/3586
f 4689/3898/3588 4701/3909/3600 4700/3908/3599 4688/3897/3587
f 4690/3899/3589 4702/3910/3601 4701/3909/3600 4689/3898/3588
f 4692/3900/3590 4704/3911/3602 4703/3912/3603 4691/122/3591
f 4693/3901/3592 4705/3913/3604 4704/3911/3602 4692/3900/3590
f 4694/3902/3593 4706/3914/3605 4705/3913/3604 4693/3901/3592
f 4695/3903/3594 4707/3915/3606 4706/3914/3605 4694/3902/3593
f 4696/3904/3595 4708/3916/3607 4707/3915/3606 4695/3903/3594
f 4697/3905/3596 4709/3917/3608 4708/3916/3607 4696/3904/3595
f 4698/3906/3597 4710/3918/3609 4709/3917/3608 4697/3905/3596
f 4699/3907/3598 4711/3919/3610 4710/3918/3609 4698/3906/3597
f 4700/3908/3599 4712/3920/3611 4711/3919/3610 4699/3907/3598
f 4701/3909/3600 4713/3921/3612 4712/3920/3611 4700/3908/3599
f 4702/3910/3601 4714/3922/3613 4713/3921/3612 4701/3909/3600
f 4704/3911/3602 4716/3923/3614 4715/3924/3615 4703/3912/3603
f 4705/3913/3604 4717/3925/3616 4716/3923/3614 4704/3911/3602
f 4706/3914/3605 4718/3926/3617 4717/3925/3616 4705/3913/3604
f 4707/3915/3606 4719/3927/3618 4718/3926/3617 4706/3914/3605
f 4708/3916/3607 4720/3928/3619 4719/3927/3618 4707/3915/3606
f 4709/3917/3608 4721/3929/3620 4720/3928/3619 4708/3916/3607
f 4710/3918/3609 4722/3930/3621 4721/3929/3620 4709/3917/3608
f 4711/3919/3610 4723/3931/3622 4722/3930/3621 4710/3918/3609
f 4712/3920/3611 4724/3932/3623 4723/3931/3622 4711/3919/3610
f 4713/3921/3612 4725/3933/3624 4724/3932/3623 4712/3920/3611
f 4714/3922/3613 4726/3934/3625 4725/3933/3624 4713/3921/3612
f 4716/3923/3614 4728/3935/3626 4727/3936/3627 4715/3924/3615
f 4717/3925/3616 4729/3937/3628 4728/3935/3626 4716/3923/3614
f 4718/3926/3617 4730/3938/3629 4729/3937/3628 4717/3925/3616
f 4719/3927/3618 4731/3939/3630 4730/3938/3629 4718/3926/3617
f 4720/3928/3619 4732/3940/3631 4731/3939/3630 4719/3927/3618
f 4721/3929/3620 4733/3941/3632 4732/3940/3631 4720/3928/3619
f 4722/3930/3621 4734/3942/3633 4733/3941/3632 4721/3929/3620
f 4723/3931/3622 4735/3943/3634 4734/3942/3633 4722/3930/3621
f 4724/3932/3623 4736/3944/3635 4735/3943/3634 4723/3931/3622
f 4725/3933/3624 4737/3945/3636 4736/3944/3635 4724/3932/3623
f 4726/3934/3625 4738/3946/3637 4737/3945/3636 4725/3933/3624
f 4728/3935/3626 4740/3795/3638 4739/9/3639 4727/3936/3627
f 4729/3937/3628 4741/3796/3640 4740/3795/3638 4728/3935/3626
f 4730/3938/3629 4742/3797/3641 4741/3796/3640 4729/3937/3628
f 4731/3939/3630 4743/3798/3642 4742/3797/3641 4730/3938/3629
f 4732/3940/3631 4744/3799/3643 4743/3798/3642 4731/3939/3630
f 4733/3941/3632 4745/3800/3644 4744/3799/3643 4732/3940/3631
f 4734/3942/3633 4746/3801/3645 4745/3800/3644 4733/3941/3632
f 4735/3943/3634 4747/3802/3646 4746/3801/3645 4734/3942/3633
f 4736/3944/3635 4748/3803/3647 4747/3802/3646 4735/3943/3634
f 4737/3945/3636 4749/3804/3648 4748/3803/3647 4736/3944/3635
f 4738/3946/3637 4750/3805/3649 4749/3804/3648 4737/3945/3636
f 4740/3795/3638 4752/3947/3650 4751/3948/3651 4739/9/3639
f 4741/3796/3640 4753/3949/3652 4752/3947/3650 4740/3795/3638
f 4742/3797/3641 4754/3950/3653 4753/3949/3652 4741/3796/3640
f 4743/3798/3642 4755/3951/3654 4754/3950/3653 4742/3797/3641
f 4744/3799/3643 4756/3952/3655 4755/3951/3654 4743/3798/3642
f 4745/3800/3644 4757/3953/3656 4756/3952/3655 4744/3799/3643
f 4746/3801/3645 4758/3954/3657 4757/3953/3656 4745/3800/3644
f 4747/3802/3646 4759/3955/3658 4758/3954/3657 4746/3801/3645
f 4748/3803/3647 4760/3956/3659 4759/3955/3658 4747/3802/3646
f 4749/3804/3648 4761/3957/3660 4760/3956/3659 4748/3803/3647
f 4750/3805/3649 4762/3958/3661 4761/3957/3660 4749/3804/3648
f 4752/3947/3650 4764/3959/3662 4763/3960/3663 4751/3948/3651
f 4753/3949/3652 4765/3961/3664 4764/3959/3662 4752/3947/3650
f 4754/3950/3653 4766/3962/3665 4765/3961/3664 4753/3949/3652
f 4755/3951/3654 4767/3963/3666 4766/3962/3665 4754/3950/3653
f 4756/3952/3655 4768/3964/3667 4767/3963/3666 4755/3951/3654
f 4757/3953/3656 4769/3965/3668 4768/3964/3667 4756/3952/3655
f 4758/3954/3657 4770/3966/3669 4769/3965/3668 4757/3953/3656
f 4759/3955/3658 4771/3967/3670 4770/3966/3669 4758/3954/3657
f 4760/3956/3659 4772/3968/3671 4771/3967/3670 4759/3955/3658
f 4761/3957/3660 4773/3969/3672 4772/3968/3671 4760/3956/3659
f 4762/3958/3661 4774/3970/3673 4773/3969/3672 4761/3957/3660
f 4764/3959/3662 4776/3971/3674 4775/3972/3675 4763/3960/3663
f 4765/3961/3664 4777/3973/3676 4776/3971/3674 4764/3959/3662
f 4766/3962/3665 4778/3974/3677 4777/3973/3676 4765/3961/3664
f 4767/3963/3666 4779/3975/3678 4778/3974/3677 4766/3962/3665
f 4768/3964/3667 4780/3976/3679 4779/3975/3678 4767/3963/3666
f 4769/3965/3668 4781/3977/3680 4780/3976/3679 4768/3964/3667
f 4770/3966/3669 4782/3978/3681 4781/3977/3680 4769/3965/3668
f 4771/3967/3670 4783/3979/3682 4782/3978/3681 4770/3966/3669
f 4772/3968/3671 4784/3980/3683 4783/3979/3682 4771/3967/3670
f 4773/3969/3672 4785/3981/3684 4784/3980/3683 4772/3968/3671
f 4774/3970/3673 4786/3982/3685 4785/3981/3684 4773/3969/3672
f 4776/3971/3674 4788/1378/3686 4787/87/3687 4775/3972/3675
f 4777/3973/3676 4789/1379/3688 4788/1378/3686 4776/3971/3674
f 4778/3974/3677 4790/1380/3689 4789/1379/3688 4777/3973/3676
f 4779/3975/3678 4791/1381/3690 4790/1380/3689 4778/3974/3677
f 4780/3976/3679 4792/1382/3691 4791/1381/3690 4779/3975/3678
f 4781/3977/3680 4793/1383/3692 4792/1382/3691 4780/3976/3679
f 4782/3978/3681 4794/1384/3693 4793/1383/3692 4781/3977/3680
f 4783/3979/3682 4795/1385/3694 4794/1384/3693 4782/3978/3681
f 4784/3980/3683 4796/1386/3695 4795/1385/3694 4783/3979/3682
f 4785/3981/3684 4797/1387/3696 4796/1386/3695 4784/3980/3683
f 4786/3982/3685 4798/1388/3697 4797/1387/3696 4785/3981/3684
f 4788/1378/3686 4800/3983/3698 4799/3984/3699 4787/87/3687
f 4789/1379/3688 4801/3985/3700 4800/3983/3698 4788/1378/3686
f 4790/1380/3689 4802/3986/3701 4801/3985/3700 4789/1379/3688
f 4791/1381/3690 4803/3987/3702 4802/3986/3701 4790/1380/3689
f 4792/1382/3691 4804/3988/3703 4803/3987/3702 4791/1381/3690
f 4793/1383/3692 4805/3989/3704 4804/3988/3703 4792/1382/3691
f 4794/1384/3693 4806/3990/3705 4805/3989/3704 4793/1383/3692
f 4795/1385/3694 4807/3991/3706 4806/3990/3705 4794/1384/3693
f 4796/1386/3695 4808/3992/3707 4807/3991/3706 4795/1385/3694
f 4797/1387/3696 4809/3993/3708 4808/3992/3707 4796/1386/3695
f 4798/1388/3697 4810/3994/3709 4809/3993/3708 4797/1387/3696
f 4800/3983/3698 4812/3995/3710 4811/43/3711 4799/3984/3699
f 4801/3985/3700 4813/3996/3712 4812/3995/3710 4800/3983/3698
f 4802/3986/3701 4814/3997/3713 4813/3996/3712 4801/3985/3700
f 4803/3987/3702 4815/3998/3714 4814/3997/3713 4802/3986/3701
f 4804/3988/3703 4816/3999/3715 4815/3998/3714 4803/3987/3702
f 4805/3989/3704 4817/4000/3716 4816/3999/3715 4804/3988/3703
f 4806/3990/3705 4818/4001/3717 4817/4000/3716 4805/3989/3704
f 4807/3991/3706 4819/4002/3718 4818/4001/3717 4806/3990/3705
f 4808/3992/3707 4820/4003/3719 4819/4002/3718 4807/3991/3706
f 4809/3993/3708 4821/4004/3720 4820/4003/3719 4808/3992/3707
f 4810/3994/3709 4822/4005/3721 4821/4004/3720 4809/3993/3708
f 4812/3995/3710 4824/4006/3722 4823/4007/3723 4811/43/3711
f 4813/3996/3712 4825/4008/3724 4824/4006/3722 4812/3995/3710
f 4814/3997/3713 4826/4009/3725 4825/4008/3724 4813/3996/3712
f 4815/3998/3714 4827/4010/3726 4826/4009/3725 4814/3997/3713
f 4816/3999/3715 4828/4011/3727 4827/4010/3726 4815/3998/3714
f 4817/4000/3716 4829/4012/3728 4828/4011/3727 4816/3999/3715
f 4818/4001/3717 4830/4013/3729 4829/4012/3728 4817/4000/3716
f 4819/4002/3718 4831/4014/3730 4830/4013/3729 4818/4001/3717
f 4820/4003/3719 4832/4015/3731 4831/4014/3730 4819/4002/3718
f 4821/4004/3720 4833/4016/3732 4832/4015/3731 4820/4003/3719
f 4822/4005/3721 4834/4017/3733 4833/4016/3732 4821/4004/3720
f 4824/4006/3722 4836/4018/3734 4835/4019/3735 4823/4007/3723
f 4825/4008/3724 4837/4020/3736 4836/4018/3734 4824/4006/3722
f 4826/4009/3725 4838/4021/3737 4837/4020/3736 4825/4008/3724
f 4827/4010/3726 4839/4022/3738 4838/4021/3737 4826/4009/3725
f 4828/4011/3727 4840/4023/3739 4839/4022/3738 4827/4010/3726
f 4829/4012/3728 4841/4024/3740 4840/4023/3739 4828/4011/3727
f 4830/4013/3729 4842/4025/3741 4841/4024/3740 4829/4012/3728
f 4831/4014/3730 4843/4026/3742 4842/4025/3741 4830/4013/3729
f 4832/4015/3731 4844/4027/3743 4843/4026/3742 4831/4014/3730
f 4833/4016/3732 4845/4028/3744 4844/4027/3743 4832/4015/3731
f 4834/4017/3733 4846/4029/3745 4845/4028/3744 4833/4016/3732
f 4836/4018/3734 4848/4030/3746 4847/4031/3747 4835/4019/3735
f 4837/4020/3736 4849/4032/3748 4848/4030/3746 4836/4018/3734
f 4838/4021/3737 4850/4033/3749 4849/4032/3748 4837/4020/3736
f 4839/4022/3738 4851/4034/3750 4850/4033/3749 4838/4021/3737
f 4840/4023/3739 4852/4035/3751 4851/4034/3750 4839/4022/3738
f 4841/4024/3740 4853/4036/3752 4852/4035/3751 4840/4023/3739
f 4842/4025/3741 4854/4037/3753 4853/4036/3752 4841/4024/3740
f 4843/4026/3742 4855/4038/3754 4854/4037/3753 4842/4025/3741
f 4844/4027/3743 4856/4039/3755 4855/4038/3754 4843/4026/3742
f 4845/4028/3744 4857/4040/3756 4856/4039/3755 4844/4027/3743
f 4846/4029/3745 4858/4041/3757 4857/4040/3756 4845/4028/3744
f 4848/4030/3746 4860/4042/3758 4859/4043/3759 4847/4031/3747
f 4849/4032/3748 4861/4044/3760 4860/4042/3758 4848/4030/3746
f 4850/4033/3749 4862/4045/3761 4861/4044/3760 4849/4032/3748
f 4851/4034/3750 4863/4046/3762 4862/4045/3761 4850/4033/3749
f 4852/4035/3751 4864/4047/3763 4863/4046/3762 4851/4034/3750
f 4853/4036/3752 4865/4048/3764 4864/4047/3763 4852/4035/3751
f 4854/4037/3753 4866/4049/3765 4865/4048/3764 4853/4036/3752
f 4855/4038/3754 4867/4050/3766 4866/4049/3765 4854/4037/3753
f 4856/4039/3755 4868/4051/3767 4867/4050/3766 4855/4038/3754
f 4857/4040/3756 4869/4052/3768 4868/4051/3767 4856/4039/3755
f 4858/4041/3757 4870/4053/3769 4869/4052/3768 4857/4040/3756
f 4860/4042/3758 4872/4054/3770 4871/4055/3771 4859/4043/3759
f 4861/4044/3760 4873/4056/3772 4872/4054/3770 4860/4042/3758
f 4862/4045/3761 4874/4057/3773 4873/4056/3772 4861/4044/3760
f 4863/4046/3762 4875/4058/3774 4874/4057/3773 4862/4045/3761
f 4864/4047/3763 4876/4059/3775 4875/4058/3774 4863/4046/3762
f 4865/4048/3764 4877/4060/3776 4876/4059/3775 4864/4047/3763
f 4866/4049/3765 4878/4061/3777 4877/4060/3776 4865/4048/3764
f 4867/4050/3766 4879/4062/3778 4878/4061/3777 4866/4049/3765
f 4868/4051/3767 4880/4063/3779 4879/4062/3778 4867/4050/3766
f 4869/4052/3768 4881/4064/3780 4880/4063/3779 4868/4051/3767
f 4870/4053/3769 4882/4065/3781 4881/4064/3780 4869/4052/3768
f 4872/4054/3770 4884/2008/3782 4883/53/3783 4871/4055/3771
f 4873/4056/3772 4885/2009/3784 4884/2008/3782 4872/4054/3770
f 4874/4057/3773 4886/2010/3785 4885/2009/3784 4873/4056/3772
f 4875/4058/3774 4887/2011/3786 4886/2010/3785 4874/4057/3773
f 4876/4059/3775 4888/2012/3787 4887/2011/3786 4875/4058/3774
f 4877/4060/3776 4889/2013/3788 4888/2012/3787 4876/4059/3775
f 4878/4061/3777 4890/2014/3789 4889/2013/3788 4877/4060/3776
f 4879/4062/3778 4891/2015/3790 4890/2014/3789 4878/4061/3777
f 4880/4063/3779 4892/2016/3791 4891/2015/3790 4879/4062/3778
f 4881/4064/3780 4893/2017/3792 4892/2016/3791 4880/4063/3779
f 4882/4065/3781 4894/2018/3793 4893/2017/3792 4881/4064/3780
f 4884/2008/3782 4896/4066/3794 4895/4067/3795 4883/53/3783
f 4885/2009/3784 4897/4068/3796 4896/4066/3794 4884/2008/3782
f 4886/2010/3785 4898/4069/3797 4897/4068/3796 4885/2009/3784
f 4887/2011/3786 4899/4070/3798 4898/4069/3797 4886/2010/3785
f 4888/2012/3787 4900/4071/3799 4899/4070/3798 4887/2011/3786
f 4889/2013/3788 4901/4072/3800 4900/4071/3799 4888/2012/3787
f 4890/2014/3789 4902/4073/3801 4901/4072/3800 4889/2013/3788
f 4891/2015/3790 4903/4074/3802 4902/4073/3801 4890/2014/3789
f 4892/2016/3791 4904/4075/3803 4903/4074/3802 4891/2015/3790
f 4893/2017/3792 4905/4076/3804 4904/4075/3803 4892/2016/3791
f 4894/2018/3793 4906/4077/3805 4905/4076/3804 4893/2017/3792
f 4896/4066/3794 4908/4078/3806 4907/4079/3807 4895/4067/3795
f 4897/4068/3796 4909/4080/3808 4908/4078/3806 4896/4066/3794
f 4898/4069/3797 4910/4081/3809 4909/4080/3808 4897/4068/3796
f 4899/4070/3798 4911/4082/3810 4910/4081/3809 4898/4069/3797
f 4900/4071/3799 4912/4083/3811 4911/4082/3810 4899/4070/3798
f 4901/4072/3800 4913/4084/3812 4912/4083/3811 4900/4071/3799
f 4902/4073/3801 4914/4085/3813 4913/4084/3812 4901/4072/3800
f 4903/4074/3802 4915/4086/3814 4914/4085/3813 4902/4073/3801
f 4904/4075/3803 4916/4087/3815 4915/4086/3814 4903/4074/3802
f 4905/4076/3804 4917/4088/3816 4916/4087/3815 4904/4075/3803
f 4906/4077/3805 4918/4089/3817 4917/4088/3816 4905/4076/3804
f 4908/4078/3806 4920/4090/3818 4919/4091/3819 4907/4079/3807
f 4909/4080/3808 4921/4092/3820 4920/4090/3818 4908/4078/3806
f 4910/4081/3809 4922/4093/3821 4921/4092/3820 4909/4080/3808
f 4911/4082/3810 4923/4094/3822 4922/4093/3821 4910/4081/3809
f 4912/4083/3811 4924/4095/3823 4923/4094/3822 4911/4082/3810
f 4913/4084/3812 4925/4096/3824 4924/4095/3823 4912/4083/3811
f 4914/4085/3813 4926/4097/3825 4925/4096/3824 4913/4084/3812
f 4915/4086/3814 4927/4098/3826 4926/4097/3825 4914/4085/3813
f 4916/4087/3815 4928/4099/3827 4927/4098/3826 4915/4086/3814
f 4917/4088/3816 4929/4100/3828 4928/4099/3827 4916/4087/3815
f 4918/4089/3817 4930/4101/3829 4929/4100/3828 4917/4088/3816
f 4920/4090/3818 4932/4102/3830 4931/4103/3831 4919/4091/3819
f 4921/4092/3820 4933/4104/3832 4932/4102/3830 4920/4090/3818
f 4922/4093/3821 4934/4105/3833 4933/4104/3832 4921/4092/3820
f 4923/4094/3822 4935/4106/3834 4934/4105/3833 4922/4093/3821
f 4924/4095/3823 4936/4107/3835 4935/4106/3834 4923/4094/3822
f 4925/4096/3824 4937/4108/3836 4936/4107/3835 4924/4095/3823
f 4926/4097/3825 4938/4109/3837 4937/4108/3836 4925/4096/3824
f 4927/4098/3826 4939/4110/3838 4938/4109/3837 4926/4097/3825
f 4928/4099/3827 4940/4111/3839 4939/4110/3838 4927/4098/3826
f 4929/4100/3828 4941/4112/3840 4940/4111/3839 4928/4099/3827
f 4930/4101/3829 4942/4113/3841 4941/4112/3840 4929/4100/3828
f 4932/4102/3830 4944/4114/3842 4943/4115/3843 4931/4103/3831
f 4933/4104/3832 4945/4116/3844 4944/4114/3842 4932/4102/3830
f 4934/4105/3833 4946/4117/3845 4945/4116/3844 4933/4104/3832
f 4935/4106/3834 4947/4118/3846 4946/4117/3845 4934/4105/3833
f 4936/4107/3835 4948/4119/3847 4947/4118/3846 4935/4106/3834
f 4937/4108/3836 4949/4120/3848 4948/4119/3847 4936/4107/3835
f 4938/4109/3837 4950/4121/3849 4949/4120/3848 4937/4108/3836
f 4939/4110/3838 4951/4122/3850 4950/4121/3849 4938/4109/3837
f 4940/4111/3839 4952/4123/3851 4951/4122/3850 4939/4110/3838
f 4941/4112/3840 4953/4124/3852 4952/4123/3851 4940/4111/3839
f 4942/4113/3841 4954/4125/3853 4953/4124/3852 4941/4112/3840
f 4944/4114/3842 4956/4126/3854 4955/42/3855 4943/4115/3843
f 4945/4116/3844 4957/4127/3856 4956/4126/3854 4944/4114/3842
f 4946/4117/3845 4958/4128/3857 4957/4127/3856 4945/4116/3844
f 4947/4118/3846 4959/4129/3858 4958/4128/3857 4946/4117/3845
f 4948/4119/3847 4960/4130/3859 4959/4129/3858 4947/4118/3846
f 4949/4120/3848 4961/4131/3860 4960/4130/3859 4948/4119/3847
f 4950/4121/3849 4962/4132/3861 4961/4131/3860 4949/4120/3848
f 4951/4122/3850 4963/4133/3862 4962/4132/3861 4950/4121/3849
f 4952/4123/3851 4964/4134/3863 4963/4133/3862 4951/4122/3850
f 4953/4124/3852 4965/4135/3864 4964/4134/3863 4952/4123/3851
f 4954/4125/3853 4966/4136/3865 4965/4135/3864 4953/4124/3852
f 4956/4126/3854 4968/4137/3866 4967/4138/3867 4955/42/3855
f 4957/4127/3856 4969/4139/3868 4968/4137/3866 4956/4126/3854
f 4958/4128/3857 4970/4140/3869 4969/4139/3868 4957/4127/3856
f 4959/4129/3858 4971/4141/3870 4970/4140/3869 4958/4128/3857
f 4960/4130/3859 4972/4142/3871 4971/4141/3870 4959/4129/3858
f 4961/4131/3860 4973/4143/3872 4972/4142/3871 4960/4130/3859
f 4962/4132/3861 4974/4144/3873 4973/4143/3872 4961/4131/3860
f 4963/4133/3862 4975/4145/3874 4974/4144/3873 4962/4132/3861
f 4964/4134/3863 4976/4146/3875 4975/4145/3874 4963/4133/3862
f 4965/4135/3864 4977/4147/3876 4976/4146/3875 4964/4134/3863
f 4966/4136/3865 4978/4148/3877 4977/4147/3876 4965/4135/3864
f 4968/4137/3866 4980/1477/3878 4979/111/3879 4967/4138/3867
f 4969/4139/3868 4981/1478/3880 4980/1477/3878 4968/4137/3866
f 4970/4140/3869 4982/1479/3881 4981/1478/3880 4969/4139/3868
f 4971/4141/3870 4983/1480/3882 4982/1479/3881 4970/4140/3869
f 4972/4142/3871 4984/1481/3883 4983/1480/3882 4971/4141/3870
f 4973/4143/3872 4985/1482/3884 4984/1481/3883 4972/4142/3871
f 4974/4144/3873 4986/1483/3885 4985/1482/3884 4973/4143/3872
f 4975/4145/3874 4987/1484/3886 4986/1483/3885 4974/4144/3873
f 4976/4146/3875 4988/1485/3887 4987/1484/3886 4975/4145/3874
f 4977/4147/3876 4989/1486/3888 4988/1485/3887 4976/4146/3875
f 4978/4148/3877 4990/1487/3889 4989/1486/3888 4977/4147/3876
f 4980/1477/3878 4992/4149/3890 4991/4150/3891 4979/111/3879
f 4981/1478/3880 4993/4151/3892 4992/4149/3890 4980/1477/3878
f 4982/1479/3881 4994/4152/3893 4993/4151/3892 4981/1478/3880
f 4983/1480/3882 4995/4153/3894 4994/4152/3893 4982/1479/3881
f 4984/1481/3883 4996/4154/3895 4995/4153/3894 4983/1480/3882
f 4985/1482/3884 4997/4155/3896 4996/4154/3895 4984/1481/3883
f 4986/1483/3885 4998/4156/3897 4997/4155/3896 4985/1482/3884
f 4987/1484/3886 4999/4157/3898 4998/4156/3897 4986/1483/3885
f 4988/1485/3887 5000/4158/3899 4999/4157/3898 4987/1484/3886
f 4989/1486/3888 5001/4159/3900 5000/4158/3899 4988/1485/3887
f 4990/1487/3889 5002/4160/3901 5001/4159/3900 4989/1486/3888
f 4992/4149/3890 5004/4161/3902 5003/4162/3903 4991/4150/3891
f 4993/4151/3892 5005/4163/3904 5004/4161/3902 4992/4149/3890
f 4994/4152/3893 5006/4164/3905 5005/4163/3904 4993/4151/3892
f 4995/4153/3894 5007/4165/3906 5006/4164/3905 4994/4152/3893
f 4996/4154/3895 5008/4166/3907 5007/4165/3906 4995/4153/3894
f 4997/4155/3896 5009/4167/3908 5008/4166/3907 4996/4154/3895
f 4998/4156/3897 5010/4168/3909 5009/4167/3908 4997/4155/3896
f 4999/4157/3898 5011/4169/3910 5010/4168/3909 4998/4156/3897
f 5000/4158/3899 5012/4170/3911 5011/4169/3910 4999/4157/3898
f 5001/4159/3900 5013/4171/3912 5012/4170/3911 5000/4158/3899
f 5002/4160/3901 5014/4172/3913 5013/4171/3912 5001/4159/3900
f 5004/4161/3902 5016/4173/3914 5015/4174/3915 5003/4162/3903
f 5005/4163/3904 5017/4175/3916 5016/4173/3914 5004/4161/3902
f 5006/4164/3905 5018/4176/3917 5017/4175/3916 5005/4163/3904
f 5007/4165/3906 5019/4177/3918 5018/4176/3917 5006/4164/3905
f 5008/4166/3907 5020/4178/3919 5019/4177/3918 5007/4165/3906
f 5009/4167/3908 5021/4179/3920 5020/4178/3919 5008/4166/3907
f 5010/4168/3909 5022/4180/3921 5021/4179/3920 5009/4167/3908
f 5011/4169/3910 5023/4181/3922 5022/4180/3921 5010/4168/3909
f 5012/4170/3911 5024/4182/3923 5023/4181/3922 5011/4169/3910
f 5013/4171/3912 5025/4183/3924 5024/4182/3923 5012/4170/3911
f 5014/4172/3913 5026/4184/3925 5025/4183/3924 5013/4171/3912
f 5016/4173/3914 5028/3806/3926 5027/36/3927 5015/4174/3915
f 5017/4175/3916 5029/3807/3928 5028/3806/3926 5016/4173/3914
f 5018/4176/3917 5030/3808/3929 5029/3807/3928 5017/4175/3916
f 5019/4177/3918 5031/3809/3930 5030/3808/3929 5018/4176/3917
f 5020/4178/3919 5032/3810/3931 5031/3809/3930 5019/4177/3918
f 5021/4179/3920 5033/3811/3932 5032/3810/3931 5020/4178/3919
f 5022/4180/3921 5034/3812/3933 5033/3811/3932 5021/4179/3920
f 5023/4181/3922 5035/3813/3934 5034/3812/3933 5022/4180/3921
f 5024/4182/3923 5036/3814/3935 5035/3813/3934 5023/4181/3922
f 5025/4183/3924 5037/3815/3936 5036/3814/3935 5024/4182/3923
f 5026/4184/3925 5038/3816/3937 5037/3815/3936 5025/4183/3924
f 5028/3806/3926 5040/4185/3938 5039/4186/3939 5027/36/3927
f 5029/3807/3928 5041/4187/3940 5040/4185/3938 5028/3806/3926
f 5030/3808/3929 5042/4188/3941 5041/4187/3940 5029/3807/3928
f 5031/3809/3930 5043/4189/3942 5042/4188/3941 5030/3808/3929
f 5032/3810/3931 5044/4190/3943 5043/4189/3942 5031/3809/3930
f 5033/3811/3932 5045/4191/3944 5044/4190/3943 5032/3810/3931
f 5034/3812/3933 5046/4192/3945 5045/4191/3944 5033/3811/3932
f 5035/3813/3934 5047/4193/3946 5046/4192/3945 5034/3812/3933
f 5036/3814/3935 5048/4194/3947 5047/4193/3946 5035/3813/3934
f 5037/3815/3936 5049/4195/3948 5048/4194/3947 5036/3814/3935
f 5038/3816/3937 5050/4196/3949 5049/4195/3948 5037/3815/3936
f 5040/4185/3938 5052/4197/3950 5051/4198/3951 5039/4186/3939
f 5041/4187/3940 5053/4199/3952 5052/4197/3950 5040/4185/3938
f 5042/4188/3941 5054/4200/3953 5053/4199/3952 5041/4187/3940
f 5043/4189/3942 5055/4201/3954 5054/4200/3953 5042/4188/3941
f 5044/4190/3943 5056/4202/3955 5055/4201/3954 5043/4189/3942
f 5045/4191/3944 5057/4203/3956 5056/4202/3955 5044/4190/3943
f 5046/4192/3945 5058/4204/3957 5057/4203/3956 5045/4191/3944
f 5047/4193/3946 5059/4205/3958 5058/4204/3957 5046/4192/3945
f 5048/4194/3947 5060/4206/3959 5059/4205/3958 5047/4193/3946
f 5049/4195/3948 5061/4207/3960 5060/4206/3959 5048/4194/3947
f 5050/4196/3949 5062/4208/3961 5061/4207/3960 5049/4195/3948
f 5052/4197/3950 5064/4209/3962 5063/4210/3963 5051/4198/3951
f 5053/4199/3952 5065/4211/3964 5064/4209/3962 5052/4197/3950
f 5054/4200/3953 5066/4212/3965 5065/4211/3964 5053/4199/3952
f 5055/4201/3954 5067/4213/3966 5066/4212/3965 5054/4200/3953
f 5056/4202/3955 5068/4214/3967 5067/4213/3966 5055/4201/3954
f 5057/4203/3956 5069/4215/3968 5068/4214/3967 5056/4202/3955
f 5058/4204/3957 5070/4216/3969 5069/4215/3968 5057/4203/3956
f 5059/4205/3958 5071/4217/3970 5070/4216/3969 5058/4204/3957
f 5060/4206/3959 5072/4218/3971 5071/4217/3970 5059/4205/3958
f 5061/4207/3960 5073/4219/3972 5072/4218/3971 5060/4206/3959
f 5062/4208/3961 5074/4220/3973 5073/4219/3972 5061/4207/3960
f 5064/4209/3962 5076/4221/3974 5075/158/3975 5063/4210/3963
f 5065/4211/3964 5077/4222/3976 5076/4221/3974 5064/4209/3962
f 5066/4212/3965 5078/4223/3977 5077/4222/3976 5065/4211/3964
f 5067/4213/3966 5079/4224/3978 5078/4223/3977 5066/4212/3965
f 5068/4214/3967 5080/4225/3979 5079/4224/3978 5067/4213/3966
f 5069/4215/3968 5081/4226/3980 5080/4225/3979 5068/4214/3967
f 5070/4216/3969 5082/4227/3981 5081/4226/3980 5069/4215/3968
f 5071/4217/3970 5083/4228/3982 5082/4227/3981 5070/4216/3969
f 5072/4218/3971 5084/4229/3983 5083/4228/3982 5071/4217/3970
f 5073/4219/3972 5085/4230/3984 5084/4229/3983 5072/4218/3971
f 5074/4220/3973 5086/4231/3985 5085/4230/3984 5073/4219/3972
f 5076/4221/3974 5088/4232/3986 5087/4233/3987 5075/158/3975
f 5077/4222/3976 5089/4234/3988 5088/4232/3986 5076/4221/3974
f 5078/4223/3977 5090/4235/3989 5089/4234/3988 5077/4222/3976
f 5079/4224/3978 5091/4236/3990 5090/4235/3989 5078/4223/3977
f 5080/4225/3979 5092/4237/3991 5091/4236/3990 5079/4224/3978
f 5081/4226/3980 5093/4238/3992 5092/4237/3991 5080/4225/3979
f 5082/4227/3981 5094/4239/3993 5093/4238/3992 5081/4226/3980
f 5083/4228/3982 5095/4240/3994 5094/4239/3993 5082/4227/3981
f 5084/4229/3983 5096/4241/3995 5095/4240/3994 5083/4228/3982
f 5085/4230/3984 5097/4242/3996 5096/4241/3995 5084/4229/3983
f 5086/4231/3985 5098/4243/3997 5097/4242/3996 5085/4230/3984
f 5088/4232/3986 5100/4244/3998 5099/29/3999 5087/4233/3987
f 5089/4234/3988 5101/4245/4000 5100/4244/3998 5088/4232/3986
f 5090/4235/3989 5102/4246/4001 5101/4245/4000 5089/4234/3988
f 5091/4236/3990 5103/4247/4002 5102/4246/4001 5090/4235/3989
f 5092/4237/3991 5104/4248/4003 5103/4247/4002 5091/4236/3990
f 5093/4238/3992 5105/4249/4004 5104/4248/4003 5092/4237/3991
f 5094/4239/3993 5106/4250/4005 5105/4249/4004 5093/4238/3992
f 5095/4240/3994 5107/4251/4006 5106/4250/4005 5094/4239/3993
f 5096/4241/3995 5108/4252/4007 5107/4251/4006 5095/4240/3994
f 5097/4242/3996 5109/4253/4008 5108/4252/4007 5096/4241/3995
f 5098/4243/3997 5110/4254/4009 5109/4253/4008 5097/4242/3996
f 5100/4244/3998 5112/4255/4010 5111/4256/4011 5099/29/3999
f 5101/4245/4000 5113/4257/4012 5112/4255/4010 5100/4244/3998
f 5102/4246/4001 5114/4258/4013 5113/4257/4012 5101/4245/4000
f 5103/4247/4002 5115/4259/4014 5114/4258/4013 5102/4246/4001
f 5104/4248/4003 5116/4260/4015 5115/4259/4014 5103/4247/4002
f 5105/4249/4004 5117/4261/4016 5116/4260/4015 5104/4248/4003
f 5106/4250/4005 5118/4262/4017 5117/4261/4016 5105/4249/4004
f 5107/4251/4006 5119/4263/4018 5118/4262/4017 5106/4250/4005
f 5108/4252/4007 5120/4264/4019 5119/4263/4018 5107/4251/4006
f 5109/4253/4008 5121/4265/4020 5120/4264/4019 5108/4252/4007
f 5110/4254/4009 5122/4266/4021 5121/4265/4020 5109/4253/4008
f 5112/4255/4010 5124/4267/4022 5123/4268/4023 5111/4256/4011
f 5113/4257/4012 5125/4269/4024 5124/4267/4022 5112/4255/4010
f 5114/4258/4013 5126/4270/4025 5125/4269/4024 5113/4257/4012
f 5115/4259/4014 5127/4271/4026 5126/4270/4025 5114/4258/4013
f 5116/4260/4015 5128/4272/4027 5127/4271/4026 5115/4259/4014
f 5117/4261/4016 5129/4273/4028 5128/4272/4027 5116/4260/4015
f 5118/4262/4017 5130/4274/4029 5129/4273/4028 5117/4261/4016
f 5119/4263/4018 5131/4275/4030 5130/4274/4029 5118/4262/4017
f 5120/4264/4019 5132/4276/4031 5131/4275/4030 5119/4263/4018
f 5121/4265/4020 5133/4277/4032 5132/4276/4031 5120/4264/4019
f 5122/4266/4021 5134/4278/4033 5133/4277/4032 5121/4265/4020
f 5124/4267/4022 5136/4279/4034 5135/4280/4035 5123/4268/4023
f 5125/4269/4024 5137/4281/4036 5136/4279/4034 5124/4267/4022
f 5126/4270/4025 5138/4282/4037 5137/4281/4036 5125/4269/4024
f 5127/4271/4026 5139/4283/4038 5138/4282/4037 5126/4270/4025
f 5128/4272/4027 5140/4284/4039 5139/4283/4038 5127/4271/4026
f 5129/4273/4028 5141/4285/4040 5140/4284/4039 5128/4272/4027
f 5130/4274/4029 5142/4286/4041 5141/4285/4040 5129/4273/4028
f 5131/4275/4030 5143/4287/4042 5142/4286/4041 5130/4274/4029
f 5132/4276/4031 5144/4288/4043 5143/4287/4042 5131/4275/4030
f 5133/4277/4032 5145/4289/4044 5144/4288/4043 5132/4276/4031
f 5134/4278/4033 5146/4290/4045 5145/4289/4044 5133/4277/4032
f 5136/4279/4034 5148/4291/4046 5147/4292/4047 5135/4280/4035
f 5137/4281/4036 5149/4293/4048 5148/4291/4046 5136/4279/4034
f 5138/4282/4037 5150/4294/4049 5149/4293/4048 5137/4281/4036
f 5139/4283/4038 5151/4295/4050 5150/4294/4049 5138/4282/4037
f 5140/4284/4039 5152/4296/4051 5151/4295/4050 5139/4283/4038
f 5141/4285/4040 5153/4297/4052 5152/4296/4051 5140/4284/4039
f 5142/4286/4041 5154/4298/4053 5153/4297/4052 5141/4285/4040
f 5143/4287/4042 5155/4299/4054 5154/4298/4053 5142/4286/4041
f 5144/4288/4043 5156/4300/4055 5155/4299/4054 5143/4287/4042
f 5145/4289/4044 5157/4301/4056 5156/4300/4055 5144/4288/4043
f 5146/4290/4045 5158/4302/4057 5157/4301/4056 5145/4289/4044
f 5148/4291/4046 5160/4303/4058 5159/4304/4059 5147/4292/4047
f 5149/4293/4048 5161/4305/4060 5160/4303/4058 5148/4291/4046
f 5150/4294/4049 5162/4306/4061 5161/4305/4060 5149/4293/4048
f 5151/4295/4050 5163/4307/4062 5162/4306/4061 5150/4294/4049
f 5152/4296/4051 5164/4308/4063 5163/4307/4062 5151/4295/4050
f 5153/4297/4052 5165/4309/4064 5164/4308/4063 5152/4296/4051
f 5154/4298/4053 5166/4310/4065 5165/4309/4064 5153/4297/4052
f 5155/4299/4054 5167/4311/4066 5166/4310/4065 5154/4298/4053
f 5156/4300/4055 5168/4312/4067 5167/4311/4066 5155/4299/4054
f 5157/4301/4056 5169/4313/4068 5168/4312/4067 5156/4300/4055
f 5158/4302/4057 5170/4314/4069 5169/4313/4068 5157/4301/4056
f 5160/4303/4058 4596/1279/3494 4595/4/3497 5159/4304/4059
f 5161/4305/4060 4597/1280/3498 4596/1279/3494 5160/4303/4058
f 5162/4306/4061 4598/1281/3500 4597/1280/3498 5161/4305/4060
f 5163/4307/4062 4599/1282/3502 4598/1281/3500 5162/4306/4061
f 5164/4308/4063 4600/1283/3504 4599/1282/3502 5163/4307/4062
f 5165/4309/4064 4601/1284/3506 4600/1283/3504 5164/4308/4063
f 5166/4310/4065 4602/1285/3508 4601/1284/3506 5165/4309/4064
f 5167/4311/4066 4603/1286/3510 4602/1285/3508 5166/4310/4065
f 5168/4312/4067 4604/1287/3512 4603/1286/3510 5167/4311/4066
f 5169/4313/4068 4605/1288/3514 4604/1287/3512 5168/4312/4067
f 5170/4314/4069 4606/1289/3516 4605/1288/3514 5169/4313/4068
f 5172/476/4070 5184/4315/4071 5183/4316/4072 5171/24/4073
f 5173/479/4074 5185/4317/4075 5184/4315/4071 5172/476/4070
f 5174/481/4076 5186/4318/4077 5185/4317/4075 5173/479/4074
f 5175/483/4078 5187/4319/4079 5186/4318/4077 5174/481/4076
f 5176/485/4080 5188/4320/4081 5187/4319/4079 5175/483/4078
f 5177/487/4082 5189/4321/4083 5188/4320/4081 5176/485/4080
f 5178/489/4084 5190/4322/4085 5189/4321/4083 5177/487/4082
f 5179/491/4086 5191/4323/4087 5190/4322/4085 5178/489/4084
f 5180/493/4088 5192/4324/4089 5191/4323/4087 5179/491/4086
f 5181/495/4090 5193/4325/4091 5192/4324/4089 5180/493/4088
f 5182/497/4092 5194/4326/4093 5193/4325/4091 5181/495/4090
f 5184/4315/4071 5196/4327/4094 5195/4328/4095 5183/4316/4072
f 5185/4317/4075 5197/4329/4096 5196/4327/4094 5184/4315/4071
f 5186/4318/4077 5198/4330/4097 5197/4329/4096 5185/4317/4075
f 5187/4319/4079 5199/4331/4098 5198/4330/4097 5186/4318/4077
f 5188/4320/4081 5200/4332/4099 5199/4331/4098 5187/4319/4079
f 5189/4321/4083 5201/4333/4100 5200/4332/4099 5188/4320/4081
f 5190/4322/4085 5202/4334/4101 5201/4333/4100 5189/4321/4083
f 5191/4323/4087 5203/4335/4102 5202/4334/4101 5190/4322/4085
f 5192/4324/4089 5204/4336/4103 5203/4335/4102 5191/4323/4087
f 5193/4325/4091 5205/4337/4104 5204/4336/4103 5192/4324/4089
f 5194/4326/4093 5206/4338/4105 5205/4337/4104 5193/4325/4091
f 5196/4327/4094 5208/4339/4106 5207/4340/4107 5195/4328/4095
f 5197/4329/4096 5209/4341/4108 5208/4339/4106 5196/4327/4094
f 5198/4330/4097 5210/4342/4109 5209/4341/4108 5197/4329/4096
f 5199/4331/4098 5211/4343/4110 5210/4342/4109 5198/4330/4097
f 5200/4332/4099 5212/4344/4111 5211/4343/4110 5199/4331/4098
f 5201/4333/4100 5213/4345/4112 5212/4344/4111 5200/4332/4099
f 5202/4334/4101 5214/4346/4113 5213/4345/4112 5201/4333/4100
f 5203/4335/4102 5215/4347/4114 5214/4346/4113 5202/4334/4101
f 5204/4336/4103 5216/4348/4115 5215/4347/4114 5203/4335/4102
f 5205/4337/4104 5217/4349/4116 5216/4348/4115 5204/4336/4103
f 5206/4338/4105 5218/4350/4117 5217/4349/4116 5205/4337/4104
f 5208/4339/4106 5220/4351/4118 5219/4352/4119 5207/4340/4107
f 5209/4341/4108 5221/4353/4120 5220/4351/4118 5208/4339/4106
f 5210/4342/4109 5222/4354/4121 5221/4353/4120 5209/4341/4108
f 5211/4343/4110 5223/4355/4122 5222/4354/4121 5210/4342/4109
f 5212/4344/4111 5224/4356/4123 5223/4355/4122 5211/4343/4110
f 5213/4345/4112 5225/4357/4124 5224/4356/4123 5212/4344/4111
f 5214/4346/4113 5226/4358/4125 5225/4357/4124 5213/4345/4112
f 5215/4347/4114 5227/4359/4126 5226/4358/4125 5214/4346/4113
f 5216/4348/4115 5228/4360/4127 5227/4359/4126 5215/4347/4114
f 5217/4349/4116 5229/4361/4128 5228/4360/4127 5216/4348/4115
f 5218/4350/4117 5230/4362/4129 5229/4361/4128 5217/4349/4116
f 5220/4351/4118 5232/4363/4130 5231/218/4131 5219/4352/4119
f 5221/4353/4120 5233/4364/4132 5232/4363/4130 5220/4351/4118
f 5222/4354/4121 5234/4365/4133 5233/4364/4132 5221/4353/4120
f 5223/4355/4122 5235/4366/4134 5234/4365/4133 5222/4354/4121
f 5224/4356/4123 5236/4367/4135 5235/4366/4134 5223/4355/4122
f 5225/4357/4124 5237/4368/4136 5236/4367/4135 5224/4356/4123
f 5226/4358/4125 5238/4369/4137 5237/4368/4136 5225/4357/4124
f 5227/4359/4126 5239/4370/4138 5238/4369/4137 5226/4358/4125
f 5228/4360/4127 5240/4371/4139 5239/4370/4138 5227/4359/4126
f 5229/4361/4128 5241/4372/4140 5240/4371/4139 5228/4360/4127
f 5230/4362/4129 5242/4373/4141 5241/4372/4140 5229/4361/4128
f 5232/4363/4130 5244/4374/4142 5243/4375/4143 5231/218/4131
f 5233/4364/4132 5245/4376/4144 5244/4374/4142 5232/4363/4130
f 5234/4365/4133 5246/4377/4145 5245/4376/4144 5233/4364/4132
f 5235/4366/4134 5247/4378/4146 5246/4377/4145 5234/4365/4133
f 5236/4367/4135 5248/4379/4147 5247/4378/4146 5235/4366/4134
f 5237/4368/4136 5249/4380/4148 5248/4379/4147 5236/4367/4135
f 5238/4369/4137 5250/4381/4149 5249/4380/4148 5237/4368/4136
f 5239/4370/4138 5251/4382/4150 5250/4381/4149 5238/4369/4137
f 5240/4371/4139 5252/4383/4151 5251/4382/4150 5239/4370/4138
f 5241/4372/4140 5253/4384/4152 5252/4383/4151 5240/4371/4139
f 5242/4373/4141 5254/4385/4153 5253/4384/4152 5241/4372/4140
f 5244/4374/4142 5256/4386/4154 5255/4387/4155 5243/4375/4143
f 5245/4376/4144 5257/4388/4156 5256/4386/4154 5244/4374/4142
f 5246/4377/4145 5258/4389/4157 5257/4388/4156 5245/4376/4144
f 5247/4378/4146 5259/4390/4158 5258/4389/4157 5246/4377/4145
f 5248/4379/4147 5260/4391/4159 5259/4390/4158 5247/4378/4146
f 5249/4380/4148 5261/4392/4160 5260/4391/4159 5248/4379/4147
f 5250/4381/4149 5262/4393/4161 5261/4392/4160 5249/4380/4148
f 5251/4382/4150 5263/4394/4162 5262/4393/4161 5250/4381/4149
f 5252/4383/4151 5264/4395/4163 5263/4394/4162 5251/4382/4150
f 5253/4384/4152 5265/4396/4164 5264/4395/4163 5252/4383/4151
f 5254/4385/4153 5266/4397/4165 5265/4396/4164 5253/4384/4152
f 5256/4386/4154 5268/4398/4166 5267/4399/4167 5255/4387/4155
f 5257/4388/4156 5269/4400/4168 5268/4398/4166 5256/4386/4154
f 5258/4389/4157 5270/4401/4169 5269/4400/4168 5257/4388/4156
f 5259/4390/4158 5271/4402/4170 5270/4401/4169 5258/4389/4157
f 5260/4391/4159 5272/4403/4171 5271/4402/4170 5259/4390/4158
f 5261/4392/4160 5273/4404/4172 5272/4403/4171 5260/4391/4159
f 5262/4393/4161 5274/4405/4173 5273/4404/4172 5261/4392/4160
f 5263/4394/4162 5275/4406/4174 5274/4405/4173 5262/4393/4161
f 5264/4395/4163 5276/4407/4175 5275/4406/4174 5263/4394/4162
f 5265/4396/4164 5277/4408/4176 5276/4407/4175 5264/4395/4163
f 5266/4397/4165 5278/4409/4177 5277/4408/4176 5265/4396/4164
f 5268/4398/4166 5280/4410/4178 5279/4411/4179 5267/4399/4167
f 5269/4400/4168 5281/4412/4180 5280/4410/4178 5268/4398/4166
f 5270/4401/4169 5282/4413/4181 5281/4412/4180 5269/4400/4168
f 5271/4402/4170 5283/4414/4182 5282/4413/4181 5270/4401/4169
f 5272/4403/4171 5284/4415/4183 5283/4414/4182 5271/4402/4170
f 5273/4404/4172 5285/4416/4184 5284/4415/4183 5272/4403/4171
f 5274/4405/4173 5286/4417/4185 5285/4416/4184 5273/4404/4172
f 5275/4406/4174 5287/4418/4186 5286/4417/4185 5274/4405/4173
f 5276/4407/4175 5288/4419/4187 5287/4418/4186 5275/4406/4174
f 5277/4408/4176 5289/4420/4188 5288/4419/4187 5276/4407/4175
f 5278/4409/4177 5290/4421/4189 5289/4420/4188 5277/4408/4176
f 5280/4410/4178 5292/4422/4190 5291/244/4191 5279/4411/4179
f 5281/4412/4180 5293/4423/4192 5292/4422/4190 5280/4410/4178
f 5282/4413/4181 5294/4424/4193 5293/4423/4192 5281/4412/4180
f 5283/4414/4182 5295/4425/4194 5294/4424/4193 5282/4413/4181
f 5284/4415/4183 5296/4426/4195 5295/4425/4194 5283/4414/4182
f 5285/4416/4184 5297/4427/4196 5296/4426/4195 5284/4415/4183
f 5286/4417/4185 5298/4428/4197 5297/4427/4196 5285/4416/4184
f 5287/4418/4186 5299/4429/4198 5298/4428/4197 5286/4417/4185
f 5288/4419/4187 5300/4430/4199 5299/4429/4198 5287/4418/4186
f 5289/4420/4188 5301/4431/4200 5300/4430/4199 5288/4419/4187
f 5290/4421/4189 5302/4432/4201 5301/4431/4200 5289/4420/4188
f 5292/4422/4190 5304/2499/4202 5303/2500/4203 5291/244/4191
f 5293/4423/4192 5305/2501/4204 5304/2499/4202 5292/4422/4190
f 5294/4424/4193 5306/2502/4205 5305/2501/4204 5293/4423/4192
f 5295/4425/4194 5307/2503/4206 5306/2502/4205 5294/4424/4193
f 5296/4426/4195 5308/2504/4207 5307/2503/4206 5295/4425/4194
f 5297/4427/4196 5309/2505/4208 5308/2504/4207 5296/4426/4195
f 5298/4428/4197 5310/2506/4209 5309/2505/4208 5297/4427/4196
f 5299/4429/4198 5311/2507/4210 5310/2506/4209 5298/4428/4197
f 5300/4430/4199 5312/2508/4211 5311/2507/4210 5299/4429/4198
f 5301/4431/4200 5313/2509/4212 5312/2508/4211 5300/4430/4199
f 5302/4432/4201 5314/2510/4213 5313/2509/4212 5301/4431/4200
f 5304/2499/4202 5316/4433/4214 5315/4434/4215 5303/2500/4203
f 5305/2501/4204 5317/4435/4216 5316/4433/4214 5304/2499/4202
f 5306/2502/4205 5318/4436/4217 5317/4435/4216 5305/2501/4204
f 5307/2503/4206 5319/4437/4218 5318/4436/4217 5306/2502/4205
f 5308/2504/4207 5320/4438/4219 5319/4437/4218 5307/2503/4206
f 5309/2505/4208 5321/4439/4220 5320/4438/4219 5308/2504/4207
f 5310/2506/4209 5322/4440/4221 5321/4439/4220 5309/2505/4208
f 5311/2507/4210 5323/4441/4222 5322/4440/4221 5310/2506/4209
f 5312/2508/4211 5324/4442/4223 5323/4441/4222 5311/2507/4210
f 5313/2509/4212 5325/4443/4224 5324/4442/4223 5312/2508/4211
f 5314/2510/4213 5326/4444/4225 5325/4443/4224 5313/2509/4212
f 5316/4433/4214 5328/4445/4226 5327/4446/4227 5315/4434/4215
f 5317/4435/4216 5329/4447/4228 5328/4445/4226 5316/4433/4214
f 5318/4436/4217 5330/4448/4229 5329/4447/4228 5317/4435/4216
f 5319/4437/4218 5331/4449/4230 5330/4448/4229 5318/4436/4217
f 5320/4438/4219 5332/4450/4231 5331/4449/4230 5319/4437/4218
f 5321/4439/4220 5333/4451/4232 5332/4450/4231 5320/4438/4219
f 5322/4440/4221 5334/4452/4233 5333/4451/4232 5321/4439/4220
f 5323/4441/4222 5335/4453/4234 5334/4452/4233 5322/4440/4221
f 5324/4442/4223 5336/4454/4235 5335/4453/4234 5323/4441/4222
f 5325/4443/4224 5337/4455/4236 5336/4454/4235 5324/4442/4223
f 5326/4444/4225 5338/4456/4237 5337/4455/4236 5325/4443/4224
f 5328/4445/4226 5340/4457/4238 5339/4458/4239 5327/4446/4227
f 5329/4447/4228 5341/4459/4240 5340/4457/4238 5328/4445/4226
f 5330/4448/4229 5342/4460/4241 5341/4459/4240 5329/4447/4228
f 5331/4449/4230 5343/4461/4242 5342/4460/4241 5330/4448/4229
f 5332/4450/4231 5344/4462/4243 5343/4461/4242 5331/4449/4230
f 5333/4451/4232 5345/4463/4244 5344/4462/4243 5332/4450/4231
f 5334/4452/4233 5346/4464/4245 5345/4463/4244 5333/4451/4232
f 5335/4453/4234 5347/4465/4246 5346/4464/4245 5334/4452/4233
f 5336/4454/4235 5348/4466/4247 5347/4465/4246 5335/4453/4234
f 5337/4455/4236 5349/4467/4248 5348/4466/4247 5336/4454/4235
f 5338/4456/4237 5350/4468/4249 5349/4467/4248 5337/4455/4236
f 5340/4457/4238 5352/4469/4250 5351/268/4251 5339/4458/4239
f 5341/4459/4240 5353/4470/4252 5352/4469/4250 5340/4457/4238
f 5342/4460/4241 5354/4471/4253 5353/4470/4252 5341/4459/4240
f 5343/4461/4242 5355/4472/4254 5354/4471/4253 5342/4460/4241
f 5344/4462/4243 5356/4473/4255 5355/4472/4254 5343/4461/4242
f 5345/4463/4244 5357/4474/4256 5356/4473/4255 5344/4462/4243
f 5346/4464/4245 5358/4475/4257 5357/4474/4256 5345/4463/4244
f 5347/4465/4246 5359/4476/4258 5358/4475/4257 5346/4464/4245
f 5348/4466/4247 5360/4477/4259 5359/4476/4258 5347/4465/4246
f 5349/4467/4248 5361/4478/4260 5360/4477/4259 5348/4466/4247
f 5350/4468/4249 5362/4479/4261 5361/4478/4260 5349/4467/4248
f 5352/4469/4250 5364/4480/4262 5363/4481/4263 5351/268/4251
f 5353/4470/4252 5365/4482/4264 5364/4480/4262 5352/4469/4250
f 5354/4471/4253 5366/4483/4265 5365/4482/4264 5353/4470/4252
f 5355/4472/4254 5367/4484/4266 5366/4483/4265 5354/4471/4253
f 5356/4473/4255 5368/4485/4267 5367/4484/4266 5355/4472/4254
f 5357/4474/4256 5369/4486/4268 5368/4485/4267 5356/4473/4255
f 5358/4475/4257 5370/4487/4269 5369/4486/4268 5357/4474/4256
f 5359/4476/4258 5371/4488/4270 5370/4487/4269 5358/4475/4257
f 5360/4477/4259 5372/4489/4271 5371/4488/4270 5359/4476/4258
f 5361/4478/4260 5373/4490/4272 5372/4489/4271 5360/4477/4259
f 5362/4479/4261 5374/4491/4273 5373/4490/4272 5361/4478/4260
f 5364/4480/4262 5376/4492/4274 5375/4493/4275 5363/4481/4263
f 5365/4482/4264 5377/4494/4276 5376/4492/4274 5364/4480/4262
f 5366/4483/4265 5378/4495/4277 5377/4494/4276 5365/4482/4264
f 5367/4484/4266 5379/4496/4278 5378/4495/4277 5366/4483/4265
f 5368/4485/4267 5380/4497/4279 5379/4496/4278 5367/4484/4266
f 5369/4486/4268 5381/4498/4280 5380/4497/4279 5368/4485/4267
f 5370/4487/4269 5382/4499/4281 5381/4498/4280 5369/4486/4268
f 5371/4488/4270 5383/4500/4282 5382/4499/4281 5370/4487/4269
f 5372/4489/4271 5384/4501/4283 5383/4500/4282 5371/4488/4270
f 5373/4490/4272 5385/4502/4284 5384/4501/4283 5372/4489/4271
f 5374/4491/4273 5386/4503/4285 5385/4502/4284 5373/4490/4272
f 5376/4492/4274 5388/4504/4286 5387/4505/4287 5375/4493/4275
f 5377/4494/4276 5389/4506/4288 5388/4504/4286 5376/4492/4274
f 5378/4495/4277 5390/4507/4289 5389/4506/4288 5377/4494/4276
f 5379/4496/4278 5391/4508/4290 5390/4507/4289 5378/4495/4277
f 5380/4497/4279 5392/4509/4291 5391/4508/4290 5379/4496/4278
f 5381/4498/4280 5393/4510/4292 5392/4509/4291 5380/4497/4279
f 5382/4499/4281 5394/4511/4293 5393/4510/4292 5381/4498/4280
f 5383/4500/4282 5395/4512/4294 5394/4511/4293 5382/4499/4281
f 5384/4501/4283 5396/4513/4295 5395/4512/4294 5383/4500/4282
f 5385/4502/4284 5397/4514/4296 5396/4513/4295 5384/4501/4283
f 5386/4503/4285 5398/4515/4297 5397/4514/4296 5385/4502/4284
f 5388/4504/4286 5400/4516/4298 5399/4517/4299 5387/4505/4287
f 5389/4506/4288 5401/4518/4300 5400/4516/4298 5388/4504/4286
f 5390/4507/4289 5402/4519/4301 5401/4518/4300 5389/4506/4288
f 5391/4508/4290 5403/4520/4302 5402/4519/4301 5390/4507/4289
f 5392/4509/4291 5404/4521/4303 5403/4520/4302 5391/4508/4290
f 5393/4510/4292 5405/4522/4304 5404/4521/4303 5392/4509/4291
f 5394/4511/4293 5406/4523/4305 5405/4522/4304 5393/4510/4292
f 5395/4512/4294 5407/4524/4306 5406/4523/4305 5394/4511/4293
f 5396/4513/4295 5408/4525/4307 5407/4524/4306 5395/4512/4294
f 5397/4514/4296 5409/4526/4308 5408/4525/4307 5396/4513/4295
f 5398/4515/4297 5410/4527/4309 5409/4526/4308 5397/4514/4296
f 5400/4516/4298 5412/4528/4310 5411/301/4311 5399/4517/4299
f 5401/4518/4300 5413/4529/4312 5412/4528/4310 5400/4516/4298
f 5402/4519/4301 5414/4530/4313 5413/4529/4312 5401/4518/4300
f 5403/4520/4302 5415/4531/4314 5414/4530/4313 5402/4519/4301
f 5404/4521/4303 5416/4532/4315 5415/4531/4314 5403/4520/4302
f 5405/4522/4304 5417/4533/4316 5416/4532/4315 5404/4521/4303
f 5406/4523/4305 5418/4534/4317 5417/4533/4316 5405/4522/4304
f 5407/4524/4306 5419/4535/4318 5418/4534/4317 5406/4523/4305
f 5408/4525/4307 5420/4536/4319 5419/4535/4318 5407/4524/4306
f 5409/4526/4308 5421/4537/4320 5420/4536/4319 5408/4525/4307
f 5410/4527/4309 5422/4538/4321 5421/4537/4320 5409/4526/4308
f 5412/4528/4310 5424/4539/4322 5423/4540/4323 5411/301/4311
f 5413/4529/4312 5425/4541/4324 5424/4539/4322 5412/4528/4310
f 5414/4530/4313 5426/4542/4325 5425/4541/4324 5413/4529/4312
f 5415/4531/4314 5427/4543/4326 5426/4542/4325 5414/4530/4313
f 5416/4532/4315 5428/4544/4327 5427/4543/4326 5415/4531/4314
f 5417/4533/4316 5429/4545/4328 5428/4544/4327 5416/4532/4315
f 5418/4534/4317 5430/4546/4329 5429/4545/4328 5417/4533/4316
f 5419/4535/4318 5431/4547/4330 5430/4546/4329 5418/4534/4317
f 5420/4536/4319 5432/4548/4331 5431/4547/4330 5419/4535/4318
f 5421/4537/4320 5433/4549/4332 5432/4548/4331 5420/4536/4319
f 5422/4538/4321 5434/4550/4333 5433/4549/4332 5421/4537/4320
f 5424/4539/4322 5436/2559/4334 5435/2560/4335 5423/4540/4323
f 5425/4541/4324 5437/2561/4336 5436/2559/4334 5424/4539/4322
f 5426/4542/4325 5438/2562/4337 5437/2561/4336 5425/4541/4324
f 5427/4543/4326 5439/2563/4338 5438/2562/4337 5426/4542/4325
f 5428/4544/4327 5440/2564/4339 5439/2563/4338 5427/4543/4326
f 5429/4545/4328 5441/2565/4340 5440/2564/4339 5428/4544/4327
f 5430/4546/4329 5442/2566/4341 5441/2565/4340 5429/4545/4328
f 5431/4547/4330 5443/2567/4342 5442/2566/4341 5430/4546/4329
f 5432/4548/4331 5444/2568/4343 5443/2567/4342 5431/4547/4330
f 5433/4549/4332 5445/2569/4344 5444/2568/4343 5432/4548/4331
f 5434/4550/4333 5446/2570/4345 5445/2569/4344 5433/4549/4332
f 5436/2559/4334 5448/4551/4346 5447/4552/4347 5435/2560/4335
f 5437/2561/4336 5449/4553/4348 5448/4551/4346 5436/2559/4334
f 5438/2562/4337 5450/4554/4349 5449/4553/4348 5437/2561/4336
f 5439/2563/4338 5451/4555/4350 5450/4554/4349 5438/2562/4337
f 5440/2564/4339 5452/4556/4351 5451/4555/4350 5439/2563/4338
f 5441/2565/4340 5453/4557/4352 5452/4556/4351 5440/2564/4339
f 5442/2566/4341 5454/4558/4353 5453/4557/4352 5441/2565/4340
f 5443/2567/4342 5455/4559/4354 5454/4558/4353 5442/2566/4341
f 5444/2568/4343 5456/4560/4355 5455/4559/4354 5443/2567/4342
f 5445/2569/4344 5457/4561/4356 5456/4560/4355 5444/2568/4343
f 5446/2570/4345 5458/4562/4357 5457/4561/4356 5445/2569/4344
f 5448/4551/4346 5460/4563/4358 5459/4564/4359 5447/4552/4347
f 5449/4553/4348 5461/4565/4360 5460/4563/4358 5448/4551/4346
f 5450/4554/4349 5462/4566/4361 5461/4565/4360 5449/4553/4348
f 5451/4555/4350 5463/4567/4362 5462/4566/4361 5450/4554/4349
f 5452/4556/4351 5464/4568/4363 5463/4567/4362 5451/4555/4350
f 5453/4557/4352 5465/4569/4364 5464/4568/4363 5452/4556/4351
f 5454/4558/4353 5466/4570/4365 5465/4569/4364 5453/4557/4352
f 5455/4559/4354 5467/4571/4366 5466/4570/4365 5454/4558/4353
f 5456/4560/4355 5468/4572/4367 5467/4571/4366 5455/4559/4354
f 5457/4561/4356 5469/4573/4368 5468/4572/4367 5456/4560/4355
f 5458/4562/4357 5470/4574/4369 5469/4573/4368 5457/4561/4356
f 5460/4563/4358 5472/4575/4370 5471/291/4371 5459/4564/4359
f 5461/4565/4360 5473/4576/4372 5472/4575/4370 5460/4563/4358
f 5462/4566/4361 5474/4577/4373 5473/4576/4372 5461/4565/4360
f 5463/4567/4362 5475/4578/4374 5474/4577/4373 5462/4566/4361
f 5464/4568/4363 5476/4579/4375 5475/4578/4374 5463/4567/4362
f 5465/4569/4364 5477/4580/4376 5476/4579/4375 5464/4568/4363
f 5466/4570/4365 5478/4581/4377 5477/4580/4376 5465/4569/4364
f 5467/4571/4366 5479/4582/4378 5478/4581/4377 5466/4570/4365
f 5468/4572/4367 5480/4583/4379 5479/4582/4378 5467/4571/4366
f 5469/4573/4368 5481/4584/4380 5480/4583/4379 5468/4572/4367
f 5470/4574/4369 5482/4585/4381 5481/4584/4380 5469/4573/4368
f 5472/4575/4370 5484/4586/4382 5483/4587/4383 5471/291/4371
f 5473/4576/4372 5485/4588/4384 5484/4586/4382 5472/4575/4370
f 5474/4577/4373 5486/4589/4385 5485/4588/4384 5473/4576/4372
f 5475/4578/4374 5487/4590/4386 5486/4589/4385 5474/4577/4373
f 5476/4579/4375 5488/4591/4387 5487/4590/4386 5475/4578/4374
f 5477/4580/4376 5489/4592/4388 5488/4591/4387 5476/4579/4375
f 5478/4581/4377 5490/4593/4389 5489/4592/4388 5477/4580/4376
f 5479/4582/4378 5491/4594/4390 5490/4593/4389 5478/4581/4377
f 5480/4583/4379 5492/4595/4391 5491/4594/4390 5479/4582/4378
f 5481/4584/4380 5493/4596/4392 5492/4595/4391 5480/4583/4379
f 5482/4585/4381 5494/4597/4393 5493/4596/4392 5481/4584/4380
f 5484/4586/4382 5496/4598/4394 5495/4599/4395 5483/4587/4383
f 5485/4588/4384 5497/4600/4396 5496/4598/4394 5484/4586/4382
f 5486/4589/4385 5498/4601/4397 5497/4600/4396 5485/4588/4384
f 5487/4590/4386 5499/4602/4398 5498/4601/4397 5486/4589/4385
f 5488/4591/4387 5500/4603/4399 5499/4602/4398 5487/4590/4386
f 5489/4592/4388 5501/4604/4400 5500/4603/4399 5488/4591/4387
f 5490/4593/4389 5502/4605/4401 5501/4604/4400 5489/4592/4388
f 5491/4594/4390 5503/4606/4402 5502/4605/4401 5490/4593/4389
f 5492/4595/4391 5504/4607/4403 5503/4606/4402 5491/4594/4390
f 5493/4596/4392 5505/4608/4404 5504/4607/4403 5492/4595/4391
f 5494/4597/4393 5506/4609/4405 5505/4608/4404 5493/4596/4392
f 5496/4598/4394 5508/4610/4406 5507/4611/4407 5495/4599/4395
f 5497/4600/4396 5509/4612/4408 5508/4610/4406 5496/4598/4394
f 5498/4601/4397 5510/4613/4409 5509/4612/4408 5497/4600/4396
f 5499/4602/4398 5511/4614/4410 5510/4613/4409 5498/4601/4397
f 5500/4603/4399 5512/4615/4411 5511/4614/4410 5499/4602/4398
f 5501/4604/4400 5513/4616/4412 5512/4615/4411 5500/4603/4399
f 5502/4605/4401 5514/4617/4413 5513/4616/4412 5501/4604/4400
f 5503/4606/4402 5515/4618/4414 5514/4617/4413 5502/4605/4401
f 5504/4607/4403 5516/4619/4415 5515/4618/4414 5503/4606/4402
f 5505/4608/4404 5517/4620/4416 5516/4619/4415 5504/4607/4403
f 5506/4609/4405 5518/4621/4417 5517/4620/4416 5505/4608/4404
f 5508/4610/4406 5520/4622/4418 5519/4623/4419 5507/4611/4407
f 5509/4612/4408 5521/4624/4420 5520/4622/4418 5508/4610/4406
f 5510/4613/4409 5522/4625/4421 5521/4624/4420 5509/4612/4408
f 5511/4614/4410 5523/4626/4422 5522/4625/4421 5510/4613/4409
f 5512/4615/4411 5524/4627/4423 5523/4626/4422 5511/4614/4410
f 5513/4616/4412 5525/4628/4424 5524/4627/4423 5512/4615/4411
f 5514/4617/4413 5526/4629/4425 5525/4628/4424 5513/4616/4412
f 5515/4618/4414 5527/4630/4426 5526/4629/4425 5514/4617/4413
f 5516/4619/4415 5528/4631/4427 5527/4630/4426 5515/4618/4414
f 5517/4620/4416 5529/4632/4428 5528/4631/4427 5516/4619/4415
f 5518/4621/4417 5530/4633/4429 5529/4632/4428 5517/4620/4416
f 5520/4622/4418 5532/4634/4430 5531/277/4431 5519/4623/4419
f 5521/4624/4420 5533/4635/4432 5532/4634/4430 5520/4622/4418
f 5522/4625/4421 5534/4636/4433 5533/4635/4432 5521/4624/4420
f 5523/4626/4422 5535/4637/4434 5534/4636/4433 5522/4625/4421
f 5524/4627/4423 5536/4638/4435 5535/4637/4434 5523/4626/4422
f 5525/4628/4424 5537/4639/4436 5536/4638/4435 5524/4627/4423
f 5526/4629/4425 5538/4640/4437 5537/4639/4436 5525/4628/4424
f 5527/4630/4426 5539/4641/4438 5538/4640/4437 5526/4629/4425
f 5528/4631/4427 5540/4642/4439 5539/4641/4438 5527/4630/4426
f 5529/4632/4428 5541/4643/4440 5540/4642/4439 5528/4631/4427
f 5530/4633/4429 5542/4644/4441 5541/4643/4440 5529/4632/4428
f 5532/4634/4430 5544/4645/4442 5543/4646/4443 5531/277/4431
f 5533/4635/4432 5545/4647/4444 5544/4645/4442 5532/4634/4430
f 5534/4636/4433 5546/4648/4445 5545/4647/4444 5533/4635/4432
f 5535/4637/4434 5547/4649/4446 5546/4648/4445 5534/4636/4433
f 5536/4638/4435 5548/4650/4447 5547/4649/4446 5535/4637/4434
f 5537/4639/4436 5549/4651/4448 5548/4650/4447 5536/4638/4435
f 5538/4640/4437 5550/4652/4449 5549/4651/4448 5537/4639/4436
f 5539/4641/4438 5551/4653/4450 5550/4652/4449 5538/4640/4437
f 5540/4642/4439 5552/4654/4451 5551/4653/4450 5539/4641/4438
f 5541/4643/4440 5553/4655/4452 5552/4654/4451 5540/4642/4439
f 5542/4644/4441 5554/4656/4453 5553/4655/4452 5541/4643/4440
f 5544/4645/4442 5556/4657/4454 5555/4658/4455 5543/4646/4443
f 5545/4647/4444 5557/4659/4456 5556/4657/4454 5544/4645/4442
f 5546/4648/4445 5558/4660/4457 5557/4659/4456 5545/4647/4444
f 5547/4649/4446 5559/4661/4458 5558/4660/4457 5546/4648/4445
f 5548/4650/4447 5560/4662/4459 5559/4661/4458 5547/4649/4446
f 5549/4651/4448 5561/4663/4460 5560/4662/4459 5548/4650/4447
f 5550/4652/4449 5562/4664/4461 5561/4663/4460 5549/4651/4448
f 5551/4653/4450 5563/4665/4462 5562/4664/4461 5550/4652/4449
f 5552/4654/4451 5564/4666/4463 5563/4665/4462 5551/4653/4450
f 5553/4655/4452 5565/4667/4464 5564/4666/4463 5552/4654/4451
f 5554/4656/4453 5566/4668/4465 5565/4667/4464 5553/4655/4452
f 5556/4657/4454 5568/2619/4466 5567/2620/4467 5555/4658/4455
f 5557/4659/4456 5569/2621/4468 5568/2619/4466 5556/4657/4454
f 5558/4660/4457 5570/2622/4469 5569/2621/4468 5557/4659/4456
f 5559/4661/4458 5571/2623/4470 5570/2622/4469 5558/4660/4457
f 5560/4662/4459 5572/2624/4471 5571/2623/4470 5559/4661/4458
f 5561/4663/4460 5573/2625/4472 5572/2624/4471 5560/4662/4459
f 5562/4664/4461 5574/2626/4473 5573/2625/4472 5561/4663/4460
f 5563/4665/4462 5575/2627/4474 5574/2626/4473 5562/4664/4461
f 5564/4666/4463 5576/2628/4475 5575/2627/4474 5563/4665/4462
f 5565/4667/4464 5577/2629/4476 5576/2628/4475 5564/4666/4463
f 5566/4668/4465 5578/2630/4477 5577/2629/4476 5565/4667/4464
f 5568/2619/4466 5580/4669/4478 5579/4670/4479 5567/2620/4467
f 5569/2621/4468 5581/4671/4480 5580/4669/4478 5568/2619/4466
f 5570/2622/4469 5582/4672/4481 5581/4671/4480 5569/2621/4468
f 5571/2623/4470 5583/4673/4482 5582/4672/4481 5570/2622/4469
f 5572/2624/4471 5584/4674/4483 5583/4673/4482 5571/2623/4470
f 5573/2625/4472 5585/4675/4484 5584/4674/4483 5572/2624/4471
f 5574/2626/4473 5586/4676/4485 5585/4675/4484 5573/2625/4472
f 5575/2627/4474 5587/4677/4486 5586/4676/4485 5574/2626/4473
f 5576/2628/4475 5588/4678/4487 5587/4677/4486 5575/2627/4474
f 5577/2629/4476 5589/4679/4488 5588/4678/4487 5576/2628/4475
f 5578/2630/4477 5590/4680/4489 5589/4679/4488 5577/2629/4476
f 5580/4669/4478 5592/4681/4490 5591/279/4491 5579/4670/4479
f 5581/4671/4480 5593/4682/4492 5592/4681/4490 5580/4669/4478
f 5582/4672/4481 5594/4683/4493 5593/4682/4492 5581/4671/4480
f 5583/4673/4482 5595/4684/4494 5594/4683/4493 5582/4672/4481
f 5584/4674/4483 5596/4685/4495 5595/4684/4494 5583/4673/4482
f 5585/4675/4484 5597/4686/4496 5596/4685/4495 5584/4674/4483
f 5586/4676/4485 5598/4687/4497 5597/4686/4496 5585/4675/4484
f 5587/4677/4486 5599/4688/4498 5598/4687/4497 5586/4676/4485
f 5588/4678/4487 5600/4689/4499 5599/4688/4498 5587/4677/4486
f 5589/4679/4488 5601/4690/4500 5600/4689/4499 5588/4678/4487
f 5590/4680/4489 5602/4691/4501 5601/4690/4500 5589/4679/4488
f 5592/4681/4490 5604/4692/4502 5603/4693/4503 5591/279/4491
f 5593/4682/4492 5605/4694/4504 5604/4692/4502 5592/4681/4490
f 5594/4683/4493 5606/4695/4505 5605/4694/4504 5593/4682/4492
f 5595/4684/4494 5607/4696/4506 5606/4695/4505 5594/4683/4493
f 5596/4685/4495 5608/4697/4507 5607/4696/4506 5595/4684/4494
f 5597/4686/4496 5609/4698/4508 5608/4697/4507 5596/4685/4495
f 5598/4687/4497 5610/4699/4509 5609/4698/4508 5597/4686/4496
f 5599/4688/4498 5611/4700/4510 5610/4699/4509 5598/4687/4497
f 5600/4689/4499 5612/4701/4511 5611/4700/4510 5599/4688/4498
f 5601/4690/4500 5613/4702/4512 5612/4701/4511 5600/4689/4499
f 5602/4691/4501 5614/4703/4513 5613/4702/4512 5601/4690/4500
f 5604/4692/4502 5616/4704/4514 5615/4705/4515 5603/4693/4503
f 5605/4694/4504 5617/4706/4516 5616/4704/4514 5604/4692/4502
f 5606/4695/4505 5618/4707/4517 5617/4706/4516 5605/4694/4504
f 5607/4696/4506 5619/4708/4518 5618/4707/4517 5606/4695/4505
f 5608/4697/4507 5620/4709/4519 5619/4708/4518 5607/4696/4506
f 5609/4698/4508 5621/4710/4520 5620/4709/4519 5608/4697/4507
f 5610/4699/4509 5622/4711/4521 5621/4710/4520 5609/4698/4508
f 5611/4700/4510 5623/4712/4522 5622/4711/4521 5610/4699/4509
f 5612/4701/4511 5624/4713/4523 5623/4712/4522 5611/4700/4510
f 5613/4702/4512 5625/4714/4524 5624/4713/4523 5612/4701/4511
f 5614/4703/4513 5626/4715/4525 5625/4714/4524 5613/4702/4512
f 5616/4704/4514 5628/4716/4526 5627/4717/4527 5615/4705/4515
f 5617/4706/4516 5629/4718/4528 5628/4716/4526 5616/4704/4514
f 5618/4707/4517 5630/4719/4529 5629/4718/4528 5617/4706/4516
f 5619/4708/4518 5631/4720/4530 5630/4719/4529 5618/4707/4517
f 5620/4709/4519 5632/4721/4531 5631/4720/4530 5619/4708/4518
f 5621/4710/4520 5633/4722/4532 5632/4721/4531 5620/4709/4519
f 5622/4711/4521 5634/4723/4533 5633/4722/4532 5621/4710/4520
f 5623/4712/4522 5635/4724/4534 5634/4723/4533 5622/4711/4521
f 5624/4713/4523 5636/4725/4535 5635/4724/4534 5623/4712/4522
f 5625/4714/4524 5637/4726/4536 5636/4725/4535 5624/4713/4523
f 5626/4715/4525 5638/4727/4537 5637/4726/4536 5625/4714/4524
f 5628/4716/4526 5640/4728/4538 5639/4729/4539 5627/4717/4527
f 5629/4718/4528 5641/4730/4540 5640/4728/4538 5628/4716/4526
f 5630/4719/4529 5642/4731/4541 5641/4730/4540 5629/4718/4528
f 5631/4720/4530 5643/4732/4542 5642/4731/4541 5630/4719/4529
f 5632/4721/4531 5644/4733/4543 5643/4732/4542 5631/4720/4530
f 5633/4722/4532 5645/4734/4544 5644/4733/4543 5632/4721/4531
f 5634/4723/4533 5646/4735/4545 5645/4734/4544 5633/4722/4532
f 5635/4724/4534 5647/4736/4546 5646/4735/4545 5634/4723/4533
f 5636/4725/4535 5648/4737/4547 5647/4736/4546 5635/4724/4534
f 5637/4726/4536 5649/4738/4548 5648/4737/4547 5636/4725/4535
f 5638/4727/4537 5650/4739/4549 5649/4738/4548 5637/4726/4536
f 5640/4728/4538 5652/4740/4550 5651/262/4551 5639/4729/4539
f 5641/4730/4540 5653/4741/4552 5652/4740/4550 5640/4728/4538
f 5642/4731/4541 5654/4742/4553 5653/4741/4552 5641/4730/4540
f 5643/4732/4542 5655/4743/4554 5654/4742/4553 5642/4731/4541
f 5644/4733/4543 5656/4744/4555 5655/4743/4554 5643/4732/4542
f 5645/4734/4544 5657/4745/4556 5656/4744/4555 5644/4733/4543
f 5646/4735/4545 5658/4746/4557 5657/4745/4556 5645/4734/4544
f 5647/4736/4546 5659/4747/4558 5658/4746/4557 5646/4735/4545
f 5648/4737/4547 5660/4748/4559 5659/4747/4558 5647/4736/4546
f 5649/4738/4548 5661/4749/4560 5660/4748/4559 5648/4737/4547
f 5650/4739/4549 5662/4750/4561 5661/4749/4560 5649/4738/4548
f 5652/4740/4550 5664/4751/4562 5663/4752/4563 5651/262/4551
f 5653/4741/4552 5665/4753/4564 5664/4751/4562 5652/4740/4550
f 5654/4742/4553 5666/4754/4565 5665/4753/4564 5653/4741/4552
f 5655/4743/4554 5667/4755/4566 5666/4754/4565 5654/4742/4553
f 5656/4744/4555 5668/4756/4567 5667/4755/4566 5655/4743/4554
f 5657/4745/4556 5669/4757/4568 5668/4756/4567 5656/4744/4555
f 5658/4746/4557 5670/4758/4569 5669/4757/4568 5657/4745/4556
f 5659/4747/4558 5671/4759/4570 5670/4758/4569 5658/4746/4557
f 5660/4748/4559 5672/4760/4571 5671/4759/4570 5659/4747/4558
f 5661/4749/4560 5673/4761/4572 5672/4760/4571 5660/4748/4559
f 5662/4750/4561 5674/4762/4573 5673/4761/4572 5661/4749/4560
f 5664/4751/4562 5676/4763/4574 5675/4764/4575 5663/4752/4563
f 5665/4753/4564 5677/4765/4576 5676/4763/4574 5664/4751/4562
f 5666/4754/4565 5678/4766/4577 5677/4765/4576 5665/4753/4564
f 5667/4755/4566 5679/4767/4578 5678/4766/4577 5666/4754/4565
f 5668/4756/4567 5680/4768/4579 5679/4767/4578 5667/4755/4566
f 5669/4757/4568 5681/4769/4580 5680/4768/4579 5668/4756/4567
f 5670/4758/4569 5682/4770/4581 5681/4769/4580 5669/4757/4568
f 5671/4759/4570 5683/4771/4582 5682/4770/4581 5670/4758/4569
f 5672/4760/4571 5684/4772/4583 5683/4771/4582 5671/4759/4570
f 5673/4761/4572 5685/4773/4584 5684/4772/4583 5672/4760/4571
f 5674/4762/4573 5686/4774/4585 5685/4773/4584 5673/4761/4572
f 5676/4763/4574 5688/4775/4586 5687/4776/4587 5675/4764/4575
f 5677/4765/4576 5689/4777/4588 5688/4775/4586 5676/4763/4574
f 5678/4766/4577 5690/4778/4589 5689/4777/4588 5677/4765/4576
f 5679/4767/4578 5691/4779/4590 5690/4778/4589 5678/4766/4577
f 5680/4768/4579 5692/4780/4591 5691/4779/4590 5679/4767/4578
f 5681/4769/4580 5693/4781/4592 5692/4780/4591 5680/4768/4579
f 5682/4770/4581 5694/4782/4593 5693/4781/4592 5681/4769/4580
f 5683/4771/4582 5695/4783/4594 5694/4782/4593 5682/4770/4581
f 5684/4772/4583 5696/4784/4595 5695/4783/4594 5683/4771/4582
f 5685/4773/4584 5697/4785/4596 5696/4784/4595 5684/4772/4583
f 5686/4774/4585 5698/4786/4597 5697/4785/4596 5685/4773/4584
f 5688/4775/4586 5700/2679/4598 5699/2680/4599 5687/4776/4587
f 5689/4777/4588 5701/2681/4600 5700/2679/4598 5688/4775/4586
f 5690/4778/4589 5702/2682/4601 5701/2681/4600 5689/4777/4588
f 5691/4779/4590 5703/2683/4602 5702/2682/4601 5690/4778/4589
f 5692/4780/4591 5704/2684/4603 5703/2683/4602 5691/4779/4590
f 5693/4781/4592 5705/2685/4604 5704/2684/4603 5692/4780/4591
f 5694/4782/4593 5706/2686/4605 5705/2685/4604 5693/4781/4592
f 5695/4783/4594 5707/2687/4606 5706/2686/4605 5694/4782/4593
f 5696/4784/4595 5708/2688/4607 5707/2687/4606 5695/4783/4594
f 5697/4785/4596 5709/2689/4608 5708/2688/4607 5696/4784/4595
f 5698/4786/4597 5710/2690/4609 5709/2689/4608 5697/4785/4596
f 5700/2679/4598 5712/4787/4610 5711/250/4611 5699/2680/4599
f 5701/2681/4600 5713/4788/4612 5712/4787/4610 5700/2679/4598
f 5702/2682/4601 5714/4789/4613 5713/4788/4612 5701/2681/4600
f 5703/2683/4602 5715/4790/4614 5714/4789/4613 5702/2682/4601
f 5704/2684/4603 5716/4791/4615 5715/4790/4614 5703/2683/4602
f 5705/2685/4604 5717/4792/4616 5716/4791/4615 5704/2684/4603
f 5706/2686/4605 5718/4793/4617 5717/4792/4616 5705/2685/4604
f 5707/2687/4606 5719/4794/4618 5718/4793/4617 5706/2686/4605
f 5708/2688/4607 5720/4795/4619 5719/4794/4618 5707/2687/4606
f 5709/2689/4608 5721/4796/4620 5720/4795/4619 5708/2688/4607
f 5710/2690/4609 5722/4797/4621 5721/4796/4620 5709/2689/4608
f 5712/4787/4610 5724/4798/4622 5723/4799/4623 5711/250/4611
f 5713/4788/4612 5725/4800/4624 5724/4798/4622 5712/4787/4610
f 5714/4789/4613 5726/4801/4625 5725/4800/4624 5713/4788/4612
f 5715/4790/4614 5727/4802/4626 5726/4801/4625 5714/4789/4613
f 5716/4791/4615 5728/4803/4627 5727/4802/4626 5715/4790/4614
f 5717/4792/4616 5729/4804/4628 5728/4803/4627 5716/4791/4615
f 5718/4793/4617 5730/4805/4629 5729/4804/4628 5717/4792/4616
f 5719/4794/4618 5731/4806/4630 5730/4805/4629 5718/4793/4617
f 5720/4795/4619 5732/4807/4631 5731/4806/4630 5719/4794/4618
f 5721/4796/4620 5733/4808/4632 5732/4807/4631 5720/4795/4619
f 5722/4797/4621 5734/4809/4633 5733/4808/4632 5721/4796/4620
f 5724/4798/4622 5736/4810/4634 5735/4811/4635 5723/4799/4623
f 5725/4800/4624 5737/4812/4636 5736/4810/4634 5724/4798/4622
f 5726/4801/4625 5738/4813/4637 5737/4812/4636 5725/4800/4624
f 5727/4802/4626 5739/4814/4638 5738/4813/4637 5726/4801/4625
f 5728/4803/4627 5740/4815/4639 5739/4814/4638 5727/4802/4626
f 5729/4804/4628 5741/4816/4640 5740/4815/4639 5728/4803/4627
f 5730/4805/4629 5742/4817/4641 5741/4816/4640 5729/4804/4628
f 5731/4806/4630 5743/4818/4642 5742/4817/4641 5730/4805/4629
f 5732/4807/4631 5744/4819/4643 5743/4818/4642 5731/4806/4630
f 5733/4808/4632 5745/4820/4644 5744/4819/4643 5732/4807/4631
f 5734/4809/4633 5746/4821/4645 5745/4820/4644 5733/4808/4632
f 5736/4810/4634 5748/4822/4646 5747/4823/4647 5735/4811/4635
f 5737/4812/4636 5749/4824/4648 5748/4822/4646 5736/4810/4634
f 5738/4813/4637 5750/4825/4649 5749/4824/4648 5737/4812/4636
f 5739/4814/4638 5751/4826/4650 5750/4825/4649 5738/4813/4637
f 5740/4815/4639 5752/4827/4651 5751/4826/4650 5739/4814/4638
f 5741/4816/4640 5753/4828/4652 5752/4827/4651 5740/4815/4639
f 5742/4817/4641 5754/4829/4653 5753/4828/4652 5741/4816/4640
f 5743/4818/4642 5755/4830/4654 5754/4829/4653 5742/4817/4641
f 5744/4819/4643 5756/4831/4655 5755/4830/4654 5743/4818/4642
f 5745/4820/4644 5757/4832/4656 5756/4831/4655 5744/4819/4643
f 5746/4821/4645 5758/4833/4657 5757/4832/4656 5745/4820/4644
f 5748/4822/4646 5760/4834/4658 5759/4835/4659 5747/4823/4647
f 5749/4824/4648 5761/4836/4660 5760/4834/4658 5748/4822/4646
f 5750/4825/4649 5762/4837/4661 5761/4836/4660 5749/4824/4648
f 5751/4826/4650 5763/4838/4662 5762/4837/4661 5750/4825/4649
f 5752/4827/4651 5764/4839/4663 5763/4838/4662 5751/4826/4650
f 5753/4828/4652 5765/4840/4664 5764/4839/4663 5752/4827/4651
f 5754/4829/4653 5766/4841/4665 5765/4840/4664 5753/4828/4652
f 5755/4830/4654 5767/4842/4666 5766/4841/4665 5754/4829/4653
f 5756/4831/4655 5768/4843/4667 5767/4842/4666 5755/4830/4654
f 5757/4832/4656 5769/4844/4668 5768/4843/4667 5756/4831/4655
f 5758/4833/4657 5770/4845/4669 5769/4844/4668 5757/4832/4656
f 5760/4834/4658 5772/4846/4670 5771/239/4671 5759/4835/4659
f 5761/4836/4660 5773/4847/4672 5772/4846/4670 5760/4834/4658
f 5762/4837/4661 5774/4848/4673 5773/4847/4672 5761/4836/4660
f 5763/4838/4662 5775/4849/4674 5774/4848/4673 5762/4837/4661
f 5764/4839/4663 5776/4850/4675 5775/4849/4674 5763/4838/4662
f 5765/4840/4664 5777/4851/4676 5776/4850/4675 5764/4839/4663
f 5766/4841/4665 5778/4852/4677 5777/4851/4676 5765/4840/4664
f 5767/4842/4666 5779/4853/4678 5778/4852/4677 5766/4841/4665
f 5768/4843/4667 5780/4854/4679 5779/4853/4678 5767/4842/4666
f 5769/4844/4668 5781/4855/4680 5780/4854/4679 5768/4843/4667
f 5770/4845/4669 5782/4856/4681 5781/4855/4680 5769/4844/4668
f 5772/4846/4670 5784/4857/755 5783/4858/4682 5771/239/4671
f 5773/4847/4672 5785/4859/756 5784/4857/755 5772/4846/4670
f 5774/4848/4673 5786/4860/3491 5785/4859/756 5773/4847/4672
f 5775/4849/4674 5787/4861/758 5786/4860/3491 5774/4848/4673
f 5776/4850/4675 5788/4862/3492 5787/4861/758 5775/4849/4674
f 5777/4851/4676 5789/4863/3493 5788/4862/3492 5776/4850/4675
f 5778/4852/4677 5790/4864/761 5789/4863/3493 5777/4851/4676
f 5779/4853/4678 5791/4865/762 5790/4864/761 5778/4852/4677
f 5780/4854/4679 5792/4866/763 5791/4865/762 5779/4853/4678
f 5781/4855/4680 5793/4867/764 5792/4866/763 5780/4854/4679
f 5782/4856/4681 5794/4868/765 5793/4867/764 5781/4855/4680
f 5784/4857/755 5796/4869/766 5795/4870/767 5783/4858/4682
f 5785/4859/756 5797/4871/768 5796/4869/766 5784/4857/755
f 5786/4860/3491 5798/4872/769 5797/4871/768 5785/4859/756
f 5787/4861/758 5799/4873/770 5798/4872/769 5786/4860/3491
f 5788/4862/3492 5800/4874/771 5799/4873/770 5787/4861/758
f 5789/4863/3493 5801/4875/772 5800/4874/771 5788/4862/3492
f 5790/4864/761 5802/4876/773 5801/4875/772 5789/4863/3493
f 5791/4865/762 5803/4877/774 5802/4876/773 5790/4864/761
f 5792/4866/763 5804/4878/775 5803/4877/774 5791/4865/762
f 5793/4867/764 5805/4879/776 5804/4878/775 5792/4866/763
f 5794/4868/765 5806/4880/777 5805/4879/776 5793/4867/764
f 5796/4869/766 5808/4881/778 5807/4882/779 5795/4870/767
f 5797/4871/768 5809/4883/780 5808/4881/778 5796/4869/766
f 5798/4872/769 5810/4884/781 5809/4883/780 5797/4871/768
f 5799/4873/770 5811/4885/782 5810/4884/781 5798/4872/769
f 5800/4874/771 5812/4886/783 5811/4885/782 5799/4873/770
f 5801/4875/772 5813/4887/784 5812/4886/783 5800/4874/771
f 5802/4876/773 5814/4888/785 5813/4887/784 5801/4875/772
f 5803/4877/774 5815/4889/786 5814/4888/785 5802/4876/773
f 5804/4878/775 5816/4890/787 5815/4889/786 5803/4877/774
f 5805/4879/776 5817/4891/788 5816/4890/787 5804/4878/775
f 5806/4880/777 5818/4892/789 5817/4891/788 5805/4879/776
f 5808/4881/778 5820/4893/3490 5819/4894/1104 5807/4882/779
f 5809/4883/780 5821/4895/2881 5820/4893/3490 5808/4881/778
f 5810/4884/781 5822/4896/2882 5821/4895/2881 5809/4883/780
f 5811/4885/782 5823/4897/2883 5822/4896/2882 5810/4884/781
f 5812/4886/783 5824/4898/4683 5823/4897/2883 5811/4885/782
f 5813/4887/784 5825/4899/2885 5824/4898/4683 5812/4886/783
f 5814/4888/785 5826/4900/2886 5825/4899/2885 5813/4887/784
f 5815/4889/786 5827/4901/2887 5826/4900/2886 5814/4888/785
f 5816/4890/787 5828/4902/2888 5827/4901/2887 5815/4889/786
f 5817/4891/788 5829/4903/2889 5828/4902/2888 5816/4890/787
f 5818/4892/789 5830/4904/2890 5829/4903/2889 5817/4891/788
f 5820/4893/3490 5172/1279/4070 5171/4/4073 5819/4894/1104
f 5821/4895/2881 5173/1280/4074 5172/1279/4070 5820/4893/3490
f 5822/4896/2882 5174/1281/4076 5173/1280/4074 5821/4895/2881
f 5823/4897/2883 5175/1282/4078 5174/1281/4076 5822/4896/2882
f 5824/4898/4683 5176/1283/4080 5175/1282/4078 5823/4897/2883
f 5825/4899/2885 5177/1284/4082 5176/1283/4080 5824/4898/4683
f 5826/4900/2886 5178/1285/4084 5177/1284/4082 5825/4899/2885
f 5827/4901/2887 5179/1286/4086 5178/1285/4084 5826/4900/2886
f 5828/4902/2888 5180/1287/4088 5179/1286/4086 5827/4901/2887
f 5829/4903/2889 5181/1288/4090 5180/1287/4088 5828/4902/2888
f 5830/4904/2890 5182/1289/4092 5181/1288/4090 5829/4903/2889
f 5832/476/3490 5844/4905/755 5843/4906/4682 5831/24/2880
f 5833/479/2881 5845/4907/756 5844/4905/755 5832/476/3490
f 5834/481/2882 5846/4908/3491 5845/4907/756 5833/479/2881
f 5835/483/2883 5847/4909/4684 5846/4908/3491 5834/481/2882
f 5836/485/2884 5848/4910/3492 5847/4909/4684 5835/483/2883
f 5837/487/2885 5849/4911/3493 5848/4910/3492 5836/485/2884
f 5838/489/2886 5850/4912/761 5849/4911/3493 5837/487/2885
f 5839/491/2887 5851/4913/762 5850/4912/761 5838/489/2886
f 5840/493/2888 5852/4914/763 5851/4913/762 5839/491/2887
f 5841/495/2889 5853/4915/764 5852/4914/763 5840/493/2888
f 5842/497/2890 5854/4916/765 5853/4915/764 5841/495/2889
f 5844/4905/755 5856/4917/4685 5855/4918/744 5843/4906/4682
f 5845/4907/756 5857/4919/745 5856/4917/4685 5844/4905/755
f 5846/4908/3491 5858/4920/746 5857/4919/745 5845/4907/756
f 5847/4909/4684 5859/4921/747 5858/4920/746 5846/4908/3491
f 5848/4910/3492 5860/4922/748 5859/4921/747 5847/4909/4684
f 5849/4911/3493 5861/4923/749 5860/4922/748 5848/4910/3492
f 5850/4912/761 5862/4924/750 5861/4923/749 5849/4911/3493
f 5851/4913/762 5863/4925/751 5862/4924/750 5850/4912/761
f 5852/4914/763 5864/4926/752 5863/4925/751 5851/4913/762
f 5853/4915/764 5865/4927/4686 5864/4926/752 5852/4914/763
f 5854/4916/765 5866/4928/765 5865/4927/4686 5853/4915/764
f 5856/4917/4685 5868/4929/4687 5867/4930/4688 5855/4918/744
f 5857/4919/745 5869/4931/4689 5868/4929/4687 5856/4917/4685
f 5858/4920/746 5870/4932/4690 5869/4931/4689 5857/4919/745
f 5859/4921/747 5871/4933/4691 5870/4932/4690 5858/4920/746
f 5860/4922/748 5872/4934/4692 5871/4933/4691 5859/4921/747
f 5861/4923/749 5873/4935/4693 5872/4934/4692 5860/4922/748
f 5862/4924/750 5874/4936/4694 5873/4935/4693 5861/4923/749
f 5863/4925/751 5875/4937/4695 5874/4936/4694 5862/4924/750
f 5864/4926/752 5876/4938/4696 5875/4937/4695 5863/4925/751
f 5865/4927/4686 5877/4939/4697 5876/4938/4696 5864/4926/752
f 5866/4928/765 5878/4940/4698 5877/4939/4697 5865/4927/4686
f 5868/4929/4687 5880/4941/4699 5879/4942/4700 5867/4930/4688
f 5869/4931/4689 5881/4943/4701 5880/4941/4699 5868/4929/4687
f 5870/4932/4690 5882/4944/4702 5881/4943/4701 5869/4931/4689
f 5871/4933/4691 5883/4945/4703 5882/4944/4702 5870/4932/4690
f 5872/4934/4692 5884/4946/4704 5883/4945/4703 5871/4933/4691
f 5873/4935/4693 5885/4947/4705 5884/4946/4704 5872/4934/4692
f 5874/4936/4694 5886/4948/4706 5885/4947/4705 5873/4935/4693
f 5875/4937/4695 5887/4949/4707 5886/4948/4706 5874/4936/4694
f 5876/4938/4696 5888/4950/4708 5887/4949/4707 5875/4937/4695
f 5877/4939/4697 5889/4951/4709 5888/4950/4708 5876/4938/4696
f 5878/4940/4698 5890/4952/4710 5889/4951/4709 5877/4939/4697
f 5880/4941/4699 5892/4953/4711 5891/4954/4712 5879/4942/4700
f 5881/4943/4701 5893/4955/4713 5892/4953/4711 5880/4941/4699
f 5882/4944/4702 5894/4956/4714 5893/4955/4713 5881/4943/4701
f 5883/4945/4703 5895/4957/4715 5894/4956/4714 5882/4944/4702
f 5884/4946/4704 5896/4958/4716 5895/4957/4715 5883/4945/4703
f 5885/4947/4705 5897/4959/4717 5896/4958/4716 5884/4946/4704
f 5886/4948/4706 5898/4960/4718 5897/4959/4717 5885/4947/4705
f 5887/4949/4707 5899/4961/4719 5898/4960/4718 5886/4948/4706
f 5888/4950/4708 5900/4962/4720 5899/4961/4719 5887/4949/4707
f 5889/4951/4709 5901/4963/4721 5900/4962/4720 5888/4950/4708
f 5890/4952/4710 5902/4964/4722 5901/4963/4721 5889/4951/4709
f 5892/4953/4711 5904/4965/4723 5903/4966/4724 5891/4954/4712
f 5893/4955/4713 5905/4967/4725 5904/4965/4723 5892/4953/4711
f 5894/4956/4714 5906/4968/4726 5905/4967/4725 5893/4955/4713
f 5895/4957/4715 5907/4969/4727 5906/4968/4726 5894/4956/4714
f 5896/4958/4716 5908/4970/4728 5907/4969/4727 5895/4957/4715
f 5897/4959/4717 5909/4971/4729 5908/4970/4728 5896/4958/4716
f 5898/4960/4718 5910/4972/4730 5909/4971/4729 5897/4959/4717
f 5899/4961/4719 5911/4973/4731 5910/4972/4730 5898/4960/4718
f 5900/4962/4720 5912/4974/4732 5911/4973/4731 5899/4961/4719
f 5901/4963/4721 5913/4975/4733 5912/4974/4732 5900/4962/4720
f 5902/4964/4722 5914/4976/4734 5913/4975/4733 5901/4963/4721
f 5904/4965/4723 5916/4977/4735 5915/4978/4736 5903/4966/4724
f 5905/4967/4725 5917/4979/4737 5916/4977/4735 5904/4965/4723
f 5906/4968/4726 5918/4980/4738 5917/4979/4737 5905/4967/4725
f 5907/4969/4727 5919/4981/4739 5918/4980/4738 5906/4968/4726
f 5908/4970/4728 5920/4982/4740 5919/4981/4739 5907/4969/4727
f 5909/4971/4729 5921/4983/4741 5920/4982/4740 5908/4970/4728
f 5910/4972/4730 5922/4984/4742 5921/4983/4741 5909/4971/4729
f 5911/4973/4731 5923/4985/4743 5922/4984/4742 5910/4972/4730
f 5912/4974/4732 5924/4986/4744 5923/4985/4743 5911/4973/4731
f 5913/4975/4733 5925/4987/4745 5924/4986/4744 5912/4974/4732
f 5914/4976/4734 5926/4988/4746 5925/4987/4745 5913/4975/4733
f 5916/4977/4735 5928/4989/4747 5927/4990/4748 5915/4978/4736
f 5917/4979/4737 5929/4991/4749 5928/4989/4747 5916/4977/4735
f 5918/4980/4738 5930/4992/4750 5929/4991/4749 5917/4979/4737
f 5919/4981/4739 5931/4993/4751 5930/4992/4750 5918/4980/4738
f 5920/4982/4740 5932/4994/4752 5931/4993/4751 5919/4981/4739
f 5921/4983/4741 5933/4995/4753 5932/4994/4752 5920/4982/4740
f 5922/4984/4742 5934/4996/4754 5933/4995/4753 5921/4983/4741
f 5923/4985/4743 5935/4997/4755 5934/4996/4754 5922/4984/4742
f 5924/4986/4744 5936/4998/4756 5935/4997/4755 5923/4985/4743
f 5925/4987/4745 5937/4999/4757 5936/4998/4756 5924/4986/4744
f 5926/4988/4746 5938/5000/4758 5937/4999/4757 5925/4987/4745
f 5928/4989/4747 5940/5001/4759 5939/5002/4760 5927/4990/4748
f 5929/4991/4749 5941/5003/4761 5940/5001/4759 5928/4989/4747
f 5930/4992/4750 5942/5004/4762 5941/5003/4761 5929/4991/4749
f 5931/4993/4751 5943/5005/4763 5942/5004/4762 5930/4992/4750
f 5932/4994/4752 5944/5006/4764 5943/5005/4763 5931/4993/4751
f 5933/4995/4753 5945/5007/4765 5944/5006/4764 5932/4994/4752
f 5934/4996/4754 5946/5008/4766 5945/5007/4765 5933/4995/4753
f 5935/4997/4755 5947/5009/4767 5946/5008/4766 5934/4996/4754
f 5936/4998/4756 5948/5010/4768 5947/5009/4767 5935/4997/4755
f 5937/4999/4757 5949/5011/4769 5948/5010/4768 5936/4998/4756
f 5938/5000/4758 5950/5012/4770 5949/5011/4769 5937/4999/4757
f 5940/5001/4759 5952/5013/4771 5951/5014/4772 5939/5002/4760
f 5941/5003/4761 5953/5015/4773 5952/5013/4771 5940/5001/4759
f 5942/5004/4762 5954/5016/4774 5953/5015/4773 5941/5003/4761
f 5943/5005/4763 5955/5017/4775 5954/5016/4774 5942/5004/4762
f 5944/5006/4764 5956/5018/4776 5955/5017/4775 5943/5005/4763
f 5945/5007/4765 5957/5019/4777 5956/5018/4776 5944/5006/4764
f 5946/5008/4766 5958/5020/4778 5957/5019/4777 5945/5007/4765
f 5947/5009/4767 5959/5021/4779 5958/5020/4778 5946/5008/4766
f 5948/5010/4768 5960/5022/4780 5959/5021/4779 5947/5009/4767
f 5949/5011/4769 5961/5023/4781 5960/5022/4780 5948/5010/4768
f 5950/5012/4770 5962/5024/4782 5961/5023/4781 5949/5011/4769
f 5952/5013/4771 5964/5025/4783 5963/5026/4784 5951/5014/4772
f 5953/5015/4773 5965/5027/4785 5964/5025/4783 5952/5013/4771
f 5954/5016/4774 5966/5028/4786 5965/5027/4785 5953/5015/4773
f 5955/5017/4775 5967/5029/4787 5966/5028/4786 5954/5016/4774
f 5956/5018/4776 5968/5030/4788 5967/5029/4787 5955/5017/4775
f 5957/5019/4777 5969/5031/4789 5968/5030/4788 5956/5018/4776
f 5958/5020/4778 5970/5032/4790 5969/5031/4789 5957/5019/4777
f 5959/5021/4779 5971/5033/4791 5970/5032/4790 5958/5020/4778
f 5960/5022/4780 5972/5034/4792 5971/5033/4791 5959/5021/4779
f 5961/5023/4781 5973/5035/4793 5972/5034/4792 5960/5022/4780
f 5962/5024/4782 5974/5036/4794 5973/5035/4793 5961/5023/4781
f 5964/5025/4783 5976/5037/4795 5975/5038/4796 5963/5026/4784
f 5965/5027/4785 5977/5039/4797 5976/5037/4795 5964/5025/4783
f 5966/5028/4786 5978/5040/4798 5977/5039/4797 5965/5027/4785
f 5967/5029/4787 5979/5041/4799 5978/5040/4798 5966/5028/4786
f 5968/5030/4788 5980/5042/4800 5979/5041/4799 5967/5029/4787
f 5969/5031/4789 5981/5043/4801 5980/5042/4800 5968/5030/4788
f 5970/5032/4790 5982/5044/4802 5981/5043/4801 5969/5031/4789
f 5971/5033/4791 5983/5045/4803 5982/5044/4802 5970/5032/4790
f 5972/5034/4792 5984/5046/4804 5983/5045/4803 5971/5033/4791
f 5973/5035/4793 5985/5047/4805 5984/5046/4804 5972/5034/4792
f 5974/5036/4794 5986/5048/4806 5985/5047/4805 5973/5035/4793
f 5976/5037/4795 5988/5049/4807 5987/5050/4808 5975/5038/4796
f 5977/5039/4797 5989/5051/4809 5988/5049/4807 5976/5037/4795
f 5978/5040/4798 5990/5052/4810 5989/5051/4809 5977/5039/4797
f 5979/5041/4799 5991/5053/4811 5990/5052/4810 5978/5040/4798
f 5980/5042/4800 5992/5054/4812 5991/5053/4811 5979/5041/4799
f 5981/5043/4801 5993/5055/4813 5992/5054/4812 5980/5042/4800
f 5982/5044/4802 5994/5056/4814 5993/5055/4813 5981/5043/4801
f 5983/5045/4803 5995/5057/4815 5994/5056/4814 5982/5044/4802
f 5984/5046/4804 5996/5058/4816 5995/5057/4815 5983/5045/4803
f 5985/5047/4805 5997/5059/4817 5996/5058/4816 5984/5046/4804
f 5986/5048/4806 5998/5060/4818 5997/5059/4817 5985/5047/4805
f 5988/5049/4807 6000/5061/4819 5999/5062/4820 5987/5050/4808
f 5989/5051/4809 6001/5063/4821 6000/5061/4819 5988/5049/4807
f 5990/5052/4810 6002/5064/4822 6001/5063/4821 5989/5051/4809
f 5991/5053/4811 6003/5065/4823 6002/5064/4822 5990/5052/4810
f 5992/5054/4812 6004/5066/4824 6003/5065/4823 5991/5053/4811
f 5993/5055/4813 6005/5067/4825 6004/5066/4824 5992/5054/4812
f 5994/5056/4814 6006/5068/4826 6005/5067/4825 5993/5055/4813
f 5995/5057/4815 6007/5069/4827 6006/5068/4826 5994/5056/4814
f 5996/5058/4816 6008/5070/4828 6007/5069/4827 5995/5057/4815
f 5997/5059/4817 6009/5071/4829 6008/5070/4828 5996/5058/4816
f 5998/5060/4818 6010/5072/4830 6009/5071/4829 5997/5059/4817
f 6000/5061/4819 6012/5073/4831 6011/5074/4832 5999/5062/4820
f 6001/5063/4821 6013/5075/4833 6012/5073/4831 6000/5061/4819
f 6002/5064/4822 6014/5076/4834 6013/5075/4833 6001/5063/4821
f 6003/5065/4823 6015/5077/4835 6014/5076/4834 6002/5064/4822
f 6004/5066/4824 6016/5078/4836 6015/5077/4835 6003/5065/4823
f 6005/5067/4825 6017/5079/4837 6016/5078/4836 6004/5066/4824
f 6006/5068/4826 6018/5080/4838 6017/5079/4837 6005/5067/4825
f 6007/5069/4827 6019/5081/4839 6018/5080/4838 6006/5068/4826
f 6008/5070/4828 6020/5082/4840 6019/5081/4839 6007/5069/4827
f 6009/5071/4829 6021/5083/4841 6020/5082/4840 6008/5070/4828
f 6010/5072/4830 6022/5084/4842 6021/5083/4841 6009/5071/4829
f 6012/5073/4831 6024/5085/4843 6023/5086/4844 6011/5074/4832
f 6013/5075/4833 6025/5087/4845 6024/5085/4843 6012/5073/4831
f 6014/5076/4834 6026/5088/4846 6025/5087/4845 6013/5075/4833
f 6015/5077/4835 6027/5089/4847 6026/5088/4846 6014/5076/4834
f 6016/5078/4836 6028/5090/4848 6027/5089/4847 6015/5077/4835
f 6017/5079/4837 6029/5091/4849 6028/5090/4848 6016/5078/4836
f 6018/5080/4838 6030/5092/4850 6029/5091/4849 6017/5079/4837
f 6019/5081/4839 6031/5093/4851 6030/5092/4850 6018/5080/4838
f 6020/5082/4840 6032/5094/4852 6031/5093/4851 6019/5081/4839
f 6021/5083/4841 6033/5095/4853 6032/5094/4852 6020/5082/4840
f 6022/5084/4842 6034/5096/4854 6033/5095/4853 6021/5083/4841
f 6024/5085/4843 6036/5097/4855 6035/5098/4856 6023/5086/4844
f 6025/5087/4845 6037/5099/4857 6036/5097/4855 6024/5085/4843
f 6026/5088/4846 6038/5100/4858 6037/5099/4857 6025/5087/4845
f 6027/5089/4847 6039/5101/4859 6038/5100/4858 6026/5088/4846
f 6028/5090/4848 6040/5102/4860 6039/5101/4859 6027/5089/4847
f 6029/5091/4849 6041/5103/4861 6040/5102/4860 6028/5090/4848
f 6030/5092/4850 6042/5104/4862 6041/5103/4861 6029/5091/4849
f 6031/5093/4851 6043/5105/4863 6042/5104/4862 6030/5092/4850
f 6032/5094/4852 6044/5106/4864 6043/5105/4863 6031/5093/4851
f 6033/5095/4853 6045/5107/4865 6044/5106/4864 6032/5094/4852
f 6034/5096/4854 6046/5108/4866 6045/5107/4865 6033/5095/4853
f 6036/5097/4855 6048/5109/4867 6047/5110/4868 6035/5098/4856
f 6037/5099/4857 6049/5111/4869 6048/5109/4867 6036/5097/4855
f 6038/5100/4858 6050/5112/4870 6049/5111/4869 6037/5099/4857
f 6039/5101/4859 6051/5113/4871 6050/5112/4870 6038/5100/4858
f 6040/5102/4860 6052/5114/4872 6051/5113/4871 6039/5101/4859
f 6041/5103/4861 6053/5115/4873 6052/5114/4872 6040/5102/4860
f 6042/5104/4862 6054/5116/4874 6053/5115/4873 6041/5103/4861
f 6043/5105/4863 6055/5117/4875 6054/5116/4874 6042/5104/4862
f 6044/5106/4864 6056/5118/4876 6055/5117/4875 6043/5105/4863
f 6045/5107/4865 6057/5119/4877 6056/5118/4876 6044/5106/4864
f 6046/5108/4866 6058/5120/4878 6057/5119/4877 6045/5107/4865
f 6048/5109/4867 6060/5121/4879 6059/5122/4880 6047/5110/4868
f 6049/5111/4869 6061/5123/4881 6060/5121/4879 6048/5109/4867
f 6050/5112/4870 6062/5124/4882 6061/5123/4881 6049/5111/4869
f 6051/5113/4871 6063/5125/4883 6062/5124/4882 6050/5112/4870
f 6052/5114/4872 6064/5126/4884 6063/5125/4883 6051/5113/4871
f 6053/5115/4873 6065/5127/4885 6064/5126/4884 6052/5114/4872
f 6054/5116/4874 6066/5128/4886 6065/5127/4885 6053/5115/4873
f 6055/5117/4875 6067/5129/4887 6066/5128/4886 6054/5116/4874
f 6056/5118/4876 6068/5130/4888 6067/5129/4887 6055/5117/4875
f 6057/5119/4877 6069/5131/4889 6068/5130/4888 6056/5118/4876
f 6058/5120/4878 6070/5132/4890 6069/5131/4889 6057/5119/4877
f 6060/5121/4879 6072/5133/4891 6071/5134/4892 6059/5122/4880
f 6061/5123/4881 6073/5135/4893 6072/5133/4891 6060/5121/4879
f 6062/5124/4882 6074/5136/4894 6073/5135/4893 6061/5123/4881
f 6063/5125/4883 6075/5137/4895 6074/5136/4894 6062/5124/4882
f 6064/5126/4884 6076/5138/4896 6075/5137/4895 6063/5125/4883
f 6065/5127/4885 6077/5139/4897 6076/5138/4896 6064/5126/4884
f 6066/5128/4886 6078/5140/4898 6077/5139/4897 6065/5127/4885
f 6067/5129/4887 6079/5141/4899 6078/5140/4898 6066/5128/4886
f 6068/5130/4888 6080/5142/4900 6079/5141/4899 6067/5129/4887
f 6069/5131/4889 6081/5143/4901 6080/5142/4900 6068/5130/4888
f 6070/5132/4890 6082/5144/4902 6081/5143/4901 6069/5131/4889
f 6072/5133/4891 6084/5145/4903 6083/5146/4904 6071/5134/4892
f 6073/5135/4893 6085/5147/4905 6084/5145/4903 6072/5133/4891
f 6074/5136/4894 6086/5148/4906 6085/5147/4905 6073/5135/4893
f 6075/5137/4895 6087/5149/4907 6086/5148/4906 6074/5136/4894
f 6076/5138/4896 6088/5150/4908 6087/5149/4907 6075/5137/4895
f 6077/5139/4897 6089/5151/4909 6088/5150/4908 6076/5138/4896
f 6078/5140/4898 6090/5152/4910 6089/5151/4909 6077/5139/4897
f 6079/5141/4899 6091/5153/4911 6090/5152/4910 6078/5140/4898
f 6080/5142/4900 6092/5154/4912 6091/5153/4911 6079/5141/4899
f 6081/5143/4901 6093/5155/4913 6092/5154/4912 6080/5142/4900
f 6082/5144/4902 6094/5156/4914 6093/5155/4913 6081/5143/4901
f 6084/5145/4903 6096/5157/4915 6095/5158/4916 6083/5146/4904
f 6085/5147/4905 6097/5159/4917 6096/5157/4915 6084/5145/4903
f 6086/5148/4906 6098/5160/4918 6097/5159/4917 6085/5147/4905
f 6087/5149/4907 6099/5161/4919 6098/5160/4918 6086/5148/4906
f 6088/5150/4908 6100/5162/4920 6099/5161/4919 6087/5149/4907
f 6089/5151/4909 6101/5163/4921 6100/5162/4920 6088/5150/4908
f 6090/5152/4910 6102/5164/4922 6101/5163/4921 6089/5151/4909
f 6091/5153/4911 6103/5165/4923 6102/5164/4922 6090/5152/4910
f 6092/5154/4912 6104/5166/4924 6103/5165/4923 6091/5153/4911
f 6093/5155/4913 6105/5167/4925 6104/5166/4924 6092/5154/4912
f 6094/5156/4914 6106/5168/4926 6105/5167/4925 6093/5155/4913
f 6096/5157/4915 6108/5169/4927 6107/5170/4928 6095/5158/4916
f 6097/5159/4917 6109/5171/4929 6108/5169/4927 6096/5157/4915
f 6098/5160/4918 6110/5172/4930 6109/5171/4929 6097/5159/4917
f 6099/5161/4919 6111/5173/4931 6110/5172/4930 6098/5160/4918
f 6100/5162/4920 6112/5174/4932 6111/5173/4931 6099/5161/4919
f 6101/5163/4921 6113/5175/4933 6112/5174/4932 6100/5162/4920
f 6102/5164/4922 6114/5176/4934 6113/5175/4933 6101/5163/4921
f 6103/5165/4923 6115/5177/4935 6114/5176/4934 6102/5164/4922
f 6104/5166/4924 6116/5178/4936 6115/5177/4935 6103/5165/4923
f 6105/5167/4925 6117/5179/4937 6116/5178/4936 6104/5166/4924
f 6106/5168/4926 6118/5180/4938 6117/5179/4937 6105/5167/4925
f 6108/5169/4927 6120/5181/4939 6119/5182/4940 6107/5170/4928
f 6109/5171/4929 6121/5183/4941 6120/5181/4939 6108/5169/4927
f 6110/5172/4930 6122/5184/4942 6121/5183/4941 6109/5171/4929
f 6111/5173/4931 6123/5185/4943 6122/5184/4942 6110/5172/4930
f 6112/5174/4932 6124/5186/4944 6123/5185/4943 6111/5173/4931
f 6113/5175/4933 6125/5187/4945 6124/5186/4944 6112/5174/4932
f 6114/5176/4934 6126/5188/4946 6125/5187/4945 6113/5175/4933
f 6115/5177/4935 6127/5189/4947 6126/5188/4946 6114/5176/4934
f 6116/5178/4936 6128/5190/4948 6127/5189/4947 6115/5177/4935
f 6117/5179/4937 6129/5191/4949 6128/5190/4948 6116/5178/4936
f 6118/5180/4938 6130/5192/4950 6129/5191/4949 6117/5179/4937
f 6120/5181/4939 6132/5193/4951 6131/5194/4952 6119/5182/4940
f 6121/5183/4941 6133/5195/4953 6132/5193/4951 6120/5181/4939
f 6122/5184/4942 6134/5196/4954 6133/5195/4953 6121/5183/4941
f 6123/5185/4943 6135/5197/4955 6134/5196/4954 6122/5184/4942
f 6124/5186/4944 6136/5198/4956 6135/5197/4955 6123/5185/4943
f 6125/5187/4945 6137/5199/4957 6136/5198/4956 6124/5186/4944
f 6126/5188/4946 6138/5200/4958 6137/5199/4957 6125/5187/4945
f 6127/5189/4947 6139/5201/4959 6138/5200/4958 6126/5188/4946
f 6128/5190/4948 6140/5202/4960 6139/5201/4959 6127/5189/4947
f 6129/5191/4949 6141/5203/4961 6140/5202/4960 6128/5190/4948
f 6130/5192/4950 6142/5204/4962 6141/5203/4961 6129/5191/4949
f 6132/5193/4951 6144/5205/4963 6143/5206/4964 6131/5194/4952
f 6133/5195/4953 6145/5207/4965 6144/5205/4963 6132/5193/4951
f 6134/5196/4954 6146/5208/4966 6145/5207/4965 6133/5195/4953
f 6135/5197/4955 6147/5209/4967 6146/5208/4966 6134/5196/4954
f 6136/5198/4956 6148/5210/4968 6147/5209/4967 6135/5197/4955
f 6137/5199/4957 6149/5211/4969 6148/5210/4968 6136/5198/4956
f 6138/5200/4958 6150/5212/4970 6149/5211/4969 6137/5199/4957
f 6139/5201/4959 6151/5213/4971 6150/5212/4970 6138/5200/4958
f 6140/5202/4960 6152/5214/4972 6151/5213/4971 6139/5201/4959
f 6141/5203/4961 6153/5215/4973 6152/5214/4972 6140/5202/4960
f 6142/5204/4962 6154/5216/4974 6153/5215/4973 6141/5203/4961
f 6144/5205/4963 6156/5217/4975 6155/5218/4976 6143/5206/4964
f 6145/5207/4965 6157/5219/4977 6156/5217/4975 6144/5205/4963
f 6146/5208/4966 6158/5220/4978 6157/5219/4977 6145/5207/4965
f 6147/5209/4967 6159/5221/4979 6158/5220/4978 6146/5208/4966
f 6148/5210/4968 6160/5222/4980 6159/5221/4979 6147/5209/4967
f 6149/5211/4969 6161/5223/4981 6160/5222/4980 6148/5210/4968
f 6150/5212/4970 6162/5224/4982 6161/5223/4981 6149/5211/4969
f 6151/5213/4971 6163/5225/4983 6162/5224/4982 6150/5212/4970
f 6152/5214/4972 6164/5226/4984 6163/5225/4983 6151/5213/4971
f 6153/5215/4973 6165/5227/4985 6164/5226/4984 6152/5214/4972
f 6154/5216/4974 6166/5228/4986 6165/5227/4985 6153/5215/4973
f 6156/5217/4975 6168/5229/4987 6167/5230/4988 6155/5218/4976
f 6157/5219/4977 6169/5231/4989 6168/5229/4987 6156/5217/4975
f 6158/5220/4978 6170/5232/4990 6169/5231/4989 6157/5219/4977
f 6159/5221/4979 6171/5233/4991 6170/5232/4990 6158/5220/4978
f 6160/5222/4980 6172/5234/4992 6171/5233/4991 6159/5221/4979
f 6161/5223/4981 6173/5235/4993 6172/5234/4992 6160/5222/4980
f 6162/5224/4982 6174/5236/4994 6173/5235/4993 6161/5223/4981
f 6163/5225/4983 6175/5237/4995 6174/5236/4994 6162/5224/4982
f 6164/5226/4984 6176/5238/4996 6175/5237/4995 6163/5225/4983
f 6165/5227/4985 6177/5239/4997 6176/5238/4996 6164/5226/4984
f 6166/5228/4986 6178/5240/4998 6177/5239/4997 6165/5227/4985
f 6168/5229/4987 6180/2008/4999 6179/53/5000 6167/5230/4988
f 6169/5231/4989 6181/2009/5001 6180/2008/4999 6168/5229/4987
f 6170/5232/4990 6182/2010/5002 6181/2009/5001 6169/5231/4989
f 6171/5233/4991 6183/2011/5003 6182/2010/5002 6170/5232/4990
f 6172/5234/4992 6184/2012/5004 6183/2011/5003 6171/5233/4991
f 6173/5235/4993 6185/2013/5005 6184/2012/5004 6172/5234/4992
f 6174/5236/4994 6186/2014/5006 6185/2013/5005 6173/5235/4993
f 6175/5237/4995 6187/2015/5007 6186/2014/5006 6174/5236/4994
f 6176/5238/4996 6188/2016/5008 6187/2015/5007 6175/5237/4995
f 6177/5239/4997 6189/2017/5009 6188/2016/5008 6176/5238/4996
f 6178/5240/4998 6190/2018/5010 6189/2017/5009 6177/5239/4997
f 6180/2008/4999 6192/5241/5011 6191/5242/5012 6179/53/5000
f 6181/2009/5001 6193/5243/5013 6192/5241/5011 6180/2008/4999
f 6182/2010/5002 6194/5244/5014 6193/5243/5013 6181/2009/5001
f 6183/2011/5003 6195/5245/5015 6194/5244/5014 6182/2010/5002
f 6184/2012/5004 6196/5246/5016 6195/5245/5015 6183/2011/5003
f 6185/2013/5005 6197/5247/5017 6196/5246/5016 6184/2012/5004
f 6186/2014/5006 6198/5248/5018 6197/5247/5017 6185/2013/5005
f 6187/2015/5007 6199/5249/5019 6198/5248/5018 6186/2014/5006
f 6188/2016/5008 6200/5250/5020 6199/5249/5019 6187/2015/5007
f 6189/2017/5009 6201/5251/5021 6200/5250/5020 6188/2016/5008
f 6190/2018/5010 6202/5252/5022 6201/5251/5021 6189/2017/5009
f 6192/5241/5011 6204/5253/5023 6203/5254/5024 6191/5242/5012
f 6193/5243/5013 6205/5255/5025 6204/5253/5023 6192/5241/5011
f 6194/5244/5014 6206/5256/5026 6205/5255/5025 6193/5243/5013
f 6195/5245/5015 6207/5257/5027 6206/5256/5026 6194/5244/5014
f 6196/5246/5016 6208/5258/5028 6207/5257/5027 6195/5245/5015
f 6197/5247/5017 6209/5259/5029 6208/5258/5028 6196/5246/5016
f 6198/5248/5018 6210/5260/5030 6209/5259/5029 6197/5247/5017
f 6199/5249/5019 6211/5261/5031 6210/5260/5030 6198/5248/5018
f 6200/5250/5020 6212/5262/5032 6211/5261/5031 6199/5249/5019
f 6201/5251/5021 6213/5263/5033 6212/5262/5032 6200/5250/5020
f 6202/5252/5022 6214/5264/5034 6213/5263/5033 6201/5251/5021
f 6204/5253/5023 6216/5265/5035 6215/5266/5036 6203/5254/5024
f 6205/5255/5025 6217/5267/5037 6216/5265/5035 6204/5253/5023
f 6206/5256/5026 6218/5268/5038 6217/5267/5037 6205/5255/5025
f 6207/5257/5027 6219/5269/5039 6218/5268/5038 6206/5256/5026
f 6208/5258/5028 6220/5270/5040 6219/5269/5039 6207/5257/5027
f 6209/5259/5029 6221/5271/5041 6220/5270/5040 6208/5258/5028
f 6210/5260/5030 6222/5272/5042 6221/5271/5041 6209/5259/5029
f 6211/5261/5031 6223/5273/5043 6222/5272/5042 6210/5260/5030
f 6212/5262/5032 6224/5274/5044 6223/5273/5043 6211/5261/5031
f 6213/5263/5033 6225/5275/5045 6224/5274/5044 6212/5262/5032
f 6214/5264/5034 6226/5276/5046 6225/5275/5045 6213/5263/5033
f 6216/5265/5035 6228/5277/5047 6227/5278/5048 6215/5266/5036
f 6217/5267/5037 6229/5279/5049 6228/5277/5047 6216/5265/5035
f 6218/5268/5038 6230/5280/5050 6229/5279/5049 6217/5267/5037
f 6219/5269/5039 6231/5281/5051 6230/5280/5050 6218/5268/5038
f 6220/5270/5040 6232/5282/5052 6231/5281/5051 6219/5269/5039
f 6221/5271/5041 6233/5283/5053 6232/5282/5052 6220/5270/5040
f 6222/5272/5042 6234/5284/5054 6233/5283/5053 6221/5271/5041
f 6223/5273/5043 6235/5285/5055 6234/5284/5054 6222/5272/5042
f 6224/5274/5044 6236/5286/5056 6235/5285/5055 6223/5273/5043
f 6225/5275/5045 6237/5287/5057 6236/5286/5056 6224/5274/5044
f 6226/5276/5046 6238/5288/5058 6237/5287/5057 6225/5275/5045
f 6228/5277/5047 6240/5289/5059 6239/5290/5060 6227/5278/5048
f 6229/5279/5049 6241/5291/5061 6240/5289/5059 6228/5277/5047
f 6230/5280/5050 6242/5292/5062 6241/5291/5061 6229/5279/5049
f 6231/5281/5051 6243/5293/5063 6242/5292/5062 6230/5280/5050
f 6232/5282/5052 6244/5294/5064 6243/5293/5063 6231/5281/5051
f 6233/5283/5053 6245/5295/5065 6244/5294/5064 6232/5282/5052
f 6234/5284/5054 6246/5296/5066 6245/5295/5065 6233/5283/5053
f 6235/5285/5055 6247/5297/5067 6246/5296/5066 6234/5284/5054
f 6236/5286/5056 6248/5298/5068 6247/5297/5067 6235/5285/5055
f 6237/5287/5057 6249/5299/5069 6248/5298/5068 6236/5286/5056
f 6238/5288/5058 6250/5300/5070 6249/5299/5069 6237/5287/5057
f 6240/5289/5059 6252/5301/5071 6251/5302/5072 6239/5290/5060
f 6241/5291/5061 6253/5303/5073 6252/5301/5071 6240/5289/5059
f 6242/5292/5062 6254/5304/5074 6253/5303/5073 6241/5291/5061
f 6243/5293/5063 6255/5305/5075 6254/5304/5074 6242/5292/5062
f 6244/5294/5064 6256/5306/5076 6255/5305/5075 6243/5293/5063
f 6245/5295/5065 6257/5307/5077 6256/5306/5076 6244/5294/5064
f 6246/5296/5066 6258/5308/5078 6257/5307/5077 6245/5295/5065
f 6247/5297/5067 6259/5309/5079 6258/5308/5078 6246/5296/5066
f 6248/5298/5068 6260/5310/5080 6259/5309/5079 6247/5297/5067
f 6249/5299/5069 6261/5311/5081 6260/5310/5080 6248/5298/5068
f 6250/5300/5070 6262/5312/5082 6261/5311/5081 6249/5299/5069
f 6252/5301/5071 6264/5313/5083 6263/5314/5084 6251/5302/5072
f 6253/5303/5073 6265/5315/5085 6264/5313/5083 6252/5301/5071
f 6254/5304/5074 6266/5316/5086 6265/5315/5085 6253/5303/5073
f 6255/5305/5075 6267/5317/5087 6266/5316/5086 6254/5304/5074
f 6256/5306/5076 6268/5318/5088 6267/5317/5087 6255/5305/5075
f 6257/5307/5077 6269/5319/5089 6268/5318/5088 6256/5306/5076
f 6258/5308/5078 6270/5320/5090 6269/5319/5089 6257/5307/5077
f 6259/5309/5079 6271/5321/5091 6270/5320/5090 6258/5308/5078
f 6260/5310/5080 6272/5322/5092 6271/5321/5091 6259/5309/5079
f 6261/5311/5081 6273/5323/5093 6272/5322/5092 6260/5310/5080
f 6262/5312/5082 6274/5324/5094 6273/5323/5093 6261/5311/5081
f 6264/5313/5083 6276/5325/5095 6275/5326/5096 6263/5314/5084
f 6265/5315/5085 6277/5327/5097 6276/5325/5095 6264/5313/5083
f 6266/5316/5086 6278/5328/5098 6277/5327/5097 6265/5315/5085
f 6267/5317/5087 6279/5329/5099 6278/5328/5098 6266/5316/5086
f 6268/5318/5088 6280/5330/5100 6279/5329/5099 6267/5317/5087
f 6269/5319/5089 6281/5331/5101 6280/5330/5100 6268/5318/5088
f 6270/5320/5090 6282/5332/5102 6281/5331/5101 6269/5319/5089
f 6271/5321/5091 6283/5333/5103 6282/5332/5102 6270/5320/5090
f 6272/5322/5092 6284/5334/5104 6283/5333/5103 6271/5321/5091
f 6273/5323/5093 6285/5335/5105 6284/5334/5104 6272/5322/5092
f 6274/5324/5094 6286/5336/5106 6285/5335/5105 6273/5323/5093
f 6276/5325/5095 6288/5337/5107 6287/5338/5108 6275/5326/5096
f 6277/5327/5097 6289/5339/5109 6288/5337/5107 6276/5325/5095
f 6278/5328/5098 6290/5340/5110 6289/5339/5109 6277/5327/5097
f 6279/5329/5099 6291/5341/5111 6290/5340/5110 6278/5328/5098
f 6280/5330/5100 6292/5342/5112 6291/5341/5111 6279/5329/5099
f 6281/5331/5101 6293/5343/5113 6292/5342/5112 6280/5330/5100
f 6282/5332/5102 6294/5344/5114 6293/5343/5113 6281/5331/5101
f 6283/5333/5103 6295/5345/5115 6294/5344/5114 6282/5332/5102
f 6284/5334/5104 6296/5346/5116 6295/5345/5115 6283/5333/5103
f 6285/5335/5105 6297/5347/5117 6296/5346/5116 6284/5334/5104
f 6286/5336/5106 6298/5348/5118 6297/5347/5117 6285/5335/5105
f 6288/5337/5107 6300/5349/5119 6299/5350/5120 6287/5338/5108
f 6289/5339/5109 6301/5351/5121 6300/5349/5119 6288/5337/5107
f 6290/5340/5110 6302/5352/5122 6301/5351/5121 6289/5339/5109
f 6291/5341/5111 6303/5353/5123 6302/5352/5122 6290/5340/5110
f 6292/5342/5112 6304/5354/5124 6303/5353/5123 6291/5341/5111
f 6293/5343/5113 6305/5355/5125 6304/5354/5124 6292/5342/5112
f 6294/5344/5114 6306/5356/5126 6305/5355/5125 6293/5343/5113
f 6295/5345/5115 6307/5357/5127 6306/5356/5126 6294/5344/5114
f 6296/5346/5116 6308/5358/5128 6307/5357/5127 6295/5345/5115
f 6297/5347/5117 6309/5359/5129 6308/5358/5128 6296/5346/5116
f 6298/5348/5118 6310/5360/5130 6309/5359/5129 6297/5347/5117
f 6300/5349/5119 6312/5361/5131 6311/5362/5132 6299/5350/5120
f 6301/5351/5121 6313/5363/5133 6312/5361/5131 6300/5349/5119
f 6302/5352/5122 6314/5364/5134 6313/5363/5133 6301/5351/5121
f 6303/5353/5123 6315/5365/5135 6314/5364/5134 6302/5352/5122
f 6304/5354/5124 6316/5366/5136 6315/5365/5135 6303/5353/5123
f 6305/5355/5125 6317/5367/5137 6316/5366/5136 6304/5354/5124
f 6306/5356/5126 6318/5368/5138 6317/5367/5137 6305/5355/5125
f 6307/5357/5127 6319/5369/5139 6318/5368/5138 6306/5356/5126
f 6308/5358/5128 6320/5370/5140 6319/5369/5139 6307/5357/5127
f 6309/5359/5129 6321/5371/5141 6320/5370/5140 6308/5358/5128
f 6310/5360/5130 6322/5372/5142 6321/5371/5141 6309/5359/5129
f 6312/5361/5131 6324/5373/5143 6323/5374/5144 6311/5362/5132
f 6313/5363/5133 6325/5375/5145 6324/5373/5143 6312/5361/5131
f 6314/5364/5134 6326/5376/5146 6325/5375/5145 6313/5363/5133
f 6315/5365/5135 6327/5377/5147 6326/5376/5146 6314/5364/5134
f 6316/5366/5136 6328/5378/5148 6327/5377/5147 6315/5365/5135
f 6317/5367/5137 6329/5379/5149 6328/5378/5148 6316/5366/5136
f 6318/5368/5138 6330/5380/5150 6329/5379/5149 6317/5367/5137
f 6319/5369/5139 6331/5381/5151 6330/5380/5150 6318/5368/5138
f 6320/5370/5140 6332/5382/5152 6331/5381/5151 6319/5369/5139
f 6321/5371/5141 6333/5383/5153 6332/5382/5152 6320/5370/5140
f 6322/5372/5142 6334/5384/5154 6333/5383/5153 6321/5371/5141
f 6324/5373/5143 6336/5385/5155 6335/5386/5156 6323/5374/5144
f 6325/5375/5145 6337/5387/5157 6336/5385/5155 6324/5373/5143
f 6326/5376/5146 6338/5388/5158 6337/5387/5157 6325/5375/5145
f 6327/5377/5147 6339/5389/5159 6338/5388/5158 6326/5376/5146
f 6328/5378/5148 6340/5390/5160 6339/5389/5159 6327/5377/5147
f 6329/5379/5149 6341/5391/5161 6340/5390/5160 6328/5378/5148
f 6330/5380/5150 6342/5392/5162 6341/5391/5161 6329/5379/5149
f 6331/5381/5151 6343/5393/5163 6342/5392/5162 6330/5380/5150
f 6332/5382/5152 6344/5394/5164 6343/5393/5163 6331/5381/5151
f 6333/5383/5153 6345/5395/5165 6344/5394/5164 6332/5382/5152
f 6334/5384/5154 6346/5396/5166 6345/5395/5165 6333/5383/5153
f 6336/5385/5155 6348/5397/5167 6347/5398/5168 6335/5386/5156
f 6337/5387/5157 6349/5399/5169 6348/5397/5167 6336/5385/5155
f 6338/5388/5158 6350/5400/5170 6349/5399/5169 6337/5387/5157
f 6339/5389/5159 6351/5401/5171 6350/5400/5170 6338/5388/5158
f 6340/5390/5160 6352/5402/5172 6351/5401/5171 6339/5389/5159
f 6341/5391/5161 6353/5403/5173 6352/5402/5172 6340/5390/5160
f 6342/5392/5162 6354/5404/5174 6353/5403/5173 6341/5391/5161
f 6343/5393/5163 6355/5405/5175 6354/5404/5174 6342/5392/5162
f 6344/5394/5164 6356/5406/5176 6355/5405/5175 6343/5393/5163
f 6345/5395/5165 6357/5407/5177 6356/5406/5176 6344/5394/5164
f 6346/5396/5166 6358/5408/5178 6357/5407/5177 6345/5395/5165
f 6348/5397/5167 6360/5409/5179 6359/5410/5180 6347/5398/5168
f 6349/5399/5169 6361/5411/5181 6360/5409/5179 6348/5397/5167
f 6350/5400/5170 6362/5412/5182 6361/5411/5181 6349/5399/5169
f 6351/5401/5171 6363/5413/5183 6362/5412/5182 6350/5400/5170
f 6352/5402/5172 6364/5414/5184 6363/5413/5183 6351/5401/5171
f 6353/5403/5173 6365/5415/5185 6364/5414/5184 6352/5402/5172
f 6354/5404/5174 6366/5416/5186 6365/5415/5185 6353/5403/5173
f 6355/5405/5175 6367/5417/5187 6366/5416/5186 6354/5404/5174
f 6356/5406/5176 6368/5418/5188 6367/5417/5187 6355/5405/5175
f 6357/5407/5177 6369/5419/5189 6368/5418/5188 6356/5406/5176
f 6358/5408/5178 6370/5420/5190 6369/5419/5189 6357/5407/5177
f 6360/5409/5179 6372/5421/5191 6371/5422/5192 6359/5410/5180
f 6361/5411/5181 6373/5423/5193 6372/5421/5191 6360/5409/5179
f 6362/5412/5182 6374/5424/5194 6373/5423/5193 6361/5411/5181
f 6363/5413/5183 6375/5425/5195 6374/5424/5194 6362/5412/5182
f 6364/5414/5184 6376/5426/5196 6375/5425/5195 6363/5413/5183
f 6365/5415/5185 6377/5427/5197 6376/5426/5196 6364/5414/5184
f 6366/5416/5186 6378/5428/5198 6377/5427/5197 6365/5415/5185
f 6367/5417/5187 6379/5429/5199 6378/5428/5198 6366/5416/5186
f 6368/5418/5188 6380/5430/5200 6379/5429/5199 6367/5417/5187
f 6369/5419/5189 6381/5431/5201 6380/5430/5200 6368/5418/5188
f 6370/5420/5190 6382/5432/5202 6381/5431/5201 6369/5419/5189
f 6372/5421/5191 6384/5433/5203 6383/5434/5204 6371/5422/5192
f 6373/5423/5193 6385/5435/5205 6384/5433/5203 6372/5421/5191
f 6374/5424/5194 6386/5436/5206 6385/5435/5205 6373/5423/5193
f 6375/5425/5195 6387/5437/5207 6386/5436/5206 6374/5424/5194
f 6376/5426/5196 6388/5438/5208 6387/5437/5207 6375/5425/5195
f 6377/5427/5197 6389/5439/5209 6388/5438/5208 6376/5426/5196
f 6378/5428/5198 6390/5440/5210 6389/5439/5209 6377/5427/5197
f 6379/5429/5199 6391/5441/5211 6390/5440/5210 6378/5428/5198
f 6380/5430/5200 6392/5442/5212 6391/5441/5211 6379/5429/5199
f 6381/5431/5201 6393/5443/5213 6392/5442/5212 6380/5430/5200
f 6382/5432/5202 6394/5444/5214 6393/5443/5213 6381/5431/5201
f 6384/5433/5203 6396/5445/5215 6395/5446/5216 6383/5434/5204
f 6385/5435/5205 6397/5447/5217 6396/5445/5215 6384/5433/5203
f 6386/5436/5206 6398/5448/5218 6397/5447/5217 6385/5435/5205
f 6387/5437/5207 6399/5449/5219 6398/5448/5218 6386/5436/5206
f 6388/5438/5208 6400/5450/5220 6399/5449/5219 6387/5437/5207
f 6389/5439/5209 6401/5451/5221 6400/5450/5220 6388/5438/5208
f 6390/5440/5210 6402/5452/5222 6401/5451/5221 6389/5439/5209
f 6391/5441/5211 6403/5453/5223 6402/5452/5222 6390/5440/5210
f 6392/5442/5212 6404/5454/5224 6403/5453/5223 6391/5441/5211
f 6393/5443/5213 6405/5455/5225 6404/5454/5224 6392/5442/5212
f 6394/5444/5214 6406/5456/5226 6405/5455/5225 6393/5443/5213
f 6396/5445/5215 6408/5457/5227 6407/5458/5228 6395/5446/5216
f 6397/5447/5217 6409/5459/5229 6408/5457/5227 6396/5445/5215
f 6398/5448/5218 6410/5460/5230 6409/5459/5229 6397/5447/5217
f 6399/5449/5219 6411/5461/5231 6410/5460/5230 6398/5448/5218
f 6400/5450/5220 6412/5462/5232 6411/5461/5231 6399/5449/5219
f 6401/5451/5221 6413/5463/5233 6412/5462/5232 6400/5450/5220
f 6402/5452/5222 6414/5464/5234 6413/5463/5233 6401/5451/5221
f 6403/5453/5223 6415/5465/5235 6414/5464/5234 6402/5452/5222
f 6404/5454/5224 6416/5466/5236 6415/5465/5235 6403/5453/5223
f 6405/5455/5225 6417/5467/5237 6416/5466/5236 6404/5454/5224
f 6406/5456/5226 6418/5468/5238 6417/5467/5237 6405/5455/5225
f 6408/5457/5227 6420/5469/5239 6419/5470/5240 6407/5458/5228
f 6409/5459/5229 6421/5471/5241 6420/5469/5239 6408/5457/5227
f 6410/5460/5230 6422/5472/5242 6421/5471/5241 6409/5459/5229
f 6411/5461/5231 6423/5473/5243 6422/5472/5242 6410/5460/5230
f 6412/5462/5232 6424/5474/5244 6423/5473/5243 6411/5461/5231
f 6413/5463/5233 6425/5475/5245 6424/5474/5244 6412/5462/5232
f 6414/5464/5234 6426/5476/5246 6425/5475/5245 6413/5463/5233
f 6415/5465/5235 6427/5477/5247 6426/5476/5246 6414/5464/5234
f 6416/5466/5236 6428/5478/5248 6427/5477/5247 6415/5465/5235
f 6417/5467/5237 6429/5479/5249 6428/5478/5248 6416/5466/5236
f 6418/5468/5238 6430/5480/5250 6429/5479/5249 6417/5467/5237
f 6420/5469/5239 6432/5481/5251 6431/5482/5252 6419/5470/5240
f 6421/5471/5241 6433/5483/5253 6432/5481/5251 6420/5469/5239
f 6422/5472/5242 6434/5484/5254 6433/5483/5253 6421/5471/5241
f 6423/5473/5243 6435/5485/5255 6434/5484/5254 6422/5472/5242
f 6424/5474/5244 6436/5486/5256 6435/5485/5255 6423/5473/5243
f 6425/5475/5245 6437/5487/5257 6436/5486/5256 6424/5474/5244
f 6426/5476/5246 6438/5488/5258 6437/5487/5257 6425/5475/5245
f 6427/5477/5247 6439/5489/5259 6438/5488/5258 6426/5476/5246
f 6428/5478/5248 6440/5490/5260 6439/5489/5259 6427/5477/5247
f 6429/5479/5249 6441/5491/5261 6440/5490/5260 6428/5478/5248
f 6430/5480/5250 6442/5492/5262 6441/5491/5261 6429/5479/5249
f 6432/5481/5251 6444/5493/5263 6443/5494/5264 6431/5482/5252
f 6433/5483/5253 6445/5495/5265 6444/5493/5263 6432/5481/5251
f 6434/5484/5254 6446/5496/5266 6445/5495/5265 6433/5483/5253
f 6435/5485/5255 6447/5497/5267 6446/5496/5266 6434/5484/5254
f 6436/5486/5256 6448/5498/5268 6447/5497/5267 6435/5485/5255
f 6437/5487/5257 6449/5499/5269 6448/5498/5268 6436/5486/5256
f 6438/5488/5258 6450/5500/5270 6449/5499/5269 6437/5487/5257
f 6439/5489/5259 6451/5501/5271 6450/5500/5270 6438/5488/5258
f 6440/5490/5260 6452/5502/5272 6451/5501/5271 6439/5489/5259
f 6441/5491/5261 6453/5503/5273 6452/5502/5272 6440/5490/5260
f 6442/5492/5262 6454/5504/5274 6453/5503/5273 6441/5491/5261
f 6444/5493/5263 6456/5505/5275 6455/5506/5276 6443/5494/5264
f 6445/5495/5265 6457/5507/5277 6456/5505/5275 6444/5493/5263
f 6446/5496/5266 6458/5508/5278 6457/5507/5277 6445/5495/5265
f 6447/5497/5267 6459/5509/5279 6458/5508/5278 6446/5496/5266
f 6448/5498/5268 6460/5510/5280 6459/5509/5279 6447/5497/5267
f 6449/5499/5269 6461/5511/5281 6460/5510/5280 6448/5498/5268
f 6450/5500/5270 6462/5512/5282 6461/5511/5281 6449/5499/5269
f 6451/5501/5271 6463/5513/5283 6462/5512/5282 6450/5500/5270
f 6452/5502/5272 6464/5514/5284 6463/5513/5283 6451/5501/5271
f 6453/5503/5273 6465/5515/5285 6464/5514/5284 6452/5502/5272
f 6454/5504/5274 6466/5516/5286 6465/5515/5285 6453/5503/5273
f 6456/5505/5275 6468/5517/5287 6467/5518/767 6455/5506/5276
f 6457/5507/5277 6469/5519/5288 6468/5517/5287 6456/5505/5275
f 6458/5508/5278 6470/5520/5289 6469/5519/5288 6457/5507/5277
f 6459/5509/5279 6471/5521/5290 6470/5520/5289 6458/5508/5278
f 6460/5510/5280 6472/5522/5291 6471/5521/5290 6459/5509/5279
f 6461/5511/5281 6473/5523/5292 6472/5522/5291 6460/5510/5280
f 6462/5512/5282 6474/5524/5293 6473/5523/5292 6461/5511/5281
f 6463/5513/5283 6475/5525/5294 6474/5524/5293 6462/5512/5282
f 6464/5514/5284 6476/5526/5295 6475/5525/5294 6463/5513/5283
f 6465/5515/5285 6477/5527/5296 6476/5526/5295 6464/5514/5284
f 6466/5516/5286 6478/5528/5297 6477/5527/5296 6465/5515/5285
f 6468/5517/5287 6480/5529/766 6479/5530/767 6467/5518/767
f 6469/5519/5288 6481/5531/768 6480/5529/766 6468/5517/5287
f 6470/5520/5289 6482/5532/769 6481/5531/768 6469/5519/5288
f 6471/5521/5290 6483/5533/770 6482/5532/769 6470/5520/5289
f 6472/5522/5291 6484/5534/771 6483/5533/770 6471/5521/5290
f 6473/5523/5292 6485/5535/772 6484/5534/771 6472/5522/5291
f 6474/5524/5293 6486/5536/773 6485/5535/772 6473/5523/5292
f 6475/5525/5294 6487/5537/774 6486/5536/773 6474/5524/5293
f 6476/5526/5295 6488/5538/775 6487/5537/774 6475/5525/5294
f 6477/5527/5296 6489/5539/776 6488/5538/775 6476/5526/5295
f 6478/5528/5297 6490/5540/777 6489/5539/776 6477/5527/5296
f 6480/5529/766 6492/5541/5298 6491/5542/5299 6479/5530/767
f 6481/5531/768 6493/5543/5300 6492/5541/5298 6480/5529/766
f 6482/5532/769 6494/5544/5301 6493/5543/5300 6481/5531/768
f 6483/5533/770 6495/5545/5302 6494/5544/5301 6482/5532/769
f 6484/5534/771 6496/5546/5303 6495/5545/5302 6483/5533/770
f 6485/5535/772 6497/5547/5304 6496/5546/5303 6484/5534/771
f 6486/5536/773 6498/5548/5305 6497/5547/5304 6485/5535/772
f 6487/5537/774 6499/5549/5306 6498/5548/5305 6486/5536/773
f 6488/5538/775 6500/5550/5307 6499/5549/5306 6487/5537/774
f 6489/5539/776 6501/5551/5308 6500/5550/5307 6488/5538/775
f 6490/5540/777 6502/5552/5309 6501/5551/5308 6489/5539/776
f 6492/5541/5298 6504/5553/5310 6503/5554/5311 6491/5542/5299
f 6493/5543/5300 6505/5555/5312 6504/5553/5310 6492/5541/5298
f 6494/5544/5301 6506/5556/5313 6505/5555/5312 6493/5543/5300
f 6495/5545/5302 6507/5557/5314 6506/5556/5313 6494/5544/5301
f 6496/5546/5303 6508/5558/5315 6507/5557/5314 6495/5545/5302
f 6497/5547/5304 6509/5559/5316 6508/5558/5315 6496/5546/5303
f 6498/5548/5305 6510/5560/5317 6509/5559/5316 6497/5547/5304
f 6499/5549/5306 6511/5561/5318 6510/5560/5317 6498/5548/5305
f 6500/5550/5307 6512/5562/5319 6511/5561/5318 6499/5549/5306
f 6501/5551/5308 6513/5563/5320 6512/5562/5319 6500/5550/5307
f 6502/5552/5309 6514/5564/5321 6513/5563/5320 6501/5551/5308
f 6504/5553/5310 6516/5565/5322 6515/5566/1104 6503/5554/5311
f 6505/5555/5312 6517/5567/1105 6516/5565/5322 6504/5553/5310
f 6506/5556/5313 6518/5568/1106 6517/5567/1105 6505/5555/5312
f 6507/5557/5314 6519/5569/1107 6518/5568/1106 6506/5556/5313
f 6508/5558/5315 6520/5570/1108 6519/5569/1107 6507/5557/5314
f 6509/5559/5316 6521/5571/1109 6520/5570/1108 6508/5558/5315
f 6510/5560/5317 6522/5572/1110 6521/5571/1109 6509/5559/5316
f 6511/5561/5318 6523/5573/1111 6522/5572/1110 6510/5560/5317
f 6512/5562/5319 6524/5574/1112 6523/5573/1111 6511/5561/5318
f 6513/5563/5320 6525/5575/5323 6524/5574/1112 6512/5562/5319
f 6514/5564/5321 6526/5576/2890 6525/5575/5323 6513/5563/5320
f 6516/5565/5322 5832/1279/3490 5831/4/2880 6515/5566/1104
f 6517/5567/1105 5833/1280/2881 5832/1279/3490 6516/5565/5322
f 6518/5568/1106 5834/1281/2882 5833/1280/2881 6517/5567/1105
f 6519/5569/1107 5835/1282/2883 5834/1281/2882 6518/5568/1106
f 6520/5570/1108 5836/1283/2884 5835/1282/2883 6519/5569/1107
f 6521/5571/1109 5837/1284/2885 5836/1283/2884 6520/5570/1108
f 6522/5572/1110 5838/1285/2886 5837/1284/2885 6521/5571/1109
f 6523/5573/1111 5839/1286/2887 5838/1285/2886 6522/5572/1110
f 6524/5574/1112 5840/1287/2888 5839/1286/2887 6523/5573/1111
f 6525/5575/5323 5841/1288/2889 5840/1287/2888 6524/5574/1112
f 6526/5576/2890 5842/1289/2890 5841/1288/2889 6525/5575/5323
f 6528/476/5324 6540/5577/5325 6539/60/5326 6527/24/5327
f 6529/479/5328 6541/5578/5329 6540/5577/5325 6528/476/5324
f 6530/481/5330 6542/5579/5331 6541/5578/5329 6529/479/5328
f 6531/483/5332 6543/5580/5333 6542/5579/5331 6530/481/5330
f 6532/485/5334 6544/5581/5335 6543/5580/5333 6531/483/5332
f 6533/487/5336 6545/5582/5337 6544/5581/5335 6532/485/5334
f 6534/489/5338 6546/5583/5339 6545/5582/5337 6533/487/5336
f 6535/491/5340 6547/5584/5341 6546/5583/5339 6534/489/5338
f 6536/493/5342 6548/5585/5343 6547/5584/5341 6535/491/5340
f 6537/495/5344 6549/5586/5345 6548/5585/5343 6536/493/5342
f 6538/497/5327 6550/5587/5346 6549/5586/5345 6537/495/5344
f 6540/5577/5325 6552/5588/5347 6551/64/5348 6539/60/5326
f 6541/5578/5329 6553/5589/5349 6552/5588/5347 6540/5577/5325
f 6542/5579/5331 6554/5590/5350 6553/5589/5349 6541/5578/5329
f 6543/5580/5333 6555/5591/5351 6554/5590/5350 6542/5579/5331
f 6544/5581/5335 6556/5592/5352 6555/5591/5351 6543/5580/5333
f 6545/5582/5337 6557/5593/5353 6556/5592/5352 6544/5581/5335
f 6546/5583/5339 6558/5594/5354 6557/5593/5353 6545/5582/5337
f 6547/5584/5341 6559/5595/5355 6558/5594/5354 6546/5583/5339
f 6548/5585/5343 6560/5596/5356 6559/5595/5355 6547/5584/5341
f 6549/5586/5345 6561/5597/5357 6560/5596/5356 6548/5585/5343
f 6550/5587/5346 6562/5598/5358 6561/5597/5357 6549/5586/5345
f 6552/5588/5347 6564/5599/5359 6563/65/5360 6551/64/5348
f 6553/5589/5349 6565/5600/5361 6564/5599/5359 6552/5588/5347
f 6554/5590/5350 6566/5601/5362 6565/5600/5361 6553/5589/5349
f 6555/5591/5351 6567/5602/5363 6566/5601/5362 6554/5590/5350
f 6556/5592/5352 6568/5603/5364 6567/5602/5363 6555/5591/5351
f 6557/5593/5353 6569/5604/5365 6568/5603/5364 6556/5592/5352
f 6558/5594/5354 6570/5605/5366 6569/5604/5365 6557/5593/5353
f 6559/5595/5355 6571/5606/5367 6570/5605/5366 6558/5594/5354
f 6560/5596/5356 6572/5607/5368 6571/5606/5367 6559/5595/5355
f 6561/5597/5357 6573/5608/5369 6572/5607/5368 6560/5596/5356
f 6562/5598/5358 6574/5609/5370 6573/5608/5369 6561/5597/5357
f 6564/5599/5359 6576/5610/5371 6575/66/5372 6563/65/5360
f 6565/5600/5361 6577/5611/5373 6576/5610/5371 6564/5599/5359
f 6566/5601/5362 6578/5612/5374 6577/5611/5373 6565/5600/5361
f 6567/5602/5363 6579/5613/5375 6578/5612/5374 6566/5601/5362
f 6568/5603/5364 6580/5614/5376 6579/5613/5375 6567/5602/5363
f 6569/5604/5365 6581/5615/5377 6580/5614/5376 6568/5603/5364
f 6570/5605/5366 6582/5616/5378 6581/5615/5377 6569/5604/5365
f 6571/5606/5367 6583/5617/5379 6582/5616/5378 6570/5605/5366
f 6572/5607/5368 6584/5618/5380 6583/5617/5379 6571/5606/5367
f 6573/5608/5369 6585/5619/5381 6584/5618/5380 6572/5607/5368
f 6574/5609/5370 6586/5620/5382 6585/5619/5381 6573/5608/5369
f 6576/5610/5371 6588/5621/5383 6587/68/5384 6575/66/5372
f 6577/5611/5373 6589/5622/5385 6588/5621/5383 6576/5610/5371
f 6578/5612/5374 6590/5623/5386 6589/5622/5385 6577/5611/5373
f 6579/5613/5375 6591/5624/5387 6590/5623/5386 6578/5612/5374
f 6580/5614/5376 6592/5625/5388 6591/5624/5387 6579/5613/5375
f 6581/5615/5377 6593/5626/5389 6592/5625/5388 6580/5614/5376
f 6582/5616/5378 6594/5627/5390 6593/5626/5389 6581/5615/5377
f 6583/5617/5379 6595/5628/5391 6594/5627/5390 6582/5616/5378
f 6584/5618/5380 6596/5629/5392 6595/5628/5391 6583/5617/5379
f 6585/5619/5381 6597/5630/5393 6596/5629/5392 6584/5618/5380
f 6586/5620/5382 6598/5631/5394 6597/5630/5393 6585/5619/5381
f 6588/5621/5383 6600/5632/5395 6599/69/5396 6587/68/5384
f 6589/5622/5385 6601/5633/5397 6600/5632/5395 6588/5621/5383
f 6590/5623/5386 6602/5634/5398 6601/5633/5397 6589/5622/5385
f 6591/5624/5387 6603/5635/5399 6602/5634/5398 6590/5623/5386
f 6592/5625/5388 6604/5636/5400 6603/5635/5399 6591/5624/5387
f 6593/5626/5389 6605/5637/5401 6604/5636/5400 6592/5625/5388
f 6594/5627/5390 6606/5638/5402 6605/5637/5401 6593/5626/5389
f 6595/5628/5391 6607/5639/5403 6606/5638/5402 6594/5627/5390
f 6596/5629/5392 6608/5640/5404 6607/5639/5403 6595/5628/5391
f 6597/5630/5393 6609/5641/5405 6608/5640/5404 6596/5629/5392
f 6598/5631/5394 6610/5642/5406 6609/5641/5405 6597/5630/5393
f 6600/5632/5395 6612/5643/5407 6611/71/5408 6599/69/5396
f 6601/5633/5397 6613/5644/5409 6612/5643/5407 6600/5632/5395
f 6602/5634/5398 6614/5645/5410 6613/5644/5409 6601/5633/5397
f 6603/5635/5399 6615/5646/5411 6614/5645/5410 6602/5634/5398
f 6604/5636/5400 6616/5647/5412 6615/5646/5411 6603/5635/5399
f 6605/5637/5401 6617/5648/5413 6616/5647/5412 6604/5636/5400
f 6606/5638/5402 6618/5649/5414 6617/5648/5413 6605/5637/5401
f 6607/5639/5403 6619/5650/5415 6618/5649/5414 6606/5638/5402
f 6608/5640/5404 6620/5651/5416 6619/5650/5415 6607/5639/5403
f 6609/5641/5405 6621/5652/5417 6620/5651/5416 6608/5640/5404
f 6610/5642/5406 6622/5653/5418 6621/5652/5417 6609/5641/5405
f 6612/5643/5407 6624/5654/5419 6623/76/5420 6611/71/5408
f 6613/5644/5409 6625/5655/5421 6624/5654/5419 6612/5643/5407
f 6614/5645/5410 6626/5656/5422 6625/5655/5421 6613/5644/5409
f 6615/5646/5411 6627/5657/5423 6626/5656/5422 6614/5645/5410
f 6616/5647/5412 6628/5658/5424 6627/5657/5423 6615/5646/5411
f 6617/5648/5413 6629/5659/5425 6628/5658/5424 6616/5647/5412
f 6618/5649/5414 6630/5660/5426 6629/5659/5425 6617/5648/5413
f 6619/5650/5415 6631/5661/5427 6630/5660/5426 6618/5649/5414
f 6620/5651/5416 6632/5662/5428 6631/5661/5427 6619/5650/5415
f 6621/5652/5417 6633/5663/5429 6632/5662/5428 6620/5651/5416
f 6622/5653/5418 6634/5664/5430 6633/5663/5429 6621/5652/5417
f 6624/5654/5419 6636/5665/5431 6635/79/5432 6623/76/5420
f 6625/5655/5421 6637/5666/5433 6636/5665/5431 6624/5654/5419
f 6626/5656/5422 6638/5667/5434 6637/5666/5433 6625/5655/5421
f 6627/5657/5423 6639/5668/5435 6638/5667/5434 6626/5656/5422
f 6628/5658/5424 6640/5669/5436 6639/5668/5435 6627/5657/5423
f 6629/5659/5425 6641/5670/5437 6640/5669/5436 6628/5658/5424
f 6630/5660/5426 6642/5671/5438 6641/5670/5437 6629/5659/5425
f 6631/5661/5427 6643/5672/5439 6642/5671/5438 6630/5660/5426
f 6632/5662/5428 6644/5673/5440 6643/5672/5439 6631/5661/5427
f 6633/5663/5429 6645/5674/5441 6644/5673/5440 6632/5662/5428
f 6634/5664/5430 6646/5675/5442 6645/5674/5441 6633/5663/5429
f 6636/5665/5431 6648/5676/5443 6647/82/5444 6635/79/5432
f 6637/5666/5433 6649/5677/5445 6648/5676/5443 6636/5665/5431
f 6638/5667/5434 6650/5678/5446 6649/5677/5445 6637/5666/5433
f 6639/5668/5435 6651/5679/5447 6650/5678/5446 6638/5667/5434
f 6640/5669/5436 6652/5680/5448 6651/5679/5447 6639/5668/5435
f 6641/5670/5437 6653/5681/5449 6652/5680/5448 6640/5669/5436
f 6642/5671/5438 6654/5682/5450 6653/5681/5449 6641/5670/5437
f 6643/5672/5439 6655/5683/5451 6654/5682/5450 6642/5671/5438
f 6644/5673/5440 6656/5684/5452 6655/5683/5451 6643/5672/5439
f 6645/5674/5441 6657/5685/5453 6656/5684/5452 6644/5673/5440
f 6646/5675/5442 6658/5686/5454 6657/5685/5453 6645/5674/5441
f 6648/5676/5443 6660/5687/5455 6659/84/5456 6647/82/5444
f 6649/5677/5445 6661/5688/5457 6660/5687/5455 6648/5676/5443
f 6650/5678/5446 6662/5689/5458 6661/5688/5457 6649/5677/5445
f 6651/5679/5447 6663/5690/5459 6662/5689/5458 6650/5678/5446
f 6652/5680/5448 6664/5691/5460 6663/5690/5459 6651/5679/5447
f 6653/5681/5449 6665/5692/5461 6664/5691/5460 6652/5680/5448
f 6654/5682/5450 6666/5693/5462 6665/5692/5461 6653/5681/5449
f 6655/5683/5451 6667/5694/5463 6666/5693/5462 6654/5682/5450
f 6656/5684/5452 6668/5695/5464 6667/5694/5463 6655/5683/5451
f 6657/5685/5453 6669/5696/5465 6668/5695/5464 6656/5684/5452
f 6658/5686/5454 6670/5697/5466 6669/5696/5465 6657/5685/5453
f 6660/5687/5455 6672/5698/5467 6671/86/5468 6659/84/5456
f 6661/5688/5457 6673/5699/5469 6672/5698/5467 6660/5687/5455
f 6662/5689/5458 6674/5700/5470 6673/5699/5469 6661/5688/5457
f 6663/5690/5459 6675/5701/5471 6674/5700/5470 6662/5689/5458
f 6664/5691/5460 6676/5702/5472 6675/5701/5471 6663/5690/5459
f 6665/5692/5461 6677/5703/5473 6676/5702/5472 6664/5691/5460
f 6666/5693/5462 6678/5704/5474 6677/5703/5473 6665/5692/5461
f 6667/5694/5463 6679/5705/5475 6678/5704/5474 6666/5693/5462
f 6668/5695/5464 6680/5706/5476 6679/5705/5475 6667/5694/5463
f 6669/5696/5465 6681/5707/5477 6680/5706/5476 6668/5695/5464
f 6670/5697/5466 6682/5708/5478 6681/5707/5477 6669/5696/5465
f 6672/5698/5467 6684/5709/5479 6683/90/5480 6671/86/5468
f 6673/5699/5469 6685/5710/5481 6684/5709/5479 6672/5698/5467
f 6674/5700/5470 6686/5711/5482 6685/5710/5481 6673/5699/5469
f 6675/5701/5471 6687/5712/5483 6686/5711/5482 6674/5700/5470
f 6676/5702/5472 6688/5713/5484 6687/5712/5483 6675/5701/5471
f 6677/5703/5473 6689/5714/5485 6688/5713/5484 6676/5702/5472
f 6678/5704/5474 6690/5715/5486 6689/5714/5485 6677/5703/5473
f 6679/5705/5475 6691/5716/5487 6690/5715/5486 6678/5704/5474
f 6680/5706/5476 6692/5717/5488 6691/5716/5487 6679/5705/5475
f 6681/5707/5477 6693/5718/5489 6692/5717/5488 6680/5706/5476
f 6682/5708/5478 6694/5719/5490 6693/5718/5489 6681/5707/5477
f 6684/5709/5479 6696/5720/5491 6695/92/5492 6683/90/5480
f 6685/5710/5481 6697/5721/5493 6696/5720/5491 6684/5709/5479
f 6686/5711/5482 6698/5722/5494 6697/5721/5493 6685/5710/5481
f 6687/5712/5483 6699/5723/5495 6698/5722/5494 6686/5711/5482
f 6688/5713/5484 6700/5724/5496 6699/5723/5495 6687/5712/5483
f 6689/5714/5485 6701/5725/5497 6700/5724/5496 6688/5713/5484
f 6690/5715/5486 6702/5726/5498 6701/5725/5497 6689/5714/5485
f 6691/5716/5487 6703/5727/5499 6702/5726/5498 6690/5715/5486
f 6692/5717/5488 6704/5728/5500 6703/5727/5499 6691/5716/5487
f 6693/5718/5489 6705/5729/5501 6704/5728/5500 6692/5717/5488
f 6694/5719/5490 6706/5730/5502 6705/5729/5501 6693/5718/5489
f 6696/5720/5491 6708/5731/5503 6707/94/5504 6695/92/5492
f 6697/5721/5493 6709/5732/5505 6708/5731/5503 6696/5720/5491
f 6698/5722/5494 6710/5733/5506 6709/5732/5505 6697/5721/5493
f 6699/5723/5495 6711/5734/5507 6710/5733/5506 6698/5722/5494
f 6700/5724/5496 6712/5735/5508 6711/5734/5507 6699/5723/5495
f 6701/5725/5497 6713/5736/5509 6712/5735/5508 6700/5724/5496
f 6702/5726/5498 6714/5737/5510 6713/5736/5509 6701/5725/5497
f 6703/5727/5499 6715/5738/5511 6714/5737/5510 6702/5726/5498
f 6704/5728/5500 6716/5739/5512 6715/5738/5511 6703/5727/5499
f 6705/5729/5501 6717/5740/5513 6716/5739/5512 6704/5728/5500
f 6706/5730/5502 6718/5741/5514 6717/5740/5513 6705/5729/5501
f 6708/5731/5503 6720/5742/5515 6719/93/5516 6707/94/5504
f 6709/5732/5505 6721/5743/5517 6720/5742/5515 6708/5731/5503
f 6710/5733/5506 6722/5744/5518 6721/5743/5517 6709/5732/5505
f 6711/5734/5507 6723/5745/5519 6722/5744/5518 6710/5733/5506
f 6712/5735/5508 6724/5746/5520 6723/5745/5519 6711/5734/5507
f 6713/5736/5509 6725/5747/5521 6724/5746/5520 6712/5735/5508
f 6714/5737/5510 6726/5748/5522 6725/5747/5521 6713/5736/5509
f 6715/5738/5511 6727/5749/5523 6726/5748/5522 6714/5737/5510
f 6716/5739/5512 6728/5750/5524 6727/5749/5523 6715/5738/5511
f 6717/5740/5513 6729/5751/5525 6728/5750/5524 6716/5739/5512
f 6718/5741/5514 6730/5752/5526 6729/5751/5525 6717/5740/5513
f 6720/5742/5515 6732/5753/5527 6731/91/5528 6719/93/5516
f 6721/5743/5517 6733/5754/5529 6732/5753/5527 6720/5742/5515
f 6722/5744/5518 6734/5755/5530 6733/5754/5529 6721/5743/5517
f 6723/5745/5519 6735/5756/5531 6734/5755/5530 6722/5744/5518
f 6724/5746/5520 6736/5757/5532 6735/5756/5531 6723/5745/5519
f 6725/5747/5521 6737/5758/5533 6736/5757/5532 6724/5746/5520
f 6726/5748/5522 6738/5759/5534 6737/5758/5533 6725/5747/5521
f 6727/5749/5523 6739/5760/5535 6738/5759/5534 6726/5748/5522
f 6728/5750/5524 6740/5761/5536 6739/5760/5535 6727/5749/5523
f 6729/5751/5525 6741/5762/5537 6740/5761/5536 6728/5750/5524
f 6730/5752/5526 6742/5763/5538 6741/5762/5537 6729/5751/5525
f 6732/5753/5527 6744/5764/5539 6743/89/5540 6731/91/5528
f 6733/5754/5529 6745/5765/5541 6744/5764/5539 6732/5753/5527
f 6734/5755/5530 6746/5766/5542 6745/5765/5541 6733/5754/5529
f 6735/5756/5531 6747/5767/5543 6746/5766/5542 6734/5755/5530
f 6736/5757/5532 6748/5768/5544 6747/5767/5543 6735/5756/5531
f 6737/5758/5533 6749/5769/5545 6748/5768/5544 6736/5757/5532
f 6738/5759/5534 6750/5770/5546 6749/5769/5545 6737/5758/5533
f 6739/5760/5535 6751/5771/5547 6750/5770/5546 6738/5759/5534
f 6740/5761/5536 6752/5772/5548 6751/5771/5547 6739/5760/5535
f 6741/5762/5537 6753/5773/5549 6752/5772/5548 6740/5761/5536
f 6742/5763/5538 6754/5774/5550 6753/5773/5549 6741/5762/5537
f 6744/5764/5539 6756/1378/5551 6755/87/5552 6743/89/5540
f 6745/5765/5541 6757/1379/5553 6756/1378/5551 6744/5764/5539
f 6746/5766/5542 6758/1380/5554 6757/1379/5553 6745/5765/5541
f 6747/5767/5543 6759/1381/5555 6758/1380/5554 6746/5766/5542
f 6748/5768/5544 6760/1382/5556 6759/1381/5555 6747/5767/5543
f 6749/5769/5545 6761/1383/5557 6760/1382/5556 6748/5768/5544
f 6750/5770/5546 6762/1384/5558 6761/1383/5557 6749/5769/5545
f 6751/5771/5547 6763/1385/5559 6762/1384/5558 6750/5770/5546
f 6752/5772/5548 6764/1386/5560 6763/1385/5559 6751/5771/5547
f 6753/5773/5549 6765/1387/5561 6764/1386/5560 6752/5772/5548
f 6754/5774/5550 6766/1388/5562 6765/1387/5561 6753/5773/5549
f 6756/1378/5551 6768/5775/5563 6767/85/5564 6755/87/5552
f 6757/1379/5553 6769/5776/5565 6768/5775/5563 6756/1378/5551
f 6758/1380/5554 6770/5777/5566 6769/5776/5565 6757/1379/5553
f 6759/1381/5555 6771/5778/5567 6770/5777/5566 6758/1380/5554
f 6760/1382/5556 6772/5779/5568 6771/5778/5567 6759/1381/5555
f 6761/1383/5557 6773/5780/5569 6772/5779/5568 6760/1382/5556
f 6762/1384/5558 6774/5781/5570 6773/5780/5569 6761/1383/5557
f 6763/1385/5559 6775/5782/5571 6774/5781/5570 6762/1384/5558
f 6764/1386/5560 6776/5783/5572 6775/5782/5571 6763/1385/5559
f 6765/1387/5561 6777/5784/5573 6776/5783/5572 6764/1386/5560
f 6766/1388/5562 6778/5785/5574 6777/5784/5573 6765/1387/5561
f 6768/5775/5563 6780/5786/5575 6779/83/5576 6767/85/5564
f 6769/5776/5565 6781/5787/5577 6780/5786/5575 6768/5775/5563
f 6770/5777/5566 6782/5788/5578 6781/5787/5577 6769/5776/5565
f 6771/5778/5567 6783/5789/5579 6782/5788/5578 6770/5777/5566
f 6772/5779/5568 6784/5790/5580 6783/5789/5579 6771/5778/5567
f 6773/5780/5569 6785/5791/5581 6784/5790/5580 6772/5779/5568
f 6774/5781/5570 6786/5792/5582 6785/5791/5581 6773/5780/5569
f 6775/5782/5571 6787/5793/5583 6786/5792/5582 6774/5781/5570
f 6776/5783/5572 6788/5794/5584 6787/5793/5583 6775/5782/5571
f 6777/5784/5573 6789/5795/5585 6788/5794/5584 6776/5783/5572
f 6778/5785/5574 6790/5796/5586 6789/5795/5585 6777/5784/5573
f 6780/5786/5575 6792/5797/5587 6791/81/5588 6779/83/5576
f 6781/5787/5577 6793/5798/5589 6792/5797/5587 6780/5786/5575
f 6782/5788/5578 6794/5799/5590 6793/5798/5589 6781/5787/5577
f 6783/5789/5579 6795/5800/5591 6794/5799/5590 6782/5788/5578
f 6784/5790/5580 6796/5801/5592 6795/5800/5591 6783/5789/5579
f 6785/5791/5581 6797/5802/5593 6796/5801/5592 6784/5790/5580
f 6786/5792/5582 6798/5803/5594 6797/5802/5593 6785/5791/5581
f 6787/5793/5583 6799/5804/5595 6798/5803/5594 6786/5792/5582
f 6788/5794/5584 6800/5805/5596 6799/5804/5595 6787/5793/5583
f 6789/5795/5585 6801/5806/5597 6800/5805/5596 6788/5794/5584
f 6790/5796/5586 6802/5807/5598 6801/5806/5597 6789/5795/5585
f 6792/5797/5587 6804/5808/5599 6803/80/5600 6791/81/5588
f 6793/5798/5589 6805/5809/5601 6804/5808/5599 6792/5797/5587
f 6794/5799/5590 6806/5810/5602 6805/5809/5601 6793/5798/5589
f 6795/5800/5591 6807/5811/5603 6806/5810/5602 6794/5799/5590
f 6796/5801/5592 6808/5812/5604 6807/5811/5603 6795/5800/5591
f 6797/5802/5593 6809/5813/5605 6808/5812/5604 6796/5801/5592
f 6798/5803/5594 6810/5814/5606 6809/5813/5605 6797/5802/5593
f 6799/5804/5595 6811/5815/5607 6810/5814/5606 6798/5803/5594
f 6800/5805/5596 6812/5816/5608 6811/5815/5607 6799/5804/5595
f 6801/5806/5597 6813/5817/5609 6812/5816/5608 6800/5805/5596
f 6802/5807/5598 6814/5818/5610 6813/5817/5609 6801/5806/5597
f 6804/5808/5599 6816/5819/5611 6815/77/5612 6803/80/5600
f 6805/5809/5601 6817/5820/5613 6816/5819/5611 6804/5808/5599
f 6806/5810/5602 6818/5821/5614 6817/5820/5613 6805/5809/5601
f 6807/5811/5603 6819/5822/5615 6818/5821/5614 6806/5810/5602
f 6808/5812/5604 6820/5823/5616 6819/5822/5615 6807/5811/5603
f 6809/5813/5605 6821/5824/5617 6820/5823/5616 6808/5812/5604
f 6810/5814/5606 6822/5825/5618 6821/5824/5617 6809/5813/5605
f 6811/5815/5607 6823/5826/5619 6822/5825/5618 6810/5814/5606
f 6812/5816/5608 6824/5827/5620 6823/5826/5619 6811/5815/5607
f 6813/5817/5609 6825/5828/5621 6824/5827/5620 6812/5816/5608
f 6814/5818/5610 6826/5829/5622 6825/5828/5621 6813/5817/5609
f 6816/5819/5611 6828/5830/755 6827/75/4682 6815/77/5612
f 6817/5820/5613 6829/5831/756 6828/5830/755 6816/5819/5611
f 6818/5821/5614 6830/5832/3491 6829/5831/756 6817/5820/5613
f 6819/5822/5615 6831/5833/758 6830/5832/3491 6818/5821/5614
f 6820/5823/5616 6832/5834/3492 6831/5833/758 6819/5822/5615
f 6821/5824/5617 6833/5835/3493 6832/5834/3492 6820/5823/5616
f 6822/5825/5618 6834/5836/761 6833/5835/3493 6821/5824/5617
f 6823/5826/5619 6835/5837/762 6834/5836/761 6822/5825/5618
f 6824/5827/5620 6836/5838/763 6835/5837/762 6823/5826/5619
f 6825/5828/5621 6837/5839/764 6836/5838/763 6824/5827/5620
f 6826/5829/5622 6838/5840/765 6837/5839/764 6825/5828/5621
f 6828/5830/755 6840/5841/766 6839/72/767 6827/75/4682
f 6829/5831/756 6841/5842/768 6840/5841/766 6828/5830/755
f 6830/5832/3491 6842/5843/769 6841/5842/768 6829/5831/756
f 6831/5833/758 6843/5844/770 6842/5843/769 6830/5832/3491
f 6832/5834/3492 6844/5845/771 6843/5844/770 6831/5833/758
f 6833/5835/3493 6845/5846/772 6844/5845/771 6832/5834/3492
f 6834/5836/761 6846/5847/773 6845/5846/772 6833/5835/3493
f 6835/5837/762 6847/5848/774 6846/5847/773 6834/5836/761
f 6836/5838/763 6848/5849/775 6847/5848/774 6835/5837/762
f 6837/5839/764 6849/5850/776 6848/5849/775 6836/5838/763
f 6838/5840/765 6850/5851/5297 6849/5850/776 6837/5839/764
f 6840/5841/766 6852/5852/5623 6851/74/5624 6839/72/767
f 6841/5842/768 6853/5853/5625 6852/5852/5623 6840/5841/766
f 6842/5843/769 6854/5854/5626 6853/5853/5625 6841/5842/768
f 6843/5844/770 6855/5855/5627 6854/5854/5626 6842/5843/769
f 6844/5845/771 6856/5856/5628 6855/5855/5627 6843/5844/770
f 6845/5846/772 6857/5857/5629 6856/5856/5628 6844/5845/771
f 6846/5847/773 6858/5858/5630 6857/5857/5629 6845/5846/772
f 6847/5848/774 6859/5859/5631 6858/5858/5630 6846/5847/773
f 6848/5849/775 6860/5860/5632 6859/5859/5631 6847/5848/774
f 6849/5850/776 6861/5861/5633 6860/5860/5632 6848/5849/775
f 6850/5851/5297 6862/5862/5634 6861/5861/5633 6849/5850/776
f 6852/5852/5623 6864/5863/5635 6863/73/5636 6851/74/5624
f 6853/5853/5625 6865/5864/5637 6864/5863/5635 6852/5852/5623
f 6854/5854/5626 6866/5865/5638 6865/5864/5637 6853/5853/5625
f 6855/5855/5627 6867/5866/5639 6866/5865/5638 6854/5854/5626
f 6856/5856/5628 6868/5867/5640 6867/5866/5639 6855/5855/5627
f 6857/5857/5629 6869/5868/5641 6868/5867/5640 6856/5856/5628
f 6858/5858/5630 6870/5869/5642 6869/5868/5641 6857/5857/5629
f 6859/5859/5631 6871/5870/5643 6870/5869/5642 6858/5858/5630
f 6860/5860/5632 6872/5871/5644 6871/5870/5643 6859/5859/5631
f 6861/5861/5633 6873/5872/5645 6872/5871/5644 6860/5860/5632
f 6862/5862/5634 6874/5873/5646 6873/5872/5645 6861/5861/5633
f 6864/5863/5635 6876/5874/5647 6875/98/5648 6863/73/5636
f 6865/5864/5637 6877/5875/5649 6876/5874/5647 6864/5863/5635
f 6866/5865/5638 6878/5876/5650 6877/5875/5649 6865/5864/5637
f 6867/5866/5639 6879/5877/5651 6878/5876/5650 6866/5865/5638
f 6868/5867/5640 6880/5878/5652 6879/5877/5651 6867/5866/5639
f 6869/5868/5641 6881/5879/5653 6880/5878/5652 6868/5867/5640
f 6870/5869/5642 6882/5880/5654 6881/5879/5653 6869/5868/5641
f 6871/5870/5643 6883/5881/5655 6882/5880/5654 6870/5869/5642
f 6872/5871/5644 6884/5882/5656 6883/5881/5655 6871/5870/5643
f 6873/5872/5645 6885/5883/5657 6884/5882/5656 6872/5871/5644
f 6874/5873/5646 6886/5884/5658 6885/5883/5657 6873/5872/5645
f 6876/5874/5647 6888/5885/5659 6887/100/5660 6875/98/5648
f 6877/5875/5649 6889/5886/5661 6888/5885/5659 6876/5874/5647
f 6878/5876/5650 6890/5887/5662 6889/5886/5661 6877/5875/5649
f 6879/5877/5651 6891/5888/5663 6890/5887/5662 6878/5876/5650
f 6880/5878/5652 6892/5889/5664 6891/5888/5663 6879/5877/5651
f 6881/5879/5653 6893/5890/5665 6892/5889/5664 6880/5878/5652
f 6882/5880/5654 6894/5891/5666 6893/5890/5665 6881/5879/5653
f 6883/5881/5655 6895/5892/5667 6894/5891/5666 6882/5880/5654
f 6884/5882/5656 6896/5893/5668 6895/5892/5667 6883/5881/5655
f 6885/5883/5657 6897/5894/5669 6896/5893/5668 6884/5882/5656
f 6886/5884/5658 6898/5895/5670 6897/5894/5669 6885/5883/5657
f 6888/5885/5659 6900/5896/5671 6899/101/5672 6887/100/5660
f 6889/5886/5661 6901/5897/5673 6900/5896/5671 6888/5885/5659
f 6890/5887/5662 6902/5898/5674 6901/5897/5673 6889/5886/5661
f 6891/5888/5663 6903/5899/5675 6902/5898/5674 6890/5887/5662
f 6892/5889/5664 6904/5900/5676 6903/5899/5675 6891/5888/5663
f 6893/5890/5665 6905/5901/5677 6904/5900/5676 6892/5889/5664
f 6894/5891/5666 6906/5902/5678 6905/5901/5677 6893/5890/5665
f 6895/5892/5667 6907/5903/5679 6906/5902/5678 6894/5891/5666
f 6896/5893/5668 6908/5904/5680 6907/5903/5679 6895/5892/5667
f 6897/5894/5669 6909/5905/5681 6908/5904/5680 6896/5893/5668
f 6898/5895/5670 6910/5906/5682 6909/5905/5681 6897/5894/5669
f 6900/5896/5671 6912/5907/5683 6911/103/3238 6899/101/5672
f 6901/5897/5673 6913/5908/3239 6912/5907/5683 6900/5896/5671
f 6902/5898/5674 6914/5909/5684 6913/5908/3239 6901/5897/5673
f 6903/5899/5675 6915/5910/3241 6914/5909/5684 6902/5898/5674
f 6904/5900/5676 6916/5911/3242 6915/5910/3241 6903/5899/5675
f 6905/5901/5677 6917/5912/3243 6916/5911/3242 6904/5900/5676
f 6906/5902/5678 6918/5913/5685 6917/5912/3243 6905/5901/5677
f 6907/5903/5679 6919/5914/5686 6918/5913/5685 6906/5902/5678
f 6908/5904/5680 6920/5915/3246 6919/5914/5686 6907/5903/5679
f 6909/5905/5681 6921/5916/5687 6920/5915/3246 6908/5904/5680
f 6910/5906/5682 6922/5917/3248 6921/5916/5687 6909/5905/5681
f 6912/5907/5683 6924/5918/5688 6923/104/5689 6911/103/3238
f 6913/5908/3239 6925/5919/5690 6924/5918/5688 6912/5907/5683
f 6914/5909/5684 6926/5920/5691 6925/5919/5690 6913/5908/3239
f 6915/5910/3241 6927/5921/5692 6926/5920/5691 6914/5909/5684
f 6916/5911/3242 6928/5922/5693 6927/5921/5692 6915/5910/3241
f 6917/5912/3243 6929/5923/5694 6928/5922/5693 6916/5911/3242
f 6918/5913/5685 6930/5924/5695 6929/5923/5694 6917/5912/3243
f 6919/5914/5686 6931/5925/5696 6930/5924/5695 6918/5913/5685
f 6920/5915/3246 6932/5926/5697 6931/5925/5696 6919/5914/5686
f 6921/5916/5687 6933/5927/5698 6932/5926/5697 6920/5915/3246
f 6922/5917/3248 6934/5928/5699 6933/5927/5698 6921/5916/5687
f 6924/5918/5688 6936/5929/5700 6935/105/5701 6923/104/5689
f 6925/5919/5690 6937/5930/5702 6936/5929/5700 6924/5918/5688
f 6926/5920/5691 6938/5931/5703 6937/5930/5702 6925/5919/5690
f 6927/5921/5692 6939/5932/5704 6938/5931/5703 6926/5920/5691
f 6928/5922/5693 6940/5933/5705 6939/5932/5704 6927/5921/5692
f 6929/5923/5694 6941/5934/5706 6940/5933/5705 6928/5922/5693
f 6930/5924/5695 6942/5935/5707 6941/5934/5706 6929/5923/5694
f 6931/5925/5696 6943/5936/5708 6942/5935/5707 6930/5924/5695
f 6932/5926/5697 6944/5937/5709 6943/5936/5708 6931/5925/5696
f 6933/5927/5698 6945/5938/5710 6944/5937/5709 6932/5926/5697
f 6934/5928/5699 6946/5939/5711 6945/5938/5710 6933/5927/5698
f 6936/5929/5700 6948/5940/5712 6947/107/5713 6935/105/5701
f 6937/5930/5702 6949/5941/5714 6948/5940/5712 6936/5929/5700
f 6938/5931/5703 6950/5942/5715 6949/5941/5714 6937/5930/5702
f 6939/5932/5704 6951/5943/5716 6950/5942/5715 6938/5931/5703
f 6940/5933/5705 6952/5944/5717 6951/5943/5716 6939/5932/5704
f 6941/5934/5706 6953/5945/5718 6952/5944/5717 6940/5933/5705
f 6942/5935/5707 6954/5946/5719 6953/5945/5718 6941/5934/5706
f 6943/5936/5708 6955/5947/5720 6954/5946/5719 6942/5935/5707
f 6944/5937/5709 6956/5948/5721 6955/5947/5720 6943/5936/5708
f 6945/5938/5710 6957/5949/5722 6956/5948/5721 6944/5937/5709
f 6946/5939/5711 6958/5950/5723 6957/5949/5722 6945/5938/5710
f 6948/5940/5712 6960/5951/5724 6959/108/5725 6947/107/5713
f 6949/5941/5714 6961/5952/5726 6960/5951/5724 6948/5940/5712
f 6950/5942/5715 6962/5953/5727 6961/5952/5726 6949/5941/5714
f 6951/5943/5716 6963/5954/5728 6962/5953/5727 6950/5942/5715
f 6952/5944/5717 6964/5955/5729 6963/5954/5728 6951/5943/5716
f 6953/5945/5718 6965/5956/5730 6964/5955/5729 6952/5944/5717
f 6954/5946/5719 6966/5957/5731 6965/5956/5730 6953/5945/5718
f 6955/5947/5720 6967/5958/5732 6966/5957/5731 6954/5946/5719
f 6956/5948/5721 6968/5959/5733 6967/5958/5732 6955/5947/5720
f 6957/5949/5722 6969/5960/5734 6968/5959/5733 6956/5948/5721
f 6958/5950/5723 6970/5961/5735 6969/5960/5734 6957/5949/5722
f 6960/5951/5724 6972/5962/5736 6971/110/5737 6959/108/5725
f 6961/5952/5726 6973/5963/5738 6972/5962/5736 6960/5951/5724
f 6962/5953/5727 6974/5964/5739 6973/5963/5738 6961/5952/5726
f 6963/5954/5728 6975/5965/5740 6974/5964/5739 6962/5953/5727
f 6964/5955/5729 6976/5966/5741 6975/5965/5740 6963/5954/5728
f 6965/5956/5730 6977/5967/5742 6976/5966/5741 6964/5955/5729
f 6966/5957/5731 6978/5968/5743 6977/5967/5742 6965/5956/5730
f 6967/5958/5732 6979/5969/5744 6978/5968/5743 6966/5957/5731
f 6968/5959/5733 6980/5970/5745 6979/5969/5744 6967/5958/5732
f 6969/5960/5734 6981/5971/5746 6980/5970/5745 6968/5959/5733
f 6970/5961/5735 6982/5972/5747 6981/5971/5746 6969/5960/5734
f 6972/5962/5736 6984/1477/5748 6983/111/5749 6971/110/5737
f 6973/5963/5738 6985/1478/5750 6984/1477/5748 6972/5962/5736
f 6974/5964/5739 6986/1479/5751 6985/1478/5750 6973/5963/5738
f 6975/5965/5740 6987/1480/5752 6986/1479/5751 6974/5964/5739
f 6976/5966/5741 6988/1481/5753 6987/1480/5752 6975/5965/5740
f 6977/5967/5742 6989/1482/5754 6988/1481/5753 6976/5966/5741
f 6978/5968/5743 6990/1483/5755 6989/1482/5754 6977/5967/5742
f 6979/5969/5744 6991/1484/5756 6990/1483/5755 6978/5968/5743
f 6980/5970/5745 6992/1485/5757 6991/1484/5756 6979/5969/5744
f 6981/5971/5746 6993/1486/5758 6992/1485/5757 6980/5970/5745
f 6982/5972/5747 6994/1487/5759 6993/1486/5758 6981/5971/5746
f 6984/1477/5748 6996/5973/5760 6995/113/5761 6983/111/5749
f 6985/1478/5750 6997/5974/5762 6996/5973/5760 6984/1477/5748
f 6986/1479/5751 6998/5975/5763 6997/5974/5762 6985/1478/5750
f 6987/1480/5752 6999/5976/5764 6998/5975/5763 6986/1479/5751
f 6988/1481/5753 7000/5977/5765 6999/5976/5764 6987/1480/5752
f 6989/1482/5754 7001/5978/5766 7000/5977/5765 6988/1481/5753
f 6990/1483/5755 7002/5979/5767 7001/5978/5766 6989/1482/5754
f 6991/1484/5756 7003/5980/5768 7002/5979/5767 6990/1483/5755
f 6992/1485/5757 7004/5981/5769 7003/5980/5768 6991/1484/5756
f 6993/1486/5758 7005/5982/5770 7004/5981/5769 6992/1485/5757
f 6994/1487/5759 7006/5983/5771 7005/5982/5770 6993/1486/5758
f 6996/5973/5760 7008/5984/5772 7007/112/5773 6995/113/5761
f 6997/5974/5762 7009/5985/5774 7008/5984/5772 6996/5973/5760
f 6998/5975/5763 7010/5986/5775 7009/5985/5774 6997/5974/5762
f 6999/5976/5764 7011/5987/5776 7010/5986/5775 6998/5975/5763
f 7000/5977/5765 7012/5988/5777 7011/5987/5776 6999/5976/5764
f 7001/5978/5766 7013/5989/5778 7012/5988/5777 7000/5977/5765
f 7002/5979/5767 7014/5990/5779 7013/5989/5778 7001/5978/5766
f 7003/5980/5768 7015/5991/5780 7014/5990/5779 7002/5979/5767
f 7004/5981/5769 7016/5992/5781 7015/5991/5780 7003/5980/5768
f 7005/5982/5770 7017/5993/5782 7016/5992/5781 7004/5981/5769
f 7006/5983/5771 7018/5994/5783 7017/5993/5782 7005/5982/5770
f 7008/5984/5772 7020/5995/5784 7019/109/5785 7007/112/5773
f 7009/5985/5774 7021/5996/5786 7020/5995/5784 7008/5984/5772
f 7010/5986/5775 7022/5997/5787 7021/5996/5786 7009/5985/5774
f 7011/5987/5776 7023/5998/5788 7022/5997/5787 7010/5986/5775
f 7012/5988/5777 7024/5999/5789 7023/5998/5788 7011/5987/5776
f 7013/5989/5778 7025/6000/5790 7024/5999/5789 7012/5988/5777
f 7014/5990/5779 7026/6001/5791 7025/6000/5790 7013/5989/5778
f 7015/5991/5780 7027/6002/5792 7026/6001/5791 7014/5990/5779
f 7016/5992/5781 7028/6003/5793 7027/6002/5792 7015/5991/5780
f 7017/5993/5782 7029/6004/5794 7028/6003/5793 7016/5992/5781
f 7018/5994/5783 7030/6005/5795 7029/6004/5794 7017/5993/5782
f 7020/5995/5784 7032/6006/5796 7031/106/5797 7019/109/5785
f 7021/5996/5786 7033/6007/5798 7032/6006/5796 7020/5995/5784
f 7022/5997/5787 7034/6008/5799 7033/6007/5798 7021/5996/5786
f 7023/5998/5788 7035/6009/5800 7034/6008/5799 7022/5997/5787
f 7024/5999/5789 7036/6010/5801 7035/6009/5800 7023/5998/5788
f 7025/6000/5790 7037/6011/5802 7036/6010/5801 7024/5999/5789
f 7026/6001/5791 7038/6012/5803 7037/6011/5802 7025/6000/5790
f 7027/6002/5792 7039/6013/5804 7038/6012/5803 7026/6001/5791
f 7028/6003/5793 7040/6014/5805 7039/6013/5804 7027/6002/5792
f 7029/6004/5794 7041/6015/5806 7040/6014/5805 7028/6003/5793
f 7030/6005/5795 7042/6016/5807 7041/6015/5806 7029/6004/5794
f 7032/6006/5796 7044/6017/5808 7043/102/5809 7031/106/5797
f 7033/6007/5798 7045/6018/5810 7044/6017/5808 7032/6006/5796
f 7034/6008/5799 7046/6019/5811 7045/6018/5810 7033/6007/5798
f 7035/6009/5800 7047/6020/5812 7046/6019/5811 7034/6008/5799
f 7036/6010/5801 7048/6021/5813 7047/6020/5812 7035/6009/5800
f 7037/6011/5802 7049/6022/5814 7048/6021/5813 7036/6010/5801
f 7038/6012/5803 7050/6023/5815 7049/6022/5814 7037/6011/5802
f 7039/6013/5804 7051/6024/5816 7050/6023/5815 7038/6012/5803
f 7040/6014/5805 7052/6025/5817 7051/6024/5816 7039/6013/5804
f 7041/6015/5806 7053/6026/5818 7052/6025/5817 7040/6014/5805
f 7042/6016/5807 7054/6027/5819 7053/6026/5818 7041/6015/5806
f 7044/6017/5808 7056/6028/5820 7055/99/5821 7043/102/5809
f 7045/6018/5810 7057/6029/5822 7056/6028/5820 7044/6017/5808
f 7046/6019/5811 7058/6030/5823 7057/6029/5822 7045/6018/5810
f 7047/6020/5812 7059/6031/5824 7058/6030/5823 7046/6019/5811
f 7048/6021/5813 7060/6032/5825 7059/6031/5824 7047/6020/5812
f 7049/6022/5814 7061/6033/5826 7060/6032/5825 7048/6021/5813
f 7050/6023/5815 7062/6034/5827 7061/6033/5826 7049/6022/5814
f 7051/6024/5816 7063/6035/5828 7062/6034/5827 7050/6023/5815
f 7052/6025/5817 7064/6036/5829 7063/6035/5828 7051/6024/5816
f 7053/6026/5818 7065/6037/5830 7064/6036/5829 7052/6025/5817
f 7054/6027/5819 7066/6038/5831 7065/6037/5830 7053/6026/5818
f 7056/6028/5820 7068/6039/5832 7067/97/5833 7055/99/5821
f 7057/6029/5822 7069/6040/5834 7068/6039/5832 7056/6028/5820
f 7058/6030/5823 7070/6041/5835 7069/6040/5834 7057/6029/5822
f 7059/6031/5824 7071/6042/5836 7070/6041/5835 7058/6030/5823
f 7060/6032/5825 7072/6043/5837 7071/6042/5836 7059/6031/5824
f 7061/6033/5826 7073/6044/5838 7072/6043/5837 7060/6032/5825
f 7062/6034/5827 7074/6045/5839 7073/6044/5838 7061/6033/5826
f 7063/6035/5828 7075/6046/5840 7074/6045/5839 7062/6034/5827
f 7064/6036/5829 7076/6047/5841 7075/6046/5840 7063/6035/5828
f 7065/6037/5830 7077/6048/5842 7076/6047/5841 7064/6036/5829
f 7066/6038/5831 7078/6049/5843 7077/6048/5842 7065/6037/5830
f 7068/6039/5832 7080/6050/5844 7079/96/5845 7067/97/5833
f 7069/6040/5834 7081/6051/5846 7080/6050/5844 7068/6039/5832
f 7070/6041/5835 7082/6052/5847 7081/6051/5846 7069/6040/5834
f 7071/6042/5836 7083/6053/5848 7082/6052/5847 7070/6041/5835
f 7072/6043/5837 7084/6054/5849 7083/6053/5848 7071/6042/5836
f 7073/6044/5838 7085/6055/5850 7084/6054/5849 7072/6043/5837
f 7074/6045/5839 7086/6056/5851 7085/6055/5850 7073/6044/5838
f 7075/6046/5840 7087/6057/5852 7086/6056/5851 7074/6045/5839
f 7076/6047/5841 7088/6058/5853 7087/6057/5852 7075/6046/5840
f 7077/6048/5842 7089/6059/5854 7088/6058/5853 7076/6047/5841
f 7078/6049/5843 7090/6060/5855 7089/6059/5854 7077/6048/5842
f 7080/6050/5844 7092/6061/5856 7091/95/5857 7079/96/5845
f 7081/6051/5846 7093/6062/5858 7092/6061/5856 7080/6050/5844
f 7082/6052/5847 7094/6063/5859 7093/6062/5858 7081/6051/5846
f 7083/6053/5848 7095/6064/5860 7094/6063/5859 7082/6052/5847
f 7084/6054/5849 7096/6065/5861 7095/6064/5860 7083/6053/5848
f 7085/6055/5850 7097/6066/5862 7096/6065/5861 7084/6054/5849
f 7086/6056/5851 7098/6067/5863 7097/6066/5862 7085/6055/5850
f 7087/6057/5852 7099/6068/5864 7098/6067/5863 7086/6056/5851
f 7088/6058/5853 7100/6069/5865 7099/6068/5864 7087/6057/5852
f 7089/6059/5854 7101/6070/5866 7100/6069/5865 7088/6058/5853
f 7090/6060/5855 7102/6071/5867 7101/6070/5866 7089/6059/5854
f 7092/6061/5856 7104/6072/5868 7103/88/5869 7091/95/5857
f 7093/6062/5858 7105/6073/5870 7104/6072/5868 7092/6061/5856
f 7094/6063/5859 7106/6074/5871 7105/6073/5870 7093/6062/5858
f 7095/6064/5860 7107/6075/5872 7106/6074/5871 7094/6063/5859
f 7096/6065/5861 7108/6076/5873 7107/6075/5872 7095/6064/5860
f 7097/6066/5862 7109/6077/5874 7108/6076/5873 7096/6065/5861
f 7098/6067/5863 7110/6078/5875 7109/6077/5874 7097/6066/5862
f 7099/6068/5864 7111/6079/5876 7110/6078/5875 7098/6067/5863
f 7100/6069/5865 7112/6080/5877 7111/6079/5876 7099/6068/5864
f 7101/6070/5866 7113/6081/5878 7112/6080/5877 7100/6069/5865
f 7102/6071/5867 7114/6082/5879 7113/6081/5878 7101/6070/5866
f 7104/6072/5868 7116/6083/5880 7115/78/5881 7103/88/5869
f 7105/6073/5870 7117/6084/5882 7116/6083/5880 7104/6072/5868
f 7106/6074/5871 7118/6085/5883 7117/6084/5882 7105/6073/5870
f 7107/6075/5872 7119/6086/5884 7118/6085/5883 7106/6074/5871
f 7108/6076/5873 7120/6087/5885 7119/6086/5884 7107/6075/5872
f 7109/6077/5874 7121/6088/5886 7120/6087/5885 7108/6076/5873
f 7110/6078/5875 7122/6089/5887 7121/6088/5886 7109/6077/5874
f 7111/6079/5876 7123/6090/5888 7122/6089/5887 7110/6078/5875
f 7112/6080/5877 7124/6091/5889 7123/6090/5888 7111/6079/5876
f 7113/6081/5878 7125/6092/5890 7124/6091/5889 7112/6080/5877
f 7114/6082/5879 7126/6093/5891 7125/6092/5890 7113/6081/5878
f 7116/6083/5880 7128/6094/5892 7127/70/5893 7115/78/5881
f 7117/6084/5882 7129/6095/5894 7128/6094/5892 7116/6083/5880
f 7118/6085/5883 7130/6096/5895 7129/6095/5894 7117/6084/5882
f 7119/6086/5884 7131/6097/5896 7130/6096/5895 7118/6085/5883
f 7120/6087/5885 7132/6098/5897 7131/6097/5896 7119/6086/5884
f 7121/6088/5886 7133/6099/5898 7132/6098/5897 7120/6087/5885
f 7122/6089/5887 7134/6100/5899 7133/6099/5898 7121/6088/5886
f 7123/6090/5888 7135/6101/5900 7134/6100/5899 7122/6089/5887
f 7124/6091/5889 7136/6102/5901 7135/6101/5900 7123/6090/5888
f 7125/6092/5890 7137/6103/5902 7136/6102/5901 7124/6091/5889
f 7126/6093/5891 7138/6104/5903 7137/6103/5902 7125/6092/5890
f 7128/6094/5892 7140/6105/5904 7139/67/5905 7127/70/5893
f 7129/6095/5894 7141/6106/5906 7140/6105/5904 7128/6094/5892
f 7130/6096/5895 7142/6107/5907 7141/6106/5906 7129/6095/5894
f 7131/6097/5896 7143/6108/5908 7142/6107/5907 7130/6096/5895
f 7132/6098/5897 7144/6109/5909 7143/6108/5908 7131/6097/5896
f 7133/6099/5898 7145/6110/5910 7144/6109/5909 7132/6098/5897
f 7134/6100/5899 7146/6111/5911 7145/6110/5910 7133/6099/5898
f 7135/6101/5900 7147/6112/5912 7146/6111/5911 7134/6100/5899
f 7136/6102/5901 7148/6113/5913 7147/6112/5912 7135/6101/5900
f 7137/6103/5902 7149/6114/5914 7148/6113/5913 7136/6102/5901
f 7138/6104/5903 7150/6115/5915 7149/6114/5914 7137/6103/5902
f 7140/6105/5904 7152/6116/755 7151/63/4682 7139/67/5905
f 7141/6106/5906 7153/6117/756 7152/6116/755 7140/6105/5904
f 7142/6107/5907 7154/6118/3491 7153/6117/756 7141/6106/5906
f 7143/6108/5908 7155/6119/758 7154/6118/3491 7142/6107/5907
f 7144/6109/5909 7156/6120/3492 7155/6119/758 7143/6108/5908
f 7145/6110/5910 7157/6121/3493 7156/6120/3492 7144/6109/5909
f 7146/6111/5911 7158/6122/761 7157/6121/3493 7145/6110/5910
f 7147/6112/5912 7159/6123/762 7158/6122/761 7146/6111/5911
f 7148/6113/5913 7160/6124/763 7159/6123/762 7147/6112/5912
f 7149/6114/5914 7161/6125/764 7160/6124/763 7148/6113/5913
f 7150/6115/5915 7162/6126/765 7161/6125/764 7149/6114/5914
f 7152/6116/755 7164/6127/766 7163/62/767 7151/63/4682
f 7153/6117/756 7165/6128/768 7164/6127/766 7152/6116/755
f 7154/6118/3491 7166/6129/769 7165/6128/768 7153/6117/756
f 7155/6119/758 7167/6130/770 7166/6129/769 7154/6118/3491
f 7156/6120/3492 7168/6131/771 7167/6130/770 7155/6119/758
f 7157/6121/3493 7169/6132/772 7168/6131/771 7156/6120/3492
f 7158/6122/761 7170/6133/773 7169/6132/772 7157/6121/3493
f 7159/6123/762 7171/6134/774 7170/6133/773 7158/6122/761
f 7160/6124/763 7172/6135/775 7171/6134/774 7159/6123/762
f 7161/6125/764 7173/6136/776 7172/6135/775 7160/6124/763
f 7162/6126/765 7174/6137/5297 7173/6136/776 7161/6125/764
f 7164/6127/766 7176/6138/778 7175/61/779 7163/62/767
f 7165/6128/768 7177/6139/780 7176/6138/778 7164/6127/766
f 7166/6129/769 7178/6140/781 7177/6139/780 7165/6128/768
f 7167/6130/770 7179/6141/782 7178/6140/781 7166/6129/769
f 7168/6131/771 7180/6142/783 7179/6141/782 7167/6130/770
f 7169/6132/772 7181/6143/784 7180/6142/783 7168/6131/771
f 7170/6133/773 7182/6144/785 7181/6143/784 7169/6132/772
f 7171/6134/774 7183/6145/786 7182/6144/785 7170/6133/773
f 7172/6135/775 7184/6146/787 7183/6145/786 7171/6134/774
f 7173/6136/776 7185/6147/788 7184/6146/787 7172/6135/775
f 7174/6137/5297 7186/6148/5916 7185/6147/788 7173/6136/776
f 7176/6138/778 7188/6149/3490 7187/58/2880 7175/61/779
f 7177/6139/780 7189/6150/2881 7188/6149/3490 7176/6138/778
f 7178/6140/781 7190/6151/2882 7189/6150/2881 7177/6139/780
f 7179/6141/782 7191/6152/2883 7190/6151/2882 7178/6140/781
f 7180/6142/783 7192/6153/2884 7191/6152/2883 7179/6141/782
f 7181/6143/784 7193/6154/2885 7192/6153/2884 7180/6142/783
f 7182/6144/785 7194/6155/2886 7193/6154/2885 7181/6143/784
f 7183/6145/786 7195/6156/2887 7194/6155/2886 7182/6144/785
f 7184/6146/787 7196/6157/2888 7195/6156/2887 7183/6145/786
f 7185/6147/788 7197/6158/2889 7196/6157/2888 7184/6146/787
f 7186/6148/5916 7198/6159/2890 7197/6158/2889 7185/6147/788
f 7188/6149/3490 7200/6160/5917 7199/59/4092 7187/58/2880
f 7189/6150/2881 7201/6161/4074 7200/6160/5917 7188/6149/3490
f 7190/6151/2882 7202/6162/4076 7201/6161/4074 7189/6150/2881
f 7191/6152/2883 7203/6163/4078 7202/6162/4076 7190/6151/2882
f 7192/6153/2884 7204/6164/4080 7203/6163/4078 7191/6152/2883
f 7193/6154/2885 7205/6165/4082 7204/6164/4080 7192/6153/2884
f 7194/6155/2886 7206/6166/4084 7205/6165/4082 7193/6154/2885
f 7195/6156/2887 7207/6167/4086 7206/6166/4084 7194/6155/2886
f 7196/6157/2888 7208/6168/4088 7207/6167/4086 7195/6156/2887
f 7197/6158/2889 7209/6169/5918 7208/6168/4088 7196/6157/2888
f 7198/6159/2890 7210/6170/4092 7209/6169/5918 7197/6158/2889
f 7200/6160/5917 6528/1279/5324 6527/4/5327 7199/59/4092
f 7201/6161/4074 6529/1280/5328 6528/1279/5324 7200/6160/5917
f 7202/6162/4076 6530/1281/5330 6529/1280/5328 7201/6161/4074
f 7203/6163/4078 6531/1282/5332 6530/1281/5330 7202/6162/4076
f 7204/6164/4080 6532/1283/5334 6531/1282/5332 7203/6163/4078
f 7205/6165/4082 6533/1284/5336 6532/1283/5334 7204/6164/4080
f 7206/6166/4084 6534/1285/5338 6533/1284/5336 7205/6165/4082
f 7207/6167/4086 6535/1286/5340 6534/1285/5338 7206/6166/4084
f 7208/6168/4088 6536/1287/5342 6535/1286/5340 7207/6167/4086
f 7209/6169/5918 6537/1288/5344 6536/1287/5342 7208/6168/4088
f 7210/6170/4092 6538/1289/5327 6537/1288/5344 7209/6169/5918
