# Blender 4.5.3 LTS
# www.blender.org
mtllib GAMEOVER.mtl
o テキスト.001
v -4.204954 1.300077 -0.023595
v -4.260261 1.291706 -0.022202
v -4.311011 1.278055 -0.020870
v -4.357015 1.259377 -0.019605
v -4.398119 1.235914 -0.018414
v -4.434202 1.207893 -0.017303
v -4.465162 1.175493 -0.016273
v -4.490905 1.138841 -0.015330
v -4.511301 1.098007 -0.014478
v -4.526176 1.053040 -0.013718
v -4.535299 1.003991 -0.013060
v -4.538407 0.950799 -0.012508
v -4.536920 0.915140 -0.012223
v -4.532507 0.881070 -0.012023
v -4.525259 0.848815 -0.011905
v -4.515246 0.818399 -0.011871
v -4.502530 0.789841 -0.011917
v -4.487159 0.763158 -0.012043
v -4.469164 0.738367 -0.012250
v -4.448569 0.715497 -0.012536
v -4.425387 0.694594 -0.012900
v -4.399631 0.675713 -0.013345
v -4.371319 0.658927 -0.013869
v -4.310486 0.630108 -0.015060
v -4.363694 0.589963 -0.013431
v -4.388755 0.568175 -0.012637
v -4.412581 0.544599 -0.011858
v -4.435424 0.519201 -0.011085
v -4.457521 0.491952 -0.010313
v -4.479111 0.462832 -0.009537
v -4.500420 0.431829 -0.008751
v -4.521675 0.398936 -0.007949
v -4.543110 0.364156 -0.007125
v -4.564957 0.327494 -0.006274
v -4.587444 0.288956 -0.005392
v -4.610841 0.248500 -0.004471
v -4.623819 0.226418 -0.003963
v -4.636159 0.205818 -0.003484
v -4.648127 0.186258 -0.003023
v -4.659984 0.167304 -0.002570
v -4.671988 0.148522 -0.002115
v -4.684404 0.129475 -0.001648
v -4.697495 0.109725 -0.001159
v -4.711522 0.088825 -0.000636
v -4.726757 0.066335 -0.000071
v -4.743470 0.041801 0.000548
v -4.761928 0.014775 0.001230
v -4.761333 0.015644 0.001209
v -4.592360 0.015644 -0.002819
v -4.432410 0.279063 -0.008999
v -4.392661 0.342597 -0.010518
v -4.356132 0.397026 -0.011877
v -4.322476 0.443002 -0.013093
v -4.291274 0.481275 -0.014181
v -4.262087 0.512577 -0.015157
v -4.234474 0.537615 -0.016041
v -4.208018 0.557031 -0.016845
v -4.182372 0.571411 -0.017586
v -4.157318 0.581322 -0.018272
v -4.132754 0.587405 -0.018913
v -4.108583 0.590426 -0.019516
v -4.084820 0.591233 -0.020089
v -3.990817 0.591233 -0.022330
v -3.990694 0.015644 -0.017161
v -3.847379 0.015644 -0.020577
v -3.847655 1.302940 -0.032138
v -4.144897 1.302940 -0.025053
v -4.125382 0.723461 -0.020311
v -4.172118 0.725655 -0.019217
v -4.214042 0.732120 -0.018276
v -4.251037 0.742599 -0.017488
v -4.283310 0.756851 -0.016847
v -4.311001 0.774603 -0.016346
v -4.334197 0.795503 -0.015981
v -4.352988 0.819082 -0.015744
v -4.367542 0.844801 -0.015629
v -4.378125 0.872114 -0.015622
v -4.385080 0.900530 -0.015711
v -4.388790 0.929631 -0.015885
v -4.389625 0.959113 -0.016130
v -4.387604 0.991250 -0.016467
v -4.382342 1.021599 -0.016865
v -4.373588 1.049986 -0.017329
v -4.361129 1.076166 -0.017861
v -4.344831 1.099812 -0.018462
v -4.324681 1.120600 -0.019128
v -4.300752 1.138290 -0.019858
v -4.273130 1.152770 -0.020647
v -4.241836 1.164017 -0.021494
v -4.206813 1.172051 -0.022401
v -4.167952 1.176884 -0.023371
v -4.125398 1.178488 -0.024399
v -3.990943 1.178488 -0.027604
v -3.990846 0.723461 -0.023518
v -3.068580 1.170709 -0.049521
v -3.068486 0.731241 -0.045575
v -3.581113 0.731241 -0.033355
v -3.581085 0.599010 -0.032167
v -3.068458 0.599010 -0.044387
v -3.068361 0.147873 -0.040336
v -3.615898 0.147873 -0.027284
v -3.615870 0.015644 -0.026096
v -2.925018 0.015644 -0.042564
v -2.925293 1.302940 -0.054125
v -3.599609 1.302940 -0.038051
v -3.599581 1.170709 -0.036864
v -2.213205 0.003977 -0.059428
v -1.687212 1.302940 -0.083638
v -1.827283 1.302940 -0.080299
v -2.215902 0.341419 -0.062395
v -2.603037 1.302940 -0.061807
v -2.741470 1.302940 -0.058507
v -2.225627 0.003977 -0.059132
v -1.000220 1.314212 -0.100116
v -1.091299 1.296243 -0.097783
v -1.175271 1.267403 -0.095522
v -1.251826 1.228572 -0.093348
v -1.320662 1.180612 -0.091277
v -1.381461 1.124367 -0.089322
v -1.433896 1.060668 -0.087500
v -1.477621 0.990340 -0.085825
v -1.512278 0.914209 -0.084315
v -1.537498 0.833102 -0.082985
v -1.552905 0.747852 -0.081852
v -1.558115 0.659293 -0.080932
v -1.553005 0.573177 -0.080280
v -1.537910 0.489502 -0.079888
v -1.513123 0.409234 -0.079758
v -1.478930 0.333340 -0.079891
v -1.435618 0.262773 -0.080289
v -1.383462 0.198486 -0.080954
v -1.322724 0.141426 -0.081890
v -1.253653 0.092540 -0.083098
v -1.176471 0.052783 -0.084580
v -1.091392 0.023134 -0.086342
v -0.998625 0.004592 -0.088386
v -0.898405 -0.001820 -0.090718
v -0.801481 0.004549 -0.093085
v -0.711266 0.022978 -0.095401
v -0.628056 0.052474 -0.097650
v -0.552152 0.092065 -0.099815
v -0.483867 0.140799 -0.101881
v -0.423524 0.197741 -0.103831
v -0.371466 0.261956 -0.105649
v -0.328048 0.332509 -0.107317
v -0.293636 0.408464 -0.108820
v -0.268598 0.488875 -0.110140
v -0.253308 0.572798 -0.111258
v -0.248139 0.659287 -0.112159
v -0.253484 0.747393 -0.112823
v -0.269183 0.832348 -0.113212
v -0.294797 0.913302 -0.113329
v -0.329891 0.989404 -0.113176
v -0.374038 1.059796 -0.112757
v -0.426813 1.123624 -0.112072
v -0.487807 1.180035 -0.111125
v -0.556617 1.228166 -0.109917
v -0.632852 1.267156 -0.108450
v -0.716138 1.296125 -0.106725
v -0.806096 1.314179 -0.104743
v -0.902361 1.320404 -0.102504
v -0.973025 0.138787 -0.090203
v -1.040449 0.152154 -0.088715
v -1.103855 0.173846 -0.087398
v -1.162727 0.203377 -0.086260
v -1.216547 0.240240 -0.085309
v -1.264800 0.283921 -0.084551
v -1.306976 0.333900 -0.083995
v -1.342570 0.389643 -0.083647
v -1.371085 0.450607 -0.083515
v -1.392035 0.516237 -0.083605
v -1.404946 0.585986 -0.083924
v -1.409359 0.659289 -0.084478
v -1.404980 0.732997 -0.085245
v -1.392100 0.803008 -0.086181
v -1.371178 0.868790 -0.087270
v -1.342686 0.929806 -0.088498
v -1.307108 0.985520 -0.089847
v -1.264945 1.035410 -0.091300
v -1.216700 1.078957 -0.092842
v -1.162889 1.115658 -0.094454
v -1.104028 1.145023 -0.096121
v -1.040635 1.166572 -0.097826
v -0.973229 1.179836 -0.099552
v -0.902316 1.184356 -0.101283
v -0.831819 1.179834 -0.102923
v -0.764750 1.166569 -0.104402
v -0.701631 1.145014 -0.105714
v -0.642988 1.115645 -0.106847
v -0.589346 1.078939 -0.107796
v -0.541224 1.035392 -0.108552
v -0.499139 0.985505 -0.109107
v -0.463609 0.929793 -0.109453
v -0.435133 0.868783 -0.109583
v -0.414205 0.803004 -0.109491
v -0.401304 0.732995 -0.109170
v -0.396893 0.659289 -0.108613
v -0.401273 0.585986 -0.107849
v -0.414146 0.516243 -0.106916
v -0.435047 0.450614 -0.105828
v -0.463493 0.389655 -0.104602
v -0.498993 0.333917 -0.103255
v -0.541044 0.283939 -0.101803
v -0.589139 0.240257 -0.100265
v -0.642760 0.203393 -0.098656
v -0.701389 0.173858 -0.096992
v -0.764502 0.152157 -0.095293
v -0.831578 0.138787 -0.093574
v -0.902091 0.134226 -0.091852
v 0.472039 1.170709 -0.133921
v 0.472133 0.731241 -0.129975
v -0.040495 0.731241 -0.117755
v -0.040466 0.599010 -0.116567
v 0.472161 0.599010 -0.128787
v 0.472258 0.147873 -0.124736
v -0.075280 0.147873 -0.111684
v -0.075251 0.015644 -0.110496
v 0.615601 0.015644 -0.126964
v 0.615325 1.302940 -0.138525
v -0.058991 1.302940 -0.122451
v -0.058962 1.170709 -0.121264
v 1.065758 0.015644 -0.137695
v 1.065536 1.048203 -0.146969
v 1.096447 1.048203 -0.147705
v 1.482406 0.534840 -0.152292
v 1.494079 0.534840 -0.152571
v 1.879817 1.048203 -0.166379
v 1.910728 1.048203 -0.167116
v 1.910949 0.015644 -0.157842
v 2.054264 0.015644 -0.161259
v 2.053989 1.302940 -0.172820
v 1.912107 1.302940 -0.169438
v 1.488229 0.746990 -0.154337
v 1.062236 1.302940 -0.149179
v 0.922167 1.302940 -0.145840
v 0.922442 0.015644 -0.134279
v 2.378653 0.015644 -0.168991
v 2.545770 0.406499 -0.176487
v 3.102584 0.406499 -0.189760
v 3.260682 0.015644 -0.190017
v 3.404469 0.015644 -0.193444
v 2.881536 1.310717 -0.192617
v 2.778827 1.310717 -0.190168
v 2.235044 0.015644 -0.165568
v 2.602792 0.538730 -0.179035
v 2.833718 1.087792 -0.189473
v 3.048078 0.538730 -0.189649
v 3.603504 0.087122 -0.198832
v 3.643123 0.070742 -0.199629
v 3.681869 0.056202 -0.200421
v 3.719990 0.043438 -0.201216
v 3.757739 0.032388 -0.202017
v 3.795372 0.022990 -0.202829
v 3.833144 0.015185 -0.203659
v 3.871316 0.008917 -0.204513
v 3.910145 0.004131 -0.205395
v 3.949888 0.000772 -0.206313
v 3.990798 -0.001206 -0.207270
v 4.032715 -0.001850 -0.208263
v 4.124732 0.003853 -0.210509
v 4.211466 0.020448 -0.212725
v 4.292730 0.047326 -0.214904
v 4.367938 0.083852 -0.217025
v 4.436512 0.129407 -0.219068
v 4.497870 0.183380 -0.221016
v 4.551433 0.245174 -0.222849
v 4.596617 0.314208 -0.224546
v 4.632832 0.389912 -0.226090
v 4.659472 0.471731 -0.227459
v 4.675920 0.559116 -0.228637
v 4.681534 0.651502 -0.229600
v 4.675740 0.744596 -0.230299
v 4.658868 0.833093 -0.230692
v 4.631602 0.916361 -0.230790
v 4.594616 0.993755 -0.230604
v 4.548568 1.064614 -0.230143
v 4.494115 1.128267 -0.229417
v 4.431910 1.184039 -0.228435
v 4.362607 1.231241 -0.227207
v 4.286850 1.269181 -0.225742
v 4.205289 1.297160 -0.224050
v 4.118566 1.314473 -0.222137
v 4.026893 1.320432 -0.220006
v 3.991981 1.319899 -0.219169
v 3.958082 1.318203 -0.218346
v 3.925139 1.315227 -0.217534
v 3.892642 1.310853 -0.216720
v 3.860080 1.304951 -0.215891
v 3.826931 1.297383 -0.215032
v 3.792690 1.288011 -0.214132
v 3.756860 1.276690 -0.213176
v 3.718950 1.263282 -0.212152
v 3.678482 1.247647 -0.211047
v 3.634983 1.229656 -0.209848
v 3.599239 1.214079 -0.208856
v 3.599270 1.066805 -0.207534
v 3.609497 1.072504 -0.207829
v 3.647180 1.091643 -0.208899
v 3.685069 1.109036 -0.209959
v 3.723140 1.124667 -0.211006
v 3.761364 1.138518 -0.212042
v 3.799718 1.150576 -0.213064
v 3.838176 1.160823 -0.214073
v 3.876706 1.169243 -0.215068
v 3.915286 1.175818 -0.216046
v 3.953886 1.180534 -0.217008
v 3.992476 1.183376 -0.217954
v 4.031400 1.184337 -0.218890
v 4.100012 1.179712 -0.220485
v 4.165936 1.166111 -0.221934
v 4.228223 1.144086 -0.223221
v 4.286303 1.114178 -0.224337
v 4.339615 1.076928 -0.225272
v 4.387601 1.032887 -0.226021
v 4.429706 0.982605 -0.226573
v 4.465375 0.926642 -0.226920
v 4.494059 0.865558 -0.227055
v 4.515213 0.799925 -0.226969
v 4.528298 0.730325 -0.226656
v 4.532783 0.657364 -0.226107
v 4.528354 0.582851 -0.225332
v 4.515297 0.512371 -0.224388
v 4.494012 0.446394 -0.223287
v 4.464920 0.385423 -0.222046
v 4.428465 0.329954 -0.220678
v 4.385122 0.280479 -0.219201
v 4.335367 0.237462 -0.217628
v 4.279690 0.201350 -0.215977
v 4.218577 0.172571 -0.214261
v 4.152508 0.151527 -0.212497
v 4.081955 0.138619 -0.210699
v 4.007706 0.134251 -0.208890
v 3.982532 0.134747 -0.208294
v 3.958078 0.136173 -0.207724
v 3.933988 0.138471 -0.207171
v 3.910240 0.141575 -0.206633
v 3.886812 0.145422 -0.206109
v 3.863685 0.149946 -0.205598
v 3.840833 0.155082 -0.205100
v 3.818232 0.160763 -0.204612
v 3.795858 0.166930 -0.204134
v 3.773688 0.173514 -0.203664
v 3.751691 0.180453 -0.203203
v 3.717050 0.191918 -0.202480
v 3.716984 0.497894 -0.205228
v 3.957680 0.497894 -0.210966
v 3.957652 0.630124 -0.212152
v 3.573641 0.630124 -0.202998
v 3.573754 0.100469 -0.198243
v -4.199612 1.307679 0.200509
v -4.254919 1.299309 0.201902
v -4.305669 1.285658 0.203234
v -4.351672 1.266979 0.204499
v -4.392777 1.243517 0.205690
v -4.428859 1.215497 0.206801
v -4.459820 1.183098 0.207831
v -4.485562 1.146443 0.208774
v -4.505959 1.105609 0.209626
v -4.520834 1.060642 0.210386
v -4.529957 1.011595 0.211043
v -4.533065 0.958401 0.211595
v -4.531578 0.922742 0.211880
v -4.527165 0.888675 0.212081
v -4.519917 0.856417 0.212199
v -4.509904 0.826002 0.212233
v -4.497188 0.797445 0.212187
v -4.481817 0.770760 0.212060
v -4.463822 0.745969 0.211854
v -4.443226 0.723100 0.211568
v -4.420045 0.702196 0.211204
v -4.394289 0.683316 0.210759
v -4.365977 0.666532 0.210235
v -4.305144 0.637713 0.209044
v -4.358352 0.597565 0.210673
v -4.383413 0.575777 0.211466
v -4.407239 0.552202 0.212246
v -4.430082 0.526804 0.213019
v -4.452179 0.499556 0.213791
v -4.473769 0.470436 0.214567
v -4.495078 0.439431 0.215353
v -4.516333 0.406540 0.216155
v -4.537768 0.371760 0.216979
v -4.559615 0.335098 0.217830
v -4.582102 0.296561 0.218711
v -4.605499 0.256102 0.219633
v -4.618477 0.234022 0.220141
v -4.630817 0.213420 0.220620
v -4.642785 0.193861 0.221081
v -4.654642 0.174908 0.221534
v -4.666646 0.156125 0.221989
v -4.679062 0.137077 0.222456
v -4.692153 0.117327 0.222945
v -4.706180 0.096430 0.223468
v -4.721415 0.073937 0.224032
v -4.738128 0.049403 0.224652
v -4.756586 0.022377 0.225334
v -4.755991 0.023247 0.225312
v -4.587018 0.023247 0.221284
v -4.427068 0.286667 0.215105
v -4.387319 0.350200 0.213586
v -4.350789 0.404628 0.212227
v -4.317134 0.450605 0.211011
v -4.285932 0.488877 0.209923
v -4.256745 0.520182 0.208946
v -4.229132 0.545218 0.208063
v -4.202676 0.564635 0.207258
v -4.177030 0.579013 0.206517
v -4.151976 0.588926 0.205831
v -4.127412 0.595008 0.205191
v -4.103241 0.598028 0.204588
v -4.079478 0.598835 0.204014
v -3.985475 0.598835 0.201774
v -3.985352 0.023247 0.206942
v -3.842037 0.023247 0.203526
v -3.842313 1.310542 0.191966
v -4.139555 1.310542 0.199051
v -4.120040 0.731066 0.203793
v -4.166776 0.733258 0.204887
v -4.208700 0.739724 0.205828
v -4.245694 0.750203 0.206616
v -4.277968 0.764455 0.207257
v -4.305659 0.782208 0.207758
v -4.328855 0.803105 0.208123
v -4.347646 0.826684 0.208360
v -4.362199 0.852405 0.208475
v -4.372783 0.879718 0.208482
v -4.379738 0.908135 0.208393
v -4.383448 0.937234 0.208219
v -4.384283 0.966716 0.207974
v -4.382262 0.998854 0.207637
v -4.377000 1.029202 0.207239
v -4.368245 1.057591 0.206775
v -4.355787 1.083768 0.206243
v -4.339489 1.107416 0.205642
v -4.319339 1.128204 0.204975
v -4.295410 1.145895 0.204246
v -4.267788 1.160372 0.203457
v -4.236494 1.171621 0.202610
v -4.201471 1.179655 0.201703
v -4.162609 1.184486 0.200733
v -4.120056 1.186091 0.199705
v -3.985601 1.186091 0.196499
v -3.985504 0.731066 0.200586
v -3.063238 1.178313 0.174583
v -3.063144 0.738843 0.178529
v -3.575771 0.738843 0.190749
v -3.575743 0.606613 0.191937
v -3.063116 0.606613 0.179717
v -3.063019 0.155477 0.183768
v -3.610556 0.155477 0.196820
v -3.610528 0.023247 0.198007
v -2.919676 0.023247 0.181539
v -2.919951 1.310542 0.169979
v -3.594267 1.310542 0.186053
v -3.594239 1.178313 0.187240
v -2.207863 0.011580 0.164676
v -1.681870 1.310542 0.140466
v -1.821941 1.310542 0.143805
v -2.210560 0.349021 0.161709
v -2.597694 1.310542 0.162297
v -2.736128 1.310542 0.165597
v -2.220285 0.011580 0.164972
v -0.994878 1.321814 0.123988
v -1.085957 1.303848 0.126321
v -1.169929 1.275006 0.128582
v -1.246484 1.236175 0.130755
v -1.315320 1.188215 0.132827
v -1.376119 1.131970 0.134782
v -1.428554 1.068270 0.136604
v -1.472279 0.997942 0.138279
v -1.506936 0.921811 0.139789
v -1.532156 0.840705 0.141119
v -1.547563 0.755454 0.142252
v -1.552773 0.666895 0.143172
v -1.547663 0.580779 0.143824
v -1.532568 0.497104 0.144216
v -1.507781 0.416838 0.144346
v -1.473588 0.340942 0.144213
v -1.430276 0.270375 0.143814
v -1.378120 0.206090 0.143149
v -1.317382 0.149030 0.142214
v -1.248311 0.100142 0.141006
v -1.171129 0.060388 0.139524
v -1.086050 0.030738 0.137762
v -0.993283 0.012194 0.135718
v -0.893063 0.005782 0.133386
v -0.796139 0.012151 0.131019
v -0.705924 0.030581 0.128703
v -0.622714 0.060076 0.126454
v -0.546810 0.099668 0.124289
v -0.478525 0.148404 0.122223
v -0.418182 0.205345 0.120273
v -0.366124 0.269558 0.118455
v -0.322706 0.340112 0.116787
v -0.288294 0.416066 0.115284
v -0.263255 0.496478 0.113964
v -0.247966 0.580402 0.112845
v -0.242797 0.666890 0.111945
v -0.248142 0.754995 0.111281
v -0.263841 0.839950 0.110892
v -0.289455 0.920907 0.110775
v -0.324549 0.997007 0.110928
v -0.368696 1.067401 0.111347
v -0.421471 1.131229 0.112032
v -0.482465 1.187637 0.112979
v -0.551275 1.235770 0.114187
v -0.627510 1.274759 0.115654
v -0.710796 1.303727 0.117379
v -0.800754 1.321783 0.119361
v -0.897019 1.328009 0.121599
v -0.967683 0.146389 0.133901
v -1.035107 0.159756 0.135389
v -1.098513 0.181451 0.136706
v -1.157385 0.210979 0.137844
v -1.211205 0.247842 0.138795
v -1.259458 0.291525 0.139553
v -1.301634 0.341504 0.140109
v -1.337228 0.397246 0.140457
v -1.365743 0.458209 0.140589
v -1.386693 0.523842 0.140499
v -1.399604 0.593588 0.140180
v -1.404017 0.666891 0.139626
v -1.399637 0.740599 0.138859
v -1.386758 0.810610 0.137923
v -1.365836 0.876393 0.136833
v -1.337344 0.937409 0.135606
v -1.301766 0.993125 0.134257
v -1.259602 1.043012 0.132804
v -1.211358 1.086559 0.131262
v -1.157547 1.123263 0.129650
v -1.098686 1.152628 0.127983
v -1.035293 1.174177 0.126278
v -0.967887 1.187439 0.124552
v -0.896974 1.191960 0.122821
v -0.826477 1.187439 0.121181
v -0.759408 1.174171 0.119702
v -0.696289 1.152616 0.118390
v -0.637646 1.123247 0.117257
v -0.584003 1.086542 0.116307
v -0.535881 1.042995 0.115552
v -0.493797 0.993107 0.114997
v -0.458267 0.937397 0.114651
v -0.429791 0.876385 0.114521
v -0.408863 0.810606 0.114612
v -0.395962 0.740597 0.114934
v -0.391551 0.666891 0.115491
v -0.395930 0.593590 0.116254
v -0.408804 0.523846 0.117188
v -0.429705 0.458217 0.118276
v -0.458151 0.397257 0.119502
v -0.493651 0.341520 0.120849
v -0.535702 0.291543 0.122299
v -0.583797 0.247860 0.123839
v -0.637418 0.210995 0.125448
v -0.696047 0.181460 0.127111
v -0.759160 0.159762 0.128811
v -0.826235 0.146391 0.130530
v -0.896749 0.141828 0.132252
v 0.477381 1.178313 0.090183
v 0.477475 0.738843 0.094129
v -0.035152 0.738843 0.106349
v -0.035124 0.606613 0.107537
v 0.477503 0.606613 0.095317
v 0.477600 0.155477 0.099368
v -0.069938 0.155477 0.112420
v -0.069909 0.023247 0.113607
v 0.620943 0.023247 0.097139
v 0.620668 1.310542 0.085579
v -0.053649 1.310542 0.101653
v -0.053620 1.178313 0.102840
v 1.071100 0.023247 0.086408
v 1.070879 1.055805 0.077135
v 1.101789 1.055805 0.076398
v 1.487748 0.542442 0.071812
v 1.499421 0.542442 0.071533
v 1.885160 1.055805 0.057725
v 1.916070 1.055805 0.056988
v 1.916291 0.023247 0.066261
v 2.059607 0.023247 0.062844
v 2.059331 1.310542 0.051284
v 1.917449 1.310542 0.054666
v 1.493572 0.754595 0.069767
v 1.067578 1.310542 0.074925
v 0.927509 1.310542 0.078264
v 0.927784 0.023247 0.089824
v 2.383995 0.023247 0.055112
v 2.551112 0.414104 0.047617
v 3.107926 0.414104 0.034344
v 3.266024 0.023247 0.034086
v 3.409811 0.023247 0.030659
v 2.886878 1.318321 0.031487
v 2.784169 1.318321 0.033936
v 2.240386 0.023247 0.058535
v 2.608134 0.546332 0.045069
v 2.839060 1.095395 0.034631
v 3.053420 0.546332 0.034455
v 3.608846 0.094724 0.025272
v 3.648465 0.078346 0.024475
v 3.687211 0.063805 0.023682
v 3.725333 0.051041 0.022888
v 3.763081 0.039990 0.022087
v 3.800714 0.030593 0.021275
v 3.838486 0.022788 0.020445
v 3.876658 0.016520 0.019591
v 3.915487 0.011733 0.018709
v 3.955230 0.008375 0.017791
v 3.996140 0.006397 0.016834
v 4.038057 0.005755 0.015840
v 4.130074 0.011455 0.013595
v 4.216809 0.028053 0.011379
v 4.298072 0.054928 0.009200
v 4.373280 0.091455 0.007079
v 4.441854 0.137009 0.005035
v 4.503212 0.190982 0.003088
v 4.556775 0.252778 0.001255
v 4.601959 0.321811 -0.000442
v 4.638174 0.397516 -0.001986
v 4.664814 0.479334 -0.003356
v 4.681262 0.566718 -0.004533
v 4.686876 0.659106 -0.005496
v 4.681082 0.752198 -0.006195
v 4.664210 0.840695 -0.006588
v 4.636945 0.923964 -0.006686
v 4.599958 1.001357 -0.006500
v 4.553910 1.072216 -0.006039
v 4.499457 1.135871 -0.005313
v 4.437252 1.191642 -0.004332
v 4.367949 1.238843 -0.003104
v 4.292192 1.276783 -0.001639
v 4.210631 1.304762 0.000054
v 4.123908 1.322075 0.001966
v 4.032235 1.328036 0.004098
v 3.997324 1.327503 0.004935
v 3.963424 1.325805 0.005758
v 3.930481 1.322832 0.006570
v 3.897985 1.318458 0.007384
v 3.865422 1.312555 0.008213
v 3.832273 1.304988 0.009072
v 3.798032 1.295613 0.009972
v 3.762202 1.284294 0.010928
v 3.724292 1.270885 0.011952
v 3.683824 1.255252 0.013057
v 3.640325 1.237258 0.014256
v 3.604581 1.221682 0.015248
v 3.604613 1.074408 0.016570
v 3.614839 1.080106 0.016275
v 3.652522 1.099246 0.015205
v 3.690411 1.116638 0.014145
v 3.728482 1.132269 0.013098
v 3.766707 1.146120 0.012062
v 3.805060 1.158178 0.011039
v 3.843518 1.168426 0.010030
v 3.882048 1.176845 0.009036
v 3.920628 1.183421 0.008058
v 3.959228 1.188139 0.007096
v 3.997818 1.190980 0.006150
v 4.036742 1.191939 0.005213
v 4.105354 1.187316 0.003619
v 4.171278 1.173714 0.002170
v 4.233565 1.151690 0.000883
v 4.291646 1.121781 -0.000233
v 4.344957 1.084531 -0.001169
v 4.392943 1.040490 -0.001917
v 4.435048 0.990209 -0.002469
v 4.470717 0.934244 -0.002817
v 4.499401 0.873160 -0.002952
v 4.520555 0.807528 -0.002865
v 4.533640 0.737929 -0.002552
v 4.538125 0.664966 -0.002004
v 4.533696 0.590455 -0.001228
v 4.520639 0.519975 -0.000284
v 4.499354 0.453998 0.000816
v 4.470262 0.393025 0.002058
v 4.433807 0.337558 0.003426
v 4.390464 0.288081 0.004903
v 4.340709 0.245065 0.006476
v 4.285033 0.208953 0.008127
v 4.223919 0.180173 0.009843
v 4.157850 0.159132 0.011607
v 4.087297 0.146222 0.013405
v 4.013048 0.141856 0.015214
v 3.987874 0.142351 0.015809
v 3.963420 0.143777 0.016380
v 3.939330 0.146074 0.016933
v 3.915582 0.149178 0.017471
v 3.892154 0.153025 0.017995
v 3.869027 0.157549 0.018506
v 3.846175 0.162685 0.019004
v 3.823574 0.168368 0.019492
v 3.801200 0.174533 0.019970
v 3.779030 0.181116 0.020440
v 3.757033 0.188055 0.020901
v 3.722392 0.199520 0.021624
v 3.722326 0.505496 0.018876
v 3.963022 0.505496 0.013138
v 3.962994 0.637726 0.011951
v 3.578983 0.637726 0.021104
v 3.579096 0.108071 0.025861
v 3.608846 0.094724 0.025272
v 3.594612 0.058159 0.009919
v 3.590033 0.051642 -0.182170
v 3.603504 0.087122 -0.198832
v 3.648465 0.078346 0.024475
v 3.635261 0.041353 0.009100
v 3.630682 0.034838 -0.182988
v 3.643123 0.070742 -0.199629
v 3.687211 0.063805 0.023682
v 3.675151 0.026384 0.008285
v 3.670572 0.019867 -0.183805
v 3.681869 0.056202 -0.200421
v 3.725333 0.051041 0.022888
v 3.714515 0.013204 0.007464
v 3.709936 0.006686 -0.184625
v 3.719990 0.043438 -0.201216
v 3.763081 0.039990 0.022087
v 3.753588 0.001766 0.006636
v 3.749009 -0.004751 -0.185453
v 3.757739 0.032388 -0.202017
v 3.800714 0.030593 0.021275
v 3.792597 -0.007976 0.005793
v 3.788018 -0.014493 -0.186296
v 3.795372 0.022990 -0.202829
v 3.838486 0.022788 0.020445
v 3.831772 -0.016070 0.004933
v 3.827193 -0.022587 -0.187157
v 3.833144 0.015185 -0.203659
v 3.876658 0.016520 0.019591
v 3.871340 -0.022568 0.004047
v 3.866761 -0.029085 -0.188042
v 3.871316 0.008917 -0.204513
v 3.915487 0.011733 0.018709
v 3.911524 -0.027522 0.003135
v 3.906945 -0.034039 -0.188955
v 3.910145 0.004131 -0.205395
v 3.955230 0.008375 0.017791
v 3.952554 -0.030987 0.002188
v 3.947975 -0.037505 -0.189902
v 3.949888 0.000772 -0.206313
v 3.996140 0.006397 0.016834
v 3.994663 -0.033024 0.001202
v 3.990084 -0.039541 -0.190887
v 3.990798 -0.001206 -0.207270
v 4.038057 0.005755 0.015840
v 4.038493 -0.033697 0.000163
v 4.033914 -0.040214 -0.191926
v 4.032715 -0.001850 -0.208263
v 4.130074 0.011455 0.013595
v 4.134059 -0.027774 -0.002168
v 4.129480 -0.034292 -0.194257
v 4.124732 0.003853 -0.210509
v 4.216809 0.028053 0.011379
v 4.225218 -0.010333 -0.004498
v 4.220639 -0.016850 -0.196587
v 4.211466 0.020448 -0.212725
v 4.298072 0.054928 0.009200
v 4.310894 0.018003 -0.006795
v 4.306315 0.011486 -0.198884
v 4.292730 0.047326 -0.214904
v 4.373280 0.091455 0.007079
v 4.390409 0.056622 -0.009038
v 4.385831 0.050105 -0.201126
v 4.367938 0.083852 -0.217025
v 4.441854 0.137009 0.005035
v 4.463084 0.104901 -0.011204
v 4.458505 0.098384 -0.203293
v 4.436512 0.129407 -0.219068
v 4.503212 0.190982 0.003088
v 4.528233 0.162208 -0.013271
v 4.523654 0.155691 -0.205361
v 4.497870 0.183380 -0.221016
v 4.556775 0.252778 0.001255
v 4.585174 0.227900 -0.015219
v 4.580595 0.221382 -0.207309
v 4.551433 0.245174 -0.222849
v 4.601959 0.321811 -0.000442
v 4.633224 0.301312 -0.017025
v 4.628644 0.294797 -0.209113
v 4.596617 0.314208 -0.224546
v 4.638174 0.397516 -0.001986
v 4.671715 0.381776 -0.018665
v 4.667137 0.375259 -0.210754
v 4.632832 0.389912 -0.226090
v 4.664814 0.479334 -0.003356
v 4.699986 0.468602 -0.020119
v 4.695407 0.462085 -0.212208
v 4.659472 0.471731 -0.227459
v 4.681262 0.566718 -0.004533
v 4.717397 0.561097 -0.021365
v 4.712818 0.554582 -0.213454
v 4.675920 0.559116 -0.228637
v 4.686876 0.659106 -0.005496
v 4.723321 0.658585 -0.022382
v 4.718742 0.652068 -0.214471
v 4.681534 0.651502 -0.229600
v 4.681082 0.752198 -0.006195
v 4.717208 0.756794 -0.023119
v 4.712629 0.750277 -0.215208
v 4.675740 0.744596 -0.230299
v 4.664210 0.840695 -0.006588
v 4.699359 0.850404 -0.023535
v 4.694780 0.843887 -0.215624
v 4.658868 0.833093 -0.230692
v 4.636945 0.923964 -0.006686
v 4.670473 0.938626 -0.023639
v 4.665895 0.932111 -0.215727
v 4.631602 0.916361 -0.230790
v 4.599958 1.001357 -0.006500
v 4.631250 1.020695 -0.023441
v 4.626671 1.014178 -0.215530
v 4.594616 0.993755 -0.230604
v 4.553910 1.072216 -0.006039
v 4.582413 1.095846 -0.022953
v 4.577834 1.089329 -0.215041
v 4.548568 1.064614 -0.230143
v 4.499457 1.135871 -0.005313
v 4.524681 1.163334 -0.022182
v 4.520102 1.156817 -0.214272
v 4.494115 1.128267 -0.229417
v 4.437252 1.191642 -0.004332
v 4.458780 1.222421 -0.021143
v 4.454201 1.215904 -0.213231
v 4.431910 1.184039 -0.228435
v 4.367949 1.238843 -0.003104
v 4.385438 1.272372 -0.019843
v 4.380859 1.265855 -0.211932
v 4.362607 1.231241 -0.227207
v 4.292192 1.276783 -0.001639
v 4.305385 1.312464 -0.018295
v 4.300806 1.305946 -0.210384
v 4.286850 1.269181 -0.225742
v 4.210631 1.304762 0.000054
v 4.219349 1.341977 -0.016510
v 4.214770 1.335461 -0.208598
v 4.205289 1.297160 -0.224050
v 4.123908 1.322075 0.001966
v 4.128068 1.360200 -0.014497
v 4.123489 1.353683 -0.206586
v 4.118566 1.314473 -0.222137
v 4.032235 1.328036 0.004098
v 4.032709 1.366400 -0.012280
v 4.028131 1.359883 -0.204369
v 4.026893 1.320432 -0.220006
v 3.997324 1.327503 0.004935
v 3.995800 1.365838 -0.011395
v 3.991222 1.359321 -0.203484
v 3.991981 1.319899 -0.219169
v 3.963424 1.325805 0.005758
v 3.960603 1.364074 -0.010540
v 3.956024 1.357559 -0.202629
v 3.958082 1.318203 -0.218346
v 3.930481 1.322832 0.006570
v 3.926210 1.360970 -0.009692
v 3.921631 1.354453 -0.201781
v 3.925139 1.315227 -0.217534
v 3.897985 1.318458 0.007384
v 3.892173 1.356388 -0.008840
v 3.887594 1.349871 -0.200929
v 3.892642 1.310853 -0.216720
v 3.865422 1.312555 0.008213
v 3.858052 1.350203 -0.007970
v 3.853473 1.343686 -0.200060
v 3.860080 1.304951 -0.215891
v 3.832273 1.304988 0.009072
v 3.823405 1.342294 -0.007073
v 3.818826 1.335776 -0.199163
v 3.826931 1.297383 -0.215032
v 3.798032 1.295613 0.009972
v 3.787784 1.332542 -0.006137
v 3.783206 1.326025 -0.198226
v 3.792690 1.288011 -0.214132
v 3.762202 1.284294 0.010928
v 3.750731 1.320836 -0.005149
v 3.746152 1.314319 -0.197238
v 3.756860 1.276690 -0.213176
v 3.724292 1.270885 0.011952
v 3.711778 1.307059 -0.004096
v 3.707199 1.300542 -0.196185
v 3.718950 1.263282 -0.212152
v 3.683824 1.255252 0.013057
v 3.670444 1.291092 -0.002968
v 3.665865 1.284574 -0.195057
v 3.678482 1.247647 -0.211047
v 3.640325 1.237258 0.014256
v 3.626251 1.272810 -0.001750
v 3.621672 1.266295 -0.193839
v 3.634983 1.229656 -0.209848
v 3.604581 1.221682 0.015248
v 3.567446 1.247185 -0.000118
v 3.562867 1.240667 -0.192207
v 3.599239 1.214079 -0.208856
v 3.604613 1.074408 0.016570
v 3.567497 1.009438 0.002017
v 3.562918 1.002921 -0.190072
v 3.599270 1.066805 -0.207534
v 3.614839 1.080106 0.016275
v 3.630979 1.044813 0.000186
v 3.626400 1.038296 -0.191903
v 3.609497 1.072504 -0.207829
v 3.652522 1.099246 0.015205
v 3.667413 1.063318 -0.000849
v 3.662833 1.056801 -0.192937
v 3.647180 1.091643 -0.208899
v 3.690411 1.116638 0.014145
v 3.703999 1.080112 -0.001871
v 3.699420 1.073595 -0.193961
v 3.685069 1.109036 -0.209959
v 3.728482 1.132269 0.013098
v 3.740709 1.095185 -0.002882
v 3.736130 1.088668 -0.194971
v 3.723140 1.124667 -0.211006
v 3.766707 1.146120 0.012062
v 3.777520 1.108524 -0.003879
v 3.772942 1.102007 -0.195968
v 3.761364 1.138518 -0.212042
v 3.805060 1.158178 0.011039
v 3.814409 1.120122 -0.004863
v 3.809829 1.113604 -0.196952
v 3.799718 1.150576 -0.213064
v 3.843518 1.168426 0.010030
v 3.851348 1.129964 -0.005832
v 3.846769 1.123447 -0.197921
v 3.838176 1.160823 -0.214073
v 3.882048 1.176845 0.009036
v 3.888316 1.138041 -0.006786
v 3.883737 1.131524 -0.198875
v 3.876706 1.169243 -0.215068
v 3.920628 1.183421 0.008058
v 3.925287 1.144343 -0.007724
v 3.920708 1.137828 -0.199813
v 3.915286 1.175818 -0.216046
v 3.959228 1.188139 0.007096
v 3.962239 1.148859 -0.008645
v 3.957660 1.142341 -0.200734
v 3.953886 1.180534 -0.217008
v 3.997818 1.190980 0.006150
v 3.999150 1.151578 -0.009550
v 3.994570 1.145061 -0.201639
v 3.992476 1.183376 -0.217954
v 4.036742 1.191939 0.005213
v 4.035627 1.152476 -0.010427
v 4.031049 1.145959 -0.202516
v 4.031400 1.184337 -0.218890
v 4.105354 1.187316 0.003619
v 4.100279 1.148120 -0.011929
v 4.095701 1.141603 -0.204019
v 4.100012 1.179712 -0.220485
v 4.171278 1.173714 0.002170
v 4.161526 1.135484 -0.013275
v 4.156947 1.128967 -0.205364
v 4.165936 1.166111 -0.221934
v 4.233565 1.151690 0.000883
v 4.219268 1.115065 -0.014468
v 4.214689 1.108548 -0.206558
v 4.228223 1.144086 -0.223221
v 4.291646 1.121781 -0.000233
v 4.273030 1.087380 -0.015502
v 4.268451 1.080863 -0.207590
v 4.286303 1.114178 -0.224337
v 4.344957 1.084531 -0.001169
v 4.322324 1.052939 -0.016366
v 4.317745 1.046422 -0.208456
v 4.339615 1.076928 -0.225272
v 4.392943 1.040490 -0.001917
v 4.366664 1.012243 -0.017058
v 4.362086 1.005725 -0.209147
v 4.387601 1.032887 -0.226021
v 4.435048 0.990209 -0.002469
v 4.405557 0.965796 -0.017568
v 4.400978 0.959279 -0.209657
v 4.429706 0.982605 -0.226573
v 4.470717 0.934244 -0.002817
v 4.438510 0.914094 -0.017889
v 4.433932 0.907577 -0.209978
v 4.465375 0.926642 -0.226920
v 4.499401 0.873160 -0.002952
v 4.465027 0.857627 -0.018014
v 4.460448 0.851110 -0.210102
v 4.494059 0.865558 -0.227055
v 4.520555 0.807528 -0.002865
v 4.484609 0.796876 -0.017934
v 4.480030 0.790358 -0.210023
v 4.515213 0.799925 -0.226969
v 4.533640 0.737929 -0.002552
v 4.496745 0.732314 -0.017644
v 4.492166 0.725799 -0.209733
v 4.528298 0.730325 -0.226656
v 4.538125 0.664966 -0.002004
v 4.500921 0.664390 -0.017133
v 4.496342 0.657873 -0.209222
v 4.532783 0.657364 -0.226107
v 4.533696 0.590455 -0.001228
v 4.496791 0.594903 -0.016410
v 4.492212 0.588386 -0.208499
v 4.528354 0.582851 -0.225332
v 4.520639 0.519975 -0.000284
v 4.484678 0.529511 -0.015534
v 4.480099 0.522994 -0.207622
v 4.515297 0.512371 -0.224388
v 4.499354 0.453998 0.000816
v 4.465019 0.468583 -0.014518
v 4.460440 0.462066 -0.206607
v 4.494012 0.446394 -0.223287
v 4.470262 0.393025 0.002058
v 4.438238 0.412454 -0.013375
v 4.433659 0.405937 -0.205464
v 4.464920 0.385423 -0.222046
v 4.433807 0.337558 0.003426
v 4.404727 0.361462 -0.012117
v 4.400148 0.354945 -0.204207
v 4.428465 0.329954 -0.220678
v 4.390464 0.288081 0.004903
v 4.364861 0.315957 -0.010759
v 4.360282 0.309439 -0.202848
v 4.385122 0.280479 -0.219201
v 4.340709 0.245065 0.006476
v 4.319001 0.276307 -0.009309
v 4.314422 0.269790 -0.201398
v 4.335367 0.237462 -0.217628
v 4.285033 0.208953 0.008127
v 4.267501 0.242906 -0.007781
v 4.262922 0.236389 -0.199870
v 4.279690 0.201350 -0.215977
v 4.223919 0.180173 0.009843
v 4.210715 0.216162 -0.006187
v 4.206136 0.209645 -0.198276
v 4.218577 0.172571 -0.214261
v 4.157850 0.159132 0.011607
v 4.149004 0.196508 -0.004540
v 4.144425 0.189993 -0.196629
v 4.152508 0.151527 -0.212497
v 4.087297 0.146222 0.013405
v 4.082743 0.184386 -0.002851
v 4.078164 0.177868 -0.194940
v 4.081955 0.138619 -0.210699
v 4.013048 0.141856 0.015214
v 4.011981 0.180224 -0.001127
v 4.007401 0.173706 -0.193217
v 4.007706 0.134251 -0.208890
v 3.987874 0.142351 0.015809
v 3.988837 0.180679 -0.000580
v 3.984258 0.174161 -0.192669
v 3.982532 0.134747 -0.208294
v 3.963420 0.143777 0.016380
v 3.965690 0.182028 -0.000040
v 3.961111 0.175511 -0.192129
v 3.958078 0.136173 -0.207724
v 3.939330 0.146074 0.016933
v 3.942843 0.184207 0.000485
v 3.938264 0.177691 -0.191604
v 3.933988 0.138471 -0.207171
v 3.915582 0.149178 0.017471
v 3.920264 0.187159 0.000997
v 3.915684 0.180642 -0.191092
v 3.910240 0.141575 -0.206633
v 3.892154 0.153025 0.017995
v 3.897924 0.190827 0.001496
v 3.893345 0.184312 -0.190593
v 3.886812 0.145422 -0.206109
v 3.869027 0.157549 0.018506
v 3.875795 0.195156 0.001985
v 3.871216 0.188639 -0.190104
v 3.863685 0.149946 -0.205598
v 3.846175 0.162685 0.019004
v 3.853852 0.200088 0.002464
v 3.849273 0.193571 -0.189625
v 3.840833 0.155082 -0.205100
v 3.823574 0.168368 0.019492
v 3.832063 0.205565 0.002934
v 3.827484 0.199048 -0.189155
v 3.818232 0.160763 -0.204612
v 3.801200 0.174533 0.019970
v 3.810406 0.211534 0.003396
v 3.805827 0.205017 -0.188693
v 3.795858 0.166930 -0.204134
v 3.779030 0.181116 0.020440
v 3.788852 0.217934 0.003853
v 3.784273 0.211417 -0.188236
v 3.773688 0.173514 -0.203664
v 3.757033 0.188055 0.020901
v 3.767378 0.224708 0.004304
v 3.762799 0.218191 -0.187785
v 3.751691 0.180453 -0.203203
v 3.722392 0.199520 0.021624
v 3.758751 0.227563 0.004484
v 3.754173 0.221046 -0.187606
v 3.717050 0.191918 -0.202480
v 3.722326 0.505496 0.018876
v 3.758700 0.466062 0.002342
v 3.754122 0.459545 -0.189747
v 3.716984 0.497894 -0.205228
v 3.963022 0.505496 0.013138
v 3.999396 0.466062 -0.003395
v 3.994817 0.459545 -0.195485
v 3.957680 0.497894 -0.210966
v 3.962994 0.637726 0.011951
v 3.999352 0.676075 -0.005282
v 3.994772 0.669558 -0.197371
v 3.957652 0.630124 -0.212152
v 3.578983 0.637726 0.021104
v 3.541846 0.676075 0.005624
v 3.537266 0.669558 -0.186465
v 3.573641 0.630124 -0.202998
v 3.579096 0.108071 0.025861
v 3.541973 0.081775 0.010962
v 3.537394 0.075260 -0.181128
v 3.573754 0.100469 -0.198243
v 2.383995 0.023247 0.055112
v 2.407324 -0.016187 0.038889
v 2.402745 -0.022704 -0.153200
v 2.378653 0.015644 -0.168991
v 2.551112 0.414104 0.047617
v 2.574441 0.374668 0.031393
v 2.569862 0.368151 -0.160696
v 2.545770 0.406499 -0.176487
v 3.107926 0.414104 0.034344
v 3.083306 0.374668 0.019263
v 3.078727 0.368151 -0.172826
v 3.102584 0.406499 -0.189760
v 3.266024 0.023247 0.034086
v 3.241403 -0.016187 0.019007
v 3.236825 -0.022704 -0.173083
v 3.260682 0.015644 -0.190017
v 3.409811 0.023247 0.030659
v 3.465091 -0.016187 0.013674
v 3.460513 -0.022704 -0.178415
v 3.404469 0.015644 -0.193444
v 2.886878 1.318321 0.031487
v 2.910752 1.356668 0.014553
v 2.906173 1.350153 -0.177536
v 2.881536 1.310717 -0.192617
v 2.784169 1.318321 0.033936
v 2.759902 1.356668 0.018149
v 2.755322 1.350153 -0.173940
v 2.778827 1.310717 -0.190168
v 2.240386 0.023247 0.058535
v 2.183458 -0.016187 0.044225
v 2.178879 -0.022704 -0.147864
v 2.235044 0.015644 -0.165568
v 2.608134 0.546332 0.045069
v 2.664338 0.584681 0.027363
v 2.659759 0.578164 -0.164726
v 2.602792 0.538730 -0.179035
v 2.839060 1.095395 0.034631
v 2.837426 0.996227 0.019540
v 2.832847 0.989710 -0.172550
v 2.833718 1.087792 -0.189473
v 3.053420 0.546332 0.034455
v 2.998098 0.584681 0.019407
v 2.993519 0.578164 -0.172682
v 3.048078 0.538730 -0.189649
v 1.071100 0.023247 0.086408
v 1.107474 -0.016187 0.069874
v 1.102895 -0.022704 -0.122215
v 1.065758 0.015644 -0.137695
v 1.070879 1.055805 0.077135
v 1.107253 1.016372 0.060602
v 1.102674 1.009854 -0.131488
v 1.065536 1.048203 -0.146969
v 1.101789 1.055805 0.076398
v 1.083691 1.016372 0.061163
v 1.079113 1.009854 -0.130926
v 1.096447 1.048203 -0.147705
v 1.487748 0.542442 0.071812
v 1.469650 0.503009 0.056575
v 1.465071 0.496491 -0.135514
v 1.482406 0.534840 -0.152292
v 1.499421 0.542442 0.071533
v 1.516772 0.503009 0.055452
v 1.512193 0.496491 -0.136637
v 1.494079 0.534840 -0.152571
v 1.885160 1.055805 0.057725
v 1.902511 1.016372 0.041645
v 1.897932 1.009854 -0.150445
v 1.879817 1.048203 -0.166379
v 1.916070 1.055805 0.056988
v 1.878950 1.016372 0.042206
v 1.874371 1.009854 -0.149883
v 1.910728 1.048203 -0.167116
v 1.916291 0.023247 0.066261
v 1.879171 -0.016187 0.051479
v 1.874592 -0.022704 -0.140610
v 1.910949 0.015644 -0.157842
v 2.059607 0.023247 0.062844
v 2.095981 -0.016187 0.046311
v 2.091402 -0.022704 -0.145779
v 2.054264 0.015644 -0.161259
v 2.059331 1.310542 0.051284
v 2.095688 1.348891 0.034051
v 2.091110 1.342373 -0.158037
v 2.053989 1.302940 -0.172820
v 1.917449 1.310542 0.054666
v 1.899496 1.348891 0.038728
v 1.894917 1.342373 -0.153360
v 1.912107 1.302940 -0.169438
v 1.493572 0.754595 0.069767
v 1.493113 0.815889 0.053205
v 1.488534 0.809371 -0.138884
v 1.488229 0.746990 -0.154337
v 1.067578 1.310542 0.074925
v 1.084704 1.348891 0.058151
v 1.080125 1.342373 -0.133938
v 1.062236 1.302940 -0.149179
v 0.927509 1.310542 0.078264
v 0.890372 1.348891 0.062783
v 0.885793 1.342373 -0.129305
v 0.922167 1.302940 -0.145840
v 0.927784 0.023247 0.089824
v 0.890664 -0.016187 0.075043
v 0.886085 -0.022704 -0.117047
v 0.922442 0.015644 -0.134279
v 0.477381 1.178313 0.090183
v 0.440260 1.138878 0.075400
v 0.435681 1.132362 -0.116689
v 0.472039 1.170709 -0.133921
v 0.477475 0.738843 0.094129
v 0.440337 0.777192 0.078648
v 0.435758 0.770675 -0.113440
v 0.472133 0.731241 -0.129975
v -0.035152 0.738843 0.106349
v -0.072290 0.777192 0.090868
v -0.076869 0.770675 -0.101221
v -0.040495 0.731241 -0.117755
v -0.035124 0.606613 0.107537
v -0.072245 0.567179 0.092754
v -0.076824 0.560662 -0.099335
v -0.040466 0.599010 -0.116567
v 0.477503 0.606613 0.095317
v 0.440382 0.567179 0.080534
v 0.435803 0.560662 -0.111555
v 0.472161 0.599010 -0.128787
v 0.477600 0.155477 0.099368
v 0.440462 0.193826 0.083887
v 0.435883 0.187309 -0.108202
v 0.472258 0.147873 -0.124736
v -0.069938 0.155477 0.112420
v -0.107075 0.193826 0.096939
v -0.111654 0.187309 -0.095150
v -0.075280 0.147873 -0.111684
v -0.069909 0.023247 0.113607
v -0.107030 -0.016187 0.098825
v -0.111609 -0.022704 -0.093264
v -0.075251 0.015644 -0.110496
v 0.620943 0.023247 0.097139
v 0.657317 -0.016187 0.080605
v 0.652738 -0.022704 -0.111484
v 0.615601 0.015644 -0.126964
v 0.620668 1.310542 0.085579
v 0.657025 1.348891 0.068346
v 0.652446 1.342373 -0.123743
v 0.615325 1.302940 -0.138525
v -0.053649 1.310542 0.101653
v -0.090786 1.348891 0.086172
v -0.095365 1.342373 -0.105917
v -0.058991 1.302940 -0.122451
v -0.053620 1.178313 0.102840
v -0.090741 1.138878 0.088058
v -0.095320 1.132362 -0.104031
v -0.058962 1.170709 -0.121264
v -0.994878 1.321814 0.123988
v -0.999749 1.359949 0.107740
v -1.004328 1.353432 -0.084349
v -1.000220 1.314212 -0.100116
v -1.085957 1.303848 0.126321
v -1.095423 1.341074 0.110191
v -1.100002 1.334557 -0.081898
v -1.091299 1.296243 -0.097783
v -1.169929 1.275006 0.128582
v -1.183990 1.310655 0.112575
v -1.188569 1.304138 -0.079514
v -1.175271 1.267403 -0.095522
v -1.246484 1.236175 0.130755
v -1.265000 1.269566 0.114875
v -1.269579 1.263049 -0.077213
v -1.251826 1.228572 -0.093348
v -1.315320 1.188215 0.132827
v -1.338004 1.218700 0.117073
v -1.342583 1.212183 -0.075017
v -1.320662 1.180612 -0.091277
v -1.376119 1.131970 0.134782
v -1.402571 1.158970 0.119148
v -1.407150 1.152453 -0.072941
v -1.381461 1.124367 -0.089322
v -1.428554 1.068270 0.136604
v -1.458274 1.091299 0.121084
v -1.462852 1.084784 -0.071005
v -1.433896 1.060668 -0.087500
v -1.472279 0.997942 0.138279
v -1.504704 1.016619 0.122863
v -1.509283 1.010101 -0.069227
v -1.477621 0.990340 -0.085825
v -1.506936 0.921811 0.139789
v -1.541469 0.935857 0.124464
v -1.546048 0.929339 -0.067624
v -1.512278 0.914209 -0.084315
v -1.532156 0.840705 0.141119
v -1.568185 0.849943 0.125873
v -1.572764 0.843426 -0.066216
v -1.537498 0.833102 -0.082985
v -1.547563 0.755454 0.142252
v -1.584475 0.759801 0.127071
v -1.589054 0.753284 -0.065017
v -1.552905 0.747852 -0.081852
v -1.552773 0.666895 0.143172
v -1.589973 0.666351 0.128042
v -1.594552 0.659834 -0.064047
v -1.558115 0.659293 -0.080932
v -1.547663 0.580779 0.143824
v -1.584574 0.575361 0.128731
v -1.589153 0.568844 -0.063358
v -1.553005 0.573177 -0.080280
v -1.532568 0.497104 0.144216
v -1.568607 0.486843 0.129145
v -1.573186 0.480326 -0.062944
v -1.537910 0.489502 -0.079888
v -1.507781 0.416838 0.144346
v -1.542353 0.401832 0.129284
v -1.546932 0.395314 -0.062806
v -1.513123 0.409234 -0.079758
v -1.473588 0.340942 0.144213
v -1.506099 0.321361 0.129142
v -1.510678 0.314844 -0.062946
v -1.478930 0.333340 -0.079891
v -1.430276 0.270375 0.143814
v -1.460134 0.246473 0.128720
v -1.464713 0.239956 -0.063369
v -1.435618 0.262773 -0.080289
v -1.378120 0.206090 0.143149
v -1.404756 0.178215 0.128013
v -1.409335 0.171697 -0.064076
v -1.383462 0.198486 -0.080954
v -1.317382 0.149030 0.142214
v -1.340277 0.117638 0.127021
v -1.344856 0.111121 -0.065069
v -1.322724 0.141426 -0.081890
v -1.248311 0.100142 0.141006
v -1.267026 0.065794 0.125740
v -1.271605 0.059277 -0.066349
v -1.253653 0.092540 -0.083098
v -1.171129 0.060388 0.139524
v -1.185354 0.023725 0.124172
v -1.189933 0.017208 -0.067918
v -1.176471 0.052783 -0.084580
v -1.086050 0.030738 0.137762
v -1.095621 -0.007546 0.122313
v -1.100199 -0.014063 -0.069775
v -1.091392 0.023134 -0.086342
v -0.993283 0.012194 0.135718
v -0.998193 -0.027020 0.120166
v -1.002772 -0.033537 -0.071924
v -0.998625 0.004592 -0.088386
v -0.893063 0.005782 0.133386
v -0.893408 -0.033724 0.117728
v -0.897987 -0.040241 -0.074360
v -0.898405 -0.001820 -0.090718
v -0.796139 0.012151 0.131019
v -0.791872 -0.027051 0.115247
v -0.796451 -0.033568 -0.076841
v -0.801481 0.004549 -0.093085
v -0.705924 0.030581 0.128703
v -0.696939 -0.007659 0.112810
v -0.701518 -0.014176 -0.079278
v -0.711266 0.022978 -0.095401
v -0.622714 0.060076 0.126454
v -0.609066 0.023490 0.110436
v -0.613645 0.016973 -0.081653
v -0.628056 0.052474 -0.097650
v -0.546810 0.099668 0.124289
v -0.528706 0.065405 0.108144
v -0.533285 0.058888 -0.083945
v -0.552152 0.092065 -0.099815
v -0.478525 0.148404 0.122223
v -0.456298 0.117082 0.105954
v -0.460877 0.110565 -0.086136
v -0.483867 0.140799 -0.101881
v -0.418182 0.205345 0.120273
v -0.392273 0.177501 0.103885
v -0.396852 0.170984 -0.088205
v -0.423524 0.197741 -0.103831
v -0.366124 0.269558 0.118455
v -0.337035 0.245635 0.101955
v -0.341614 0.239118 -0.090134
v -0.371466 0.261956 -0.105649
v -0.322706 0.340112 0.116787
v -0.290989 0.320463 0.100186
v -0.295567 0.313946 -0.091903
v -0.328048 0.332509 -0.107317
v -0.288294 0.416066 0.115284
v -0.254516 0.400962 0.098593
v -0.259095 0.394445 -0.093497
v -0.293636 0.408464 -0.108820
v -0.263255 0.496478 0.113964
v -0.228000 0.486120 0.097196
v -0.232579 0.479602 -0.094894
v -0.268598 0.488875 -0.110140
v -0.247966 0.580402 0.112845
v -0.211820 0.574921 0.096012
v -0.216399 0.568404 -0.096077
v -0.253308 0.572798 -0.111258
v -0.242797 0.666890 0.111945
v -0.206358 0.666357 0.095060
v -0.210937 0.659839 -0.097029
v -0.248139 0.659287 -0.112159
v -0.248142 0.754995 0.111281
v -0.212004 0.759443 0.094358
v -0.216583 0.752926 -0.097731
v -0.253484 0.747393 -0.112823
v -0.263841 0.839950 0.110892
v -0.228619 0.849348 0.093947
v -0.233198 0.842830 -0.098143
v -0.269183 0.832348 -0.113212
v -0.289455 0.920907 0.110775
v -0.255757 0.935121 0.093823
v -0.260336 0.928604 -0.098267
v -0.294797 0.913302 -0.113329
v -0.324549 0.997007 0.110928
v -0.292973 1.015825 0.093985
v -0.297552 1.009308 -0.098104
v -0.329891 0.989404 -0.113176
v -0.368696 1.067401 0.111347
v -0.339813 1.090515 0.094430
v -0.344392 1.084000 -0.097660
v -0.374038 1.059796 -0.112757
v -0.421471 1.131229 0.112032
v -0.395823 1.158254 0.095156
v -0.400402 1.151737 -0.096932
v -0.426813 1.123624 -0.112072
v -0.482465 1.187637 0.112979
v -0.460529 1.218097 0.096161
v -0.465108 1.211580 -0.095928
v -0.487807 1.180035 -0.111125
v -0.551275 1.235770 0.114187
v -0.533453 1.269107 0.097441
v -0.538032 1.262592 -0.094648
v -0.556617 1.228166 -0.109917
v -0.627510 1.274759 0.115654
v -0.614107 1.310355 0.098993
v -0.618686 1.303838 -0.093096
v -0.632852 1.267156 -0.108450
v -0.710796 1.303727 0.117379
v -0.701984 1.340922 0.100813
v -0.706563 1.334405 -0.091276
v -0.716138 1.296125 -0.106725
v -0.800754 1.321783 0.119361
v -0.796583 1.359908 0.102897
v -0.801162 1.353391 -0.089191
v -0.806096 1.314179 -0.104743
v -0.897019 1.328009 0.121599
v -0.897384 1.366427 0.105242
v -0.901963 1.359910 -0.086847
v -0.902361 1.320404 -0.102504
v -0.967683 0.146389 0.133901
v -0.963557 0.184518 0.117440
v -0.968135 0.178001 -0.074650
v -0.973025 0.138787 -0.090203
v -1.035107 0.159756 0.135389
v -1.026424 0.196982 0.118826
v -1.031003 0.190465 -0.073263
v -1.040449 0.152154 -0.088715
v -1.098513 0.181451 0.136706
v -1.085324 0.217135 0.120049
v -1.089903 0.210618 -0.072040
v -1.103855 0.173846 -0.087398
v -1.157385 0.210979 0.137844
v -1.139843 0.244479 0.121102
v -1.144422 0.237964 -0.070986
v -1.162727 0.203377 -0.086260
v -1.211205 0.247842 0.138795
v -1.189568 0.278538 0.121982
v -1.194147 0.272021 -0.070107
v -1.216547 0.240240 -0.085309
v -1.259458 0.291525 0.139553
v -1.234079 0.318833 0.122681
v -1.238658 0.312316 -0.069408
v -1.264800 0.283921 -0.084551
v -1.301634 0.341504 0.140109
v -1.272958 0.364905 0.123194
v -1.277537 0.358389 -0.068895
v -1.306976 0.333900 -0.083995
v -1.337228 0.397246 0.140457
v -1.305776 0.416301 0.123514
v -1.310355 0.409784 -0.068574
v -1.342570 0.389643 -0.083647
v -1.365743 0.458209 0.140589
v -1.332099 0.472576 0.123636
v -1.336678 0.466058 -0.068453
v -1.371085 0.450607 -0.083515
v -1.386693 0.523842 0.140499
v -1.351480 0.533296 0.123552
v -1.356059 0.526779 -0.068536
v -1.392035 0.516237 -0.083605
v -1.399604 0.593588 0.140180
v -1.363466 0.598032 0.123256
v -1.368044 0.591515 -0.068832
v -1.404946 0.585986 -0.083924
v -1.404017 0.666891 0.139626
v -1.367578 0.666355 0.122741
v -1.372157 0.659837 -0.069349
v -1.409359 0.659289 -0.084478
v -1.399637 0.740599 0.138859
v -1.363493 0.735090 0.122025
v -1.368072 0.728574 -0.070064
v -1.404980 0.732997 -0.085245
v -1.386758 0.810610 0.137923
v -1.351535 0.800096 0.121157
v -1.356114 0.793579 -0.070933
v -1.392100 0.803008 -0.086181
v -1.365836 0.876393 0.136833
v -1.332178 0.860957 0.120149
v -1.336757 0.854439 -0.071941
v -1.371178 0.868790 -0.087270
v -1.337344 0.937409 0.135606
v -1.305883 0.917268 0.119015
v -1.310462 0.910751 -0.073074
v -1.342686 0.929806 -0.088498
v -1.301766 0.993125 0.134257
v -1.273095 0.968614 0.117772
v -1.277674 0.962099 -0.074316
v -1.307108 0.985520 -0.089847
v -1.259602 1.043012 0.132804
v -1.234245 1.014580 0.116434
v -1.238824 1.008063 -0.075656
v -1.264945 1.035410 -0.091300
v -1.211358 1.086559 0.131262
v -1.189760 1.054736 0.115012
v -1.194339 1.048218 -0.077077
v -1.216700 1.078957 -0.092842
v -1.157547 1.123263 0.129650
v -1.140058 1.088634 0.113523
v -1.144637 1.082119 -0.078567
v -1.162889 1.115658 -0.094454
v -1.098686 1.152628 0.127983
v -1.085551 1.115829 0.111979
v -1.090130 1.109312 -0.080110
v -1.104028 1.145023 -0.096121
v -1.035293 1.174177 0.126278
v -1.026656 1.135850 0.110395
v -1.031235 1.129332 -0.081693
v -1.040635 1.166572 -0.097826
v -0.967887 1.187439 0.124552
v -0.963781 1.148221 0.108785
v -0.968360 1.141704 -0.083303
v -0.973229 1.179836 -0.099552
v -0.896974 1.191960 0.122821
v -0.897355 1.152455 0.107163
v -0.901934 1.145938 -0.084925
v -0.902316 1.184356 -0.101283
v -0.826477 1.187439 0.121181
v -0.831354 1.148221 0.105628
v -0.835932 1.141706 -0.086460
v -0.831819 1.179834 -0.102923
v -0.759408 1.174171 0.119702
v -0.768835 1.135854 0.104249
v -0.773414 1.129338 -0.087839
v -0.764750 1.166569 -0.104402
v -0.696289 1.152616 0.118390
v -0.710223 1.115839 0.103032
v -0.714802 1.109322 -0.089057
v -0.701631 1.145014 -0.105714
v -0.637646 1.123247 0.117257
v -0.655935 1.088650 0.101982
v -0.660514 1.082133 -0.090107
v -0.642988 1.115645 -0.106847
v -0.584003 1.086542 0.116307
v -0.606394 1.054753 0.101106
v -0.610973 1.048236 -0.090984
v -0.589346 1.078939 -0.107796
v -0.535881 1.042995 0.115552
v -0.562023 1.014598 0.100409
v -0.566602 1.008083 -0.091680
v -0.541224 1.035392 -0.108552
v -0.493797 0.993107 0.114997
v -0.523245 0.968631 0.099897
v -0.527824 0.962114 -0.092192
v -0.499139 0.985505 -0.109107
v -0.458267 0.937397 0.114651
v -0.490494 0.917279 0.099578
v -0.495073 0.910762 -0.092511
v -0.463609 0.929793 -0.109453
v -0.429791 0.876385 0.114521
v -0.464211 0.860964 0.099457
v -0.468790 0.854447 -0.092631
v -0.435133 0.868783 -0.109583
v -0.408863 0.810606 0.114612
v -0.444847 0.800100 0.099543
v -0.449426 0.793583 -0.092546
v -0.414205 0.803004 -0.109491
v -0.395962 0.740597 0.114934
v -0.432867 0.735092 0.099842
v -0.437446 0.728574 -0.092248
v -0.401304 0.732995 -0.109170
v -0.391551 0.666891 0.115491
v -0.428753 0.666355 0.100361
v -0.433332 0.659837 -0.091728
v -0.396893 0.659289 -0.108613
v -0.395930 0.593590 0.116254
v -0.432836 0.598032 0.101072
v -0.437415 0.591515 -0.091016
v -0.401273 0.585986 -0.107849
v -0.408804 0.523846 0.117188
v -0.444786 0.533292 0.101939
v -0.449364 0.526775 -0.090150
v -0.414146 0.516243 -0.106916
v -0.429705 0.458217 0.118276
v -0.464124 0.472568 0.102945
v -0.468703 0.466051 -0.089143
v -0.435047 0.450614 -0.105828
v -0.458151 0.397257 0.119502
v -0.490387 0.416288 0.104077
v -0.494965 0.409770 -0.088011
v -0.463493 0.389655 -0.104602
v -0.493651 0.341520 0.120849
v -0.523124 0.364889 0.105320
v -0.527703 0.358372 -0.086769
v -0.498993 0.333917 -0.103255
v -0.535702 0.291543 0.122299
v -0.561890 0.318816 0.106658
v -0.566469 0.312298 -0.085432
v -0.541044 0.283939 -0.101803
v -0.583797 0.247860 0.123839
v -0.606255 0.278520 0.108077
v -0.610833 0.272003 -0.084012
v -0.589139 0.240257 -0.100265
v -0.637418 0.210995 0.125448
v -0.655789 0.244466 0.109565
v -0.660368 0.237949 -0.082525
v -0.642760 0.203393 -0.098656
v -0.696047 0.181460 0.127111
v -0.710065 0.217123 0.111104
v -0.714644 0.210606 -0.080986
v -0.701389 0.173858 -0.096992
v -0.759160 0.159762 0.128811
v -0.768665 0.196976 0.112682
v -0.773244 0.190459 -0.079407
v -0.764502 0.152157 -0.095293
v -0.826235 0.146391 0.130530
v -0.831166 0.184518 0.114284
v -0.835745 0.178001 -0.077805
v -0.831578 0.138787 -0.093574
v -0.896749 0.141828 0.132252
v -0.897147 0.180249 0.115895
v -0.901726 0.173732 -0.076195
v -0.902091 0.134226 -0.091852
v -2.207863 0.011580 0.164676
v -2.184009 -0.027854 0.148441
v -2.188588 -0.034371 -0.043649
v -2.213205 0.003977 -0.059428
v -1.681870 1.310542 0.140466
v -1.626522 1.348891 0.122780
v -1.631101 1.342373 -0.069308
v -1.687212 1.302940 -0.083638
v -1.821941 1.310542 0.143805
v -1.846576 1.348891 0.128026
v -1.851155 1.342373 -0.064063
v -1.827283 1.302940 -0.080299
v -2.210560 0.349021 0.161709
v -2.210881 0.447528 0.144809
v -2.215460 0.441011 -0.047280
v -2.215902 0.341419 -0.062395
v -2.597694 1.310542 0.162297
v -2.573794 1.348891 0.145361
v -2.578373 1.342373 -0.046728
v -2.603037 1.302940 -0.061807
v -2.736128 1.310542 0.165597
v -2.791813 1.348891 0.150558
v -2.796392 1.342373 -0.041531
v -2.741470 1.302940 -0.058507
v -2.220285 0.011580 0.164972
v -2.245079 -0.027854 0.149896
v -2.249658 -0.034371 -0.042193
v -2.225627 0.003977 -0.059132
v -3.063238 1.178313 0.174583
v -3.100359 1.138878 0.159800
v -3.104938 1.132362 -0.032289
v -3.068580 1.170709 -0.049521
v -3.063144 0.738843 0.178529
v -3.100281 0.777192 0.163048
v -3.104860 0.770675 -0.029040
v -3.068486 0.731241 -0.045575
v -3.575771 0.738843 0.190749
v -3.612909 0.777192 0.175268
v -3.617488 0.770675 -0.016821
v -3.581113 0.731241 -0.033355
v -3.575743 0.606613 0.191937
v -3.612864 0.567179 0.177154
v -3.617443 0.560662 -0.014935
v -3.581085 0.599010 -0.032167
v -3.063116 0.606613 0.179717
v -3.100236 0.567179 0.164934
v -3.104815 0.560662 -0.027155
v -3.068458 0.599010 -0.044387
v -3.063019 0.155477 0.183768
v -3.100156 0.193826 0.168287
v -3.104735 0.187309 -0.023802
v -3.068361 0.147873 -0.040336
v -3.610556 0.155477 0.196820
v -3.647694 0.193826 0.181339
v -3.652273 0.187309 -0.010750
v -3.615898 0.147873 -0.027284
v -3.610528 0.023247 0.198007
v -3.647649 -0.016187 0.183225
v -3.652228 -0.022704 -0.008864
v -3.615870 0.015644 -0.026096
v -2.919676 0.023247 0.181539
v -2.883301 -0.016187 0.165005
v -2.887880 -0.022704 -0.027084
v -2.925018 0.015644 -0.042564
v -2.919951 1.310542 0.169979
v -2.883594 1.348891 0.152746
v -2.888173 1.342373 -0.039343
v -2.925293 1.302940 -0.054125
v -3.594267 1.310542 0.186053
v -3.631405 1.348891 0.170572
v -3.635983 1.342373 -0.021517
v -3.599609 1.302940 -0.038051
v -3.594239 1.178313 0.187240
v -3.631360 1.138878 0.172458
v -3.635938 1.132362 -0.019631
v -3.599581 1.170709 -0.036864
v -4.199612 1.307679 0.200509
v -4.203437 1.345903 0.184235
v -4.208016 1.339386 -0.007855
v -4.204954 1.300077 -0.023595
v -4.254919 1.299309 0.201902
v -4.262456 1.336971 0.185722
v -4.267035 1.330453 -0.006367
v -4.260261 1.291706 -0.022202
v -4.305669 1.285658 0.203234
v -4.317203 1.322244 0.187160
v -4.321782 1.315727 -0.004930
v -4.311011 1.278055 -0.020870
v -4.351672 1.266979 0.204499
v -4.367426 1.301852 0.188540
v -4.372005 1.295335 -0.003549
v -4.357015 1.259377 -0.019605
v -4.392777 1.243517 0.205690
v -4.412850 1.275926 0.189855
v -4.417429 1.269408 -0.002234
v -4.398119 1.235914 -0.018414
v -4.428859 1.215497 0.206801
v -4.453162 1.244619 0.191097
v -4.457741 1.238104 -0.000992
v -4.434202 1.207893 -0.017303
v -4.459820 1.183098 0.207831
v -4.488029 1.208132 0.192257
v -4.492608 1.201615 0.000168
v -4.465162 1.175493 -0.016273
v -4.485562 1.146443 0.208774
v -4.517118 1.166714 0.193322
v -4.521698 1.160197 0.001234
v -4.490905 1.138841 -0.015330
v -4.505959 1.105609 0.209626
v -4.540114 1.120674 0.194284
v -4.544693 1.114157 0.002195
v -4.511301 1.098007 -0.014478
v -4.520834 1.060642 0.210386
v -4.556765 1.070339 0.195133
v -4.561343 1.063824 0.003045
v -4.526176 1.053040 -0.013718
v -4.529957 1.011595 0.211043
v -4.566865 1.016039 0.195862
v -4.571444 1.009522 0.003773
v -4.535299 1.003991 -0.013060
v -4.533065 0.958401 0.211595
v -4.570245 0.958211 0.196462
v -4.574824 0.951694 0.004373
v -4.538407 0.950799 -0.012508
v -4.531578 0.922742 0.211880
v -4.568595 0.918703 0.196778
v -4.573174 0.912186 0.004689
v -4.536920 0.915140 -0.012223
v -4.527165 0.888675 0.212081
v -4.563710 0.880983 0.197001
v -4.568289 0.874465 0.004911
v -4.532507 0.881070 -0.012023
v -4.519917 0.856417 0.212199
v -4.555614 0.844956 0.197131
v -4.560193 0.838441 0.005042
v -4.525259 0.848815 -0.011905
v -4.509904 0.826002 0.212233
v -4.544350 0.810739 0.197170
v -4.548929 0.804221 0.005080
v -4.515246 0.818399 -0.011871
v -4.497188 0.797445 0.212187
v -4.529971 0.778444 0.197117
v -4.534549 0.771927 0.005028
v -4.502530 0.789841 -0.011917
v -4.481817 0.770760 0.212060
v -4.512544 0.748190 0.196974
v -4.517123 0.741675 0.004885
v -4.487159 0.763158 -0.012043
v -4.463822 0.745969 0.211854
v -4.492153 0.720097 0.196740
v -4.496732 0.713580 0.004651
v -4.469164 0.738367 -0.012250
v -4.443226 0.723100 0.211568
v -4.468888 0.694265 0.196418
v -4.473467 0.687750 0.004329
v -4.448569 0.715497 -0.012536
v -4.420045 0.702196 0.211204
v -4.442856 0.670791 0.196008
v -4.447435 0.664276 0.003920
v -4.425387 0.694594 -0.012900
v -4.394289 0.683316 0.210759
v -4.414152 0.649750 0.195513
v -4.418731 0.643232 0.003424
v -4.399631 0.675713 -0.013345
v -4.365977 0.666532 0.210235
v -4.382874 0.631205 0.194934
v -4.387453 0.624688 0.002845
v -4.371319 0.658927 -0.013869
v -4.305144 0.637713 0.209044
v -4.379105 0.629420 0.194861
v -4.383683 0.622903 0.002771
v -4.310486 0.630108 -0.015060
v -4.358352 0.597565 0.210673
v -4.381093 0.627921 0.194921
v -4.385672 0.621403 0.002832
v -4.363694 0.589963 -0.013431
v -4.383413 0.575777 0.211466
v -4.408034 0.604497 0.195773
v -4.412612 0.597982 0.003684
v -4.388755 0.568175 -0.012637
v -4.407239 0.552202 0.212246
v -4.433503 0.579297 0.196607
v -4.438082 0.572780 0.004519
v -4.412581 0.544599 -0.011858
v -4.430082 0.526804 0.213019
v -4.457736 0.552353 0.197427
v -4.462315 0.545836 0.005338
v -4.435424 0.519201 -0.011085
v -4.452179 0.499556 0.213791
v -4.480976 0.523696 0.198238
v -4.485555 0.517181 0.006150
v -4.457521 0.491952 -0.010313
v -4.473769 0.470436 0.214567
v -4.503476 0.493347 0.199048
v -4.508054 0.486829 0.006959
v -4.479111 0.462832 -0.009537
v -4.495078 0.439431 0.215353
v -4.525491 0.461313 0.199860
v -4.530070 0.454798 0.007772
v -4.500420 0.431829 -0.008751
v -4.516333 0.406540 0.216155
v -4.547275 0.427605 0.200683
v -4.551854 0.421088 0.008593
v -4.521675 0.398936 -0.007949
v -4.537768 0.371760 0.216979
v -4.569085 0.392218 0.201520
v -4.573664 0.385701 0.009432
v -4.543110 0.364156 -0.007125
v -4.559615 0.335098 0.217830
v -4.591171 0.355149 0.202380
v -4.595749 0.348632 0.010290
v -4.564957 0.327494 -0.006274
v -4.582102 0.296561 0.218711
v -4.613789 0.316390 0.203267
v -4.618368 0.309875 0.011178
v -4.587444 0.288956 -0.005392
v -4.605499 0.256102 0.219633
v -4.637156 0.275988 0.204188
v -4.641735 0.269471 0.012098
v -4.610841 0.248500 -0.004471
v -4.618477 0.234022 0.220141
v -4.649980 0.254167 0.204689
v -4.654559 0.247650 0.012600
v -4.623819 0.226418 -0.003963
v -4.630817 0.213420 0.220620
v -4.662140 0.233864 0.205162
v -4.666719 0.227347 0.013072
v -4.636159 0.205818 -0.003484
v -4.642785 0.193861 0.221081
v -4.673912 0.214628 0.205614
v -4.678491 0.208111 0.013526
v -4.648127 0.186258 -0.003023
v -4.654642 0.174908 0.221534
v -4.685563 0.196000 0.206060
v -4.690142 0.189483 0.013971
v -4.659984 0.167304 -0.002570
v -4.666646 0.156125 0.221989
v -4.697374 0.177526 0.206507
v -4.701953 0.171009 0.014419
v -4.671988 0.148522 -0.002115
v -4.679062 0.137077 0.222456
v -4.709612 0.158748 0.206968
v -4.714191 0.152231 0.014879
v -4.684404 0.129475 -0.001648
v -4.692153 0.117327 0.222945
v -4.722556 0.139216 0.207452
v -4.727134 0.132699 0.015363
v -4.697495 0.109725 -0.001159
v -4.706180 0.096430 0.223468
v -4.736475 0.118482 0.207970
v -4.741054 0.111965 0.015881
v -4.711522 0.088825 -0.000636
v -4.721415 0.073937 0.224032
v -4.751636 0.096101 0.208533
v -4.756215 0.089584 0.016443
v -4.726757 0.066335 -0.000071
v -4.738128 0.049403 0.224652
v -4.768306 0.071629 0.209150
v -4.772885 0.065112 0.017061
v -4.743470 0.041801 0.000548
v -4.756586 0.022377 0.225334
v -4.786749 0.044627 0.209832
v -4.791328 0.038109 0.017743
v -4.761928 0.014775 0.001230
v -4.755991 0.023247 0.225312
v -4.828302 -0.016187 0.211369
v -4.832881 -0.022704 0.019280
v -4.761333 0.015644 0.001209
v -4.587018 0.023247 0.221284
v -4.567330 -0.016187 0.205148
v -4.571909 -0.022704 0.013059
v -4.592360 0.015644 -0.002819
v -4.427068 0.286667 0.215105
v -4.396669 0.264869 0.198554
v -4.401248 0.258352 0.006466
v -4.432410 0.279063 -0.008999
v -4.387319 0.350200 0.213586
v -4.357391 0.327651 0.197054
v -4.361970 0.321134 0.004965
v -4.392661 0.342597 -0.010518
v -4.350789 0.404628 0.212227
v -4.321651 0.380901 0.195724
v -4.326231 0.374384 0.003634
v -4.356132 0.397026 -0.011877
v -4.317134 0.450605 0.211011
v -4.289058 0.425428 0.194546
v -4.293637 0.418911 0.002458
v -4.322476 0.443002 -0.013093
v -4.285932 0.488877 0.209923
v -4.259290 0.461939 0.193509
v -4.263869 0.455424 0.001420
v -4.291274 0.481275 -0.014181
v -4.256745 0.520182 0.208946
v -4.232047 0.491161 0.192597
v -4.236625 0.484643 0.000508
v -4.262087 0.512577 -0.015157
v -4.229132 0.545218 0.208063
v -4.207028 0.513845 0.191797
v -4.211607 0.507330 -0.000292
v -4.234474 0.537615 -0.016041
v -4.202676 0.564635 0.207258
v -4.183913 0.530810 0.191094
v -4.188492 0.524293 -0.000996
v -4.208018 0.557031 -0.016845
v -4.177030 0.579013 0.206517
v -4.162307 0.542925 0.190470
v -4.166886 0.536407 -0.001620
v -4.182372 0.571411 -0.017586
v -4.151976 0.588926 0.205831
v -4.141689 0.551081 0.189905
v -4.146268 0.544564 -0.002184
v -4.157318 0.581322 -0.018272
v -4.127412 0.595008 0.205191
v -4.121424 0.556099 0.189377
v -4.126003 0.549582 -0.002712
v -4.132754 0.587405 -0.018913
v -4.103241 0.598028 0.204588
v -4.100866 0.558668 0.188864
v -4.105445 0.552151 -0.003225
v -4.108583 0.590426 -0.019516
v -4.079478 0.598835 0.204014
v -4.079260 0.559401 0.188342
v -4.083839 0.552884 -0.003747
v -4.084820 0.591233 -0.020089
v -3.985475 0.598835 0.201774
v -4.022596 0.559401 0.186991
v -4.027175 0.552884 -0.005098
v -3.990817 0.591233 -0.022330
v -3.985352 0.023247 0.206942
v -4.022473 -0.016187 0.192160
v -4.027052 -0.022704 0.000071
v -3.990694 0.015644 -0.017161
v -3.842037 0.023247 0.203526
v -3.805663 -0.016187 0.186992
v -3.810242 -0.022704 -0.005097
v -3.847379 0.015644 -0.020577
v -3.842313 1.310542 0.191966
v -3.805955 1.348891 0.174732
v -3.810534 1.342373 -0.017356
v -3.847655 1.302940 -0.032138
v -4.139555 1.310542 0.199051
v -4.140772 1.348891 0.182714
v -4.145350 1.342373 -0.009375
v -4.144897 1.302940 -0.025053
v -4.120040 0.731066 0.203793
v -4.119616 0.769412 0.187417
v -4.124194 0.762897 -0.004673
v -4.125382 0.723461 -0.020311
v -4.166776 0.733258 0.204887
v -4.163692 0.771482 0.188449
v -4.168272 0.764965 -0.003640
v -4.172118 0.725655 -0.019217
v -4.208700 0.739724 0.205828
v -4.201662 0.777338 0.189301
v -4.206241 0.770820 -0.002788
v -4.214042 0.732120 -0.018276
v -4.245694 0.750203 0.206616
v -4.234204 0.786554 0.189994
v -4.238783 0.780037 -0.002094
v -4.251037 0.742599 -0.017488
v -4.277968 0.764455 0.207257
v -4.261668 0.798682 0.190539
v -4.266246 0.792165 -0.001549
v -4.283310 0.756851 -0.016847
v -4.305659 0.782208 0.207758
v -4.284476 0.813304 0.190952
v -4.289055 0.806789 -0.001137
v -4.311001 0.774603 -0.016346
v -4.328855 0.803105 0.208123
v -4.303107 0.830090 0.191246
v -4.307686 0.823573 -0.000843
v -4.334197 0.795503 -0.015981
v -4.347646 0.826684 0.208360
v -4.318026 0.848811 0.191433
v -4.322605 0.842294 -0.000656
v -4.352988 0.819082 -0.015744
v -4.362199 0.852405 0.208475
v -4.329632 0.869321 0.191525
v -4.334211 0.862804 -0.000563
v -4.367542 0.844801 -0.015629
v -4.372783 0.879718 0.208482
v -4.338215 0.891479 0.191531
v -4.342794 0.884962 -0.000558
v -4.378125 0.872114 -0.015622
v -4.379738 0.908135 0.208393
v -4.343997 0.915086 0.191457
v -4.348576 0.908570 -0.000633
v -4.385080 0.900530 -0.015711
v -4.383448 0.937234 0.208219
v -4.347156 0.939873 0.191309
v -4.351735 0.933356 -0.000781
v -4.388790 0.929631 -0.015885
v -4.384283 0.966716 0.207974
v -4.347880 0.965453 0.191097
v -4.352458 0.958938 -0.000993
v -4.389625 0.959113 -0.016130
v -4.382262 0.998854 0.207637
v -4.346117 0.993485 0.190802
v -4.350697 0.986967 -0.001287
v -4.387604 0.991250 -0.016467
v -4.377000 1.029202 0.207239
v -4.341681 1.019065 0.190467
v -4.346260 1.012548 -0.001622
v -4.382342 1.021599 -0.016865
v -4.368245 1.057591 0.206775
v -4.334555 1.042176 0.190089
v -4.339134 1.035659 -0.002000
v -4.373588 1.049986 -0.017329
v -4.355787 1.083768 0.206243
v -4.324703 1.062877 0.189668
v -4.329282 1.056362 -0.002420
v -4.361129 1.076166 -0.017861
v -4.339489 1.107416 0.205642
v -4.312002 1.081304 0.189200
v -4.316581 1.074787 -0.002889
v -4.344831 1.099812 -0.018462
v -4.319339 1.128204 0.204975
v -4.296213 1.097594 0.188678
v -4.300792 1.091077 -0.003412
v -4.324681 1.120600 -0.019128
v -4.295410 1.145895 0.204246
v -4.277005 1.111796 0.188092
v -4.281584 1.105278 -0.003997
v -4.300752 1.138290 -0.019858
v -4.267788 1.160372 0.203457
v -4.254038 1.123832 0.187436
v -4.258617 1.117317 -0.004653
v -4.273130 1.152770 -0.020647
v -4.236494 1.171621 0.202610
v -4.227035 1.133539 0.186705
v -4.231614 1.127022 -0.005384
v -4.241836 1.164017 -0.021494
v -4.201471 1.179655 0.201703
v -4.195795 1.140706 0.185897
v -4.200374 1.134189 -0.006193
v -4.206813 1.172051 -0.022401
v -4.162609 1.184486 0.200733
v -4.160177 1.145132 0.185007
v -4.164756 1.138617 -0.007082
v -4.167952 1.176884 -0.023371
v -4.120056 1.186091 0.199705
v -4.119776 1.146657 0.184030
v -4.124355 1.140140 -0.008058
v -4.125398 1.178488 -0.024399
v -3.985601 1.186091 0.196499
v -4.022722 1.146657 0.181717
v -4.027301 1.140140 -0.010371
v -3.990943 1.178488 -0.027604
v -3.985504 0.731066 0.200586
v -4.022641 0.769412 0.185105
v -4.027220 0.762897 -0.006984
v -3.990846 0.723461 -0.023518
vn -0.0238 -0.0090 -0.9997
vn -0.0238 -0.0089 -0.9997
vn -0.0238 -0.0091 -0.9997
vn 0.0238 0.0090 0.9997
vn 0.0238 0.0091 0.9997
vn 0.0238 0.0089 0.9997
vn -0.2603 -0.6376 0.7250
vn -0.2398 -0.6456 0.7250
vn -0.1171 -0.3453 0.9312
vn -0.1286 -0.3410 0.9312
vn -0.3003 -0.6652 -0.6837
vn -0.2794 -0.6736 -0.6843
vn -0.1750 -0.3633 -0.9151
vn -0.1635 -0.3676 -0.9155
vn -0.2171 -0.6537 0.7250
vn -0.1047 -0.3494 0.9311
vn -0.2563 -0.6820 -0.6849
vn -0.1511 -0.3719 -0.9159
vn -0.1923 -0.6615 0.7249
vn -0.0915 -0.3534 0.9310
vn -0.2309 -0.6902 -0.6857
vn -0.1374 -0.3761 -0.9163
vn -0.1658 -0.6688 0.7247
vn -0.0771 -0.3571 0.9309
vn -0.2039 -0.6979 -0.6865
vn -0.1226 -0.3801 -0.9168
vn -0.1382 -0.6753 0.7245
vn -0.0621 -0.3605 0.9307
vn -0.1757 -0.7047 -0.6874
vn -0.1073 -0.3836 -0.9173
vn -0.1101 -0.6807 0.7243
vn -0.0469 -0.3634 0.9305
vn -0.1469 -0.7104 -0.6882
vn -0.0921 -0.3864 -0.9177
vn -0.0821 -0.6850 0.7239
vn -0.0317 -0.3656 0.9302
vn -0.1183 -0.7148 -0.6892
vn -0.0767 -0.3888 -0.9181
vn -0.0552 -0.6879 0.7237
vn -0.0166 -0.3673 0.9299
vn -0.0904 -0.7181 -0.6900
vn -0.0617 -0.3905 -0.9185
vn -0.0292 -0.6899 0.7233
vn -0.0029 -0.3683 0.9297
vn -0.0639 -0.7202 -0.6909
vn -0.0474 -0.3916 -0.9189
vn -0.0051 -0.6910 0.7229
vn 0.0101 -0.3689 0.9294
vn -0.0393 -0.7213 -0.6915
vn -0.0342 -0.3922 -0.9192
vn 0.0335 -0.6929 0.7203
vn 0.0310 -0.3688 0.9290
vn 0.0002 -0.7232 -0.6906
vn -0.0130 -0.3921 -0.9198
vn 0.1051 -0.6897 0.7164
vn 0.0693 -0.3659 0.9281
vn 0.0736 -0.7198 -0.6902
vn 0.0262 -0.3891 -0.9208
vn 0.1939 -0.6739 0.7129
vn 0.1173 -0.3575 0.9265
vn 0.1647 -0.7031 -0.6917
vn 0.0748 -0.3804 -0.9218
vn 0.2822 -0.6466 0.7087
vn 0.1649 -0.3433 0.9246
vn 0.2550 -0.6745 -0.6928
vn 0.1233 -0.3657 -0.9225
vn 0.3680 -0.6079 0.7036
vn 0.2114 -0.3229 0.9225
vn 0.3423 -0.6338 -0.6936
vn 0.1703 -0.3446 -0.9232
vn 0.4490 -0.5576 0.6981
vn 0.2556 -0.2965 0.9202
vn 0.4245 -0.5814 -0.6942
vn 0.2149 -0.3173 -0.9236
vn 0.5234 -0.4967 0.6923
vn 0.2964 -0.2641 0.9178
vn 0.4993 -0.5181 -0.6944
vn 0.2559 -0.2841 -0.9240
vn 0.5893 -0.4261 0.6864
vn 0.3327 -0.2264 0.9154
vn 0.5649 -0.4452 -0.6948
vn 0.2923 -0.2455 -0.9243
vn 0.6446 -0.3475 0.6809
vn 0.3636 -0.1842 0.9132
vn 0.6196 -0.3643 -0.6953
vn 0.3228 -0.2024 -0.9246
vn 0.6885 -0.2628 0.6759
vn 0.3882 -0.1383 0.9112
vn 0.6621 -0.2776 -0.6961
vn 0.3469 -0.1558 -0.9249
vn 0.7202 -0.1741 0.6715
vn 0.4060 -0.0901 0.9094
vn 0.6920 -0.1875 -0.6972
vn 0.3640 -0.1070 -0.9252
vn 0.7393 -0.0837 0.6681
vn 0.4167 -0.0405 0.9081
vn 0.7089 -0.0962 -0.6987
vn 0.3739 -0.0574 -0.9257
vn 0.7461 0.0065 0.6658
vn 0.4205 0.0084 0.9073
vn 0.7136 -0.0057 -0.7006
vn 0.3768 -0.0080 -0.9263
vn 0.7413 0.0973 0.6641
vn 0.4174 0.0580 0.9069
vn 0.7065 0.0847 -0.7026
vn 0.3729 0.0414 -0.9270
vn 0.7241 0.1886 0.6634
vn 0.4075 0.1075 0.9069
vn 0.6871 0.1751 -0.7051
vn 0.3620 0.0907 -0.9278
vn 0.6944 0.2778 0.6638
vn 0.3906 0.1559 0.9073
vn 0.6555 0.2630 -0.7079
vn 0.3443 0.1384 -0.9286
vn 0.6527 0.3628 0.6651
vn 0.3670 0.2017 0.9081
vn 0.6122 0.3462 -0.7109
vn 0.3202 0.1835 -0.9294
vn 0.5997 0.4420 0.6671
vn 0.3373 0.2440 0.9092
vn 0.5580 0.4233 -0.7138
vn 0.2901 0.2249 -0.9302
vn 0.5360 0.5139 0.6698
vn 0.3021 0.2819 0.9106
vn 0.4940 0.4926 -0.7164
vn 0.2547 0.2620 -0.9309
vn 0.4633 0.5768 0.6729
vn 0.2621 0.3149 0.9122
vn 0.4213 0.5531 -0.7187
vn 0.2148 0.2941 -0.9313
vn 0.3826 0.6296 0.6762
vn 0.2182 0.3425 0.9138
vn 0.3415 0.6038 -0.7203
vn 0.1713 0.3208 -0.9315
vn 0.2955 0.6715 0.6795
vn 0.1712 0.3641 0.9155
vn 0.2558 0.6438 -0.7212
vn 0.1248 0.3417 -0.9315
vn 0.2042 0.7016 0.6827
vn 0.1222 0.3795 0.9171
vn 0.1662 0.6724 -0.7212
vn 0.0764 0.3567 -0.9311
vn 0.1106 0.7195 0.6857
vn 0.0721 0.3888 0.9185
vn 0.0745 0.6895 -0.7205
vn 0.0271 0.3656 -0.9304
vn 0.0343 0.7232 0.6898
vn 0.0315 0.3921 0.9194
vn 0.0002 0.6930 -0.7210
vn -0.0127 0.3688 -0.9294
vn -0.0070 0.7213 0.6926
vn 0.0094 0.3922 0.9198
vn -0.0400 0.6909 -0.7218
vn -0.0345 0.3689 -0.9288
vn -0.0338 0.7202 0.6929
vn -0.0050 0.3915 0.9202
vn -0.0660 0.6899 -0.7209
vn -0.0486 0.3682 -0.9285
vn -0.0634 0.7178 0.6934
vn -0.0209 0.3901 0.9205
vn -0.0952 0.6877 -0.7198
vn -0.0644 0.3669 -0.9280
vn -0.0951 0.7137 0.6940
vn -0.0381 0.3880 0.9209
vn -0.1261 0.6839 -0.7186
vn -0.0812 0.3649 -0.9275
vn -0.1271 0.7081 0.6945
vn -0.0553 0.3852 0.9212
vn -0.1573 0.6785 -0.7175
vn -0.0981 0.3621 -0.9270
vn -0.1578 0.7013 0.6952
vn -0.0719 0.3817 0.9215
vn -0.1873 0.6720 -0.7164
vn -0.1144 0.3588 -0.9264
vn -0.1861 0.6938 0.6957
vn -0.0870 0.3780 0.9217
vn -0.2149 0.6649 -0.7154
vn -0.1294 0.3551 -0.9258
vn -0.2109 0.6861 0.6963
vn -0.1004 0.3741 0.9219
vn -0.2393 0.6575 -0.7145
vn -0.1426 0.3513 -0.9253
vn -0.2321 0.6786 0.6968
vn -0.1121 0.3703 0.9221
vn -0.2600 0.6504 -0.7137
vn -0.1539 0.3478 -0.9249
vn -0.2496 0.6720 0.6973
vn -0.1214 0.3670 0.9223
vn -0.2771 0.6440 -0.7130
vn -0.1633 0.3445 -0.9245
vn -0.2636 0.6662 0.6976
vn -0.1291 0.3642 0.9224
vn -0.2909 0.6386 -0.7125
vn -0.1708 0.3417 -0.9241
vn -0.6015 0.3971 0.6932
vn -0.2621 0.1886 0.9464
vn -0.6261 0.3797 -0.6811
vn -0.3046 0.1701 -0.9372
vn -0.3373 -0.5498 0.7642
vn -0.0899 -0.1685 0.9816
vn -0.3803 -0.5749 -0.7245
vn -0.1374 -0.1876 -0.9726
vn 0.3457 -0.6113 0.7119
vn 0.2013 -0.3286 0.9228
vn 0.3194 -0.6377 -0.7010
vn 0.1601 -0.3505 -0.9228
vn 0.3211 -0.6229 0.7134
vn 0.1878 -0.3348 0.9234
vn 0.2943 -0.6499 -0.7008
vn 0.1465 -0.3568 -0.9226
vn 0.2953 -0.6339 0.7148
vn 0.1737 -0.3406 0.9240
vn 0.2680 -0.6614 -0.7005
vn 0.1320 -0.3629 -0.9224
vn 0.2684 -0.6441 0.7163
vn 0.1589 -0.3461 0.9247
vn 0.2405 -0.6722 -0.7002
vn 0.1171 -0.3685 -0.9222
vn 0.2404 -0.6535 0.7177
vn 0.1434 -0.3511 0.9253
vn 0.2119 -0.6821 -0.6999
vn 0.1016 -0.3736 -0.9220
vn 0.2112 -0.6621 0.7191
vn 0.1277 -0.3555 0.9259
vn 0.1821 -0.6910 -0.6995
vn 0.0854 -0.3783 -0.9217
vn 0.1810 -0.6694 0.7205
vn 0.1113 -0.3595 0.9265
vn 0.1512 -0.6988 -0.6991
vn 0.0688 -0.3824 -0.9214
vn 0.1498 -0.6758 0.7217
vn 0.0941 -0.3628 0.9271
vn 0.1193 -0.7055 -0.6986
vn 0.0513 -0.3859 -0.9211
vn 0.1178 -0.6809 0.7228
vn 0.0767 -0.3655 0.9277
vn 0.0864 -0.7108 -0.6981
vn 0.0335 -0.3886 -0.9208
vn 0.0849 -0.6846 0.7240
vn 0.0588 -0.3674 0.9282
vn 0.0527 -0.7147 -0.6974
vn 0.0154 -0.3907 -0.9204
vn 0.0516 -0.6868 0.7250
vn 0.0406 -0.3686 0.9287
vn 0.0183 -0.7170 -0.6968
vn -0.0031 -0.3919 -0.9200
vn 0.0025 -0.6854 0.7282
vn 0.0141 -0.3688 0.9294
vn -0.0317 -0.7156 -0.6978
vn -0.0301 -0.3920 -0.9195
vn -0.0757 -0.6773 0.7318
vn -0.0288 -0.3653 0.9304
vn -0.1121 -0.7072 -0.6980
vn -0.0737 -0.3885 -0.9185
vn -0.1682 -0.6594 0.7327
vn -0.0793 -0.3560 0.9311
vn -0.2067 -0.6885 -0.6952
vn -0.1251 -0.3788 -0.9170
vn -0.2576 -0.6300 0.7326
vn -0.1285 -0.3403 0.9315
vn -0.2979 -0.6575 -0.6920
vn -0.1750 -0.3626 -0.9154
vn -0.3422 -0.5894 0.7318
vn -0.1751 -0.3187 0.9315
vn -0.3838 -0.6150 -0.6888
vn -0.2221 -0.3403 -0.9137
vn -0.4203 -0.5387 0.7302
vn -0.2185 -0.2915 0.9313
vn -0.4626 -0.5621 -0.6856
vn -0.2658 -0.3122 -0.9121
vn -0.4907 -0.4787 0.7280
vn -0.2578 -0.2591 0.9308
vn -0.5332 -0.4998 -0.6826
vn -0.3052 -0.2789 -0.9105
vn -0.5523 -0.4105 0.7255
vn -0.2924 -0.2221 0.9301
vn -0.5943 -0.4294 -0.6800
vn -0.3397 -0.2410 -0.9091
vn -0.6042 -0.3354 0.7228
vn -0.3217 -0.1809 0.9294
vn -0.6451 -0.3522 -0.6781
vn -0.3685 -0.1991 -0.9081
vn -0.6455 -0.2546 0.7201
vn -0.3452 -0.1364 0.9285
vn -0.6850 -0.2695 -0.6769
vn -0.3914 -0.1538 -0.9073
vn -0.6758 -0.1695 0.7173
vn -0.3624 -0.0894 0.9277
vn -0.7133 -0.1831 -0.6765
vn -0.4079 -0.1063 -0.9068
vn -0.6944 -0.0819 0.7149
vn -0.3729 -0.0409 0.9270
vn -0.7298 -0.0947 -0.6771
vn -0.4176 -0.0574 -0.9068
vn -0.7016 0.0057 0.7126
vn -0.3768 0.0079 0.9263
vn -0.7347 -0.0068 -0.6783
vn -0.4205 -0.0086 -0.9072
vn -0.6969 0.0933 0.7111
vn -0.3740 0.0565 0.9257
vn -0.7280 0.0805 -0.6809
vn -0.4168 0.0401 -0.9081
vn -0.6802 0.1826 0.7100
vn -0.3642 0.1059 0.9253
vn -0.7092 0.1689 -0.6845
vn -0.4062 0.0890 -0.9094
vn -0.6506 0.2718 0.7091
vn -0.3472 0.1551 0.9249
vn -0.6778 0.2568 -0.6890
vn -0.3885 0.1377 -0.9111
vn -0.6079 0.3584 0.7085
vn -0.3226 0.2026 0.9246
vn -0.6337 0.3415 -0.6941
vn -0.3635 0.1843 -0.9132
vn -0.5527 0.4395 0.7080
vn -0.2913 0.2466 0.9243
vn -0.5777 0.4204 -0.6997
vn -0.3317 0.2275 -0.9155
vn -0.4864 0.5127 0.7075
vn -0.2539 0.2859 0.9240
vn -0.5112 0.4911 -0.7053
vn -0.2943 0.2659 -0.9180
vn -0.4109 0.5756 0.7070
vn -0.2118 0.3195 0.9236
vn -0.4362 0.5517 -0.7109
vn -0.2524 0.2985 -0.9204
vn -0.3288 0.6271 0.7061
vn -0.1663 0.3467 0.9231
vn -0.3552 0.6009 -0.7160
vn -0.2075 0.3249 -0.9227
vn -0.2426 0.6664 0.7050
vn -0.1190 0.3672 0.9225
vn -0.2706 0.6385 -0.7204
vn -0.1608 0.3448 -0.9248
vn -0.1549 0.6937 0.7034
vn -0.0712 0.3813 0.9217
vn -0.1848 0.6644 -0.7241
vn -0.1137 0.3584 -0.9266
vn -0.0680 0.7093 0.7016
vn -0.0239 0.3893 0.9208
vn -0.1000 0.6793 -0.7270
vn -0.0672 0.3662 -0.9281
vn 0.0027 0.7163 0.6978
vn 0.0145 0.3921 0.9198
vn -0.0309 0.6861 -0.7268
vn -0.0295 0.3688 -0.9290
vn 0.0445 0.7179 0.6948
vn 0.0368 0.3921 0.9192
vn 0.0098 0.6876 -0.7260
vn -0.0075 0.3688 -0.9295
vn 0.0711 0.7164 0.6940
vn 0.0513 0.3914 0.9188
vn 0.0359 0.6863 -0.7264
vn 0.0067 0.3681 -0.9298
vn 0.0966 0.7142 0.6932
vn 0.0650 0.3902 0.9184
vn 0.0608 0.6842 -0.7267
vn 0.0202 0.3669 -0.9300
vn 0.1205 0.7114 0.6924
vn 0.0779 0.3886 0.9181
vn 0.0841 0.6814 -0.7270
vn 0.0331 0.3654 -0.9303
vn 0.1427 0.7080 0.6916
vn 0.0899 0.3868 0.9178
vn 0.1059 0.6782 -0.7273
vn 0.0446 0.3637 -0.9304
vn 0.1631 0.7042 0.6910
vn 0.1009 0.3849 0.9174
vn 0.1258 0.6747 -0.7273
vn 0.0555 0.3618 -0.9306
vn 0.1817 0.7004 0.6902
vn 0.1109 0.3828 0.9171
vn 0.1439 0.6710 -0.7273
vn 0.0653 0.3599 -0.9307
vn 0.1983 0.6966 0.6895
vn 0.1199 0.3808 0.9169
vn 0.1602 0.6674 -0.7273
vn 0.0742 0.3579 -0.9308
vn 0.2130 0.6928 0.6890
vn 0.1278 0.3788 0.9166
vn 0.1746 0.6638 -0.7272
vn 0.0820 0.3560 -0.9309
vn 0.2256 0.6893 0.6884
vn 0.1346 0.3769 0.9164
vn 0.1869 0.6605 -0.7271
vn 0.0887 0.3542 -0.9310
vn 0.2362 0.6862 0.6879
vn 0.1404 0.3753 0.9162
vn 0.1974 0.6576 -0.7270
vn 0.0944 0.3526 -0.9310
vn 0.5012 0.3422 0.7948
vn 0.2911 0.1951 0.9366
vn 0.4560 0.3231 -0.8293
vn 0.2437 0.1765 -0.9537
vn 0.3935 -0.3449 0.8522
vn 0.2306 -0.1877 0.9548
vn 0.3584 -0.3656 -0.8590
vn 0.1869 -0.2067 -0.9604
vn 0.5257 -0.4743 0.7062
vn 0.2305 -0.1877 0.9548
vn 0.5007 -0.4954 -0.7098
vn 0.1869 -0.2068 -0.9604
vn 0.5340 0.4954 0.6852
vn 0.2324 0.2067 0.9504
vn 0.4914 0.4743 -0.7304
vn 0.1848 0.1877 -0.9647
vn -0.5007 0.4954 0.7098
vn -0.1868 0.2067 0.9604
vn -0.5256 0.4743 -0.7062
vn -0.2305 0.1877 -0.9548
vn -0.5953 -0.3768 0.7097
vn -0.2614 -0.1693 0.9503
vn -0.6362 -0.3943 -0.6632
vn -0.3088 -0.1877 -0.9324
vn 0.4182 -0.5820 0.6974
vn 0.3523 -0.4807 0.8030
vn 0.2085 -0.2641 0.9417
vn 0.3935 -0.6067 -0.6907
vn 0.3206 -0.5048 -0.8015
vn 0.1660 -0.2846 -0.9442
vn -0.3169 -0.4745 0.8212
vn -0.1653 -0.2606 0.9512
vn -0.3619 -0.4984 -0.7878
vn -0.2127 -0.2810 -0.9358
vn -0.3905 -0.5774 0.7170
vn -0.4321 -0.6020 -0.6715
vn 0.5929 -0.3525 0.7240
vn 0.2176 -0.1126 0.9695
vn 0.5657 -0.3704 -0.7368
vn 0.1723 -0.1308 -0.9763
vn 0.4322 0.6018 0.6716
vn 0.2127 0.2808 0.9359
vn 0.3908 0.5773 -0.7170
vn 0.1653 0.2605 -0.9512
vn -0.3955 0.6052 0.6909
vn -0.1666 0.2834 0.9444
vn -0.4202 0.5805 -0.6974
vn -0.2091 0.2629 -0.9419
vn -0.5594 -0.3478 0.7524
vn -0.1700 -0.1100 0.9793
vn -0.6018 -0.3657 -0.7100
vn -0.2175 -0.1282 -0.9676
vn 0.3729 0.2238 0.9005
vn 0.0187 -0.2779 0.9604
vn 0.0212 -0.1507 0.9883
vn 0.2175 0.1280 0.9676
vn 0.3260 0.2053 -0.9228
vn -0.0270 -0.2990 -0.9539
vn 0.1700 0.1099 -0.9793
vn -0.0257 -0.1698 -0.9852
vn -0.3335 0.2327 0.9136
vn -0.1733 0.1329 0.9759
vn -0.3732 0.2142 -0.9027
vn -0.2184 0.1147 -0.9691
vn 0.5379 0.1482 0.8299
vn 0.4946 0.1322 -0.8590
vn 0.1868 -0.2067 -0.9604
vn -0.3780 -0.1776 0.9086
vn -0.1360 -0.3021 0.9435
vn -0.4240 -0.1952 -0.8844
vn -0.1830 -0.3235 -0.9284
vn -0.3081 -0.6304 0.7125
vn -0.1361 -0.3021 0.9435
vn -0.3483 -0.6570 -0.6686
vn 0.3417 -0.6304 0.6970
vn 0.1809 -0.3021 0.9360
vn 0.3160 -0.6570 -0.6844
vn 0.1386 -0.3235 -0.9360
vn 0.4208 -0.1776 0.8896
vn 0.3814 -0.1952 -0.9036
vn -0.4977 0.1482 0.8546
vn -0.1848 -0.1877 0.9647
vn -0.5350 0.1322 -0.8345
vn -0.2324 -0.2067 -0.9504
vn -0.4914 -0.4743 0.7304
vn -0.5340 -0.4954 -0.6852
vn -0.2324 -0.2068 -0.9504
vn 0.5256 -0.4743 0.7062
vn -0.3137 0.6584 0.6842
vn -0.1377 0.3245 0.9358
vn -0.3393 0.6316 -0.6971
vn -0.1799 0.3031 -0.9358
vn 0.0206 0.4671 0.8840
vn 0.0228 0.2609 0.9651
vn -0.0219 0.4420 -0.8968
vn -0.0234 0.2405 -0.9704
vn 0.3452 0.6587 0.6685
vn 0.1817 0.3248 0.9282
vn 0.3050 0.6319 -0.7125
vn 0.1348 0.3034 -0.9433
vn -0.2306 0.1877 -0.9548
vn -0.3525 -0.3449 0.8699
vn -0.3584 0.3656 0.8590
vn -0.1869 0.2067 0.9604
vn -0.3989 -0.3656 -0.8409
vn -0.3935 0.3449 -0.8522
vn -0.1869 0.2068 0.9604
vn -0.1868 0.2068 0.9604
vn -0.5257 0.4743 -0.7062
vn 0.2324 0.2068 0.9504
vn -0.0762 0.7197 0.6901
vn -0.1708 0.7019 0.6915
vn -0.0780 0.3796 0.9219
vn -0.0275 0.3888 0.9209
vn -0.1074 0.6896 -0.7162
vn -0.1998 0.6727 -0.7125
vn -0.0707 0.3657 -0.9280
vn -0.1204 0.3567 -0.9264
vn -0.2647 0.6709 0.6927
vn -0.1284 0.3636 0.9227
vn -0.2918 0.6432 -0.7079
vn -0.1700 0.3413 -0.9245
vn -0.3549 0.6270 0.6935
vn -0.1770 0.3409 0.9233
vn -0.3804 0.6013 -0.7027
vn -0.2180 0.3194 -0.9222
vn -0.4382 0.5712 0.6941
vn -0.2224 0.3119 0.9237
vn -0.4626 0.5478 -0.6971
vn -0.2630 0.2911 -0.9198
vn -0.5124 0.5052 0.6944
vn -0.2631 0.2772 0.9241
vn -0.5364 0.4843 -0.6912
vn -0.3035 0.2574 -0.9174
vn -0.5757 0.4309 0.6949
vn -0.2982 0.2380 0.9243
vn -0.6000 0.4125 -0.6855
vn -0.3387 0.2191 -0.9150
vn -0.6271 0.3508 0.6955
vn -0.3271 0.1953 0.9246
vn -0.6523 0.3344 -0.6802
vn -0.3680 0.1771 -0.9128
vn -0.6663 0.2666 0.6964
vn -0.3495 0.1499 0.9249
vn -0.6930 0.2520 -0.6754
vn -0.3908 0.1325 -0.9109
vn -0.6936 0.1801 0.6975
vn -0.3651 0.1030 0.9252
vn -0.7220 0.1668 -0.6715
vn -0.4072 0.0862 -0.9093
vn -0.7092 0.0929 0.6989
vn -0.3742 0.0553 0.9257
vn -0.7396 0.0803 -0.6682
vn -0.4170 0.0389 -0.9081
vn -0.7134 0.0061 0.7008
vn -0.3768 0.0082 0.9262
vn -0.7459 -0.0062 -0.6660
vn -0.4205 -0.0083 -0.9072
vn -0.7069 -0.0801 0.7027
vn -0.3733 -0.0388 0.9269
vn -0.7416 -0.0926 -0.6644
vn -0.4179 -0.0552 -0.9068
vn -0.6894 -0.1657 0.7051
vn -0.3635 -0.0856 0.9276
vn -0.7262 -0.1790 -0.6638
vn -0.4089 -0.1025 -0.9068
vn -0.6608 -0.2497 0.7078
vn -0.3475 -0.1313 0.9284
vn -0.6995 -0.2643 -0.6640
vn -0.3937 -0.1487 -0.9072
vn -0.6210 -0.3311 0.7104
vn -0.3251 -0.1754 0.9293
vn -0.6612 -0.3474 -0.6649
vn -0.3719 -0.1935 -0.9079
vn -0.5695 -0.4085 0.7133
vn -0.2964 -0.2171 0.9301
vn -0.6109 -0.4271 -0.6666
vn -0.3435 -0.2360 -0.9090
vn -0.5067 -0.4804 0.7159
vn -0.2616 -0.2554 0.9308
vn -0.5487 -0.5012 -0.6692
vn -0.3090 -0.2752 -0.9104
vn -0.4333 -0.5445 0.7182
vn -0.2213 -0.2894 0.9313
vn -0.4752 -0.5677 -0.6722
vn -0.2685 -0.3101 -0.9120
vn -0.3507 -0.5989 0.7199
vn -0.1762 -0.3181 0.9316
vn -0.3919 -0.6245 -0.6756
vn -0.2232 -0.3396 -0.9137
vn -0.2613 -0.6419 0.7209
vn -0.1276 -0.3406 0.9315
vn -0.3011 -0.6694 -0.6791
vn -0.1741 -0.3629 -0.9154
vn -0.1680 -0.6721 0.7211
vn -0.0774 -0.3564 0.9311
vn -0.2060 -0.7013 -0.6825
vn -0.1231 -0.3793 -0.9171
vn -0.0745 -0.6895 0.7205
vn -0.0273 -0.3656 0.9304
vn -0.1101 -0.7196 -0.6856
vn -0.0719 -0.3888 -0.9185
vn 0.0177 -0.6950 0.7188
vn 0.0225 -0.3685 0.9293
vn -0.0158 -0.7253 -0.6883
vn -0.0216 -0.3918 -0.9198
vn 0.1108 -0.6893 0.7159
vn 0.0724 -0.3655 0.9280
vn 0.0794 -0.7194 -0.6900
vn 0.0293 -0.3886 -0.9209
vn 0.2054 -0.6713 0.7122
vn 0.1234 -0.3560 0.9263
vn 0.1765 -0.7004 -0.6916
vn 0.0810 -0.3788 -0.9219
vn 0.2987 -0.6405 0.7075
vn 0.1737 -0.3398 0.9243
vn 0.2718 -0.6680 -0.6928
vn 0.1322 -0.3621 -0.9227
vn 0.3873 -0.5973 0.7023
vn 0.2218 -0.3173 0.9220
vn 0.3620 -0.6228 -0.6936
vn 0.1809 -0.3388 -0.9233
vn 0.4686 -0.5432 0.6967
vn 0.2663 -0.2887 0.9196
vn 0.4442 -0.5664 -0.6942
vn 0.2257 -0.3095 -0.9237
vn 0.5409 -0.4796 0.6909
vn 0.3060 -0.2551 0.9172
vn 0.5167 -0.5006 -0.6946
vn 0.2656 -0.2749 -0.9241
vn 0.6026 -0.4089 0.6853
vn 0.3403 -0.2172 0.9149
vn 0.5781 -0.4274 -0.6950
vn 0.2997 -0.2362 -0.9243
vn 0.6534 -0.3323 0.6802
vn 0.3686 -0.1761 0.9127
vn 0.6280 -0.3487 -0.6957
vn 0.3278 -0.1942 -0.9246
vn 0.6931 -0.2514 0.6756
vn 0.3910 -0.1322 0.9109
vn 0.6664 -0.2660 -0.6965
vn 0.3496 -0.1497 -0.9249
vn 0.7218 -0.1674 0.6715
vn 0.4070 -0.0866 0.9093
vn 0.6934 -0.1807 -0.6976
vn 0.3650 -0.1033 -0.9252
vn 0.7394 -0.0812 0.6683
vn 0.4169 -0.0395 0.9081
vn 0.7090 -0.0937 -0.6989
vn 0.3741 -0.0561 -0.9257
vn 0.7460 0.0063 0.6659
vn 0.4205 0.0083 0.9072
vn 0.7134 -0.0060 -0.7007
vn 0.3768 -0.0081 -0.9263
vn 0.7415 0.0947 0.6643
vn 0.4177 0.0566 0.9068
vn 0.7067 0.0821 -0.7027
vn 0.3731 0.0399 -0.9269
vn 0.7253 0.1830 0.6636
vn 0.4084 0.1045 0.9068
vn 0.6884 0.1696 -0.7052
vn 0.3629 0.0877 -0.9277
vn 0.6975 0.2697 0.6639
vn 0.3925 0.1515 0.9072
vn 0.6588 0.2550 -0.7078
vn 0.3463 0.1342 -0.9285
vn 0.6580 0.3533 0.6649
vn 0.3700 0.1966 0.9080
vn 0.6176 0.3369 -0.7107
vn 0.3232 0.1785 -0.9293
vn 0.6069 0.4324 0.6669
vn 0.3413 0.2389 0.9091
vn 0.5654 0.4140 -0.7134
vn 0.2941 0.2200 -0.9301
vn 0.5443 0.5056 0.6694
vn 0.3066 0.2776 0.9105
vn 0.5023 0.4847 -0.7161
vn 0.2592 0.2577 -0.9308
vn 0.4713 0.5706 0.6725
vn 0.2665 0.3117 0.9120
vn 0.4294 0.5473 -0.7184
vn 0.2192 0.2909 -0.9313
vn 0.3892 0.6259 0.6758
vn 0.2218 0.3404 0.9137
vn 0.3481 0.6003 -0.7200
vn 0.1747 0.3188 -0.9316
vn 0.2999 0.6698 0.6792
vn 0.1736 0.3631 0.9154
vn 0.2601 0.6422 -0.7210
vn 0.1271 0.3408 -0.9315
vn 0.2061 0.7011 0.6826
vn 0.1232 0.3792 0.9171
vn 0.1681 0.6721 -0.7212
vn 0.0774 0.3564 -0.9311
vn 0.1108 0.7195 0.6856
vn 0.0722 0.3887 0.9185
vn 0.0748 0.6894 -0.7205
vn 0.0272 0.3656 -0.9304
vn 0.0169 0.7253 0.6883
vn 0.0222 0.3918 0.9198
vn -0.0167 0.6949 -0.7190
vn -0.0219 0.3685 -0.9294
vn 0.1084 0.7080 0.6978
vn 0.2006 0.6903 0.6952
vn 0.1217 0.3796 0.9171
vn 0.0717 0.3888 0.9185
vn 0.0721 0.6781 -0.7315
vn 0.1622 0.6611 -0.7325
vn 0.0267 0.3657 -0.9304
vn 0.0760 0.3568 -0.9311
vn 0.2911 0.6603 0.6923
vn 0.1711 0.3641 0.9155
vn 0.2509 0.6327 -0.7327
vn 0.1247 0.3418 -0.9315
vn 0.3776 0.6185 0.6891
vn 0.2187 0.3421 0.9138
vn 0.3361 0.5927 -0.7319
vn 0.1718 0.3205 -0.9316
vn 0.4580 0.5655 0.6858
vn 0.2632 0.3141 0.9122
vn 0.4157 0.5419 -0.7304
vn 0.2159 0.2932 -0.9313
vn 0.5304 0.5024 0.6828
vn 0.3036 0.2804 0.9106
vn 0.4879 0.4812 -0.7283
vn 0.2562 0.2605 -0.9309
vn 0.5931 0.4306 0.6802
vn 0.3391 0.2417 0.9092
vn 0.5512 0.4117 -0.7257
vn 0.2918 0.2227 -0.9302
vn 0.6451 0.3518 0.6783
vn 0.3686 0.1989 0.9081
vn 0.6042 0.3351 -0.7229
vn 0.3218 0.1807 -0.9294
vn 0.6854 0.2681 0.6770
vn 0.3918 0.1530 0.9072
vn 0.6461 0.2531 -0.7201
vn 0.3456 0.1356 -0.9285
vn 0.7138 0.1812 0.6765
vn 0.4082 0.1052 0.9068
vn 0.6763 0.1676 -0.7173
vn 0.3627 0.0882 -0.9277
vn 0.7301 0.0933 0.6770
vn 0.6947 0.0805 -0.7147
vn 0.7348 0.0064 0.6783
vn 0.7016 -0.0061 -0.7125
vn 0.3768 -0.0082 -0.9263
vn 0.7281 -0.0801 0.6808
vn 0.4169 -0.0398 0.9081
vn 0.6971 -0.0929 -0.7110
vn 0.3740 -0.0563 -0.9257
vn 0.7099 -0.1671 0.6842
vn 0.4066 -0.0880 0.9094
vn 0.6809 -0.1807 -0.7098
vn 0.3645 -0.1049 -0.9253
vn 0.6798 -0.2528 0.6885
vn 0.3895 -0.1354 0.9110
vn 0.6525 -0.2678 -0.7089
vn 0.3482 -0.1529 -0.9249
vn 0.6379 -0.3351 0.6933
vn 0.3657 -0.1807 0.9130
vn 0.6120 -0.3518 -0.7083
vn 0.3249 -0.1989 -0.9246
vn 0.5847 -0.4121 0.6988
vn 0.3357 -0.2229 0.9152
vn 0.5597 -0.4309 -0.7078
vn 0.2952 -0.2419 -0.9243
vn 0.5213 -0.4818 0.7044
vn 0.3000 -0.2608 0.9176
vn 0.4965 -0.5030 -0.7074
vn 0.2595 -0.2807 -0.9240
vn 0.4489 -0.5427 0.7099
vn 0.2595 -0.2937 0.9200
vn 0.4237 -0.5663 -0.7070
vn 0.2189 -0.3145 -0.9237
vn 0.3693 -0.5934 0.7152
vn 0.2152 -0.3209 0.9224
vn 0.3430 -0.6193 -0.7063
vn 0.1742 -0.3425 -0.9232
vn 0.2841 -0.6332 0.7199
vn 0.1683 -0.3420 0.9245
vn 0.2564 -0.6609 -0.7053
vn 0.1266 -0.3643 -0.9226
vn 0.1958 -0.6614 0.7240
vn 0.1196 -0.3569 0.9264
vn 0.1661 -0.6906 -0.7039
vn 0.0772 -0.3798 -0.9218
vn 0.1061 -0.6782 0.7272
vn 0.0706 -0.3657 0.9280
vn 0.0743 -0.7081 -0.7022
vn 0.0274 -0.3889 -0.9209
vn 0.0173 -0.6837 0.7296
vn 0.0221 -0.3686 0.9293
vn -0.0168 -0.7139 -0.7000
vn -0.0220 -0.3918 -0.9198
vn -0.0719 -0.6781 0.7314
vn -0.0267 -0.3656 0.9304
vn -0.1082 -0.7081 -0.6978
vn -0.0716 -0.3888 -0.9185
vn -0.1619 -0.6612 0.7326
vn -0.0759 -0.3568 0.9311
vn -0.2003 -0.6903 -0.6952
vn -0.1216 -0.3797 -0.9171
vn -0.2505 -0.6328 0.7327
vn -0.1246 -0.3418 0.9315
vn -0.2907 -0.6605 -0.6922
vn -0.1710 -0.3642 -0.9155
vn -0.3357 -0.5930 0.7319
vn -0.1716 -0.3206 0.9316
vn -0.3773 -0.6187 -0.6891
vn -0.2185 -0.3422 -0.9139
vn -0.4155 -0.5421 0.7304
vn -0.2159 -0.2933 0.9313
vn -0.4578 -0.5656 -0.6859
vn -0.2632 -0.3141 -0.9122
vn -0.4879 -0.4812 0.7283
vn -0.2562 -0.2604 0.9309
vn -0.5304 -0.5023 -0.6829
vn -0.3036 -0.2804 -0.9106
vn -0.5513 -0.4115 0.7258
vn -0.2920 -0.2226 0.9302
vn -0.5933 -0.4304 -0.6803
vn -0.3392 -0.2416 -0.9092
vn -0.6044 -0.3347 0.7229
vn -0.3219 -0.1805 0.9294
vn -0.6453 -0.3514 -0.6783
vn -0.3687 -0.1987 -0.9081
vn -0.6464 -0.2526 0.7200
vn -0.3457 -0.1353 0.9285
vn -0.6857 -0.2674 -0.6770
vn -0.3919 -0.1527 -0.9072
vn -0.6765 -0.1670 0.7173
vn -0.3629 -0.0880 0.9277
vn -0.7139 -0.1806 -0.6766
vn -0.4083 -0.1048 -0.9068
vn -0.6949 -0.0801 0.7147
vn -0.3731 -0.0397 0.9269
vn -0.7302 -0.0929 -0.6769
vn -0.4177 -0.0566 -0.9068
vn -0.7016 0.0064 0.7125
vn -0.3768 0.0083 0.9262
vn -0.7348 -0.0061 -0.6783
vn -0.4205 -0.0082 -0.9073
vn -0.6970 0.0932 0.7110
vn -0.3740 0.0564 0.9257
vn -0.4169 0.0400 -0.9081
vn -0.6808 0.1810 0.7098
vn -0.3645 0.1051 0.9252
vn -0.7098 0.1675 -0.6842
vn -0.4065 0.0882 -0.9094
vn -0.6525 0.2678 0.7089
vn -0.3482 0.1529 0.9249
vn -0.6798 0.2529 -0.6884
vn -0.3896 0.1354 -0.9110
vn -0.6123 0.3515 0.7082
vn -0.3251 0.1987 0.9246
vn -0.6382 0.3347 -0.6933
vn -0.3659 0.1805 -0.9130
vn -0.5605 0.4300 0.7078
vn -0.2956 0.2414 0.9243
vn -0.5856 0.4112 -0.6986
vn -0.3361 0.2224 -0.9152
vn -0.4979 0.5018 0.7073
vn -0.2603 0.2800 0.9240
vn -0.5227 0.4806 -0.7041
vn -0.3007 0.2601 -0.9176
vn -0.4257 0.5648 0.7070
vn -0.2200 0.3137 0.9237
vn -0.4509 0.5413 -0.7097
vn -0.2606 0.2929 -0.9199
vn -0.3454 0.6180 0.7063
vn -0.1755 0.3418 0.9232
vn -0.3715 0.5922 -0.7150
vn -0.2165 0.3202 -0.9223
vn -0.2588 0.6599 0.7054
vn -0.1280 0.3639 0.9226
vn -0.2865 0.6323 -0.7198
vn -0.1696 0.3415 -0.9245
vn -0.1681 0.6900 0.7040
vn -0.0784 0.3795 0.9219
vn -0.1977 0.6609 -0.7239
vn -0.1207 0.3567 -0.9264
vn -0.0755 0.7079 0.7023
vn -0.0280 0.3888 0.9209
vn -0.1073 0.6779 -0.7273
vn -0.0711 0.3656 -0.9280
vn 0.0165 0.7139 0.7001
vn 0.0218 0.3918 0.9198
vn -0.0175 0.6836 -0.7297
vn -0.0222 0.3685 -0.9293
vn 0.4241 -0.5776 0.6975
vn 0.6003 0.3699 0.7091
vn 0.2186 0.1306 0.9670
vn 0.2103 -0.2607 0.9422
vn 0.3994 -0.6021 -0.6914
vn 0.5579 0.3521 -0.7515
vn 0.1677 -0.2811 -0.9449
vn 0.1710 0.1123 -0.9788
vn -0.3996 0.6020 0.6913
vn -0.1678 0.2810 0.9449
vn -0.4243 0.5775 -0.6975
vn -0.2104 0.2606 -0.9422
vn 0.0230 0.2978 0.9543
vn 0.0236 0.1691 0.9853
vn -0.0226 0.2767 -0.9607
vn -0.0234 0.1501 -0.9884
vn 0.4326 0.6016 0.6716
vn 0.2128 0.2807 0.9359
vn 0.3911 0.5771 -0.7170
vn 0.1654 0.2603 -0.9513
vn -0.5650 0.3723 0.7363
vn -0.1728 0.1319 0.9761
vn -0.5922 0.3544 -0.7237
vn -0.2180 0.1137 -0.9693
vn -0.3925 -0.5759 0.7172
vn -0.1658 -0.2594 0.9514
vn -0.4340 -0.6004 -0.6717
vn -0.2132 -0.2799 -0.9361
vn -0.3935 0.3449 -0.8521
vn -0.0545 0.7210 0.6908
vn -0.1310 0.7100 0.6919
vn -0.0569 0.3844 0.9214
vn -0.0162 0.3903 0.9205
vn -0.0863 0.6908 -0.7179
vn -0.1610 0.6804 -0.7149
vn -0.0596 0.3671 -0.9283
vn -0.0996 0.3614 -0.9271
vn -0.2131 0.6890 0.6927
vn -0.1009 0.3734 0.9222
vn -0.2412 0.6605 -0.7110
vn -0.1428 0.3507 -0.9255
vn -0.2991 0.6557 0.6933
vn -0.1469 0.3560 0.9229
vn -0.3255 0.6287 -0.7062
vn -0.1883 0.3338 -0.9236
vn -0.3862 0.6081 0.6936
vn -0.1939 0.3311 0.9235
vn -0.4112 0.5833 -0.7005
vn -0.2347 0.3098 -0.9214
vn -0.4705 0.5452 0.6938
vn -0.2398 0.2981 0.9239
vn -0.4945 0.5230 -0.6942
vn -0.2803 0.2777 -0.9189
vn -0.5467 0.4684 0.6941
vn -0.2817 0.2576 0.9243
vn -0.5708 0.4487 -0.6876
vn -0.3222 0.2382 -0.9162
vn -0.6107 0.3802 0.6946
vn -0.3174 0.2106 0.9246
vn -0.6356 0.3630 -0.6813
vn -0.3581 0.1922 -0.9137
vn -0.6595 0.2852 0.6955
vn -0.3450 0.1596 0.9249
vn -0.6859 0.2701 -0.6757
vn -0.3863 0.1421 -0.9114
vn -0.6919 0.1885 0.6969
vn -0.3638 0.1075 0.9253
vn -0.7203 0.1749 -0.6713
vn -0.4058 0.0906 -0.9095
vn -0.7091 0.0946 0.6987
vn -0.3740 0.0562 0.9257
vn -0.7395 0.0820 -0.6681
vn -0.4168 0.0398 -0.9081
vn -0.7126 0.0124 0.7014
vn -0.3770 0.0116 0.9261
vn -0.7452 0.0001 -0.6669
vn -0.4207 -0.0048 -0.9072
vn -0.7085 -0.0556 0.7035
vn -0.3752 -0.0255 0.9266
vn -0.7427 -0.0681 -0.6661
vn -0.4196 -0.0420 -0.9068
vn -0.6990 -0.1200 0.7050
vn -0.3698 -0.0606 0.9271
vn -0.7347 -0.1330 -0.6652
vn -0.4148 -0.0776 -0.9066
vn -0.6824 -0.1866 0.7068
vn -0.3604 -0.0972 0.9277
vn -0.7197 -0.2003 -0.6647
vn -0.4059 -0.1142 -0.9067
vn -0.6581 -0.2540 0.7088
vn -0.3466 -0.1339 0.9284
vn -0.6969 -0.2689 -0.6649
vn -0.3928 -0.1514 -0.9071
vn -0.6259 -0.3206 0.7110
vn -0.3285 -0.1700 0.9291
vn -0.6660 -0.3367 -0.6656
vn -0.3752 -0.1880 -0.9077
vn -0.5860 -0.3844 0.7133
vn -0.3062 -0.2045 0.9297
vn -0.6272 -0.4022 -0.6670
vn -0.3533 -0.2232 -0.9085
vn -0.5394 -0.4439 0.7156
vn -0.2803 -0.2364 0.9303
vn -0.5812 -0.4634 -0.6690
vn -0.3276 -0.2558 -0.9095
vn -0.4873 -0.4976 0.7176
vn -0.2516 -0.2652 0.9308
vn -0.5293 -0.5189 -0.6712
vn -0.2990 -0.2852 -0.9107
vn -0.4313 -0.5443 0.7196
vn -0.2208 -0.2901 0.9312
vn -0.4732 -0.5676 -0.6738
vn -0.2681 -0.3109 -0.9119
vn -0.3730 -0.5840 0.7210
vn -0.1890 -0.3112 0.9314
vn -0.4145 -0.6089 -0.6763
vn -0.2361 -0.3325 -0.9130
vn -0.3141 -0.6163 0.7222
vn -0.1569 -0.3284 0.9314
vn -0.3549 -0.6428 -0.6789
vn -0.2037 -0.3503 -0.9142
vn -0.3566 -0.0273 0.9338
vn -0.1872 -0.0110 0.9823
vn -0.4013 -0.0440 -0.9149
vn -0.2339 -0.0286 -0.9718
vn -0.4384 0.5677 0.6968
vn -0.2239 0.3116 0.9235
vn -0.4629 0.5443 -0.6996
vn -0.2644 0.2908 -0.9195
vn -0.4754 0.5366 0.6972
vn -0.2443 0.2953 0.9237
vn -0.4997 0.5145 -0.6969
vn -0.2846 0.2751 -0.9183
vn -0.5073 0.5058 0.6977
vn -0.2621 0.2792 0.9238
vn -0.5316 0.4848 -0.6945
vn -0.3025 0.2593 -0.9172
vn -0.5342 0.4767 0.6982
vn -0.2771 0.2639 0.9239
vn -0.5585 0.4567 -0.6925
vn -0.3176 0.2443 -0.9162
vn -0.5560 0.4504 0.6985
vn -0.2896 0.2498 0.9240
vn -0.5804 0.4312 -0.6908
vn -0.3300 0.2307 -0.9154
vn -0.5733 0.4275 0.6990
vn -0.2994 0.2377 0.9240
vn -0.5979 0.4090 -0.6894
vn -0.3399 0.2188 -0.9147
vn -0.5865 0.4084 0.6995
vn -0.3069 0.2276 0.9241
vn -0.6113 0.3904 -0.6884
vn -0.3475 0.2089 -0.9141
vn -0.5962 0.3932 0.6999
vn -0.3127 0.2196 0.9241
vn -0.6213 0.3756 -0.6877
vn -0.3532 0.2011 -0.9137
vn -0.6032 0.3819 0.7003
vn -0.3166 0.2136 0.9242
vn -0.6283 0.3647 -0.6872
vn -0.3574 0.1950 -0.9134
vn -0.6075 0.3744 0.7005
vn -0.3193 0.2095 0.9242
vn -0.6327 0.3572 -0.6871
vn -0.3599 0.1914 -0.9131
vn -0.6096 0.3702 0.7009
vn -0.3207 0.2074 0.9242
vn -0.6350 0.3532 -0.6871
vn -0.3614 0.1890 -0.9131
vn -0.6086 0.3709 0.7014
vn -0.3203 0.2080 0.9242
vn -0.6339 0.3538 -0.6877
vn -0.3610 0.1896 -0.9131
vn -0.6057 0.3757 0.7014
vn -0.3187 0.2105 0.9242
vn -0.6310 0.3585 -0.6880
vn -0.3593 0.1922 -0.9132
vn -0.6023 0.3811 0.7014
vn -0.3167 0.2135 0.9242
vn -0.6275 0.3637 -0.6885
vn -0.3574 0.1951 -0.9134
vn -0.5985 0.3869 0.7015
vn -0.3146 0.2167 0.9242
vn -0.6237 0.3695 -0.6888
vn -0.3554 0.1980 -0.9135
vn -0.5947 0.3929 0.7014
vn -0.3124 0.2199 0.9241
vn -0.6197 0.3753 -0.6893
vn -0.3530 0.2014 -0.9137
vn -0.5910 0.3986 0.7013
vn -0.3105 0.2228 0.9241
vn -0.6160 0.3808 -0.6896
vn -0.3511 0.2042 -0.9138
vn -0.5877 0.4036 0.7012
vn -0.3085 0.2256 0.9241
vn -0.6127 0.3857 -0.6898
vn -0.3490 0.2070 -0.9140
vn -0.5850 0.4076 0.7012
vn -0.3069 0.2278 0.9241
vn -0.6099 0.3897 -0.6900
vn -0.3475 0.2091 -0.9141
vn -0.5830 0.4107 0.7010
vn -0.3057 0.2294 0.9241
vn -0.6079 0.3926 -0.6902
vn -0.3463 0.2106 -0.9142
vn -0.5816 0.4128 0.7009
vn -0.3049 0.2304 0.9241
vn -0.6065 0.3946 -0.6902
vn -0.3455 0.2117 -0.9142
vn -0.5809 0.4139 0.7009
vn -0.3045 0.2310 0.9241
vn -0.6057 0.3957 -0.6903
vn -0.3450 0.2123 -0.9143
vn -0.5807 0.4144 0.7008
vn -0.3043 0.2312 0.9241
vn -0.6055 0.3962 -0.6902
vn -0.3449 0.2125 -0.9143
vn -0.5781 -0.2811 0.7660
vn -0.0441 -0.2602 0.9646
vn -0.6201 -0.2976 -0.7259
vn -0.0907 -0.2809 -0.9554
vn 0.3740 -0.6121 0.6967
vn 0.1933 -0.2873 0.9381
vn 0.3488 -0.6380 -0.6865
vn 0.1510 -0.3084 -0.9392
vn 0.6242 -0.3684 0.6889
vn 0.3556 -0.1977 0.9135
vn 0.5990 -0.3858 -0.7016
vn 0.3151 -0.2160 -0.9242
vn 0.6144 -0.3813 0.6908
vn 0.3505 -0.2048 0.9139
vn 0.5893 -0.3991 -0.7024
vn 0.3097 -0.2237 -0.9241
vn 0.5987 -0.4019 0.6928
vn 0.3419 -0.2162 0.9145
vn 0.5739 -0.4204 -0.7028
vn 0.3014 -0.2351 -0.9241
vn 0.5779 -0.4275 0.6952
vn 0.3303 -0.2302 0.9154
vn 0.5531 -0.4467 -0.7033
vn 0.2899 -0.2494 -0.9240
vn 0.5496 -0.4584 0.6985
vn 0.3147 -0.2472 0.9164
vn 0.5250 -0.4787 -0.7038
vn 0.2743 -0.2667 -0.9239
vn 0.5113 -0.4950 0.7025
vn 0.2936 -0.2673 0.9178
vn 0.4866 -0.5167 -0.7045
vn 0.2532 -0.2873 -0.9238
vn 0.4602 -0.5364 0.7075
vn 0.2654 -0.2898 0.9195
vn 0.4352 -0.5597 -0.7052
vn 0.2249 -0.3105 -0.9236
vn 0.3945 -0.5798 0.7129
vn 0.2291 -0.3134 0.9216
vn 0.3688 -0.6050 -0.7057
vn 0.1883 -0.3348 -0.9233
vn 0.3153 -0.6203 0.7182
vn 0.1854 -0.3351 0.9238
vn 0.2881 -0.6473 -0.7057
vn 0.1439 -0.3573 -0.9228
vn 0.2282 -0.6525 0.7226
vn 0.1375 -0.3522 0.9258
vn 0.1993 -0.6811 -0.7045
vn 0.0954 -0.3749 -0.9221
vn 0.1436 -0.6733 0.7253
vn 0.0910 -0.3629 0.9274
vn 0.1127 -0.7030 -0.7022
vn 0.0482 -0.3860 -0.9213
vn 0.0720 -0.6835 0.7263
vn 0.0520 -0.3677 0.9285
vn 0.0394 -0.7138 -0.6993
vn 0.0083 -0.3910 -0.9203
vn 0.0291 -0.6882 0.7249
vn 0.0285 -0.3690 0.9290
vn -0.0045 -0.7185 -0.6955
vn -0.0154 -0.3923 -0.9197
vn -0.0006 0.7220 0.6919
vn 0.0128 0.3922 0.9198
vn -0.0338 0.6917 -0.7214
vn -0.0312 0.3690 -0.9289
vn 0.0332 0.7179 0.6954
vn 0.0874 0.7116 0.6971
vn 0.0603 0.3902 0.9187
vn 0.0309 0.3923 0.9193
vn -0.0011 0.6875 -0.7262
vn 0.0517 0.6816 -0.7299
vn -0.0133 0.3689 -0.9294
vn 0.0153 0.3670 -0.9301
vn 0.1675 0.6986 0.6957
vn 0.1037 0.3838 0.9176
vn 0.1298 0.6691 -0.7318
vn 0.0583 0.3608 -0.9308
vn 0.2569 0.6728 0.6938
vn 0.1525 0.3707 0.9161
vn 0.2173 0.6446 -0.7330
vn 0.1063 0.3482 -0.9314
vn 0.3523 0.6311 0.6911
vn 0.2050 0.3490 0.9144
vn 0.3111 0.6047 -0.7332
vn 0.1581 0.3272 -0.9316
vn 0.4478 0.5712 0.6879
vn 0.2578 0.3175 0.9125
vn 0.4055 0.5474 -0.7321
vn 0.2106 0.2966 -0.9315
vn 0.5356 0.4946 0.6845
vn 0.3071 0.2766 0.9106
vn 0.4931 0.4737 -0.7297
vn 0.2597 0.2568 -0.9309
vn 0.6091 0.4062 0.6812
vn 0.3485 0.2288 0.9089
vn 0.5674 0.3879 -0.7264
vn 0.3014 0.2100 -0.9301
vn 0.6646 0.3130 0.6785
vn 0.3801 0.1778 0.9077
vn 0.6244 0.2971 -0.7224
vn 0.3335 0.1600 -0.9291
vn 0.7019 0.2218 0.6768
vn 0.4013 0.1276 0.9070
vn 0.6636 0.2077 -0.7187
vn 0.3556 0.1104 -0.9281
vn 0.7241 0.1374 0.6759
vn 0.4139 0.0809 0.9067
vn 0.6877 0.1243 -0.7153
vn 0.3689 0.0641 -0.9273
vn 0.7344 0.0619 0.6759
vn 0.4197 0.0392 0.9068
vn 0.6999 0.0493 -0.7125
vn 0.3754 0.0227 -0.9266
vn 0.7361 -0.0063 0.6768
vn 0.4207 0.0012 0.9072
vn 0.7034 -0.0188 -0.7106
vn 0.3771 -0.0152 -0.9261
vn 0.7291 -0.0779 0.6799
vn 0.4172 -0.0384 0.9080
vn 0.6982 -0.0906 -0.7102
vn 0.3744 -0.0550 -0.9256
vn 0.7115 -0.1605 0.6841
vn 0.4076 -0.0844 0.9092
vn 0.6824 -0.1740 -0.7099
vn 0.3655 -0.1012 -0.9253
vn 0.6791 -0.2519 0.6894
vn 0.3895 -0.1351 0.9111
vn 0.6518 -0.2669 -0.7099
vn 0.3482 -0.1525 -0.9250
vn 0.6288 -0.3472 0.6958
vn 0.3610 -0.1876 0.9135
vn 0.6030 -0.3642 -0.7098
vn 0.3203 -0.2059 -0.9247
vn 0.5601 -0.4387 0.7027
vn 0.3222 -0.2378 0.9163
vn 0.5351 -0.4585 -0.7095
vn 0.2818 -0.2572 -0.9244
vn 0.4769 -0.5190 0.7094
vn 0.2755 -0.2813 0.9192
vn 0.4518 -0.5417 -0.7088
vn 0.2350 -0.3018 -0.9240
vn 0.3864 -0.5826 0.7150
vn 0.2249 -0.3154 0.9219
vn 0.3603 -0.6079 -0.7075
vn 0.1840 -0.3368 -0.9234
vn 0.2962 -0.6283 0.7194
vn 0.1749 -0.3394 0.9242
vn 0.2686 -0.6558 -0.7056
vn 0.1333 -0.3617 -0.9227
vn 0.2121 -0.6579 0.7226
vn 0.1285 -0.3548 0.9260
vn 0.1828 -0.6868 -0.7035
vn 0.0864 -0.3776 -0.9219
vn 0.1376 -0.6751 0.7248
vn 0.0877 -0.3636 0.9274
vn 0.1066 -0.7050 -0.7012
vn 0.0449 -0.3867 -0.9211
vn 0.0732 -0.6837 0.7261
vn 0.0524 -0.3678 0.9284
vn 0.0406 -0.7139 -0.6991
vn 0.0089 -0.3910 -0.9203
vn 0.0305 -0.6881 0.7250
vn 0.0292 -0.3690 0.9290
vn -0.0031 -0.7183 -0.6957
vn -0.0147 -0.3923 -0.9197
vt 0.688172 0.000000
vt 0.989247 0.000000
vt 0.698925 0.000000
vt 0.709677 0.000000
vt 0.000000 0.000000
vt 0.010753 0.000000
vt 0.021505 0.000000
vt 0.032258 0.000000
vt 0.043011 0.000000
vt 0.053763 0.000000
vt 0.978495 0.000000
vt 0.064516 0.000000
vt 1.000000 0.000000
vt 0.967742 0.000000
vt 0.956989 0.000000
vt 0.075269 0.000000
vt 0.946237 0.000000
vt 0.935484 0.000000
vt 0.924731 0.000000
vt 0.086022 0.000000
vt 0.913979 0.000000
vt 0.903226 0.000000
vt 0.892473 0.000000
vt 0.096774 0.000000
vt 0.881720 0.000000
vt 0.107527 0.000000
vt 0.870968 0.000000
vt 0.860215 0.000000
vt 0.118280 0.000000
vt 0.849462 0.000000
vt 0.838710 0.000000
vt 0.129032 0.000000
vt 0.827957 0.000000
vt 0.139785 0.000000
vt 0.817204 0.000000
vt 0.150538 0.000000
vt 0.806452 0.000000
vt 0.161290 0.000000
vt 0.795699 0.000000
vt 0.784946 0.000000
vt 0.172043 0.000000
vt 0.774194 0.000000
vt 0.182796 0.000000
vt 0.763441 0.000000
vt 0.193548 0.000000
vt 0.752688 0.000000
vt 0.741935 0.000000
vt 0.204301 0.000000
vt 0.731183 0.000000
vt 0.720430 0.000000
vt 0.666667 0.000000
vt 0.215054 0.000000
vt 0.225806 0.000000
vt 0.236559 0.000000
vt 0.247312 0.000000
vt 0.655914 0.000000
vt 0.258065 0.000000
vt 0.677419 0.000000
vt 0.645161 0.000000
vt 0.634409 0.000000
vt 0.268817 0.000000
vt 0.623656 0.000000
vt 0.612903 0.000000
vt 0.602151 0.000000
vt 0.279570 0.000000
vt 0.591398 0.000000
vt 0.290323 0.000000
vt 0.580645 0.000000
vt 0.301075 0.000000
vt 0.569892 0.000000
vt 0.311828 0.000000
vt 0.559140 0.000000
vt 0.322581 0.000000
vt 0.548387 0.000000
vt 0.333333 0.000000
vt 0.344086 0.000000
vt 0.537634 0.000000
vt 0.354839 0.000000
vt 0.526882 0.000000
vt 0.365591 0.000000
vt 0.376344 0.000000
vt 0.516129 0.000000
vt 0.387097 0.000000
vt 0.397849 0.000000
vt 0.408602 0.000000
vt 0.419355 0.000000
vt 0.430108 0.000000
vt 0.440860 0.000000
vt 0.451613 0.000000
vt 0.462366 0.000000
vt 0.473118 0.000000
vt 0.483871 0.000000
vt 0.505376 0.000000
vt 0.494624 0.000000
vt 0.727273 0.000000
vt 0.818182 0.000000
vt 0.909091 0.000000
vt 0.090909 0.000000
vt 0.363636 0.000000
vt 0.181818 0.000000
vt 0.272727 0.000000
vt 0.454545 0.000000
vt 0.545455 0.000000
vt 0.636364 0.000000
vt 0.166667 0.000000
vt 0.500000 0.000000
vt 0.833333 0.000000
vt 0.484211 0.000000
vt 0.494737 0.000000
vt 0.010526 0.000000
vt 0.473684 0.000000
vt 0.021053 0.000000
vt 0.463158 0.000000
vt 0.031579 0.000000
vt 0.452632 0.000000
vt 0.042105 0.000000
vt 0.442105 0.000000
vt 0.747368 0.000000
vt 0.757895 0.000000
vt 0.736842 0.000000
vt 0.052632 0.000000
vt 0.431579 0.000000
vt 0.726316 0.000000
vt 0.768421 0.000000
vt 0.715789 0.000000
vt 0.778947 0.000000
vt 0.705263 0.000000
vt 0.789474 0.000000
vt 0.063158 0.000000
vt 0.421053 0.000000
vt 0.694737 0.000000
vt 0.800000 0.000000
vt 0.684211 0.000000
vt 0.810526 0.000000
vt 0.073684 0.000000
vt 0.410526 0.000000
vt 0.673684 0.000000
vt 0.821053 0.000000
vt 0.084211 0.000000
vt 0.400000 0.000000
vt 0.663158 0.000000
vt 0.831579 0.000000
vt 0.652632 0.000000
vt 0.842105 0.000000
vt 0.094737 0.000000
vt 0.389474 0.000000
vt 0.642105 0.000000
vt 0.852632 0.000000
vt 0.105263 0.000000
vt 0.378947 0.000000
vt 0.631579 0.000000
vt 0.863158 0.000000
vt 0.115789 0.000000
vt 0.368421 0.000000
vt 0.621053 0.000000
vt 0.873684 0.000000
vt 0.126316 0.000000
vt 0.884211 0.000000
vt 0.610526 0.000000
vt 0.357895 0.000000
vt 0.894737 0.000000
vt 0.600000 0.000000
vt 0.136842 0.000000
vt 0.347368 0.000000
vt 0.905263 0.000000
vt 0.589474 0.000000
vt 0.147368 0.000000
vt 0.336842 0.000000
vt 0.915789 0.000000
vt 0.578947 0.000000
vt 0.157895 0.000000
vt 0.326316 0.000000
vt 0.926316 0.000000
vt 0.568421 0.000000
vt 0.936842 0.000000
vt 0.557895 0.000000
vt 0.168421 0.000000
vt 0.315789 0.000000
vt 0.947368 0.000000
vt 0.547368 0.000000
vt 0.178947 0.000000
vt 0.305263 0.000000
vt 0.957895 0.000000
vt 0.536842 0.000000
vt 0.968421 0.000000
vt 0.526316 0.000000
vt 0.189474 0.000000
vt 0.294737 0.000000
vt 0.978947 0.000000
vt 0.515789 0.000000
vt 0.989474 0.000000
vt 0.505263 0.000000
vt 0.200000 0.000000
vt 0.284211 0.000000
vt 0.210526 0.000000
vt 0.273684 0.000000
vt 0.221053 0.000000
vt 0.263158 0.000000
vt 0.231579 0.000000
vt 0.252632 0.000000
vt 0.242105 0.000000
vt 0.571429 0.000000
vt 0.714286 0.000000
vt 0.642857 0.000000
vt 0.428571 0.000000
vt 0.357143 0.000000
vt 0.785714 0.000000
vt 0.928571 0.000000
vt 0.857143 0.000000
vt 0.142857 0.000000
vt 0.071429 0.000000
vt 0.285714 0.000000
vt 0.214286 0.000000
vt 0.900000 0.000000
vt 0.700000 0.000000
vt 0.100000 0.000000
vt 0.300000 0.000000
vt 0.336634 0.000000
vt 0.356436 0.000000
vt 0.346535 0.000000
vt 0.366337 0.000000
vt 0.376238 0.000000
vt 0.386139 0.000000
vt 0.326733 0.000000
vt 0.396040 0.000000
vt 0.405941 0.000000
vt 0.415842 0.000000
vt 0.316832 0.000000
vt 0.425743 0.000000
vt 0.435644 0.000000
vt 0.306931 0.000000
vt 0.445545 0.000000
vt 0.455446 0.000000
vt 0.297030 0.000000
vt 0.465347 0.000000
vt 0.594059 0.000000
vt 0.584158 0.000000
vt 0.574257 0.000000
vt 0.564356 0.000000
vt 0.554455 0.000000
vt 0.544554 0.000000
vt 0.534653 0.000000
vt 0.524752 0.000000
vt 0.514852 0.000000
vt 0.504951 0.000000
vt 0.495050 0.000000
vt 0.485149 0.000000
vt 0.475248 0.000000
vt 0.603960 0.000000
vt 0.287129 0.000000
vt 0.613861 0.000000
vt 0.623762 0.000000
vt 0.633663 0.000000
vt 0.277228 0.000000
vt 0.643564 0.000000
vt 0.653465 0.000000
vt 0.267327 0.000000
vt 0.663366 0.000000
vt 0.257426 0.000000
vt 0.673267 0.000000
vt 0.683168 0.000000
vt 0.247525 0.000000
vt 0.693069 0.000000
vt 0.237624 0.000000
vt 0.702970 0.000000
vt 0.227723 0.000000
vt 0.712871 0.000000
vt 0.722772 0.000000
vt 0.217822 0.000000
vt 0.970297 0.000000
vt 0.990099 0.000000
vt 0.980198 0.000000
vt 0.960396 0.000000
vt 0.732673 0.000000
vt 0.207921 0.000000
vt 0.742574 0.000000
vt 0.950495 0.000000
vt 0.198020 0.000000
vt 0.752475 0.000000
vt 0.188119 0.000000
vt 0.762376 0.000000
vt 0.772277 0.000000
vt 0.178218 0.000000
vt 0.782178 0.000000
vt 0.168317 0.000000
vt 0.792079 0.000000
vt 0.801980 0.000000
vt 0.940594 0.000000
vt 0.158416 0.000000
vt 0.930693 0.000000
vt 0.920792 0.000000
vt 0.811881 0.000000
vt 0.910891 0.000000
vt 0.900990 0.000000
vt 0.891089 0.000000
vt 0.821782 0.000000
vt 0.881188 0.000000
vt 0.871287 0.000000
vt 0.861386 0.000000
vt 0.831683 0.000000
vt 0.851485 0.000000
vt 0.841584 0.000000
vt 0.148515 0.000000
vt 0.009901 0.000000
vt 0.138614 0.000000
vt 0.019802 0.000000
vt 0.029703 0.000000
vt 0.128713 0.000000
vt 0.039604 0.000000
vt 0.049505 0.000000
vt 0.059406 0.000000
vt 0.118812 0.000000
vt 0.069307 0.000000
vt 0.079208 0.000000
vt 0.089109 0.000000
vt 0.108911 0.000000
vt 0.099010 0.000000
vt 0.000000 0.333333
vt 0.009804 0.333333
vt 0.009804 0.000000
vt 0.000000 0.666667
vt 0.009804 0.666667
vt 0.000000 1.000000
vt 0.009804 1.000000
vt 0.019608 0.333333
vt 0.019608 0.000000
vt 0.019608 0.666667
vt 0.019608 1.000000
vt 0.029412 0.333333
vt 0.029412 0.000000
vt 0.029412 0.666667
vt 0.029412 1.000000
vt 0.039216 0.333333
vt 0.039216 0.000000
vt 0.039216 0.666667
vt 0.039216 1.000000
vt 0.049020 0.333333
vt 0.049020 0.000000
vt 0.049020 0.666667
vt 0.049020 1.000000
vt 0.058824 0.333333
vt 0.058824 0.000000
vt 0.058824 0.666667
vt 0.058824 1.000000
vt 0.068627 0.333333
vt 0.068627 0.000000
vt 0.068627 0.666667
vt 0.068627 1.000000
vt 0.078431 0.333333
vt 0.078431 0.000000
vt 0.078431 0.666667
vt 0.078431 1.000000
vt 0.088235 0.333333
vt 0.088235 0.000000
vt 0.088235 0.666667
vt 0.088235 1.000000
vt 0.098039 0.333333
vt 0.098039 0.000000
vt 0.098039 0.666667
vt 0.098039 1.000000
vt 0.107843 0.333333
vt 0.107843 0.000000
vt 0.107843 0.666667
vt 0.107843 1.000000
vt 0.117647 0.333333
vt 0.117647 0.000000
vt 0.117647 0.666667
vt 0.117647 1.000000
vt 0.127451 0.333333
vt 0.127451 0.000000
vt 0.127451 0.666667
vt 0.127451 1.000000
vt 0.137255 0.333333
vt 0.137255 0.000000
vt 0.137255 0.666667
vt 0.137255 1.000000
vt 0.147059 0.333333
vt 0.147059 0.000000
vt 0.147059 0.666667
vt 0.147059 1.000000
vt 0.156863 0.333333
vt 0.156863 0.000000
vt 0.156863 0.666667
vt 0.156863 1.000000
vt 0.166667 0.333333
vt 0.166667 0.666667
vt 0.166667 1.000000
vt 0.176471 0.333333
vt 0.176471 0.000000
vt 0.176471 0.666667
vt 0.176471 1.000000
vt 0.186275 0.333333
vt 0.186275 0.000000
vt 0.186275 0.666667
vt 0.186275 1.000000
vt 0.196078 0.333333
vt 0.196078 0.000000
vt 0.196078 0.666667
vt 0.196078 1.000000
vt 0.205882 0.333333
vt 0.205882 0.000000
vt 0.205882 0.666667
vt 0.205882 1.000000
vt 0.215686 0.333333
vt 0.215686 0.000000
vt 0.215686 0.666667
vt 0.215686 1.000000
vt 0.225490 0.333333
vt 0.225490 0.000000
vt 0.225490 0.666667
vt 0.225490 1.000000
vt 0.235294 0.333333
vt 0.235294 0.000000
vt 0.235294 0.666667
vt 0.235294 1.000000
vt 0.245098 0.333333
vt 0.245098 0.000000
vt 0.245098 0.666667
vt 0.245098 1.000000
vt 0.254902 0.333333
vt 0.254902 0.000000
vt 0.254902 0.666667
vt 0.254902 1.000000
vt 0.264706 0.333333
vt 0.264706 0.000000
vt 0.264706 0.666667
vt 0.264706 1.000000
vt 0.274510 0.333333
vt 0.274510 0.000000
vt 0.274510 0.666667
vt 0.274510 1.000000
vt 0.284314 0.333333
vt 0.284314 0.000000
vt 0.284314 0.666667
vt 0.284314 1.000000
vt 0.294118 0.333333
vt 0.294118 0.000000
vt 0.294118 0.666667
vt 0.294118 1.000000
vt 0.303922 0.333333
vt 0.303922 0.000000
vt 0.303922 0.666667
vt 0.303922 1.000000
vt 0.313726 0.333333
vt 0.313726 0.000000
vt 0.313726 0.666667
vt 0.313726 1.000000
vt 0.323529 0.333333
vt 0.323529 0.000000
vt 0.323529 0.666667
vt 0.323529 1.000000
vt 0.333333 0.333333
vt 0.333333 0.666667
vt 0.333333 1.000000
vt 0.343137 0.333333
vt 0.343137 0.000000
vt 0.343137 0.666667
vt 0.343137 1.000000
vt 0.352941 0.333333
vt 0.352941 0.000000
vt 0.352941 0.666667
vt 0.352941 1.000000
vt 0.362745 0.333333
vt 0.362745 0.000000
vt 0.362745 0.666667
vt 0.362745 1.000000
vt 0.372549 0.333333
vt 0.372549 0.000000
vt 0.372549 0.666667
vt 0.372549 1.000000
vt 0.382353 0.333333
vt 0.382353 0.000000
vt 0.382353 0.666667
vt 0.382353 1.000000
vt 0.392157 0.333333
vt 0.392157 0.000000
vt 0.392157 0.666667
vt 0.392157 1.000000
vt 0.401961 0.333333
vt 0.401961 0.000000
vt 0.401961 0.666667
vt 0.401961 1.000000
vt 0.411765 0.333333
vt 0.411765 0.000000
vt 0.411765 0.666667
vt 0.411765 1.000000
vt 0.421569 0.333333
vt 0.421569 0.000000
vt 0.421569 0.666667
vt 0.421569 1.000000
vt 0.431373 0.333333
vt 0.431373 0.000000
vt 0.431373 0.666667
vt 0.431373 1.000000
vt 0.441176 0.333333
vt 0.441176 0.000000
vt 0.441176 0.666667
vt 0.441176 1.000000
vt 0.450980 0.333333
vt 0.450980 0.000000
vt 0.450980 0.666667
vt 0.450980 1.000000
vt 0.460784 0.333333
vt 0.460784 0.000000
vt 0.460784 0.666667
vt 0.460784 1.000000
vt 0.470588 0.333333
vt 0.470588 0.000000
vt 0.470588 0.666667
vt 0.470588 1.000000
vt 0.480392 0.333333
vt 0.480392 0.000000
vt 0.480392 0.666667
vt 0.480392 1.000000
vt 0.490196 0.333333
vt 0.490196 0.000000
vt 0.490196 0.666667
vt 0.490196 1.000000
vt 0.500000 0.333333
vt 0.500000 0.666667
vt 0.500000 1.000000
vt 0.509804 0.333333
vt 0.509804 0.000000
vt 0.509804 0.666667
vt 0.509804 1.000000
vt 0.519608 0.333333
vt 0.519608 0.000000
vt 0.519608 0.666667
vt 0.519608 1.000000
vt 0.529412 0.333333
vt 0.529412 0.000000
vt 0.529412 0.666667
vt 0.529412 1.000000
vt 0.539216 0.333333
vt 0.539216 0.000000
vt 0.539216 0.666667
vt 0.539216 1.000000
vt 0.549020 0.333333
vt 0.549020 0.000000
vt 0.549020 0.666667
vt 0.549020 1.000000
vt 0.558824 0.333333
vt 0.558824 0.000000
vt 0.558824 0.666667
vt 0.558824 1.000000
vt 0.568627 0.333333
vt 0.568627 0.000000
vt 0.568627 0.666667
vt 0.568627 1.000000
vt 0.578431 0.333333
vt 0.578431 0.000000
vt 0.578431 0.666667
vt 0.578431 1.000000
vt 0.588235 0.333333
vt 0.588235 0.000000
vt 0.588235 0.666667
vt 0.588235 1.000000
vt 0.598039 0.333333
vt 0.598039 0.000000
vt 0.598039 0.666667
vt 0.598039 1.000000
vt 0.607843 0.333333
vt 0.607843 0.000000
vt 0.607843 0.666667
vt 0.607843 1.000000
vt 0.617647 0.333333
vt 0.617647 0.000000
vt 0.617647 0.666667
vt 0.617647 1.000000
vt 0.627451 0.333333
vt 0.627451 0.000000
vt 0.627451 0.666667
vt 0.627451 1.000000
vt 0.637255 0.333333
vt 0.637255 0.000000
vt 0.637255 0.666667
vt 0.637255 1.000000
vt 0.647059 0.333333
vt 0.647059 0.000000
vt 0.647059 0.666667
vt 0.647059 1.000000
vt 0.656863 0.333333
vt 0.656863 0.000000
vt 0.656863 0.666667
vt 0.656863 1.000000
vt 0.666667 0.333333
vt 0.666667 0.666667
vt 0.666667 1.000000
vt 0.676471 0.333333
vt 0.676471 0.000000
vt 0.676471 0.666667
vt 0.676471 1.000000
vt 0.686275 0.333333
vt 0.686275 0.000000
vt 0.686275 0.666667
vt 0.686275 1.000000
vt 0.696078 0.333333
vt 0.696078 0.000000
vt 0.696078 0.666667
vt 0.696078 1.000000
vt 0.705882 0.333333
vt 0.705882 0.000000
vt 0.705882 0.666667
vt 0.705882 1.000000
vt 0.715686 0.333333
vt 0.715686 0.000000
vt 0.715686 0.666667
vt 0.715686 1.000000
vt 0.725490 0.333333
vt 0.725490 0.000000
vt 0.725490 0.666667
vt 0.725490 1.000000
vt 0.735294 0.333333
vt 0.735294 0.000000
vt 0.735294 0.666667
vt 0.735294 1.000000
vt 0.745098 0.333333
vt 0.745098 0.000000
vt 0.745098 0.666667
vt 0.745098 1.000000
vt 0.754902 0.333333
vt 0.754902 0.000000
vt 0.754902 0.666667
vt 0.754902 1.000000
vt 0.764706 0.333333
vt 0.764706 0.000000
vt 0.764706 0.666667
vt 0.764706 1.000000
vt 0.774510 0.333333
vt 0.774510 0.000000
vt 0.774510 0.666667
vt 0.774510 1.000000
vt 0.784314 0.333333
vt 0.784314 0.000000
vt 0.784314 0.666667
vt 0.784314 1.000000
vt 0.794118 0.333333
vt 0.794118 0.000000
vt 0.794118 0.666667
vt 0.794118 1.000000
vt 0.803922 0.333333
vt 0.803922 0.000000
vt 0.803922 0.666667
vt 0.803922 1.000000
vt 0.813725 0.333333
vt 0.813725 0.000000
vt 0.813725 0.666667
vt 0.813725 1.000000
vt 0.823529 0.333333
vt 0.823529 0.000000
vt 0.823529 0.666667
vt 0.823529 1.000000
vt 0.833333 0.333333
vt 0.833333 0.666667
vt 0.833333 1.000000
vt 0.843137 0.333333
vt 0.843137 0.000000
vt 0.843137 0.666667
vt 0.843137 1.000000
vt 0.852941 0.333333
vt 0.852941 0.000000
vt 0.852941 0.666667
vt 0.852941 1.000000
vt 0.862745 0.333333
vt 0.862745 0.000000
vt 0.862745 0.666667
vt 0.862745 1.000000
vt 0.872549 0.333333
vt 0.872549 0.000000
vt 0.872549 0.666667
vt 0.872549 1.000000
vt 0.882353 0.333333
vt 0.882353 0.000000
vt 0.882353 0.666667
vt 0.882353 1.000000
vt 0.892157 0.333333
vt 0.892157 0.000000
vt 0.892157 0.666667
vt 0.892157 1.000000
vt 0.901961 0.333333
vt 0.901961 0.000000
vt 0.901961 0.666667
vt 0.901961 1.000000
vt 0.911765 0.333333
vt 0.911765 0.000000
vt 0.911765 0.666667
vt 0.911765 1.000000
vt 0.921569 0.333333
vt 0.921569 0.000000
vt 0.921569 0.666667
vt 0.921569 1.000000
vt 0.931373 0.333333
vt 0.931373 0.000000
vt 0.931373 0.666667
vt 0.931373 1.000000
vt 0.941176 0.333333
vt 0.941176 0.000000
vt 0.941176 0.666667
vt 0.941176 1.000000
vt 0.950980 0.333333
vt 0.950980 0.000000
vt 0.950980 0.666667
vt 0.950980 1.000000
vt 0.960784 0.333333
vt 0.960784 0.000000
vt 0.960784 0.666667
vt 0.960784 1.000000
vt 0.970588 0.333333
vt 0.970588 0.000000
vt 0.970588 0.666667
vt 0.970588 1.000000
vt 0.980392 0.333333
vt 0.980392 0.000000
vt 0.980392 0.666667
vt 0.980392 1.000000
vt 0.990196 0.333333
vt 0.990196 0.000000
vt 0.990196 0.666667
vt 0.990196 1.000000
vt 1.000000 0.333333
vt 1.000000 0.666667
vt 1.000000 1.000000
vt 0.125000 0.333333
vt 0.125000 0.000000
vt 0.125000 0.666667
vt 0.125000 1.000000
vt 0.250000 0.333333
vt 0.250000 0.000000
vt 0.250000 0.666667
vt 0.250000 1.000000
vt 0.375000 0.333333
vt 0.375000 0.000000
vt 0.375000 0.666667
vt 0.375000 1.000000
vt 0.625000 0.333333
vt 0.625000 0.000000
vt 0.625000 0.666667
vt 0.625000 1.000000
vt 0.750000 0.333333
vt 0.750000 0.000000
vt 0.750000 0.666667
vt 0.750000 1.000000
vt 0.875000 0.333333
vt 0.875000 0.000000
vt 0.875000 0.666667
vt 0.875000 1.000000
vt 0.066667 0.333333
vt 0.066667 0.000000
vt 0.066667 0.666667
vt 0.066667 1.000000
vt 0.133333 0.333333
vt 0.133333 0.000000
vt 0.133333 0.666667
vt 0.133333 1.000000
vt 0.200000 0.333333
vt 0.200000 0.666667
vt 0.200000 1.000000
vt 0.266667 0.333333
vt 0.266667 0.000000
vt 0.266667 0.666667
vt 0.266667 1.000000
vt 0.400000 0.333333
vt 0.400000 0.666667
vt 0.400000 1.000000
vt 0.466667 0.333333
vt 0.466667 0.000000
vt 0.466667 0.666667
vt 0.466667 1.000000
vt 0.533333 0.333333
vt 0.533333 0.000000
vt 0.533333 0.666667
vt 0.533333 1.000000
vt 0.600000 0.333333
vt 0.600000 0.666667
vt 0.600000 1.000000
vt 0.733333 0.333333
vt 0.733333 0.000000
vt 0.733333 0.666667
vt 0.733333 1.000000
vt 0.800000 0.333333
vt 0.800000 0.666667
vt 0.800000 1.000000
vt 0.866667 0.333333
vt 0.866667 0.000000
vt 0.866667 0.666667
vt 0.866667 1.000000
vt 0.933333 0.333333
vt 0.933333 0.000000
vt 0.933333 0.666667
vt 0.933333 1.000000
vt 0.083333 0.333333
vt 0.083333 0.000000
vt 0.083333 0.666667
vt 0.083333 1.000000
vt 0.416667 0.333333
vt 0.416667 0.000000
vt 0.416667 0.666667
vt 0.416667 1.000000
vt 0.583333 0.333333
vt 0.583333 0.000000
vt 0.583333 0.666667
vt 0.583333 1.000000
vt 0.916667 0.333333
vt 0.916667 0.000000
vt 0.916667 0.666667
vt 0.916667 1.000000
vt 0.020833 0.333333
vt 0.020833 0.000000
vt 0.020833 0.666667
vt 0.020833 1.000000
vt 0.041667 0.333333
vt 0.041667 0.000000
vt 0.041667 0.666667
vt 0.041667 1.000000
vt 0.062500 0.333333
vt 0.062500 0.000000
vt 0.062500 0.666667
vt 0.062500 1.000000
vt 0.104167 0.333333
vt 0.104167 0.000000
vt 0.104167 0.666667
vt 0.104167 1.000000
vt 0.145833 0.333333
vt 0.145833 0.000000
vt 0.145833 0.666667
vt 0.145833 1.000000
vt 0.187500 0.333333
vt 0.187500 0.000000
vt 0.187500 0.666667
vt 0.187500 1.000000
vt 0.208333 0.333333
vt 0.208333 0.000000
vt 0.208333 0.666667
vt 0.208333 1.000000
vt 0.229167 0.333333
vt 0.229167 0.000000
vt 0.229167 0.666667
vt 0.229167 1.000000
vt 0.270833 0.333333
vt 0.270833 0.000000
vt 0.270833 0.666667
vt 0.270833 1.000000
vt 0.291667 0.333333
vt 0.291667 0.000000
vt 0.291667 0.666667
vt 0.291667 1.000000
vt 0.312500 0.333333
vt 0.312500 0.000000
vt 0.312500 0.666667
vt 0.312500 1.000000
vt 0.354167 0.333333
vt 0.354167 0.000000
vt 0.354167 0.666667
vt 0.354167 1.000000
vt 0.395833 0.333333
vt 0.395833 0.000000
vt 0.395833 0.666667
vt 0.395833 1.000000
vt 0.437500 0.333333
vt 0.437500 0.000000
vt 0.437500 0.666667
vt 0.437500 1.000000
vt 0.458333 0.333333
vt 0.458333 0.000000
vt 0.458333 0.666667
vt 0.458333 1.000000
vt 0.479167 0.333333
vt 0.479167 0.000000
vt 0.479167 0.666667
vt 0.479167 1.000000
vt 0.520833 0.333333
vt 0.520833 0.000000
vt 0.520833 0.666667
vt 0.520833 1.000000
vt 0.541667 0.333333
vt 0.541667 0.000000
vt 0.541667 0.666667
vt 0.541667 1.000000
vt 0.562500 0.333333
vt 0.562500 0.000000
vt 0.562500 0.666667
vt 0.562500 1.000000
vt 0.604167 0.333333
vt 0.604167 0.000000
vt 0.604167 0.666667
vt 0.604167 1.000000
vt 0.645833 0.333333
vt 0.645833 0.000000
vt 0.645833 0.666667
vt 0.645833 1.000000
vt 0.687500 0.333333
vt 0.687500 0.000000
vt 0.687500 0.666667
vt 0.687500 1.000000
vt 0.708333 0.333333
vt 0.708333 0.000000
vt 0.708333 0.666667
vt 0.708333 1.000000
vt 0.729167 0.333333
vt 0.729167 0.000000
vt 0.729167 0.666667
vt 0.729167 1.000000
vt 0.770833 0.333333
vt 0.770833 0.000000
vt 0.770833 0.666667
vt 0.770833 1.000000
vt 0.791667 0.333333
vt 0.791667 0.000000
vt 0.791667 0.666667
vt 0.791667 1.000000
vt 0.812500 0.333333
vt 0.812500 0.000000
vt 0.812500 0.666667
vt 0.812500 1.000000
vt 0.854167 0.333333
vt 0.854167 0.000000
vt 0.854167 0.666667
vt 0.854167 1.000000
vt 0.895833 0.333333
vt 0.895833 0.000000
vt 0.895833 0.666667
vt 0.895833 1.000000
vt 0.937500 0.333333
vt 0.937500 0.000000
vt 0.937500 0.666667
vt 0.937500 1.000000
vt 0.958333 0.333333
vt 0.958333 0.000000
vt 0.958333 0.666667
vt 0.958333 1.000000
vt 0.979167 0.333333
vt 0.979167 0.000000
vt 0.979167 0.666667
vt 0.979167 1.000000
vt 0.142857 0.333333
vt 0.142857 0.666667
vt 0.142857 1.000000
vt 0.285714 0.333333
vt 0.285714 0.666667
vt 0.285714 1.000000
vt 0.428571 0.333333
vt 0.428571 0.666667
vt 0.428571 1.000000
vt 0.571429 0.333333
vt 0.571429 0.666667
vt 0.571429 1.000000
vt 0.714286 0.333333
vt 0.714286 0.666667
vt 0.714286 1.000000
vt 0.857143 0.333333
vt 0.857143 0.666667
vt 0.857143 1.000000
vt 0.014925 0.333333
vt 0.014925 0.000000
vt 0.014925 0.666667
vt 0.014925 1.000000
vt 0.029851 0.333333
vt 0.029851 0.000000
vt 0.029851 0.666667
vt 0.029851 1.000000
vt 0.044776 0.333333
vt 0.044776 0.000000
vt 0.044776 0.666667
vt 0.044776 1.000000
vt 0.059701 0.333333
vt 0.059701 0.000000
vt 0.059701 0.666667
vt 0.059701 1.000000
vt 0.074627 0.333333
vt 0.074627 0.000000
vt 0.074627 0.666667
vt 0.074627 1.000000
vt 0.089552 0.333333
vt 0.089552 0.000000
vt 0.089552 0.666667
vt 0.089552 1.000000
vt 0.104478 0.333333
vt 0.104478 0.000000
vt 0.104478 0.666667
vt 0.104478 1.000000
vt 0.119403 0.333333
vt 0.119403 0.000000
vt 0.119403 0.666667
vt 0.119403 1.000000
vt 0.134328 0.333333
vt 0.134328 0.000000
vt 0.134328 0.666667
vt 0.134328 1.000000
vt 0.149254 0.333333
vt 0.149254 0.000000
vt 0.149254 0.666667
vt 0.149254 1.000000
vt 0.164179 0.333333
vt 0.164179 0.000000
vt 0.164179 0.666667
vt 0.164179 1.000000
vt 0.179104 0.333333
vt 0.179104 0.000000
vt 0.179104 0.666667
vt 0.179104 1.000000
vt 0.194030 0.333333
vt 0.194030 0.000000
vt 0.194030 0.666667
vt 0.194030 1.000000
vt 0.208955 0.333333
vt 0.208955 0.000000
vt 0.208955 0.666667
vt 0.208955 1.000000
vt 0.223881 0.333333
vt 0.223881 0.000000
vt 0.223881 0.666667
vt 0.223881 1.000000
vt 0.238806 0.333333
vt 0.238806 0.000000
vt 0.238806 0.666667
vt 0.238806 1.000000
vt 0.253731 0.333333
vt 0.253731 0.000000
vt 0.253731 0.666667
vt 0.253731 1.000000
vt 0.268657 0.333333
vt 0.268657 0.000000
vt 0.268657 0.666667
vt 0.268657 1.000000
vt 0.283582 0.333333
vt 0.283582 0.000000
vt 0.283582 0.666667
vt 0.283582 1.000000
vt 0.298507 0.333333
vt 0.298507 0.000000
vt 0.298507 0.666667
vt 0.298507 1.000000
vt 0.313433 0.333333
vt 0.313433 0.000000
vt 0.313433 0.666667
vt 0.313433 1.000000
vt 0.328358 0.333333
vt 0.328358 0.000000
vt 0.328358 0.666667
vt 0.328358 1.000000
vt 0.343284 0.333333
vt 0.343284 0.000000
vt 0.343284 0.666667
vt 0.343284 1.000000
vt 0.358209 0.333333
vt 0.358209 0.000000
vt 0.358209 0.666667
vt 0.358209 1.000000
vt 0.373134 0.333333
vt 0.373134 0.000000
vt 0.373134 0.666667
vt 0.373134 1.000000
vt 0.388060 0.333333
vt 0.388060 0.000000
vt 0.388060 0.666667
vt 0.388060 1.000000
vt 0.402985 0.333333
vt 0.402985 0.000000
vt 0.402985 0.666667
vt 0.402985 1.000000
vt 0.417910 0.333333
vt 0.417910 0.000000
vt 0.417910 0.666667
vt 0.417910 1.000000
vt 0.432836 0.333333
vt 0.432836 0.000000
vt 0.432836 0.666667
vt 0.432836 1.000000
vt 0.447761 0.333333
vt 0.447761 0.000000
vt 0.447761 0.666667
vt 0.447761 1.000000
vt 0.462687 0.333333
vt 0.462687 0.000000
vt 0.462687 0.666667
vt 0.462687 1.000000
vt 0.477612 0.333333
vt 0.477612 0.000000
vt 0.477612 0.666667
vt 0.477612 1.000000
vt 0.492537 0.333333
vt 0.492537 0.000000
vt 0.492537 0.666667
vt 0.492537 1.000000
vt 0.507463 0.333333
vt 0.507463 0.000000
vt 0.507463 0.666667
vt 0.507463 1.000000
vt 0.522388 0.333333
vt 0.522388 0.000000
vt 0.522388 0.666667
vt 0.522388 1.000000
vt 0.537313 0.333333
vt 0.537313 0.000000
vt 0.537313 0.666667
vt 0.537313 1.000000
vt 0.552239 0.333333
vt 0.552239 0.000000
vt 0.552239 0.666667
vt 0.552239 1.000000
vt 0.567164 0.333333
vt 0.567164 0.000000
vt 0.567164 0.666667
vt 0.567164 1.000000
vt 0.582090 0.333333
vt 0.582090 0.000000
vt 0.582090 0.666667
vt 0.582090 1.000000
vt 0.597015 0.333333
vt 0.597015 0.000000
vt 0.597015 0.666667
vt 0.597015 1.000000
vt 0.611940 0.333333
vt 0.611940 0.000000
vt 0.611940 0.666667
vt 0.611940 1.000000
vt 0.626866 0.333333
vt 0.626866 0.000000
vt 0.626866 0.666667
vt 0.626866 1.000000
vt 0.641791 0.333333
vt 0.641791 0.000000
vt 0.641791 0.666667
vt 0.641791 1.000000
vt 0.656716 0.333333
vt 0.656716 0.000000
vt 0.656716 0.666667
vt 0.656716 1.000000
vt 0.671642 0.333333
vt 0.671642 0.000000
vt 0.671642 0.666667
vt 0.671642 1.000000
vt 0.686567 0.333333
vt 0.686567 0.000000
vt 0.686567 0.666667
vt 0.686567 1.000000
vt 0.701493 0.333333
vt 0.701493 0.000000
vt 0.701493 0.666667
vt 0.701493 1.000000
vt 0.716418 0.333333
vt 0.716418 0.000000
vt 0.716418 0.666667
vt 0.716418 1.000000
vt 0.731343 0.333333
vt 0.731343 0.000000
vt 0.731343 0.666667
vt 0.731343 1.000000
vt 0.746269 0.333333
vt 0.746269 0.000000
vt 0.746269 0.666667
vt 0.746269 1.000000
vt 0.761194 0.333333
vt 0.761194 0.000000
vt 0.761194 0.666667
vt 0.761194 1.000000
vt 0.776119 0.333333
vt 0.776119 0.000000
vt 0.776119 0.666667
vt 0.776119 1.000000
vt 0.791045 0.333333
vt 0.791045 0.000000
vt 0.791045 0.666667
vt 0.791045 1.000000
vt 0.805970 0.333333
vt 0.805970 0.000000
vt 0.805970 0.666667
vt 0.805970 1.000000
vt 0.820895 0.333333
vt 0.820895 0.000000
vt 0.820895 0.666667
vt 0.820895 1.000000
vt 0.835821 0.333333
vt 0.835821 0.000000
vt 0.835821 0.666667
vt 0.835821 1.000000
vt 0.850746 0.333333
vt 0.850746 0.000000
vt 0.850746 0.666667
vt 0.850746 1.000000
vt 0.865672 0.333333
vt 0.865672 0.000000
vt 0.865672 0.666667
vt 0.865672 1.000000
vt 0.880597 0.333333
vt 0.880597 0.000000
vt 0.880597 0.666667
vt 0.880597 1.000000
vt 0.895522 0.333333
vt 0.895522 0.000000
vt 0.895522 0.666667
vt 0.895522 1.000000
vt 0.910448 0.333333
vt 0.910448 0.000000
vt 0.910448 0.666667
vt 0.910448 1.000000
vt 0.925373 0.333333
vt 0.925373 0.000000
vt 0.925373 0.666667
vt 0.925373 1.000000
vt 0.940298 0.333333
vt 0.940298 0.000000
vt 0.940298 0.666667
vt 0.940298 1.000000
vt 0.955224 0.333333
vt 0.955224 0.000000
vt 0.955224 0.666667
vt 0.955224 1.000000
vt 0.970149 0.333333
vt 0.970149 0.000000
vt 0.970149 0.666667
vt 0.970149 1.000000
vt 0.985075 0.333333
vt 0.985075 0.000000
vt 0.985075 0.666667
vt 0.985075 1.000000
vt 0.037037 0.333333
vt 0.037037 0.000000
vt 0.037037 0.666667
vt 0.037037 1.000000
vt 0.074074 0.333333
vt 0.074074 0.000000
vt 0.074074 0.666667
vt 0.074074 1.000000
vt 0.111111 0.333333
vt 0.111111 0.000000
vt 0.111111 0.666667
vt 0.111111 1.000000
vt 0.148148 0.333333
vt 0.148148 0.000000
vt 0.148148 0.666667
vt 0.148148 1.000000
vt 0.185185 0.333333
vt 0.185185 0.000000
vt 0.185185 0.666667
vt 0.185185 1.000000
vt 0.222222 0.333333
vt 0.222222 0.000000
vt 0.222222 0.666667
vt 0.222222 1.000000
vt 0.259259 0.333333
vt 0.259259 0.000000
vt 0.259259 0.666667
vt 0.259259 1.000000
vt 0.296296 0.333333
vt 0.296296 0.000000
vt 0.296296 0.666667
vt 0.296296 1.000000
vt 0.370370 0.333333
vt 0.370370 0.000000
vt 0.370370 0.666667
vt 0.370370 1.000000
vt 0.407407 0.333333
vt 0.407407 0.000000
vt 0.407407 0.666667
vt 0.407407 1.000000
vt 0.444444 0.333333
vt 0.444444 0.000000
vt 0.444444 0.666667
vt 0.444444 1.000000
vt 0.481481 0.333333
vt 0.481481 0.000000
vt 0.481481 0.666667
vt 0.481481 1.000000
vt 0.518519 0.333333
vt 0.518519 0.000000
vt 0.518519 0.666667
vt 0.518519 1.000000
vt 0.555556 0.333333
vt 0.555556 0.000000
vt 0.555556 0.666667
vt 0.555556 1.000000
vt 0.592593 0.333333
vt 0.592593 0.000000
vt 0.592593 0.666667
vt 0.592593 1.000000
vt 0.629630 0.333333
vt 0.629630 0.000000
vt 0.629630 0.666667
vt 0.629630 1.000000
vt 0.703704 0.333333
vt 0.703704 0.000000
vt 0.703704 0.666667
vt 0.703704 1.000000
vt 0.740741 0.333333
vt 0.740741 0.000000
vt 0.740741 0.666667
vt 0.740741 1.000000
vt 0.777778 0.333333
vt 0.777778 0.000000
vt 0.777778 0.666667
vt 0.777778 1.000000
vt 0.814815 0.333333
vt 0.814815 0.000000
vt 0.814815 0.666667
vt 0.814815 1.000000
vt 0.851852 0.333333
vt 0.851852 0.000000
vt 0.851852 0.666667
vt 0.851852 1.000000
vt 0.888889 0.333333
vt 0.888889 0.000000
vt 0.888889 0.666667
vt 0.888889 1.000000
vt 0.925926 0.333333
vt 0.925926 0.000000
vt 0.925926 0.666667
vt 0.925926 1.000000
vt 0.962963 0.333333
vt 0.962963 0.000000
vt 0.962963 0.666667
vt 0.962963 1.000000
s 1
usemtl マテリアル.001
f 65/1/1 93/2/1 66/3/1
f 93/2/1 67/4/1 66/3/1
f 93/2/1 1/5/1 67/4/1
f 93/2/1 2/6/1 1/5/1
f 93/2/1 3/7/1 2/6/1
f 93/2/1 4/8/1 3/7/1
f 93/2/1 5/9/1 4/8/1
f 93/2/1 6/10/1 5/9/1
f 93/2/1 92/11/1 6/10/1
f 92/11/1 7/12/1 6/10/1
f 65/1/1 94/13/1 93/2/1
f 91/14/1 7/12/1 92/11/1
f 90/15/2 7/12/1 91/14/1
f 90/15/2 8/16/1 7/12/1
f 89/17/1 8/16/1 90/15/2
f 88/18/1 8/16/1 89/17/1
f 87/19/1 8/16/1 88/18/1
f 87/19/1 9/20/1 8/16/1
f 86/21/1 9/20/1 87/19/1
f 85/22/1 9/20/1 86/21/1
f 84/23/1 9/20/1 85/22/1
f 84/23/1 10/24/1 9/20/1
f 83/25/1 10/24/1 84/23/1
f 83/25/1 11/26/1 10/24/1
f 82/27/1 11/26/1 83/25/1
f 81/28/1 11/26/1 82/27/1
f 81/28/1 12/29/1 11/26/1
f 80/30/1 12/29/1 81/28/1
f 79/31/1 12/29/1 80/30/1
f 79/31/1 13/32/1 12/29/1
f 78/33/1 13/32/1 79/31/1
f 78/33/1 14/34/1 13/32/1
f 77/35/1 14/34/1 78/33/1
f 77/35/1 15/36/1 14/34/1
f 76/37/1 15/36/1 77/35/1
f 76/37/1 16/38/1 15/36/1
f 75/39/1 16/38/1 76/37/1
f 74/40/1 16/38/1 75/39/1
f 74/40/1 17/41/1 16/38/1
f 73/42/1 17/41/1 74/40/1
f 73/42/1 18/43/1 17/41/1
f 72/44/1 18/43/1 73/42/1
f 72/44/1 19/45/1 18/43/1
f 71/46/1 19/45/1 72/44/1
f 70/47/1 19/45/1 71/46/1
f 70/47/1 20/48/1 19/45/1
f 69/49/1 20/48/1 70/47/1
f 68/50/1 20/48/1 69/49/1
f 65/1/1 63/51/1 94/13/1
f 63/51/1 68/50/1 94/13/1
f 63/51/1 20/48/1 68/50/1
f 63/51/1 21/52/1 20/48/1
f 63/51/1 22/53/3 21/52/1
f 63/51/1 23/54/1 22/53/3
f 63/51/1 24/55/1 23/54/1
f 63/51/1 62/56/1 24/55/1
f 62/56/1 25/57/1 24/55/1
f 65/1/1 64/58/1 63/51/1
f 61/59/2 25/57/1 62/56/1
f 60/60/1 25/57/1 61/59/2
f 60/60/1 26/61/1 25/57/1
f 59/62/3 26/61/1 60/60/1
f 58/63/1 26/61/1 59/62/3
f 57/64/1 26/61/1 58/63/1
f 57/64/1 27/65/1 26/61/1
f 56/66/1 27/65/1 57/64/1
f 56/66/1 28/67/1 27/65/1
f 55/68/1 28/67/1 56/66/1
f 55/68/1 29/69/1 28/67/1
f 54/70/1 29/69/1 55/68/1
f 54/70/1 30/71/1 29/69/1
f 53/72/1 30/71/1 54/70/1
f 53/72/1 31/73/1 30/71/1
f 52/74/1 31/73/1 53/72/1
f 52/74/1 32/75/1 31/73/1
f 52/74/1 33/76/1 32/75/1
f 51/77/1 33/76/1 52/74/1
f 51/77/1 34/78/1 33/76/1
f 50/79/1 34/78/1 51/77/1
f 50/79/1 35/80/1 34/78/1
f 50/79/1 36/81/1 35/80/1
f 49/82/1 36/81/1 50/79/1
f 49/82/1 37/83/1 36/81/1
f 49/82/1 38/84/1 37/83/1
f 49/82/1 39/85/1 38/84/1
f 49/82/1 40/86/1 39/85/1
f 49/82/1 41/87/1 40/86/1
f 49/82/1 42/88/1 41/87/1
f 49/82/1 43/89/1 42/88/1
f 49/82/1 44/90/1 43/89/1
f 49/82/1 45/91/1 44/90/1
f 49/82/1 46/92/1 45/91/1
f 49/82/1 48/93/1 46/92/1
f 48/93/1 47/94/1 46/92/1
f 103/95/1 95/5/1 104/96/1
f 95/5/1 105/97/1 104/96/1
f 95/5/1 106/13/1 105/97/1
f 103/95/1 96/98/1 95/5/1
f 103/95/1 99/99/1 96/98/1
f 99/99/1 97/100/1 96/98/1
f 99/99/1 98/101/1 97/100/1
f 103/95/1 100/102/1 99/99/1
f 103/95/1 101/103/1 100/102/1
f 103/95/1 102/104/1 101/103/1
f 107/5/1 109/75/1 108/105/1
f 107/5/1 110/106/1 109/75/1
f 110/106/1 112/107/1 111/51/1
f 110/106/1 113/13/1 112/107/1
f 107/5/1 113/13/1 110/106/1
f 160/108/1 114/5/1 161/109/1
f 160/108/1 115/110/1 114/5/1
f 159/111/1 115/110/1 160/108/1
f 159/111/1 116/112/1 115/110/1
f 158/113/1 116/112/1 159/111/1
f 158/113/1 117/114/1 116/112/1
f 157/115/1 117/114/1 158/113/1
f 157/115/1 118/116/1 117/114/1
f 156/117/1 185/118/1 157/115/1
f 185/118/1 118/116/1 157/115/1
f 156/117/1 186/119/3 185/118/1
f 184/120/3 118/116/1 185/118/1
f 184/120/3 119/121/1 118/116/1
f 155/122/1 186/119/3 156/117/1
f 183/123/1 119/121/1 184/120/3
f 155/122/1 187/124/1 186/119/3
f 182/125/1 119/121/1 183/123/1
f 155/122/1 188/126/1 187/124/1
f 181/127/1 119/121/1 182/125/1
f 155/122/1 189/128/1 188/126/1
f 181/127/1 120/129/1 119/121/1
f 154/130/1 189/128/1 155/122/1
f 180/131/1 120/129/1 181/127/1
f 154/130/1 190/132/1 189/128/1
f 179/133/1 120/129/1 180/131/1
f 154/130/1 191/134/1 190/132/1
f 179/133/1 121/135/1 120/129/1
f 153/136/1 191/134/1 154/130/1
f 178/137/1 121/135/1 179/133/1
f 153/136/1 192/138/1 191/134/1
f 178/137/1 122/139/1 121/135/1
f 152/140/1 192/138/1 153/136/1
f 177/141/1 122/139/1 178/137/1
f 152/140/1 193/142/1 192/138/1
f 176/143/1 122/139/1 177/141/1
f 152/140/1 194/144/1 193/142/1
f 176/143/1 123/145/1 122/139/1
f 151/146/1 194/144/1 152/140/1
f 175/147/1 123/145/1 176/143/1
f 151/146/1 195/148/1 194/144/1
f 175/147/1 124/149/1 123/145/1
f 150/150/1 195/148/1 151/146/1
f 174/151/1 124/149/1 175/147/1
f 150/150/1 196/152/1 195/148/1
f 174/151/1 125/153/1 124/149/1
f 149/154/1 196/152/1 150/150/1
f 173/155/1 125/153/1 174/151/1
f 149/154/1 197/156/1 196/152/1
f 173/155/1 126/157/1 125/153/1
f 149/154/1 198/158/1 197/156/1
f 172/159/1 126/157/1 173/155/1
f 148/160/1 198/158/1 149/154/1
f 148/160/1 199/161/1 198/158/1
f 171/162/1 126/157/1 172/159/1
f 171/162/1 127/163/1 126/157/1
f 147/164/1 199/161/1 148/160/1
f 147/164/1 200/165/1 199/161/1
f 170/166/1 127/163/1 171/162/1
f 170/166/1 128/167/1 127/163/1
f 146/168/1 200/165/1 147/164/1
f 146/168/1 201/169/1 200/165/1
f 169/170/1 128/167/1 170/166/1
f 169/170/1 129/171/1 128/167/1
f 145/172/1 201/169/1 146/168/1
f 145/172/1 202/173/1 201/169/1
f 168/174/1 129/171/1 169/170/1
f 145/172/1 203/175/1 202/173/1
f 167/176/1 129/171/1 168/174/1
f 167/176/1 130/177/1 129/171/1
f 144/178/1 203/175/1 145/172/1
f 144/178/1 204/179/1 203/175/1
f 166/180/1 130/177/1 167/176/1
f 166/180/1 131/181/1 130/177/1
f 143/182/1 204/179/1 144/178/1
f 143/182/1 205/183/1 204/179/1
f 165/184/1 131/181/1 166/180/1
f 143/182/1 206/185/1 205/183/1
f 164/186/1 131/181/1 165/184/1
f 164/186/1 132/187/1 131/181/1
f 142/188/1 206/185/1 143/182/1
f 142/188/1 207/189/1 206/185/1
f 163/190/1 132/187/1 164/186/1
f 142/188/1 208/191/1 207/189/1
f 162/192/1 132/187/1 163/190/1
f 162/192/1 133/193/1 132/187/1
f 141/194/1 208/191/1 142/188/1
f 141/194/1 209/13/1 208/191/1
f 209/13/1 133/193/1 162/192/1
f 141/194/1 133/193/1 209/13/1
f 141/194/1 134/195/1 133/193/1
f 140/196/1 134/195/1 141/194/1
f 140/196/1 135/197/1 134/195/1
f 139/198/1 135/197/1 140/196/1
f 139/198/1 136/199/1 135/197/1
f 138/200/3 136/199/1 139/198/1
f 138/200/3 137/201/3 136/199/1
f 218/95/1 210/5/1 219/96/1
f 210/5/1 220/97/1 219/96/1
f 210/5/1 221/13/1 220/97/1
f 218/95/1 211/98/1 210/5/1
f 218/95/1 214/99/1 211/98/1
f 214/99/1 212/100/1 211/98/1
f 214/99/1 213/101/1 212/100/1
f 218/95/1 215/102/1 214/99/1
f 218/95/1 216/103/1 215/102/1
f 218/95/1 217/104/1 216/103/1
f 230/202/1 232/203/1 231/204/1
f 230/202/1 228/205/1 232/203/1
f 228/205/1 227/206/1 232/203/1
f 227/206/1 233/207/1 232/203/1
f 233/207/1 235/208/1 234/209/1
f 233/207/1 224/210/1 235/208/1
f 224/210/1 223/211/1 235/208/1
f 223/211/1 236/13/1 235/208/1
f 230/202/1 229/106/1 228/205/1
f 226/212/1 233/207/1 227/206/1
f 233/207/1 225/213/1 224/210/1
f 222/5/1 236/13/1 223/211/1
f 226/212/1 225/213/1 233/207/1
f 241/140/1 243/162/1 242/106/1
f 241/140/1 246/214/1 243/162/1
f 246/214/1 244/215/1 243/162/1
f 241/140/1 247/13/1 246/214/1
f 245/132/1 244/215/1 246/214/1
f 241/140/1 239/193/1 247/13/1
f 239/193/1 245/132/1 247/13/1
f 239/193/1 238/216/1 245/132/1
f 238/216/1 244/215/1 245/132/1
f 241/140/1 240/217/1 239/193/1
f 237/5/1 244/215/1 238/216/1
f 282/218/1 284/219/2 283/220/1
f 282/218/1 285/221/2 284/219/2
f 282/218/1 286/222/2 285/221/2
f 282/218/1 287/223/1 286/222/2
f 281/224/1 287/223/1 282/218/1
f 281/224/1 288/225/1 287/223/1
f 281/224/1 289/226/1 288/225/1
f 281/224/1 290/227/1 289/226/1
f 280/228/1 290/227/1 281/224/1
f 280/228/1 291/229/1 290/227/1
f 280/228/1 292/230/1 291/229/1
f 279/231/1 292/230/1 280/228/1
f 279/231/1 293/232/1 292/230/1
f 279/231/1 294/233/1 293/232/1
f 278/234/1 294/233/1 279/231/1
f 278/234/1 295/235/1 294/233/1
f 278/234/1 308/236/1 295/235/1
f 308/236/1 307/237/1 295/235/1
f 307/237/1 306/238/3 295/235/1
f 306/238/3 305/239/3 295/235/1
f 305/239/3 304/240/1 295/235/1
f 304/240/1 303/241/1 295/235/1
f 303/241/1 302/242/1 295/235/1
f 302/242/1 301/243/1 295/235/1
f 301/243/1 300/244/1 295/235/1
f 300/244/1 299/245/1 295/235/1
f 299/245/1 298/246/1 295/235/1
f 298/246/1 297/247/1 295/235/1
f 297/247/1 296/248/1 295/235/1
f 278/234/1 309/249/3 308/236/1
f 277/250/1 309/249/3 278/234/1
f 277/250/1 310/251/1 309/249/3
f 277/250/1 311/252/1 310/251/1
f 277/250/1 312/253/1 311/252/1
f 276/254/1 312/253/1 277/250/1
f 276/254/1 313/255/1 312/253/1
f 276/254/1 314/256/1 313/255/1
f 275/257/1 314/256/1 276/254/1
f 275/257/1 315/258/1 314/256/1
f 274/259/1 315/258/1 275/257/1
f 274/259/1 316/260/1 315/258/1
f 274/259/1 317/261/1 316/260/1
f 273/262/1 317/261/1 274/259/1
f 273/262/1 318/263/1 317/261/1
f 272/264/1 318/263/1 273/262/1
f 272/264/1 319/265/1 318/263/1
f 271/266/1 319/265/1 272/264/1
f 271/266/1 320/267/1 319/265/1
f 271/266/1 321/268/1 320/267/1
f 270/269/1 321/268/1 271/266/1
f 346/270/1 348/271/1 347/272/1
f 346/270/1 345/273/1 348/271/1
f 345/273/1 349/13/1 348/271/1
f 270/269/1 322/274/1 321/268/1
f 269/275/1 322/274/1 270/269/1
f 269/275/1 323/276/1 322/274/1
f 344/277/1 349/13/1 345/273/1
f 268/278/1 323/276/1 269/275/1
f 268/278/1 324/279/1 323/276/1
f 267/280/1 324/279/1 268/278/1
f 267/280/1 325/281/1 324/279/1
f 267/280/1 326/282/1 325/281/1
f 266/283/1 326/282/1 267/280/1
f 266/283/1 327/284/1 326/282/1
f 265/285/1 327/284/1 266/283/1
f 265/285/1 328/286/1 327/284/1
f 265/285/1 329/287/1 328/286/1
f 343/288/1 349/13/1 344/277/1
f 264/289/1 329/287/1 265/285/1
f 342/290/1 349/13/1 343/288/1
f 341/291/1 349/13/1 342/290/1
f 264/289/1 330/292/1 329/287/1
f 340/293/1 349/13/1 341/291/1
f 339/294/1 349/13/1 340/293/1
f 338/295/1 349/13/1 339/294/1
f 264/289/1 331/296/1 330/292/1
f 337/297/2 349/13/1 338/295/1
f 336/298/1 349/13/1 337/297/2
f 335/299/3 349/13/1 336/298/1
f 264/289/1 332/300/1 331/296/1
f 334/301/1 349/13/1 335/299/3
f 333/302/1 349/13/1 334/301/1
f 332/300/1 349/13/1 333/302/1
f 264/289/1 349/13/1 332/300/1
f 263/303/1 349/13/1 264/289/1
f 263/303/1 248/5/1 349/13/1
f 263/303/1 249/304/1 248/5/1
f 262/305/1 249/304/1 263/303/1
f 262/305/1 250/306/1 249/304/1
f 262/305/1 251/307/2 250/306/1
f 261/308/1 251/307/2 262/305/1
f 261/308/1 252/309/1 251/307/2
f 261/308/1 253/310/3 252/309/1
f 261/308/1 254/311/1 253/310/3
f 260/312/1 254/311/1 261/308/1
f 260/312/1 255/313/1 254/311/1
f 260/312/1 256/314/1 255/313/1
f 260/312/1 257/315/1 256/314/1
f 259/316/1 257/315/1 260/312/1
f 259/316/1 258/317/1 257/315/1
f 414/1/4 415/3/4 442/2/4
f 442/2/4 415/3/4 416/4/4
f 442/2/4 416/4/4 350/5/4
f 442/2/4 350/5/4 351/6/4
f 442/2/4 351/6/4 352/7/4
f 442/2/4 352/7/4 353/8/4
f 442/2/4 353/8/4 354/9/4
f 442/2/4 354/9/4 355/10/4
f 442/2/4 355/10/4 441/11/4
f 441/11/4 355/10/4 356/12/4
f 414/1/4 442/2/4 443/13/4
f 440/14/4 441/11/4 356/12/4
f 439/15/5 440/14/4 356/12/4
f 439/15/5 356/12/4 357/16/4
f 438/17/4 439/15/5 357/16/4
f 437/18/4 438/17/4 357/16/4
f 436/19/4 437/18/4 357/16/4
f 436/19/4 357/16/4 358/20/4
f 435/21/6 436/19/4 358/20/4
f 434/22/4 435/21/6 358/20/4
f 433/23/4 434/22/4 358/20/4
f 433/23/4 358/20/4 359/24/4
f 432/25/4 433/23/4 359/24/4
f 432/25/4 359/24/4 360/26/4
f 431/27/4 432/25/4 360/26/4
f 430/28/4 431/27/4 360/26/4
f 430/28/4 360/26/4 361/29/4
f 429/30/4 430/28/4 361/29/4
f 428/31/4 429/30/4 361/29/4
f 428/31/4 361/29/4 362/32/4
f 427/33/4 428/31/4 362/32/4
f 427/33/4 362/32/4 363/34/4
f 426/35/4 427/33/4 363/34/4
f 426/35/4 363/34/4 364/36/4
f 425/37/4 426/35/4 364/36/4
f 425/37/4 364/36/4 365/38/4
f 424/39/4 425/37/4 365/38/4
f 423/40/4 424/39/4 365/38/4
f 423/40/4 365/38/4 366/41/4
f 422/42/4 423/40/4 366/41/4
f 422/42/4 366/41/4 367/43/4
f 421/44/4 422/42/4 367/43/4
f 421/44/4 367/43/4 368/45/4
f 420/46/4 421/44/4 368/45/4
f 419/47/4 420/46/4 368/45/4
f 419/47/4 368/45/4 369/48/4
f 418/49/5 419/47/4 369/48/4
f 417/50/4 418/49/5 369/48/4
f 414/1/4 443/13/4 412/51/4
f 412/51/4 443/13/4 417/50/4
f 412/51/4 417/50/4 369/48/4
f 412/51/4 369/48/4 370/52/4
f 412/51/4 370/52/4 371/53/5
f 412/51/4 371/53/5 372/54/4
f 412/51/4 372/54/4 373/55/4
f 412/51/4 373/55/4 411/56/4
f 411/56/4 373/55/4 374/57/4
f 414/1/4 412/51/4 413/58/4
f 410/59/4 411/56/4 374/57/4
f 409/60/6 410/59/4 374/57/4
f 409/60/6 374/57/4 375/61/4
f 408/62/4 409/60/6 375/61/4
f 407/63/4 408/62/4 375/61/4
f 406/64/4 407/63/4 375/61/4
f 406/64/4 375/61/4 376/65/4
f 405/66/4 406/64/4 376/65/4
f 405/66/4 376/65/4 377/67/4
f 404/68/4 405/66/4 377/67/4
f 404/68/4 377/67/4 378/69/4
f 403/70/4 404/68/4 378/69/4
f 403/70/4 378/69/4 379/71/4
f 402/72/4 403/70/4 379/71/4
f 402/72/4 379/71/4 380/73/4
f 401/74/4 402/72/4 380/73/4
f 401/74/4 380/73/4 381/75/4
f 401/74/4 381/75/4 382/76/4
f 400/77/4 401/74/4 382/76/4
f 400/77/4 382/76/4 383/78/4
f 399/79/4 400/77/4 383/78/4
f 399/79/4 383/78/4 384/80/4
f 399/79/4 384/80/4 385/81/4
f 398/82/4 399/79/4 385/81/4
f 398/82/4 385/81/4 386/83/4
f 398/82/4 386/83/4 387/84/4
f 398/82/4 387/84/4 388/85/4
f 398/82/4 388/85/4 389/86/4
f 398/82/4 389/86/4 390/87/4
f 398/82/4 390/87/4 391/88/4
f 398/82/4 391/88/4 392/89/4
f 398/82/4 392/89/4 393/90/4
f 398/82/4 393/90/4 394/91/4
f 398/82/4 394/91/4 395/92/4
f 398/82/4 395/92/4 397/93/4
f 397/93/4 395/92/4 396/94/4
f 452/95/4 453/96/4 444/5/4
f 444/5/4 453/96/4 454/97/4
f 444/5/4 454/97/4 455/13/4
f 452/95/4 444/5/4 445/98/4
f 452/95/4 445/98/4 448/99/4
f 448/99/4 445/98/4 446/100/4
f 448/99/4 446/100/4 447/101/4
f 452/95/4 448/99/4 449/102/4
f 452/95/4 449/102/4 450/103/4
f 452/95/4 450/103/4 451/104/4
f 456/5/4 457/105/4 458/75/4
f 456/5/4 458/75/4 459/106/4
f 459/106/4 460/51/4 461/107/4
f 459/106/4 461/107/4 462/13/4
f 456/5/4 459/106/4 462/13/4
f 509/108/4 510/109/4 463/5/4
f 509/108/4 463/5/4 464/110/4
f 508/111/4 509/108/4 464/110/4
f 508/111/4 464/110/4 465/112/4
f 507/113/4 508/111/4 465/112/4
f 507/113/4 465/112/4 466/114/4
f 506/115/4 507/113/4 466/114/4
f 506/115/4 466/114/4 467/116/4
f 505/117/4 506/115/4 534/118/4
f 534/118/4 506/115/4 467/116/4
f 505/117/4 534/118/4 535/119/5
f 533/120/5 534/118/4 467/116/4
f 533/120/5 467/116/4 468/121/4
f 504/122/4 505/117/4 535/119/5
f 532/123/4 533/120/5 468/121/4
f 504/122/4 535/119/5 536/124/4
f 531/125/4 532/123/4 468/121/4
f 504/122/4 536/124/4 537/126/4
f 530/127/4 531/125/4 468/121/4
f 504/122/4 537/126/4 538/128/4
f 530/127/4 468/121/4 469/129/4
f 503/130/4 504/122/4 538/128/4
f 529/131/4 530/127/4 469/129/4
f 503/130/4 538/128/4 539/132/4
f 528/133/4 529/131/4 469/129/4
f 503/130/4 539/132/4 540/134/4
f 528/133/4 469/129/4 470/135/4
f 502/136/4 503/130/4 540/134/4
f 527/137/4 528/133/4 470/135/4
f 502/136/4 540/134/4 541/138/4
f 527/137/4 470/135/4 471/139/4
f 501/140/4 502/136/4 541/138/4
f 526/141/4 527/137/4 471/139/4
f 501/140/4 541/138/4 542/142/4
f 525/143/4 526/141/4 471/139/4
f 501/140/4 542/142/4 543/144/4
f 525/143/4 471/139/4 472/145/4
f 500/146/4 501/140/4 543/144/4
f 524/147/4 525/143/4 472/145/4
f 500/146/4 543/144/4 544/148/4
f 524/147/4 472/145/4 473/149/4
f 499/150/4 500/146/4 544/148/4
f 523/151/4 524/147/4 473/149/4
f 499/150/4 544/148/4 545/152/4
f 523/151/4 473/149/4 474/153/4
f 498/154/4 499/150/4 545/152/4
f 522/155/4 523/151/4 474/153/4
f 498/154/4 545/152/4 546/156/4
f 522/155/4 474/153/4 475/157/4
f 498/154/4 546/156/4 547/158/4
f 521/159/4 522/155/4 475/157/4
f 497/160/4 498/154/4 547/158/4
f 497/160/4 547/158/4 548/161/4
f 520/162/4 521/159/4 475/157/4
f 520/162/4 475/157/4 476/163/4
f 496/164/4 497/160/4 548/161/4
f 496/164/4 548/161/4 549/165/4
f 519/166/4 520/162/4 476/163/4
f 519/166/4 476/163/4 477/167/4
f 495/168/4 496/164/4 549/165/4
f 495/168/4 549/165/4 550/169/4
f 518/170/4 519/166/4 477/167/4
f 518/170/4 477/167/4 478/171/4
f 494/172/4 495/168/4 550/169/4
f 494/172/4 550/169/4 551/173/4
f 517/174/4 518/170/4 478/171/4
f 494/172/4 551/173/4 552/175/4
f 516/176/4 517/174/4 478/171/4
f 516/176/4 478/171/4 479/177/4
f 493/178/4 494/172/4 552/175/4
f 493/178/4 552/175/4 553/179/4
f 515/180/4 516/176/4 479/177/4
f 515/180/4 479/177/4 480/181/4
f 492/182/4 493/178/4 553/179/4
f 492/182/4 553/179/4 554/183/4
f 514/184/4 515/180/4 480/181/4
f 492/182/4 554/183/4 555/185/4
f 513/186/4 514/184/4 480/181/4
f 513/186/4 480/181/4 481/187/4
f 491/188/4 492/182/4 555/185/4
f 491/188/4 555/185/4 556/189/4
f 512/190/4 513/186/4 481/187/4
f 491/188/4 556/189/4 557/191/4
f 511/192/4 512/190/4 481/187/4
f 511/192/4 481/187/4 482/193/4
f 490/194/4 491/188/4 557/191/4
f 490/194/4 557/191/4 558/13/4
f 558/13/4 511/192/4 482/193/4
f 490/194/4 558/13/4 482/193/4
f 490/194/4 482/193/4 483/195/4
f 489/196/4 490/194/4 483/195/4
f 489/196/4 483/195/4 484/197/4
f 488/198/4 489/196/4 484/197/4
f 488/198/4 484/197/4 485/199/4
f 487/200/5 488/198/4 485/199/4
f 487/200/5 485/199/4 486/201/6
f 567/95/4 568/96/4 559/5/4
f 559/5/4 568/96/4 569/97/4
f 559/5/4 569/97/4 570/13/4
f 567/95/4 559/5/4 560/98/4
f 567/95/4 560/98/4 563/99/4
f 563/99/4 560/98/4 561/100/4
f 563/99/4 561/100/4 562/101/4
f 567/95/4 563/99/4 564/102/4
f 567/95/4 564/102/4 565/103/4
f 567/95/4 565/103/4 566/104/4
f 579/202/4 580/204/4 581/203/4
f 579/202/4 581/203/4 577/205/4
f 577/205/4 581/203/4 576/206/4
f 576/206/4 581/203/4 582/207/4
f 582/207/4 583/209/4 584/208/4
f 582/207/4 584/208/4 573/210/4
f 573/210/4 584/208/4 572/211/4
f 572/211/4 584/208/4 585/13/4
f 579/202/4 577/205/4 578/106/4
f 575/212/4 576/206/4 582/207/4
f 582/207/4 573/210/4 574/213/4
f 571/5/4 572/211/4 585/13/4
f 575/212/4 582/207/4 574/213/4
f 590/140/4 591/106/4 592/162/4
f 590/140/4 592/162/4 595/214/4
f 595/214/4 592/162/4 593/215/4
f 590/140/4 595/214/4 596/13/4
f 594/132/4 595/214/4 593/215/4
f 590/140/4 596/13/4 588/193/4
f 588/193/4 596/13/4 594/132/4
f 588/193/4 594/132/4 587/216/4
f 587/216/4 594/132/4 593/215/4
f 590/140/4 588/193/4 589/217/4
f 586/5/4 587/216/4 593/215/4
f 631/218/4 632/220/4 633/219/4
f 631/218/4 633/219/4 634/221/4
f 631/218/4 634/221/4 635/222/6
f 631/218/4 635/222/6 636/223/4
f 630/224/4 631/218/4 636/223/4
f 630/224/4 636/223/4 637/225/4
f 630/224/4 637/225/4 638/226/4
f 630/224/4 638/226/4 639/227/4
f 629/228/4 630/224/4 639/227/4
f 629/228/4 639/227/4 640/229/4
f 629/228/4 640/229/4 641/230/4
f 628/231/4 629/228/4 641/230/4
f 628/231/4 641/230/4 642/232/4
f 628/231/4 642/232/4 643/233/4
f 627/234/4 628/231/4 643/233/4
f 627/234/4 643/233/4 644/235/4
f 627/234/4 644/235/4 657/236/5
f 657/236/5 644/235/4 656/237/5
f 656/237/5 644/235/4 655/238/5
f 655/238/5 644/235/4 654/239/6
f 654/239/6 644/235/4 653/240/4
f 653/240/4 644/235/4 652/241/6
f 652/241/6 644/235/4 651/242/4
f 651/242/4 644/235/4 650/243/4
f 650/243/4 644/235/4 649/244/4
f 649/244/4 644/235/4 648/245/4
f 648/245/4 644/235/4 647/246/4
f 647/246/4 644/235/4 646/247/4
f 646/247/4 644/235/4 645/248/4
f 627/234/4 657/236/5 658/249/5
f 626/250/4 627/234/4 658/249/5
f 626/250/4 658/249/5 659/251/4
f 626/250/4 659/251/4 660/252/4
f 626/250/4 660/252/4 661/253/4
f 625/254/4 626/250/4 661/253/4
f 625/254/4 661/253/4 662/255/4
f 625/254/4 662/255/4 663/256/4
f 624/257/4 625/254/4 663/256/4
f 624/257/4 663/256/4 664/258/4
f 623/259/4 624/257/4 664/258/4
f 623/259/4 664/258/4 665/260/4
f 623/259/4 665/260/4 666/261/4
f 622/262/4 623/259/4 666/261/4
f 622/262/4 666/261/4 667/263/4
f 621/264/4 622/262/4 667/263/4
f 621/264/4 667/263/4 668/265/4
f 620/266/4 621/264/4 668/265/4
f 620/266/4 668/265/4 669/267/4
f 620/266/4 669/267/4 670/268/4
f 619/269/4 620/266/4 670/268/4
f 695/270/4 696/272/4 697/271/4
f 695/270/4 697/271/4 694/273/4
f 694/273/4 697/271/4 698/13/4
f 619/269/4 670/268/4 671/274/4
f 618/275/4 619/269/4 671/274/4
f 618/275/4 671/274/4 672/276/4
f 693/277/4 694/273/4 698/13/4
f 617/278/4 618/275/4 672/276/4
f 617/278/4 672/276/4 673/279/4
f 616/280/4 617/278/4 673/279/4
f 616/280/4 673/279/4 674/281/4
f 616/280/4 674/281/4 675/282/4
f 615/283/4 616/280/4 675/282/4
f 615/283/4 675/282/4 676/284/4
f 614/285/4 615/283/4 676/284/4
f 614/285/4 676/284/4 677/286/4
f 614/285/4 677/286/4 678/287/4
f 692/288/4 693/277/4 698/13/4
f 613/289/4 614/285/4 678/287/4
f 691/290/4 692/288/4 698/13/4
f 690/291/4 691/290/4 698/13/4
f 613/289/4 678/287/4 679/292/4
f 689/293/4 690/291/4 698/13/4
f 688/294/4 689/293/4 698/13/4
f 687/295/4 688/294/4 698/13/4
f 613/289/4 679/292/4 680/296/6
f 686/297/5 687/295/4 698/13/4
f 685/298/4 686/297/5 698/13/4
f 684/299/5 685/298/4 698/13/4
f 613/289/4 680/296/6 681/300/4
f 683/301/4 684/299/5 698/13/4
f 682/302/4 683/301/4 698/13/4
f 681/300/4 682/302/4 698/13/4
f 613/289/4 681/300/4 698/13/4
f 612/303/4 613/289/4 698/13/4
f 612/303/4 698/13/4 597/5/4
f 612/303/4 597/5/4 598/304/4
f 611/305/4 612/303/4 598/304/4
f 611/305/4 598/304/4 599/306/4
f 611/305/4 599/306/4 600/307/4
f 610/308/4 611/305/4 600/307/4
f 610/308/4 600/307/4 601/309/4
f 610/308/4 601/309/4 602/310/5
f 610/308/4 602/310/5 603/311/4
f 609/312/4 610/308/4 603/311/4
f 609/312/4 603/311/4 604/313/4
f 609/312/4 604/313/4 605/314/4
f 609/312/4 605/314/4 606/315/4
f 608/316/6 609/312/4 606/315/4
f 608/316/6 606/315/4 607/317/4
f 700/318/7 704/319/8 703/320/9 699/5/10
f 701/321/11 705/322/12 704/319/8 700/318/7
f 702/323/13 706/324/14 705/322/12 701/321/11
f 704/319/8 708/325/15 707/326/16 703/320/9
f 705/322/12 709/327/17 708/325/15 704/319/8
f 706/324/14 710/328/18 709/327/17 705/322/12
f 708/325/15 712/329/19 711/330/20 707/326/16
f 709/327/17 713/331/21 712/329/19 708/325/15
f 710/328/18 714/332/22 713/331/21 709/327/17
f 712/329/19 716/333/23 715/334/24 711/330/20
f 713/331/21 717/335/25 716/333/23 712/329/19
f 714/332/22 718/336/26 717/335/25 713/331/21
f 716/333/23 720/337/27 719/338/28 715/334/24
f 717/335/25 721/339/29 720/337/27 716/333/23
f 718/336/26 722/340/30 721/339/29 717/335/25
f 720/337/27 724/341/31 723/342/32 719/338/28
f 721/339/29 725/343/33 724/341/31 720/337/27
f 722/340/30 726/344/34 725/343/33 721/339/29
f 724/341/31 728/345/35 727/346/36 723/342/32
f 725/343/33 729/347/37 728/345/35 724/341/31
f 726/344/34 730/348/38 729/347/37 725/343/33
f 728/345/35 732/349/39 731/350/40 727/346/36
f 729/347/37 733/351/41 732/349/39 728/345/35
f 730/348/38 734/352/42 733/351/41 729/347/37
f 732/349/39 736/353/43 735/354/44 731/350/40
f 733/351/41 737/355/45 736/353/43 732/349/39
f 734/352/42 738/356/46 737/355/45 733/351/41
f 736/353/43 740/357/47 739/358/48 735/354/44
f 737/355/45 741/359/49 740/357/47 736/353/43
f 738/356/46 742/360/50 741/359/49 737/355/45
f 740/357/47 744/361/51 743/362/52 739/358/48
f 741/359/49 745/363/53 744/361/51 740/357/47
f 742/360/50 746/364/54 745/363/53 741/359/49
f 744/361/51 748/365/55 747/366/56 743/362/52
f 745/363/53 749/367/57 748/365/55 744/361/51
f 746/364/54 750/368/58 749/367/57 745/363/53
f 748/365/55 752/369/59 751/370/60 747/366/56
f 749/367/57 753/371/61 752/369/59 748/365/55
f 750/368/58 754/372/62 753/371/61 749/367/57
f 752/369/59 756/373/63 755/374/64 751/370/60
f 753/371/61 757/375/65 756/373/63 752/369/59
f 754/372/62 758/376/66 757/375/65 753/371/61
f 756/373/63 760/377/67 759/378/68 755/374/64
f 757/375/65 761/379/69 760/377/67 756/373/63
f 758/376/66 762/380/70 761/379/69 757/375/65
f 760/377/67 764/381/71 763/382/72 759/378/68
f 761/379/69 765/383/73 764/381/71 760/377/67
f 762/380/70 766/384/74 765/383/73 761/379/69
f 764/381/71 768/385/75 767/105/76 763/382/72
f 765/383/73 769/386/77 768/385/75 764/381/71
f 766/384/74 770/387/78 769/386/77 765/383/73
f 768/385/75 772/388/79 771/389/80 767/105/76
f 769/386/77 773/390/81 772/388/79 768/385/75
f 770/387/78 774/391/82 773/390/81 769/386/77
f 772/388/79 776/392/83 775/393/84 771/389/80
f 773/390/81 777/394/85 776/392/83 772/388/79
f 774/391/82 778/395/86 777/394/85 773/390/81
f 776/392/83 780/396/87 779/397/88 775/393/84
f 777/394/85 781/398/89 780/396/87 776/392/83
f 778/395/86 782/399/90 781/398/89 777/394/85
f 780/396/87 784/400/91 783/401/92 779/397/88
f 781/398/89 785/402/93 784/400/91 780/396/87
f 782/399/90 786/403/94 785/402/93 781/398/89
f 784/400/91 788/404/95 787/405/96 783/401/92
f 785/402/93 789/406/97 788/404/95 784/400/91
f 786/403/94 790/407/98 789/406/97 785/402/93
f 788/404/95 792/408/99 791/409/100 787/405/96
f 789/406/97 793/410/101 792/408/99 788/404/95
f 790/407/98 794/411/102 793/410/101 789/406/97
f 792/408/99 796/412/103 795/413/104 791/409/100
f 793/410/101 797/414/105 796/412/103 792/408/99
f 794/411/102 798/415/106 797/414/105 793/410/101
f 796/412/103 800/416/107 799/417/108 795/413/104
f 797/414/105 801/418/109 800/416/107 796/412/103
f 798/415/106 802/419/110 801/418/109 797/414/105
f 800/416/107 804/420/111 803/421/112 799/417/108
f 801/418/109 805/422/113 804/420/111 800/416/107
f 802/419/110 806/423/114 805/422/113 801/418/109
f 804/420/111 808/424/115 807/425/116 803/421/112
f 805/422/113 809/426/117 808/424/115 804/420/111
f 806/423/114 810/427/118 809/426/117 805/422/113
f 808/424/115 812/428/119 811/429/120 807/425/116
f 809/426/117 813/430/121 812/428/119 808/424/115
f 810/427/118 814/431/122 813/430/121 809/426/117
f 812/428/119 816/432/123 815/433/124 811/429/120
f 813/430/121 817/434/125 816/432/123 812/428/119
f 814/431/122 818/435/126 817/434/125 813/430/121
f 816/432/123 820/436/127 819/437/128 815/433/124
f 817/434/125 821/438/129 820/436/127 816/432/123
f 818/435/126 822/439/130 821/438/129 817/434/125
f 820/436/127 824/440/131 823/441/132 819/437/128
f 821/438/129 825/442/133 824/440/131 820/436/127
f 822/439/130 826/443/134 825/442/133 821/438/129
f 824/440/131 828/444/135 827/445/136 823/441/132
f 825/442/133 829/446/137 828/444/135 824/440/131
f 826/443/134 830/447/138 829/446/137 825/442/133
f 828/444/135 832/448/139 831/449/140 827/445/136
f 829/446/137 833/450/141 832/448/139 828/444/135
f 830/447/138 834/451/142 833/450/141 829/446/137
f 832/448/139 836/452/143 835/75/144 831/449/140
f 833/450/141 837/453/145 836/452/143 832/448/139
f 834/451/142 838/454/146 837/453/145 833/450/141
f 836/452/143 840/455/147 839/456/148 835/75/144
f 837/453/145 841/457/149 840/455/147 836/452/143
f 838/454/146 842/458/150 841/457/149 837/453/145
f 840/455/147 844/459/151 843/460/152 839/456/148
f 841/457/149 845/461/153 844/459/151 840/455/147
f 842/458/150 846/462/154 845/461/153 841/457/149
f 844/459/151 848/463/155 847/464/156 843/460/152
f 845/461/153 849/465/157 848/463/155 844/459/151
f 846/462/154 850/466/158 849/465/157 845/461/153
f 848/463/155 852/467/159 851/468/160 847/464/156
f 849/465/157 853/469/161 852/467/159 848/463/155
f 850/466/158 854/470/162 853/469/161 849/465/157
f 852/467/159 856/471/163 855/472/164 851/468/160
f 853/469/161 857/473/165 856/471/163 852/467/159
f 854/470/162 858/474/166 857/473/165 853/469/161
f 856/471/163 860/475/167 859/476/168 855/472/164
f 857/473/165 861/477/169 860/475/167 856/471/163
f 858/474/166 862/478/170 861/477/169 857/473/165
f 860/475/167 864/479/171 863/480/172 859/476/168
f 861/477/169 865/481/173 864/479/171 860/475/167
f 862/478/170 866/482/174 865/481/173 861/477/169
f 864/479/171 868/483/175 867/484/176 863/480/172
f 865/481/173 869/485/177 868/483/175 864/479/171
f 866/482/174 870/486/178 869/485/177 865/481/173
f 868/483/175 872/487/179 871/488/180 867/484/176
f 869/485/177 873/489/181 872/487/179 868/483/175
f 870/486/178 874/490/182 873/489/181 869/485/177
f 872/487/179 876/491/183 875/492/184 871/488/180
f 873/489/181 877/493/185 876/491/183 872/487/179
f 874/490/182 878/494/186 877/493/185 873/489/181
f 876/491/183 880/495/187 879/496/188 875/492/184
f 877/493/185 881/497/189 880/495/187 876/491/183
f 878/494/186 882/498/190 881/497/189 877/493/185
f 880/495/187 884/499/191 883/500/192 879/496/188
f 881/497/189 885/501/193 884/499/191 880/495/187
f 882/498/190 886/502/194 885/501/193 881/497/189
f 884/499/191 888/503/195 887/504/196 883/500/192
f 885/501/193 889/505/197 888/503/195 884/499/191
f 886/502/194 890/506/198 889/505/197 885/501/193
f 888/503/195 892/507/199 891/508/200 887/504/196
f 889/505/197 893/509/201 892/507/199 888/503/195
f 890/506/198 894/510/202 893/509/201 889/505/197
f 892/507/199 896/511/203 895/512/204 891/508/200
f 893/509/201 897/513/205 896/511/203 892/507/199
f 894/510/202 898/514/206 897/513/205 893/509/201
f 896/511/203 900/515/207 899/516/208 895/512/204
f 897/513/205 901/517/209 900/515/207 896/511/203
f 898/514/206 902/518/210 901/517/209 897/513/205
f 900/515/207 904/519/211 903/106/212 899/516/208
f 901/517/209 905/520/213 904/519/211 900/515/207
f 902/518/210 906/521/214 905/520/213 901/517/209
f 904/519/211 908/522/215 907/523/216 903/106/212
f 905/520/213 909/524/217 908/522/215 904/519/211
f 906/521/214 910/525/218 909/524/217 905/520/213
f 908/522/215 912/526/219 911/527/220 907/523/216
f 909/524/217 913/528/221 912/526/219 908/522/215
f 910/525/218 914/529/222 913/528/221 909/524/217
f 912/526/219 916/530/223 915/531/224 911/527/220
f 913/528/221 917/532/225 916/530/223 912/526/219
f 914/529/222 918/533/226 917/532/225 913/528/221
f 916/530/223 920/534/227 919/535/228 915/531/224
f 917/532/225 921/536/229 920/534/227 916/530/223
f 918/533/226 922/537/230 921/536/229 917/532/225
f 920/534/227 924/538/231 923/539/232 919/535/228
f 921/536/229 925/540/233 924/538/231 920/534/227
f 922/537/230 926/541/234 925/540/233 921/536/229
f 924/538/231 928/542/235 927/543/236 923/539/232
f 925/540/233 929/544/237 928/542/235 924/538/231
f 926/541/234 930/545/238 929/544/237 925/540/233
f 928/542/235 932/546/239 931/547/240 927/543/236
f 929/544/237 933/548/241 932/546/239 928/542/235
f 930/545/238 934/549/242 933/548/241 929/544/237
f 932/546/239 936/550/243 935/551/244 931/547/240
f 933/548/241 937/552/245 936/550/243 932/546/239
f 934/549/242 938/553/246 937/552/245 933/548/241
f 936/550/243 940/554/247 939/555/248 935/551/244
f 937/552/245 941/556/249 940/554/247 936/550/243
f 938/553/246 942/557/250 941/556/249 937/552/245
f 940/554/247 944/558/251 943/559/252 939/555/248
f 941/556/249 945/560/253 944/558/251 940/554/247
f 942/557/250 946/561/254 945/560/253 941/556/249
f 944/558/251 948/562/255 947/563/256 943/559/252
f 945/560/253 949/564/257 948/562/255 944/558/251
f 946/561/254 950/565/258 949/564/257 945/560/253
f 948/562/255 952/566/259 951/567/260 947/563/256
f 949/564/257 953/568/261 952/566/259 948/562/255
f 950/565/258 954/569/262 953/568/261 949/564/257
f 952/566/259 956/570/263 955/571/264 951/567/260
f 953/568/261 957/572/265 956/570/263 952/566/259
f 954/569/262 958/573/266 957/572/265 953/568/261
f 956/570/263 960/574/267 959/575/268 955/571/264
f 957/572/265 961/576/269 960/574/267 956/570/263
f 958/573/266 962/577/270 961/576/269 957/572/265
f 960/574/267 964/578/271 963/579/272 959/575/268
f 961/576/269 965/580/273 964/578/271 960/574/267
f 962/577/270 966/581/274 965/580/273 961/576/269
f 964/578/271 968/582/275 967/583/276 963/579/272
f 965/580/273 969/584/277 968/582/275 964/578/271
f 966/581/274 970/585/278 969/584/277 965/580/273
f 968/582/275 972/586/279 971/51/280 967/583/276
f 969/584/277 973/587/281 972/586/279 968/582/275
f 970/585/278 974/588/282 973/587/281 969/584/277
f 972/586/279 976/589/283 975/590/284 971/51/280
f 973/587/281 977/591/285 976/589/283 972/586/279
f 974/588/282 978/592/286 977/591/285 973/587/281
f 976/589/283 980/593/287 979/594/288 975/590/284
f 977/591/285 981/595/289 980/593/287 976/589/283
f 978/592/286 982/596/290 981/595/289 977/591/285
f 980/593/287 984/597/291 983/598/292 979/594/288
f 981/595/289 985/599/293 984/597/291 980/593/287
f 982/596/290 986/600/294 985/599/293 981/595/289
f 984/597/291 988/601/295 987/602/296 983/598/292
f 985/599/293 989/603/297 988/601/295 984/597/291
f 986/600/294 990/604/298 989/603/297 985/599/293
f 988/601/295 992/605/299 991/606/300 987/602/296
f 989/603/297 993/607/301 992/605/299 988/601/295
f 990/604/298 994/608/302 993/607/301 989/603/297
f 992/605/299 996/609/303 995/610/304 991/606/300
f 993/607/301 997/611/305 996/609/303 992/605/299
f 994/608/302 998/612/306 997/611/305 993/607/301
f 996/609/303 1000/613/307 999/614/308 995/610/304
f 997/611/305 1001/615/309 1000/613/307 996/609/303
f 998/612/306 1002/616/310 1001/615/309 997/611/305
f 1000/613/307 1004/617/311 1003/618/312 999/614/308
f 1001/615/309 1005/619/313 1004/617/311 1000/613/307
f 1002/616/310 1006/620/314 1005/619/313 1001/615/309
f 1004/617/311 1008/621/315 1007/622/316 1003/618/312
f 1005/619/313 1009/623/317 1008/621/315 1004/617/311
f 1006/620/314 1010/624/318 1009/623/317 1005/619/313
f 1008/621/315 1012/625/319 1011/626/320 1007/622/316
f 1009/623/317 1013/627/321 1012/625/319 1008/621/315
f 1010/624/318 1014/628/322 1013/627/321 1009/623/317
f 1012/625/319 1016/629/323 1015/630/324 1011/626/320
f 1013/627/321 1017/631/325 1016/629/323 1012/625/319
f 1014/628/322 1018/632/326 1017/631/325 1013/627/321
f 1016/629/323 1020/633/327 1019/634/328 1015/630/324
f 1017/631/325 1021/635/329 1020/633/327 1016/629/323
f 1018/632/326 1022/636/330 1021/635/329 1017/631/325
f 1020/633/327 1024/637/331 1023/638/332 1019/634/328
f 1021/635/329 1025/639/333 1024/637/331 1020/633/327
f 1022/636/330 1026/640/334 1025/639/333 1021/635/329
f 1024/637/331 1028/641/335 1027/642/336 1023/638/332
f 1025/639/333 1029/643/337 1028/641/335 1024/637/331
f 1026/640/334 1030/644/338 1029/643/337 1025/639/333
f 1028/641/335 1032/645/339 1031/646/340 1027/642/336
f 1029/643/337 1033/647/341 1032/645/339 1028/641/335
f 1030/644/338 1034/648/342 1033/647/341 1029/643/337
f 1032/645/339 1036/649/343 1035/650/344 1031/646/340
f 1033/647/341 1037/651/345 1036/649/343 1032/645/339
f 1034/648/342 1038/652/346 1037/651/345 1033/647/341
f 1036/649/343 1040/653/347 1039/107/348 1035/650/344
f 1037/651/345 1041/654/349 1040/653/347 1036/649/343
f 1038/652/346 1042/655/350 1041/654/349 1037/651/345
f 1040/653/347 1044/656/351 1043/657/352 1039/107/348
f 1041/654/349 1045/658/353 1044/656/351 1040/653/347
f 1042/655/350 1046/659/354 1045/658/353 1041/654/349
f 1044/656/351 1048/660/355 1047/661/356 1043/657/352
f 1045/658/353 1049/662/357 1048/660/355 1044/656/351
f 1046/659/354 1050/663/358 1049/662/357 1045/658/353
f 1048/660/355 1052/664/359 1051/665/360 1047/661/356
f 1049/662/357 1053/666/361 1052/664/359 1048/660/355
f 1050/663/358 1054/667/362 1053/666/361 1049/662/357
f 1052/664/359 1056/668/363 1055/669/364 1051/665/360
f 1053/666/361 1057/670/365 1056/668/363 1052/664/359
f 1054/667/362 1058/671/366 1057/670/365 1053/666/361
f 1056/668/363 1060/672/367 1059/673/368 1055/669/364
f 1057/670/365 1061/674/369 1060/672/367 1056/668/363
f 1058/671/366 1062/675/370 1061/674/369 1057/670/365
f 1060/672/367 1064/676/371 1063/677/372 1059/673/368
f 1061/674/369 1065/678/373 1064/676/371 1060/672/367
f 1062/675/370 1066/679/374 1065/678/373 1061/674/369
f 1064/676/371 1068/680/375 1067/681/376 1063/677/372
f 1065/678/373 1069/682/377 1068/680/375 1064/676/371
f 1066/679/374 1070/683/378 1069/682/377 1065/678/373
f 1068/680/375 1072/684/379 1071/685/380 1067/681/376
f 1069/682/377 1073/686/381 1072/684/379 1068/680/375
f 1070/683/378 1074/687/382 1073/686/381 1069/682/377
f 1072/684/379 1076/688/383 1075/689/384 1071/685/380
f 1073/686/381 1077/690/385 1076/688/383 1072/684/379
f 1074/687/382 1078/691/386 1077/690/385 1073/686/381
f 1076/688/383 1080/692/387 1079/693/388 1075/689/384
f 1077/690/385 1081/694/389 1080/692/387 1076/688/383
f 1078/691/386 1082/695/390 1081/694/389 1077/690/385
f 1080/692/387 1084/696/391 1083/697/392 1079/693/388
f 1081/694/389 1085/698/393 1084/696/391 1080/692/387
f 1082/695/390 1086/699/394 1085/698/393 1081/694/389
f 1084/696/391 1088/700/395 1087/701/396 1083/697/392
f 1085/698/393 1089/702/397 1088/700/395 1084/696/391
f 1086/699/394 1090/703/398 1089/702/397 1085/698/393
f 1088/700/395 1092/704/399 1091/705/400 1087/701/396
f 1089/702/397 1093/706/401 1092/704/399 1088/700/395
f 1090/703/398 1094/707/402 1093/706/401 1089/702/397
f 1092/704/399 1096/708/403 1095/709/404 1091/705/400
f 1093/706/401 1097/710/405 1096/708/403 1092/704/399
f 1094/707/402 1098/711/406 1097/710/405 1093/706/401
f 1096/708/403 1100/712/407 1099/713/408 1095/709/404
f 1097/710/405 1101/714/409 1100/712/407 1096/708/403
f 1098/711/406 1102/715/410 1101/714/409 1097/710/405
f 1100/712/407 1104/716/411 1103/717/412 1099/713/408
f 1101/714/409 1105/718/413 1104/716/411 1100/712/407
f 1102/715/410 1106/719/414 1105/718/413 1101/714/409
f 1104/716/411 700/720/7 699/13/10 1103/717/412
f 1105/718/413 701/721/11 700/720/7 1104/716/411
f 1106/719/414 702/722/13 701/721/11 1105/718/413
f 1108/318/415 1112/723/416 1111/724/417 1107/5/417
f 1109/321/418 1113/725/419 1112/723/416 1108/318/415
f 1110/323/420 1114/726/420 1113/725/419 1109/321/418
f 1112/723/416 1116/727/421 1115/728/422 1111/724/417
f 1113/725/419 1117/729/423 1116/727/421 1112/723/416
f 1114/726/420 1118/730/424 1117/729/423 1113/725/419
f 1116/727/421 1120/731/425 1119/732/422 1115/728/422
f 1117/729/423 1121/733/426 1120/731/425 1116/727/421
f 1118/730/424 1122/734/424 1121/733/426 1117/729/423
f 1120/731/425 1124/519/427 1123/106/428 1119/732/422
f 1121/733/426 1125/520/429 1124/519/427 1120/731/425
f 1122/734/424 1126/521/430 1125/520/429 1121/733/426
f 1124/519/427 1128/735/431 1127/736/432 1123/106/428
f 1125/520/429 1129/737/433 1128/735/431 1124/519/427
f 1126/521/430 1130/738/434 1129/737/433 1125/520/429
f 1128/735/431 1132/739/435 1131/740/436 1127/736/432
f 1129/737/433 1133/741/437 1132/739/435 1128/735/431
f 1130/738/434 1134/742/438 1133/741/437 1129/737/433
f 1132/739/435 1136/743/439 1135/744/440 1131/740/436
f 1133/741/437 1137/745/441 1136/743/439 1132/739/435
f 1134/742/438 1138/746/442 1137/745/441 1133/741/437
f 1136/743/439 1108/720/415 1107/13/417 1135/744/440
f 1137/745/441 1109/721/418 1108/720/415 1136/743/439
f 1138/746/442 1110/722/420 1109/721/418 1137/745/441
f 1140/318/443 1144/452/444 1143/75/445 1139/5/446
f 1141/321/447 1145/453/448 1144/452/444 1140/318/443
f 1142/323/449 1146/454/450 1145/453/448 1141/321/447
f 1144/452/444 1148/586/451 1147/51/452 1143/75/445
f 1145/453/448 1149/587/453 1148/586/451 1144/452/444
f 1146/454/450 1150/588/454 1149/587/453 1145/453/448
f 1148/586/451 1140/720/443 1139/13/446 1147/51/452
f 1149/587/453 1141/721/447 1140/720/443 1148/586/451
f 1150/588/454 1142/722/449 1141/721/447 1149/587/453
f 1152/318/399 1156/747/455 1155/748/396 1151/5/400
f 1153/321/401 1157/749/456 1156/747/455 1152/318/399
f 1154/323/457 1158/750/398 1157/749/456 1153/321/401
f 1156/747/455 1160/751/458 1159/752/459 1155/748/396
f 1157/749/456 1161/753/460 1160/751/458 1156/747/455
f 1158/750/398 1162/754/461 1161/753/460 1157/749/456
f 1160/751/458 1164/755/462 1163/193/463 1159/752/459
f 1161/753/460 1165/756/464 1164/755/462 1160/751/458
f 1162/754/461 1166/757/461 1165/756/464 1161/753/460
f 1164/755/462 1168/758/465 1167/759/466 1163/193/463
f 1165/756/464 1169/760/467 1168/758/465 1164/755/462
f 1166/757/461 1170/761/468 1169/760/467 1165/756/464
f 1168/758/465 1172/452/469 1171/75/466 1167/759/466
f 1169/760/467 1173/453/470 1172/452/469 1168/758/465
f 1170/761/468 1174/454/468 1173/453/470 1169/760/467
f 1172/452/469 1176/762/471 1175/140/472 1171/75/466
f 1173/453/470 1177/763/473 1176/762/471 1172/452/469
f 1174/454/468 1178/764/474 1177/763/473 1173/453/470
f 1176/762/471 1180/765/475 1179/766/472 1175/140/472
f 1177/763/473 1181/767/476 1180/765/475 1176/762/471
f 1178/764/474 1182/768/477 1181/767/476 1177/763/473
f 1180/765/475 1184/769/478 1183/770/400 1179/766/472
f 1181/767/476 1185/771/401 1184/769/478 1180/765/475
f 1182/768/477 1186/772/402 1185/771/401 1181/767/476
f 1184/769/478 1188/773/403 1187/162/404 1183/770/400
f 1185/771/401 1189/774/405 1188/773/403 1184/769/478
f 1186/772/402 1190/775/406 1189/774/405 1185/771/401
f 1188/773/403 1192/586/479 1191/51/480 1187/162/404
f 1189/774/405 1193/587/481 1192/586/479 1188/773/403
f 1190/775/406 1194/588/482 1193/587/481 1189/774/405
f 1192/586/479 1196/776/483 1195/777/484 1191/51/480
f 1193/587/481 1197/778/485 1196/776/483 1192/586/479
f 1194/588/482 1198/779/486 1197/778/485 1193/587/481
f 1196/776/483 1200/780/487 1199/132/488 1195/777/484
f 1197/778/485 1201/781/489 1200/780/487 1196/776/483
f 1198/779/486 1202/782/490 1201/781/489 1197/778/485
f 1200/780/487 1204/783/407 1203/784/408 1199/132/488
f 1201/781/489 1205/785/409 1204/783/407 1200/780/487
f 1202/782/490 1206/786/491 1205/785/409 1201/781/489
f 1204/783/407 1208/787/475 1207/788/472 1203/784/408
f 1205/785/409 1209/789/476 1208/787/475 1204/783/407
f 1206/786/491 1210/790/474 1209/789/476 1205/785/409
f 1208/787/475 1152/720/399 1151/13/400 1207/788/472
f 1209/789/476 1153/721/401 1152/720/399 1208/787/475
f 1210/790/474 1154/722/457 1153/721/401 1209/789/476
f 1212/318/492 1216/791/493 1215/792/494 1211/5/472
f 1213/321/495 1217/793/496 1216/791/493 1212/318/492
f 1214/323/474 1218/794/491 1217/793/496 1213/321/495
f 1216/791/493 1220/385/407 1219/105/497 1215/792/494
f 1217/793/496 1221/386/409 1220/385/407 1216/791/493
f 1218/794/491 1222/387/410 1221/386/409 1217/793/496
f 1220/385/407 1224/727/475 1223/728/472 1219/105/497
f 1221/386/409 1225/729/476 1224/727/475 1220/385/407
f 1222/387/410 1226/730/474 1225/729/476 1221/386/409
f 1224/727/475 1228/452/492 1227/75/472 1223/728/472
f 1225/729/476 1229/453/495 1228/452/492 1224/727/475
f 1226/730/474 1230/454/474 1229/453/495 1225/729/476
f 1228/452/492 1232/795/493 1231/796/494 1227/75/472
f 1229/453/495 1233/797/496 1232/795/493 1228/452/492
f 1230/454/474 1234/798/491 1233/797/496 1229/453/495
f 1232/795/493 1236/519/407 1235/106/498 1231/796/494
f 1233/797/496 1237/520/499 1236/519/407 1232/795/493
f 1234/798/491 1238/521/410 1237/520/499 1233/797/496
f 1236/519/407 1240/799/475 1239/800/472 1235/106/498
f 1237/520/499 1241/801/476 1240/799/475 1236/519/407
f 1238/521/410 1242/802/474 1241/801/476 1237/520/499
f 1240/799/475 1244/586/478 1243/51/400 1239/800/472
f 1241/801/476 1245/587/401 1244/586/478 1240/799/475
f 1242/802/474 1246/588/398 1245/587/401 1241/801/476
f 1244/586/478 1248/739/403 1247/740/500 1243/51/400
f 1245/587/401 1249/741/405 1248/739/403 1244/586/478
f 1246/588/398 1250/742/406 1249/741/405 1245/587/401
f 1248/739/403 1252/653/407 1251/107/497 1247/740/500
f 1249/741/405 1253/654/409 1252/653/407 1248/739/403
f 1250/742/406 1254/655/491 1253/654/409 1249/741/405
f 1252/653/407 1256/803/475 1255/804/472 1251/107/497
f 1253/654/409 1257/805/476 1256/803/475 1252/653/407
f 1254/655/491 1258/806/477 1257/805/476 1253/654/409
f 1256/803/475 1212/720/492 1211/13/472 1255/804/472
f 1257/805/476 1213/721/495 1212/720/492 1256/803/475
f 1258/806/477 1214/722/474 1213/721/495 1257/805/476
f 1260/318/501 1264/807/502 1263/808/503 1259/5/504
f 1261/321/505 1265/809/506 1264/807/502 1260/318/501
f 1262/323/507 1266/810/508 1265/809/506 1261/321/505
f 1264/807/502 1268/811/509 1267/812/510 1263/808/503
f 1265/809/506 1269/813/511 1268/811/509 1264/807/502
f 1266/810/508 1270/814/512 1269/813/511 1265/809/506
f 1268/811/509 1272/815/513 1271/816/514 1267/812/510
f 1269/813/511 1273/817/515 1272/815/513 1268/811/509
f 1270/814/512 1274/818/516 1273/817/515 1269/813/511
f 1272/815/513 1276/791/517 1275/792/518 1271/816/514
f 1273/817/515 1277/793/519 1276/791/517 1272/815/513
f 1274/818/516 1278/794/520 1277/793/519 1273/817/515
f 1276/791/517 1280/819/521 1279/820/522 1275/792/518
f 1277/793/519 1281/821/523 1280/819/521 1276/791/517
f 1278/794/520 1282/822/524 1281/821/523 1277/793/519
f 1280/819/521 1284/723/525 1283/724/526 1279/820/522
f 1281/821/523 1285/725/527 1284/723/525 1280/819/521
f 1282/822/524 1286/726/528 1285/725/527 1281/821/523
f 1284/723/525 1288/823/529 1287/824/530 1283/724/526
f 1285/725/527 1289/825/531 1288/823/529 1284/723/525
f 1286/726/528 1290/826/532 1289/825/531 1285/725/527
f 1288/823/529 1292/385/533 1291/105/534 1287/824/530
f 1289/825/531 1293/386/535 1292/385/533 1288/823/529
f 1290/826/532 1294/387/536 1293/386/535 1289/825/531
f 1292/385/533 1296/827/537 1295/828/538 1291/105/534
f 1293/386/535 1297/829/539 1296/827/537 1292/385/533
f 1294/387/536 1298/830/540 1297/829/539 1293/386/535
f 1296/827/537 1300/831/541 1299/832/542 1295/828/538
f 1297/829/539 1301/833/543 1300/831/541 1296/827/537
f 1298/830/540 1302/834/544 1301/833/543 1297/829/539
f 1300/831/541 1304/835/545 1303/836/546 1299/832/542
f 1301/833/543 1305/837/547 1304/835/545 1300/831/541
f 1302/834/544 1306/838/548 1305/837/547 1301/833/543
f 1304/835/545 1308/727/549 1307/728/550 1303/836/546
f 1305/837/547 1309/729/551 1308/727/549 1304/835/545
f 1306/838/548 1310/730/552 1309/729/551 1305/837/547
f 1308/727/549 1312/839/553 1311/840/554 1307/728/550
f 1309/729/551 1313/841/555 1312/839/553 1308/727/549
f 1310/730/552 1314/842/556 1313/841/555 1309/729/551
f 1312/839/553 1316/843/557 1315/844/558 1311/840/554
f 1313/841/555 1317/845/559 1316/843/557 1312/839/553
f 1314/842/556 1318/846/560 1317/845/559 1313/841/555
f 1316/843/557 1320/847/561 1319/848/562 1315/844/558
f 1317/845/559 1321/849/563 1320/847/561 1316/843/557
f 1318/846/560 1322/850/564 1321/849/563 1317/845/559
f 1320/847/561 1324/452/565 1323/75/566 1319/848/562
f 1321/849/563 1325/453/567 1324/452/565 1320/847/561
f 1322/850/564 1326/454/568 1325/453/567 1321/849/563
f 1324/452/565 1328/851/569 1327/852/570 1323/75/566
f 1325/453/567 1329/853/571 1328/851/569 1324/452/565
f 1326/454/568 1330/854/572 1329/853/571 1325/453/567
f 1328/851/569 1332/731/573 1331/732/574 1327/852/570
f 1329/853/571 1333/733/575 1332/731/573 1328/851/569
f 1330/854/572 1334/734/576 1333/733/575 1329/853/571
f 1332/731/573 1336/855/577 1335/856/578 1331/732/574
f 1333/733/575 1337/857/579 1336/855/577 1332/731/573
f 1334/734/576 1338/858/580 1337/857/579 1333/733/575
f 1336/855/577 1340/795/581 1339/796/582 1335/856/578
f 1337/857/579 1341/797/583 1340/795/581 1336/855/577
f 1338/858/580 1342/798/584 1341/797/583 1337/857/579
f 1340/795/581 1344/859/585 1343/860/586 1339/796/582
f 1341/797/583 1345/861/587 1344/859/585 1340/795/581
f 1342/798/584 1346/862/588 1345/861/587 1341/797/583
f 1344/859/585 1348/863/589 1347/864/590 1343/860/586
f 1345/861/587 1349/865/591 1348/863/589 1344/859/585
f 1346/862/588 1350/866/592 1349/865/591 1345/861/587
f 1348/863/589 1352/867/593 1351/868/594 1347/864/590
f 1349/865/591 1353/869/595 1352/867/593 1348/863/589
f 1350/866/592 1354/870/596 1353/869/595 1349/865/591
f 1352/867/593 1356/519/597 1355/106/598 1351/868/594
f 1353/869/595 1357/520/599 1356/519/597 1352/867/593
f 1354/870/596 1358/521/600 1357/520/599 1353/869/595
f 1356/519/597 1360/871/601 1359/872/602 1355/106/598
f 1357/520/599 1361/873/603 1360/871/601 1356/519/597
f 1358/521/600 1362/874/604 1361/873/603 1357/520/599
f 1360/871/601 1364/875/605 1363/876/606 1359/872/602
f 1361/873/603 1365/877/607 1364/875/605 1360/871/601
f 1362/874/604 1366/878/608 1365/877/607 1361/873/603
f 1364/875/605 1368/879/609 1367/880/610 1363/876/606
f 1365/877/607 1369/881/611 1368/879/609 1364/875/605
f 1366/878/608 1370/882/612 1369/881/611 1365/877/607
f 1368/879/609 1372/799/613 1371/800/614 1367/880/610
f 1369/881/611 1373/801/615 1372/799/613 1368/879/609
f 1370/882/612 1374/802/616 1373/801/615 1369/881/611
f 1372/799/613 1376/883/617 1375/884/618 1371/800/614
f 1373/801/615 1377/885/619 1376/883/617 1372/799/613
f 1374/802/616 1378/886/620 1377/885/619 1373/801/615
f 1376/883/617 1380/735/621 1379/736/622 1375/884/618
f 1377/885/619 1381/737/623 1380/735/621 1376/883/617
f 1378/886/620 1382/738/624 1381/737/623 1377/885/619
f 1380/735/621 1384/887/625 1383/888/626 1379/736/622
f 1381/737/623 1385/889/627 1384/887/625 1380/735/621
f 1382/738/624 1386/890/628 1385/889/627 1381/737/623
f 1384/887/625 1388/586/629 1387/51/630 1383/888/626
f 1385/889/627 1389/587/631 1388/586/629 1384/887/625
f 1386/890/628 1390/588/632 1389/587/631 1385/889/627
f 1388/586/629 1392/891/633 1391/892/634 1387/51/630
f 1389/587/631 1393/893/635 1392/891/633 1388/586/629
f 1390/588/632 1394/894/636 1393/893/635 1389/587/631
f 1392/891/633 1396/895/637 1395/896/638 1391/892/634
f 1393/893/635 1397/897/639 1396/895/637 1392/891/633
f 1394/894/636 1398/898/640 1397/897/639 1393/893/635
f 1396/895/637 1400/899/641 1399/900/642 1395/896/638
f 1397/897/639 1401/901/643 1400/899/641 1396/895/637
f 1398/898/640 1402/902/644 1401/901/643 1397/897/639
f 1400/899/641 1404/739/645 1403/740/646 1399/900/642
f 1401/901/643 1405/741/647 1404/739/645 1400/899/641
f 1402/902/644 1406/742/648 1405/741/647 1401/901/643
f 1404/739/645 1408/903/649 1407/904/650 1403/740/646
f 1405/741/647 1409/905/651 1408/903/649 1404/739/645
f 1406/742/648 1410/906/652 1409/905/651 1405/741/647
f 1408/903/649 1412/907/653 1411/908/654 1407/904/650
f 1409/905/651 1413/909/655 1412/907/653 1408/903/649
f 1410/906/652 1414/910/656 1413/909/655 1409/905/651
f 1412/907/653 1416/911/657 1415/912/658 1411/908/654
f 1413/909/655 1417/913/659 1416/911/657 1412/907/653
f 1414/910/656 1418/914/660 1417/913/659 1413/909/655
f 1416/911/657 1420/653/661 1419/107/662 1415/912/658
f 1417/913/659 1421/654/663 1420/653/661 1416/911/657
f 1418/914/660 1422/655/664 1421/654/663 1417/913/659
f 1420/653/661 1424/915/665 1423/916/666 1419/107/662
f 1421/654/663 1425/917/667 1424/915/665 1420/653/661
f 1422/655/664 1426/918/668 1425/917/667 1421/654/663
f 1424/915/665 1428/743/669 1427/744/670 1423/916/666
f 1425/917/667 1429/745/671 1428/743/669 1424/915/665
f 1426/918/668 1430/746/672 1429/745/671 1425/917/667
f 1428/743/669 1432/919/673 1431/920/674 1427/744/670
f 1429/745/671 1433/921/675 1432/919/673 1428/743/669
f 1430/746/672 1434/922/676 1433/921/675 1429/745/671
f 1432/919/673 1436/803/677 1435/804/678 1431/920/674
f 1433/921/675 1437/805/679 1436/803/677 1432/919/673
f 1434/922/676 1438/806/680 1437/805/679 1433/921/675
f 1436/803/677 1440/923/681 1439/924/682 1435/804/678
f 1437/805/679 1441/925/683 1440/923/681 1436/803/677
f 1438/806/680 1442/926/684 1441/925/683 1437/805/679
f 1440/923/681 1444/927/685 1443/928/686 1439/924/682
f 1441/925/683 1445/929/687 1444/927/685 1440/923/681
f 1442/926/684 1446/930/688 1445/929/687 1441/925/683
f 1444/927/685 1448/931/689 1447/932/690 1443/928/686
f 1445/929/687 1449/933/691 1448/931/689 1444/927/685
f 1446/930/688 1450/934/692 1449/933/691 1445/929/687
f 1448/931/689 1260/720/501 1259/13/504 1447/932/690
f 1449/933/691 1261/721/505 1260/720/501 1448/931/689
f 1450/934/692 1262/722/507 1261/721/505 1449/933/691
f 1452/318/693 1456/807/694 1455/808/695 1451/5/696
f 1453/321/697 1457/809/698 1456/807/694 1452/318/693
f 1454/323/699 1458/810/700 1457/809/698 1453/321/697
f 1456/807/694 1460/811/701 1459/812/702 1455/808/695
f 1457/809/698 1461/813/703 1460/811/701 1456/807/694
f 1458/810/700 1462/814/704 1461/813/703 1457/809/698
f 1460/811/701 1464/815/705 1463/816/706 1459/812/702
f 1461/813/703 1465/817/707 1464/815/705 1460/811/701
f 1462/814/704 1466/818/708 1465/817/707 1461/813/703
f 1464/815/705 1468/791/709 1467/792/710 1463/816/706
f 1465/817/707 1469/793/711 1468/791/709 1464/815/705
f 1466/818/708 1470/794/712 1469/793/711 1465/817/707
f 1468/791/709 1472/819/713 1471/820/714 1467/792/710
f 1469/793/711 1473/821/715 1472/819/713 1468/791/709
f 1470/794/712 1474/822/716 1473/821/715 1469/793/711
f 1472/819/713 1476/723/717 1475/724/718 1471/820/714
f 1473/821/715 1477/725/719 1476/723/717 1472/819/713
f 1474/822/716 1478/726/720 1477/725/719 1473/821/715
f 1476/723/717 1480/823/721 1479/824/722 1475/724/718
f 1477/725/719 1481/825/723 1480/823/721 1476/723/717
f 1478/726/720 1482/826/724 1481/825/723 1477/725/719
f 1480/823/721 1484/385/725 1483/105/726 1479/824/722
f 1481/825/723 1485/386/727 1484/385/725 1480/823/721
f 1482/826/724 1486/387/728 1485/386/727 1481/825/723
f 1484/385/725 1488/827/729 1487/828/730 1483/105/726
f 1485/386/727 1489/829/731 1488/827/729 1484/385/725
f 1486/387/728 1490/830/732 1489/829/731 1485/386/727
f 1488/827/729 1492/831/733 1491/832/646 1487/828/730
f 1489/829/731 1493/833/734 1492/831/733 1488/827/729
f 1490/830/732 1494/834/648 1493/833/734 1489/829/731
f 1492/831/733 1496/835/735 1495/836/642 1491/832/646
f 1493/833/734 1497/837/736 1496/835/735 1492/831/733
f 1494/834/648 1498/838/737 1497/837/736 1493/833/734
f 1496/835/735 1500/727/738 1499/728/739 1495/836/642
f 1497/837/736 1501/729/740 1500/727/738 1496/835/735
f 1498/838/737 1502/730/741 1501/729/740 1497/837/736
f 1500/727/738 1504/839/742 1503/840/743 1499/728/739
f 1501/729/740 1505/841/744 1504/839/742 1500/727/738
f 1502/730/741 1506/842/745 1505/841/744 1501/729/740
f 1504/839/742 1508/843/746 1507/844/747 1503/840/743
f 1505/841/744 1509/845/748 1508/843/746 1504/839/742
f 1506/842/745 1510/846/749 1509/845/748 1505/841/744
f 1508/843/746 1512/847/750 1511/848/751 1507/844/747
f 1509/845/748 1513/849/752 1512/847/750 1508/843/746
f 1510/846/749 1514/850/753 1513/849/752 1509/845/748
f 1512/847/750 1516/452/754 1515/75/755 1511/848/751
f 1513/849/752 1517/453/756 1516/452/754 1512/847/750
f 1514/850/753 1518/454/757 1517/453/756 1513/849/752
f 1516/452/754 1520/851/758 1519/852/759 1515/75/755
f 1517/453/756 1521/853/760 1520/851/758 1516/452/754
f 1518/454/757 1522/854/761 1521/853/760 1517/453/756
f 1520/851/758 1524/731/762 1523/732/763 1519/852/759
f 1521/853/760 1525/733/764 1524/731/762 1520/851/758
f 1522/854/761 1526/734/765 1525/733/764 1521/853/760
f 1524/731/762 1528/855/766 1527/856/767 1523/732/763
f 1525/733/764 1529/857/768 1528/855/766 1524/731/762
f 1526/734/765 1530/858/769 1529/857/768 1525/733/764
f 1528/855/766 1532/795/770 1531/796/771 1527/856/767
f 1529/857/768 1533/797/772 1532/795/770 1528/855/766
f 1530/858/769 1534/798/773 1533/797/772 1529/857/768
f 1532/795/770 1536/859/774 1535/860/775 1531/796/771
f 1533/797/772 1537/861/776 1536/859/774 1532/795/770
f 1534/798/773 1538/862/777 1537/861/776 1533/797/772
f 1536/859/774 1540/863/778 1539/864/779 1535/860/775
f 1537/861/776 1541/865/780 1540/863/778 1536/859/774
f 1538/862/777 1542/866/781 1541/865/780 1537/861/776
f 1540/863/778 1544/867/782 1543/868/783 1539/864/779
f 1541/865/780 1545/869/784 1544/867/782 1540/863/778
f 1542/866/781 1546/870/785 1545/869/784 1541/865/780
f 1544/867/782 1548/519/786 1547/106/787 1543/868/783
f 1545/869/784 1549/520/788 1548/519/786 1544/867/782
f 1546/870/785 1550/521/789 1549/520/788 1545/869/784
f 1548/519/786 1552/871/790 1551/872/791 1547/106/787
f 1549/520/788 1553/873/792 1552/871/790 1548/519/786
f 1550/521/789 1554/874/793 1553/873/792 1549/520/788
f 1552/871/790 1556/875/794 1555/876/795 1551/872/791
f 1553/873/792 1557/877/796 1556/875/794 1552/871/790
f 1554/874/793 1558/878/797 1557/877/796 1553/873/792
f 1556/875/794 1560/879/798 1559/880/799 1555/876/795
f 1557/877/796 1561/881/800 1560/879/798 1556/875/794
f 1558/878/797 1562/882/801 1561/881/800 1557/877/796
f 1560/879/798 1564/799/802 1563/800/803 1559/880/799
f 1561/881/800 1565/801/804 1564/799/802 1560/879/798
f 1562/882/801 1566/802/805 1565/801/804 1561/881/800
f 1564/799/802 1568/883/806 1567/884/807 1563/800/803
f 1565/801/804 1569/885/808 1568/883/806 1564/799/802
f 1566/802/805 1570/886/809 1569/885/808 1565/801/804
f 1568/883/806 1572/735/810 1571/736/811 1567/884/807
f 1569/885/808 1573/737/812 1572/735/810 1568/883/806
f 1570/886/809 1574/738/813 1573/737/812 1569/885/808
f 1572/735/810 1576/887/814 1575/888/815 1571/736/811
f 1573/737/812 1577/889/816 1576/887/814 1572/735/810
f 1574/738/813 1578/890/817 1577/889/816 1573/737/812
f 1576/887/814 1580/586/818 1579/51/819 1575/888/815
f 1577/889/816 1581/587/820 1580/586/818 1576/887/814
f 1578/890/817 1582/588/821 1581/587/820 1577/889/816
f 1580/586/818 1584/891/822 1583/892/823 1579/51/819
f 1581/587/820 1585/893/824 1584/891/822 1580/586/818
f 1582/588/821 1586/894/825 1585/893/824 1581/587/820
f 1584/891/822 1588/895/826 1587/896/827 1583/892/823
f 1585/893/824 1589/897/828 1588/895/826 1584/891/822
f 1586/894/825 1590/898/829 1589/897/828 1585/893/824
f 1588/895/826 1592/899/830 1591/900/831 1587/896/827
f 1589/897/828 1593/901/832 1592/899/830 1588/895/826
f 1590/898/829 1594/902/833 1593/901/832 1589/897/828
f 1592/899/830 1596/739/834 1595/740/835 1591/900/831
f 1593/901/832 1597/741/301 1596/739/834 1592/899/830
f 1594/902/833 1598/742/836 1597/741/301 1593/901/832
f 1596/739/834 1600/903/837 1599/904/838 1595/740/835
f 1597/741/301 1601/905/839 1600/903/837 1596/739/834
f 1598/742/836 1602/906/840 1601/905/839 1597/741/301
f 1600/903/837 1604/907/841 1603/908/842 1599/904/838
f 1601/905/839 1605/909/843 1604/907/841 1600/903/837
f 1602/906/840 1606/910/844 1605/909/843 1601/905/839
f 1604/907/841 1608/911/845 1607/912/846 1603/908/842
f 1605/909/843 1609/913/847 1608/911/845 1604/907/841
f 1606/910/844 1610/914/848 1609/913/847 1605/909/843
f 1608/911/845 1612/653/849 1611/107/850 1607/912/846
f 1609/913/847 1613/654/851 1612/653/849 1608/911/845
f 1610/914/848 1614/655/852 1613/654/851 1609/913/847
f 1612/653/849 1616/915/853 1615/916/854 1611/107/850
f 1613/654/851 1617/917/855 1616/915/853 1612/653/849
f 1614/655/852 1618/918/856 1617/917/855 1613/654/851
f 1616/915/853 1620/743/857 1619/744/858 1615/916/854
f 1617/917/855 1621/745/859 1620/743/857 1616/915/853
f 1618/918/856 1622/746/860 1621/745/859 1617/917/855
f 1620/743/857 1624/919/861 1623/920/862 1619/744/858
f 1621/745/859 1625/921/863 1624/919/861 1620/743/857
f 1622/746/860 1626/922/864 1625/921/863 1621/745/859
f 1624/919/861 1628/803/865 1627/804/866 1623/920/862
f 1625/921/863 1629/805/867 1628/803/865 1624/919/861
f 1626/922/864 1630/806/868 1629/805/867 1625/921/863
f 1628/803/865 1632/923/869 1631/924/870 1627/804/866
f 1629/805/867 1633/925/871 1632/923/869 1628/803/865
f 1630/806/868 1634/926/872 1633/925/871 1629/805/867
f 1632/923/869 1636/927/873 1635/928/874 1631/924/870
f 1633/925/871 1637/929/875 1636/927/873 1632/923/869
f 1634/926/872 1638/930/876 1637/929/875 1633/925/871
f 1636/927/873 1640/931/877 1639/932/878 1635/928/874
f 1637/929/875 1641/933/879 1640/931/877 1636/927/873
f 1638/930/876 1642/934/880 1641/933/879 1637/929/875
f 1640/931/877 1452/720/693 1451/13/696 1639/932/878
f 1641/933/879 1453/721/697 1452/720/693 1640/931/877
f 1642/934/880 1454/722/699 1453/721/697 1641/933/879
f 1644/318/881 1648/935/882 1647/210/883 1643/5/884
f 1645/321/885 1649/936/886 1648/935/882 1644/318/881
f 1646/323/887 1650/937/888 1649/936/886 1645/321/885
f 1648/935/882 1652/938/889 1651/212/890 1647/210/883
f 1649/936/886 1653/939/891 1652/938/889 1648/935/882
f 1650/937/888 1654/940/892 1653/939/891 1649/936/886
f 1652/938/889 1656/941/893 1655/205/894 1651/212/890
f 1653/939/891 1657/942/895 1656/941/893 1652/938/889
f 1654/940/892 1658/943/896 1657/942/895 1653/939/891
f 1656/941/893 1660/944/897 1659/202/898 1655/205/894
f 1657/942/895 1661/945/899 1660/944/897 1656/941/893
f 1658/943/896 1662/946/900 1661/945/899 1657/942/895
f 1660/944/897 1664/947/901 1663/203/902 1659/202/898
f 1661/945/899 1665/948/903 1664/947/901 1660/944/897
f 1662/946/900 1666/949/904 1665/948/903 1661/945/899
f 1664/947/901 1668/950/905 1667/209/906 1663/203/902
f 1665/948/903 1669/951/907 1668/950/905 1664/947/901
f 1666/949/904 1670/952/908 1669/951/907 1665/948/903
f 1668/950/905 1644/720/881 1643/13/884 1667/209/906
f 1669/951/907 1645/721/885 1644/720/881 1668/950/905
f 1670/952/908 1646/722/887 1645/721/885 1669/951/907
f 1672/318/492 1676/791/493 1675/792/494 1671/5/472
f 1673/321/495 1677/793/909 1676/791/493 1672/318/492
f 1674/323/474 1678/794/491 1677/793/909 1673/321/495
f 1676/791/493 1680/385/407 1679/105/494 1675/792/494
f 1677/793/909 1681/386/409 1680/385/407 1676/791/493
f 1678/794/491 1682/387/491 1681/386/409 1677/793/909
f 1680/385/407 1684/727/475 1683/728/472 1679/105/494
f 1681/386/409 1685/729/476 1684/727/475 1680/385/407
f 1682/387/491 1686/730/477 1685/729/476 1681/386/409
f 1684/727/475 1688/452/492 1687/75/472 1683/728/472
f 1685/729/476 1689/453/495 1688/452/492 1684/727/475
f 1686/730/477 1690/454/474 1689/453/495 1685/729/476
f 1688/452/492 1692/795/493 1691/796/494 1687/75/472
f 1689/453/495 1693/797/496 1692/795/493 1688/452/492
f 1690/454/474 1694/798/491 1693/797/496 1689/453/495
f 1692/795/493 1696/519/407 1695/106/408 1691/796/494
f 1693/797/496 1697/520/499 1696/519/407 1692/795/493
f 1694/798/491 1698/521/491 1697/520/499 1693/797/496
f 1696/519/407 1700/799/475 1699/800/472 1695/106/408
f 1697/520/499 1701/801/476 1700/799/475 1696/519/407
f 1698/521/491 1702/802/477 1701/801/476 1697/520/499
f 1700/799/475 1704/586/478 1703/51/400 1699/800/472
f 1701/801/476 1705/587/401 1704/586/478 1700/799/475
f 1702/802/477 1706/588/402 1705/587/401 1701/801/476
f 1704/586/478 1708/739/403 1707/740/500 1703/51/400
f 1705/587/401 1709/741/405 1708/739/403 1704/586/478
f 1706/588/402 1710/742/406 1709/741/405 1705/587/401
f 1708/739/403 1712/653/407 1711/107/498 1707/740/500
f 1709/741/405 1713/654/409 1712/653/407 1708/739/403
f 1710/742/406 1714/655/410 1713/654/409 1709/741/405
f 1712/653/407 1716/803/475 1715/804/472 1711/107/498
f 1713/654/409 1717/805/476 1716/803/475 1712/653/407
f 1714/655/410 1718/806/477 1717/805/476 1713/654/409
f 1716/803/475 1672/720/492 1671/13/472 1715/804/472
f 1717/805/476 1673/721/495 1672/720/492 1716/803/475
f 1718/806/477 1674/722/474 1673/721/495 1717/805/476
f 1720/318/910 1724/953/911 1723/954/912 1719/5/913
f 1721/321/914 1725/955/915 1724/953/911 1720/318/910
f 1722/323/916 1726/956/917 1725/955/915 1721/321/914
f 1724/953/911 1728/957/918 1727/958/919 1723/954/912
f 1725/955/915 1729/959/920 1728/957/918 1724/953/911
f 1726/956/917 1730/960/921 1729/959/920 1725/955/915
f 1728/957/918 1732/961/922 1731/962/923 1727/958/919
f 1729/959/920 1733/963/924 1732/961/922 1728/957/918
f 1730/960/921 1734/964/925 1733/963/924 1729/959/920
f 1732/961/922 1736/965/926 1735/966/927 1731/962/923
f 1733/963/924 1737/967/928 1736/965/926 1732/961/922
f 1734/964/925 1738/968/929 1737/967/928 1733/963/924
f 1736/965/926 1740/969/930 1739/970/931 1735/966/927
f 1737/967/928 1741/971/932 1740/969/930 1736/965/926
f 1738/968/929 1742/972/933 1741/971/932 1737/967/928
f 1740/969/930 1744/973/934 1743/974/935 1739/970/931
f 1741/971/932 1745/975/936 1744/973/934 1740/969/930
f 1742/972/933 1746/976/937 1745/975/936 1741/971/932
f 1744/973/934 1748/977/938 1747/978/939 1743/974/935
f 1745/975/936 1749/979/940 1748/977/938 1744/973/934
f 1746/976/937 1750/980/941 1749/979/940 1745/975/936
f 1748/977/938 1752/981/942 1751/982/943 1747/978/939
f 1749/979/940 1753/983/944 1752/981/942 1748/977/938
f 1750/980/941 1754/984/945 1753/983/944 1749/979/940
f 1752/981/942 1756/985/946 1755/986/947 1751/982/943
f 1753/983/944 1757/987/948 1756/985/946 1752/981/942
f 1754/984/945 1758/988/949 1757/987/948 1753/983/944
f 1756/985/946 1760/989/950 1759/990/951 1755/986/947
f 1757/987/948 1761/991/952 1760/989/950 1756/985/946
f 1758/988/949 1762/992/953 1761/991/952 1757/987/948
f 1760/989/950 1764/993/954 1763/994/955 1759/990/951
f 1761/991/952 1765/995/956 1764/993/954 1760/989/950
f 1762/992/953 1766/996/957 1765/995/956 1761/991/952
f 1764/993/954 1768/997/958 1767/998/959 1763/994/955
f 1765/995/956 1769/999/960 1768/997/958 1764/993/954
f 1766/996/957 1770/1000/961 1769/999/960 1765/995/956
f 1768/997/958 1772/1001/962 1771/1002/963 1767/998/959
f 1769/999/960 1773/1003/964 1772/1001/962 1768/997/958
f 1770/1000/961 1774/1004/965 1773/1003/964 1769/999/960
f 1772/1001/962 1776/1005/966 1775/1006/967 1771/1002/963
f 1773/1003/964 1777/1007/968 1776/1005/966 1772/1001/962
f 1774/1004/965 1778/1008/969 1777/1007/968 1773/1003/964
f 1776/1005/966 1780/1009/970 1779/1010/971 1775/1006/967
f 1777/1007/968 1781/1011/972 1780/1009/970 1776/1005/966
f 1778/1008/969 1782/1012/973 1781/1011/972 1777/1007/968
f 1780/1009/970 1784/1013/974 1783/1014/975 1779/1010/971
f 1781/1011/972 1785/1015/976 1784/1013/974 1780/1009/970
f 1782/1012/973 1786/1016/977 1785/1015/976 1781/1011/972
f 1784/1013/974 1788/1017/978 1787/1018/979 1783/1014/975
f 1785/1015/976 1789/1019/980 1788/1017/978 1784/1013/974
f 1786/1016/977 1790/1020/981 1789/1019/980 1785/1015/976
f 1788/1017/978 1792/1021/982 1791/1022/983 1787/1018/979
f 1789/1019/980 1793/1023/984 1792/1021/982 1788/1017/978
f 1790/1020/981 1794/1024/985 1793/1023/984 1789/1019/980
f 1792/1021/982 1796/1025/986 1795/1026/987 1791/1022/983
f 1793/1023/984 1797/1027/988 1796/1025/986 1792/1021/982
f 1794/1024/985 1798/1028/989 1797/1027/988 1793/1023/984
f 1796/1025/986 1800/1029/990 1799/1030/991 1795/1026/987
f 1797/1027/988 1801/1031/992 1800/1029/990 1796/1025/986
f 1798/1028/989 1802/1032/993 1801/1031/992 1797/1027/988
f 1800/1029/990 1804/1033/994 1803/1034/995 1799/1030/991
f 1801/1031/992 1805/1035/996 1804/1033/994 1800/1029/990
f 1802/1032/993 1806/1036/997 1805/1035/996 1801/1031/992
f 1804/1033/994 1808/1037/998 1807/1038/999 1803/1034/995
f 1805/1035/996 1809/1039/1000 1808/1037/998 1804/1033/994
f 1806/1036/997 1810/1040/1001 1809/1039/1000 1805/1035/996
f 1808/1037/998 1812/1041/1002 1811/1042/1003 1807/1038/999
f 1809/1039/1000 1813/1043/1004 1812/1041/1002 1808/1037/998
f 1810/1040/1001 1814/1044/1005 1813/1043/1004 1809/1039/1000
f 1812/1041/1002 1816/1045/1006 1815/1046/1007 1811/1042/1003
f 1813/1043/1004 1817/1047/1008 1816/1045/1006 1812/1041/1002
f 1814/1044/1005 1818/1048/1009 1817/1047/1008 1813/1043/1004
f 1816/1045/1006 1820/1049/1010 1819/1050/1011 1815/1046/1007
f 1817/1047/1008 1821/1051/1012 1820/1049/1010 1816/1045/1006
f 1818/1048/1009 1822/1052/1013 1821/1051/1012 1817/1047/1008
f 1820/1049/1010 1824/1053/1014 1823/1054/1015 1819/1050/1011
f 1821/1051/1012 1825/1055/1016 1824/1053/1014 1820/1049/1010
f 1822/1052/1013 1826/1056/1017 1825/1055/1016 1821/1051/1012
f 1824/1053/1014 1828/1057/1018 1827/1058/1019 1823/1054/1015
f 1825/1055/1016 1829/1059/1020 1828/1057/1018 1824/1053/1014
f 1826/1056/1017 1830/1060/1021 1829/1059/1020 1825/1055/1016
f 1828/1057/1018 1832/1061/1022 1831/1062/1023 1827/1058/1019
f 1829/1059/1020 1833/1063/1024 1832/1061/1022 1828/1057/1018
f 1830/1060/1021 1834/1064/1025 1833/1063/1024 1829/1059/1020
f 1832/1061/1022 1836/1065/1026 1835/1066/1027 1831/1062/1023
f 1833/1063/1024 1837/1067/1028 1836/1065/1026 1832/1061/1022
f 1834/1064/1025 1838/1068/1029 1837/1067/1028 1833/1063/1024
f 1836/1065/1026 1840/1069/1030 1839/1070/1031 1835/1066/1027
f 1837/1067/1028 1841/1071/1032 1840/1069/1030 1836/1065/1026
f 1838/1068/1029 1842/1072/1033 1841/1071/1032 1837/1067/1028
f 1840/1069/1030 1844/1073/1034 1843/1074/1035 1839/1070/1031
f 1841/1071/1032 1845/1075/1036 1844/1073/1034 1840/1069/1030
f 1842/1072/1033 1846/1076/1037 1845/1075/1036 1841/1071/1032
f 1844/1073/1034 1848/1077/1038 1847/1078/1039 1843/1074/1035
f 1845/1075/1036 1849/1079/1040 1848/1077/1038 1844/1073/1034
f 1846/1076/1037 1850/1080/1041 1849/1079/1040 1845/1075/1036
f 1848/1077/1038 1852/1081/1042 1851/1082/1043 1847/1078/1039
f 1849/1079/1040 1853/1083/1044 1852/1081/1042 1848/1077/1038
f 1850/1080/1041 1854/1084/1045 1853/1083/1044 1849/1079/1040
f 1852/1081/1042 1856/1085/1046 1855/1086/1047 1851/1082/1043
f 1853/1083/1044 1857/1087/1048 1856/1085/1046 1852/1081/1042
f 1854/1084/1045 1858/1088/1049 1857/1087/1048 1853/1083/1044
f 1856/1085/1046 1860/1089/1050 1859/1090/1051 1855/1086/1047
f 1857/1087/1048 1861/1091/1052 1860/1089/1050 1856/1085/1046
f 1858/1088/1049 1862/1092/1053 1861/1091/1052 1857/1087/1048
f 1860/1089/1050 1864/1093/1054 1863/1094/1055 1859/1090/1051
f 1861/1091/1052 1865/1095/1056 1864/1093/1054 1860/1089/1050
f 1862/1092/1053 1866/1096/1057 1865/1095/1056 1861/1091/1052
f 1864/1093/1054 1868/1097/1058 1867/1098/1059 1863/1094/1055
f 1865/1095/1056 1869/1099/1060 1868/1097/1058 1864/1093/1054
f 1866/1096/1057 1870/1100/1061 1869/1099/1060 1865/1095/1056
f 1868/1097/1058 1872/1101/1062 1871/1102/1063 1867/1098/1059
f 1869/1099/1060 1873/1103/1064 1872/1101/1062 1868/1097/1058
f 1870/1100/1061 1874/1104/1065 1873/1103/1064 1869/1099/1060
f 1872/1101/1062 1876/1105/1066 1875/1106/1067 1871/1102/1063
f 1873/1103/1064 1877/1107/1068 1876/1105/1066 1872/1101/1062
f 1874/1104/1065 1878/1108/1069 1877/1107/1068 1873/1103/1064
f 1876/1105/1066 1880/1109/1070 1879/1110/1071 1875/1106/1067
f 1877/1107/1068 1881/1111/1072 1880/1109/1070 1876/1105/1066
f 1878/1108/1069 1882/1112/1073 1881/1111/1072 1877/1107/1068
f 1880/1109/1070 1884/1113/1074 1883/1114/1075 1879/1110/1071
f 1881/1111/1072 1885/1115/1076 1884/1113/1074 1880/1109/1070
f 1882/1112/1073 1886/1116/1077 1885/1115/1076 1881/1111/1072
f 1884/1113/1074 1888/1117/1078 1887/1118/1079 1883/1114/1075
f 1885/1115/1076 1889/1119/1080 1888/1117/1078 1884/1113/1074
f 1886/1116/1077 1890/1120/1081 1889/1119/1080 1885/1115/1076
f 1888/1117/1078 1892/1121/1082 1891/1122/1083 1887/1118/1079
f 1889/1119/1080 1893/1123/1084 1892/1121/1082 1888/1117/1078
f 1890/1120/1081 1894/1124/1085 1893/1123/1084 1889/1119/1080
f 1892/1121/1082 1896/1125/1086 1895/1126/1087 1891/1122/1083
f 1893/1123/1084 1897/1127/1088 1896/1125/1086 1892/1121/1082
f 1894/1124/1085 1898/1128/1089 1897/1127/1088 1893/1123/1084
f 1896/1125/1086 1900/1129/1090 1899/1130/1091 1895/1126/1087
f 1897/1127/1088 1901/1131/1092 1900/1129/1090 1896/1125/1086
f 1898/1128/1089 1902/1132/1093 1901/1131/1092 1897/1127/1088
f 1900/1129/1090 1904/1133/1094 1903/1134/1095 1899/1130/1091
f 1901/1131/1092 1905/1135/1096 1904/1133/1094 1900/1129/1090
f 1902/1132/1093 1906/1136/1097 1905/1135/1096 1901/1131/1092
f 1904/1133/1094 1908/1137/1098 1907/1138/1099 1903/1134/1095
f 1905/1135/1096 1909/1139/1100 1908/1137/1098 1904/1133/1094
f 1906/1136/1097 1910/1140/1101 1909/1139/1100 1905/1135/1096
f 1908/1137/1098 1912/1141/1102 1911/1142/1103 1907/1138/1099
f 1909/1139/1100 1913/1143/1104 1912/1141/1102 1908/1137/1098
f 1910/1140/1101 1914/1144/1105 1913/1143/1104 1909/1139/1100
f 1912/1141/1102 1916/1145/1106 1915/1146/1107 1911/1142/1103
f 1913/1143/1104 1917/1147/1108 1916/1145/1106 1912/1141/1102
f 1914/1144/1105 1918/1148/1109 1917/1147/1108 1913/1143/1104
f 1916/1145/1106 1920/1149/1110 1919/1150/1111 1915/1146/1107
f 1917/1147/1108 1921/1151/1112 1920/1149/1110 1916/1145/1106
f 1918/1148/1109 1922/1152/1113 1921/1151/1112 1917/1147/1108
f 1920/1149/1110 1924/1153/1114 1923/1154/1115 1919/1150/1111
f 1921/1151/1112 1925/1155/1116 1924/1153/1114 1920/1149/1110
f 1922/1152/1113 1926/1156/1117 1925/1155/1116 1921/1151/1112
f 1924/1153/1114 1928/1157/1118 1927/1158/1119 1923/1154/1115
f 1925/1155/1116 1929/1159/1120 1928/1157/1118 1924/1153/1114
f 1926/1156/1117 1930/1160/1121 1929/1159/1120 1925/1155/1116
f 1928/1157/1118 1932/1161/1122 1931/1162/1123 1927/1158/1119
f 1929/1159/1120 1933/1163/1124 1932/1161/1122 1928/1157/1118
f 1930/1160/1121 1934/1164/1125 1933/1163/1124 1929/1159/1120
f 1932/1161/1122 1936/1165/1126 1935/1166/1127 1931/1162/1123
f 1933/1163/1124 1937/1167/1128 1936/1165/1126 1932/1161/1122
f 1934/1164/1125 1938/1168/1129 1937/1167/1128 1933/1163/1124
f 1936/1165/1126 1940/1169/1130 1939/1170/1131 1935/1166/1127
f 1937/1167/1128 1941/1171/1132 1940/1169/1130 1936/1165/1126
f 1938/1168/1129 1942/1172/1133 1941/1171/1132 1937/1167/1128
f 1940/1169/1130 1944/1173/1134 1943/1174/1135 1939/1170/1131
f 1941/1171/1132 1945/1175/1136 1944/1173/1134 1940/1169/1130
f 1942/1172/1133 1946/1176/1137 1945/1175/1136 1941/1171/1132
f 1944/1173/1134 1948/1177/1138 1947/1178/1139 1943/1174/1135
f 1945/1175/1136 1949/1179/1140 1948/1177/1138 1944/1173/1134
f 1946/1176/1137 1950/1180/1141 1949/1179/1140 1945/1175/1136
f 1948/1177/1138 1952/1181/1142 1951/1182/1143 1947/1178/1139
f 1949/1179/1140 1953/1183/1144 1952/1181/1142 1948/1177/1138
f 1950/1180/1141 1954/1184/1145 1953/1183/1144 1949/1179/1140
f 1952/1181/1142 1956/1185/1146 1955/1186/1147 1951/1182/1143
f 1953/1183/1144 1957/1187/1148 1956/1185/1146 1952/1181/1142
f 1954/1184/1145 1958/1188/1149 1957/1187/1148 1953/1183/1144
f 1956/1185/1146 1960/1189/1150 1959/1190/1151 1955/1186/1147
f 1957/1187/1148 1961/1191/1152 1960/1189/1150 1956/1185/1146
f 1958/1188/1149 1962/1192/1153 1961/1191/1152 1957/1187/1148
f 1960/1189/1150 1964/1193/1154 1963/1194/1155 1959/1190/1151
f 1961/1191/1152 1965/1195/1156 1964/1193/1154 1960/1189/1150
f 1962/1192/1153 1966/1196/1157 1965/1195/1156 1961/1191/1152
f 1964/1193/1154 1968/1197/492 1967/1198/472 1963/1194/1155
f 1965/1195/1156 1969/1199/495 1968/1197/492 1964/1193/1154
f 1966/1196/1157 1970/1200/474 1969/1199/495 1965/1195/1156
f 1968/1197/492 1972/1201/475 1971/1202/472 1967/1198/472
f 1969/1199/495 1973/1203/476 1972/1201/475 1968/1197/492
f 1970/1200/474 1974/1204/477 1973/1203/476 1969/1199/495
f 1972/1201/475 1976/1205/478 1975/1206/400 1971/1202/472
f 1973/1203/476 1977/1207/401 1976/1205/478 1972/1201/475
f 1974/1204/477 1978/1208/402 1977/1207/401 1973/1203/476
f 1976/1205/478 1980/1209/403 1979/1210/500 1975/1206/400
f 1977/1207/401 1981/1211/405 1980/1209/403 1976/1205/478
f 1978/1208/402 1982/1212/406 1981/1211/405 1977/1207/401
f 1980/1209/403 1984/1213/1158 1983/1214/1159 1979/1210/500
f 1981/1211/405 1985/1215/1160 1984/1213/1158 1980/1209/403
f 1982/1212/406 1986/1216/1161 1985/1215/1160 1981/1211/405
f 1984/1213/1158 1720/720/910 1719/13/913 1983/1214/1159
f 1985/1215/1160 1721/721/914 1720/720/910 1984/1213/1158
f 1986/1216/1161 1722/722/916 1721/721/914 1985/1215/1160
f 1988/318/1162 1992/1217/1163 1991/1218/1164 1987/5/1165
f 1989/321/1166 1993/1219/1167 1992/1217/1163 1988/318/1162
f 1990/323/1168 1994/1220/1169 1993/1219/1167 1989/321/1166
f 1992/1217/1163 1996/1221/1170 1995/1222/1171 1991/1218/1164
f 1993/1219/1167 1997/1223/1172 1996/1221/1170 1992/1217/1163
f 1994/1220/1169 1998/1224/1173 1997/1223/1172 1993/1219/1167
f 1996/1221/1170 2000/1225/1174 1999/1226/1175 1995/1222/1171
f 1997/1223/1172 2001/1227/1176 2000/1225/1174 1996/1221/1170
f 1998/1224/1173 2002/1228/1177 2001/1227/1176 1997/1223/1172
f 2000/1225/1174 2004/1229/1178 2003/1230/1179 1999/1226/1175
f 2001/1227/1176 2005/1231/1180 2004/1229/1178 2000/1225/1174
f 2002/1228/1177 2006/1232/1181 2005/1231/1180 2001/1227/1176
f 2004/1229/1178 2008/1233/1182 2007/1234/1183 2003/1230/1179
f 2005/1231/1180 2009/1235/1184 2008/1233/1182 2004/1229/1178
f 2006/1232/1181 2010/1236/1185 2009/1235/1184 2005/1231/1180
f 2008/1233/1182 2012/1237/1186 2011/1238/1187 2007/1234/1183
f 2009/1235/1184 2013/1239/1188 2012/1237/1186 2008/1233/1182
f 2010/1236/1185 2014/1240/1189 2013/1239/1188 2009/1235/1184
f 2012/1237/1186 2016/1241/1190 2015/1242/1191 2011/1238/1187
f 2013/1239/1188 2017/1243/1192 2016/1241/1190 2012/1237/1186
f 2014/1240/1189 2018/1244/1193 2017/1243/1192 2013/1239/1188
f 2016/1241/1190 2020/1245/1194 2019/1246/1195 2015/1242/1191
f 2017/1243/1192 2021/1247/1196 2020/1245/1194 2016/1241/1190
f 2018/1244/1193 2022/1248/1197 2021/1247/1196 2017/1243/1192
f 2020/1245/1194 2024/452/1198 2023/75/1199 2019/1246/1195
f 2021/1247/1196 2025/453/1200 2024/452/1198 2020/1245/1194
f 2022/1248/1197 2026/454/1201 2025/453/1200 2021/1247/1196
f 2024/452/1198 2028/1249/1202 2027/1250/1203 2023/75/1199
f 2025/453/1200 2029/1251/1204 2028/1249/1202 2024/452/1198
f 2026/454/1201 2030/1252/1205 2029/1251/1204 2025/453/1200
f 2028/1249/1202 2032/1253/1206 2031/1254/1207 2027/1250/1203
f 2029/1251/1204 2033/1255/1208 2032/1253/1206 2028/1249/1202
f 2030/1252/1205 2034/1256/1209 2033/1255/1208 2029/1251/1204
f 2032/1253/1206 2036/1257/1210 2035/1258/1211 2031/1254/1207
f 2033/1255/1208 2037/1259/1212 2036/1257/1210 2032/1253/1206
f 2034/1256/1209 2038/1260/1213 2037/1259/1212 2033/1255/1208
f 2036/1257/1210 2040/1261/1214 2039/1262/1215 2035/1258/1211
f 2037/1259/1212 2041/1263/1216 2040/1261/1214 2036/1257/1210
f 2038/1260/1213 2042/1264/1217 2041/1263/1216 2037/1259/1212
f 2040/1261/1214 2044/1265/1218 2043/1266/1219 2039/1262/1215
f 2041/1263/1216 2045/1267/1220 2044/1265/1218 2040/1261/1214
f 2042/1264/1217 2046/1268/1221 2045/1267/1220 2041/1263/1216
f 2044/1265/1218 2048/1269/1222 2047/1270/1223 2043/1266/1219
f 2045/1267/1220 2049/1271/1224 2048/1269/1222 2044/1265/1218
f 2046/1268/1221 2050/1272/1225 2049/1271/1224 2045/1267/1220
f 2048/1269/1222 2052/1273/1226 2051/1274/1227 2047/1270/1223
f 2049/1271/1224 2053/1275/1228 2052/1273/1226 2048/1269/1222
f 2050/1272/1225 2054/1276/1229 2053/1275/1228 2049/1271/1224
f 2052/1273/1226 2056/1277/1230 2055/1278/1231 2051/1274/1227
f 2053/1275/1228 2057/1279/1232 2056/1277/1230 2052/1273/1226
f 2054/1276/1229 2058/1280/1233 2057/1279/1232 2053/1275/1228
f 2056/1277/1230 2060/586/1234 2059/51/1235 2055/1278/1231
f 2057/1279/1232 2061/587/1236 2060/586/1234 2056/1277/1230
f 2058/1280/1233 2062/588/1237 2061/587/1236 2057/1279/1232
f 2060/586/1234 2064/1281/1238 2063/1282/1239 2059/51/1235
f 2061/587/1236 2065/1283/1240 2064/1281/1238 2060/586/1234
f 2062/588/1237 2066/1284/1241 2065/1283/1240 2061/587/1236
f 2064/1281/1238 2068/1285/1242 2067/1286/1243 2063/1282/1239
f 2065/1283/1240 2069/1287/1244 2068/1285/1242 2064/1281/1238
f 2066/1284/1241 2070/1288/1245 2069/1287/1244 2065/1283/1240
f 2068/1285/1242 2072/1289/1246 2071/1290/1247 2067/1286/1243
f 2069/1287/1244 2073/1291/1248 2072/1289/1246 2068/1285/1242
f 2070/1288/1245 2074/1292/1249 2073/1291/1248 2069/1287/1244
f 2072/1289/1246 2076/1293/1250 2075/1294/1251 2071/1290/1247
f 2073/1291/1248 2077/1295/1252 2076/1293/1250 2072/1289/1246
f 2074/1292/1249 2078/1296/1253 2077/1295/1252 2073/1291/1248
f 2076/1293/1250 2080/1297/1254 2079/1298/1255 2075/1294/1251
f 2077/1295/1252 2081/1299/1256 2080/1297/1254 2076/1293/1250
f 2078/1296/1253 2082/1300/1257 2081/1299/1256 2077/1295/1252
f 2080/1297/1254 2084/1301/1258 2083/1302/1259 2079/1298/1255
f 2081/1299/1256 2085/1303/1260 2084/1301/1258 2080/1297/1254
f 2082/1300/1257 2086/1304/1261 2085/1303/1260 2081/1299/1256
f 2084/1301/1258 2088/1305/492 2087/1306/472 2083/1302/1259
f 2085/1303/1260 2089/1307/495 2088/1305/492 2084/1301/1258
f 2086/1304/1261 2090/1308/474 2089/1307/495 2085/1303/1260
f 2088/1305/492 2092/1309/493 2091/1310/494 2087/1306/472
f 2089/1307/495 2093/1311/496 2092/1309/493 2088/1305/492
f 2090/1308/474 2094/1312/491 2093/1311/496 2089/1307/495
f 2092/1309/493 1988/720/1162 1987/13/1165 2091/1310/494
f 2093/1311/496 1989/721/1166 1988/720/1162 2092/1309/493
f 2094/1312/491 1990/722/1168 1989/721/1166 2093/1311/496
